Nome,Unità di misura,Contatore usi
Acciuga,Unità,2
Acciuga in pasta,Cucchiaio,2
Acciuga sottolio,Unità,1
Aceto,Cucchiaio,32
Aceto Balsamico in crema,Cucchiai,3
Aceto balsamico,Cucchiai,31
Aceto balsamico di Modena,Unità,3
Aceto balsamico tradizionale di Modena,Cucchiaio,3
Aceto bianco,lt,27
Aceto di canna,ml,1
Aceto di lamponi,Cucchiaio,1
Aceto di mela,ml,1
Aceto di mele,lt,61
Aceto di riso,ml,23
Aceto di vino,Cucchiaino,4
Aceto di vino bianco,lt,24
Aceto di vino bianco o di mele,Cucchiai,1
Aceto di vino rosso,ml,4
Aceto fi mela,ml,2
Aceto rosso,Cucchiai,3
Acqua,ml,620
Acqua  temperatura ambiente,ml,1
Acqua  tiepida,ml,1
Acqua (meglio se quella di cottura dei fagioli),Cucchiai,2
Acqua (tenetene da parte 30 g),ml,1
Acqua a temperatura ambiente,g,4
Acqua aromatica alle rose,Cucchiai,1
Acqua aromatica di fiori d'arancio,Unità,1
Acqua aromatizzata ai fiori,Cucchiai,1
Acqua bollente,Cucchiai,4
Acqua calda,ml,8
Acqua di cocco,ml,1
Acqua di cottura della pasta,Mestoli,2
Acqua di fiori d'arancio,Cucchiaino,1
Acqua di fiori di arancio,Cucchiaio,1
Acqua fredda,Unità,21
Acqua freddissima,ml,2
Acqua frizante,ml,2
Acqua frizzante,Unità,14
Acqua frizzante fredda,Bicchiere,2
Acqua ghiacciata,Cucchiaio,3
Acqua millefiori,Cucchiaio,1
Acqua minerale,ml,3
Acqua minerale fredda,Cucchiaio,1
Acqua minerale frizzante,Unità,1
Acqua minerale naturale,ml,2
Acqua molto fredda,ml,1
Acqua oppure brodo vegetale,ml,2
Acqua sbucciato,ml,2
Acqua tazze,Unità,1
Acqua tiepida,ml,41
Acqua tiepido,g,2
Acqua tonica,ml,3
Agar agar,bustina,7
Agar agar in polvere,g,1
Aglio,Spicchio,765
Aglio  intero e schiacciato,Spicchio,1
Aglio (facoltarivo),Spicchio,1
Aglio 1/4 di spicchio,Unità,4
Aglio essiccato,Cucchiaino,1
Aglio in camicia,Spicchio,3
Aglio in polvere,Cucchiaino,8
Aglio novello,Spicchio,1
Aglio o la punta di undi aglio in polvere,Spicchio,1
Aglio polvere,Cucchiaino,1
Aglio rosso,g,1
Aglio spicchio,rotoli,5
Aglione,Spicchio,1
Agnello,kg,2
Agnello a pezzi,kg,1
Agnello carrè,g,1
Agnello corata,Unità,1
Agnello cosciotto,Unità,2
Agnello costolette,Unità,4
Agnello da latte,kg,1
Agnello la coscia,kg,1
Agnello polpa a pezzetti,kg,2
Agnello spalla talgiata a pezzi,Unità,2
Agretti,g,4
Albicocca,Unità,11
Albicocca disidratate,g,1
Albume,Unità,32
Albume 2,Unità,1
Albumi,Unità,39
Albumi  d'uovo a temperatura ambiente (meglio se vecchi di 2 giorni),g,1
Albumi montati a neve,Unità,1
Albumi pastorizzati,g,1
Albumi pastorizzato,ml,1
Alchermes,Unità,6
Alcol 90°,ml,1
Alcol a 95 gradi,lt,1
Alga Kombu,Foglio,3
Alga Nori,Foglio,7
Alga Wakame essiccata,g,2
Alga kombu,cm,2
Alga nori,Foglio,8
Alga nori in fogli,Unità,1
Alga spirulina,Cucchiaino,1
Alici,g,7
Alici filetti sottolio,Unità,1
Alici fresche,g,2
Alici sottolio,Filetto,11
Alici sottolio a filetti,g,2
Alloro,Foglia,155
Alloro fresco,Foglia,1
Amaranto,g,3
Amarena sciroppata,g,1
Amarena sciroppate,Cucchiai,1
"Amarena sciroppate, con poco del loro sciroppo",Unità,1
"Amarena sciroppate, sgocciolate",Unità,1
Amarena sciroppo,Cucchiai,1
Amarene,kg,7
Amarene sotto spirito,Unità,1
Amaretti,g,15
Amaretti piccoli,g,1
Amaretti secchi,g,1
Amaretto di Saronno,goccia,4
Amido,g,8
Amido  di mais,g,1
Amido di mais,g,42
Amido di mais (o fecola di patate),g,2
Amido di mais o di riso,g,1
Amido di patata,Cucchiaino,2
Amido di riso,g,6
Ammoniaca per dolci,g,3
Anacardo,g,5
Anacardo al naturale,g,2
Ananas,Unità,8
Ananas centrifugato,ml,2
Ananas fresco,g,3
Ananas il succo,ml,1
Ananas polpa,g,1
Ananas succo,ml,2
Anatra disossata,Unità,1
Anatra petto,g,1
Ancho polvere,Cucchiaino,1
Anelletti,g,2
Aneto,Unità,6
Aneto fresco,Unità,6
Aneto semi,Cucchiaino,2
Angostura,goccia,2
Anguria,g,6
Anguria a tocchetti,Unità,1
Anguria al netto degli scarti,g,1
Anguria succo,lt,1
Anice stellato,bacca,9
Anice stellato  in semi,Cucchiaino,1
Anice verde,semi,1
Aperol,parte,1
Arachidi,g,1
Arachidi tostate,unità,1
Arance,Unità,9
Arance  candita,g,1
Arance  candita e tagliata a cubetti,g,1
Arance bio,unità,1
Arance bionde,Unità,1
Arance buccia grattugiata,Cucchiai,2
Arance candita,g,1
Arance candite,g,2
Arance candite (scorze),g,1
Arance e zenzero candito,g,1
Arance essiccata,Fette,1
Arance il succo,cl,12
Arance il succo e la scorza grattugiata,Unità,1
Arance in succo,ml,1
Arance non trattate,Unità,3
"Arance non trattate, la scorza grattugiata",Unità,1
Arance spermuta,ml,1
Arance spremuta,ml,1
Arance succo,ml,1
Arancia,Unità,21
Arancia  (la scorza),Unità,1
Arancia  la buccia grattugiata,Unità,1
Arancia  la scorza,Unità,2
Arancia  la scorza intera,Unità,1
Arancia (scorza),Unità,1
Arancia a spicchi,Unità,1
Arancia bio,Unità,2
Arancia bio zeste,Stelo,1
Arancia buccia,Unità,2
Arancia buccia grattugiata,Cucchiaino,2
Arancia candita,Unità,1
Arancia grande,Unità,1
Arancia il succo,Unità,4
Arancia il succo e la scorza grattugiata,Unità,1
Arancia la buccia,Unità,1
Arancia la buccia grattugiata,Unità,9
Arancia la scorza,Unità,4
Arancia la scorza e il succo,Unità,1
Arancia la scorza grattugiata,Unità,19
Arancia la scorza grattugiata e il succo,Unità,1
Arancia la scorza grattugiata non trattata,Unità,1
Arancia la scorza non trattata,Unità,5
Arancia non trattata,Fetta,5
"Arancia non trattata, la scorza grattugiata",Unità,2
Arancia rossa,Unità,2
Arancia scorza,Unità,1
Arancia scorza grattugiata,Unità,3
Arancia scorza non trattata,Unità,1
Arancia scorze candite,Unità,1
Arancia succo e buccia grattugiata,Unità,2
Aringa affumicata,g,1
Aroma di fiori d'arancio,Unità,1
Asiago,g,2
Asiago fresco,g,1
Asparago,Unità,25
Asparago  di Altedo IGP (circa 400g),Unità,1
Asparago  già puliti dalle parti legnose,g,1
Asparago bianco,g,1
Asparago punte,Unità,3
Asparago qualche punta,Unità,1
Asparago selvatici,g,2
Asparago verde,kg,10
Asparago verdi,g,12
"Asparago verdi, al netto degli scarti",g,1
Astice,g,1
Avena,g,2
Avena crusca,g,1
Avena decorticata,g,2
Avena fiocchi,g,2
Avena fiocchi piccoli,g,3
Avena in fiocchi,g,12
Avena in piacchi,g,1
Avocado,Unità,52
Avocado maturo,Unità,4
Açai bacche in polvere,Cucchiaio,1
Babette Babbi,Unità,1
Baccalà,g,9
Baccalà ammollato,g,2
Baccalà ammollato e privo di spine,g,2
Baccalà dissalato,g,2
Baccalà già disossato e dissalato,g,2
Baccalà mantecato,g,1
Bacon,Fetta,10
Baileys,ml,2
Bambù,g,2
Banana,Unità,14
Banana matura,Unità,1
Banana mature,Unità,4
Barbabietola cotte,g,1
Barbabietola rossa già cotta,g,2
Barbabietola rossa in purea,g,3
Barbabietola rossa lesse,g,1
Barolo,Bottiglia,1
Basilico,Unità,135
Basilico  greco fresco,Cucchiaino,1
Basilico DOP genovese del Prà,Foglia,1
Basilico fresca,Unità,2
Basilico fresco,Unità,125
Basilico fresco tritato,Cucchiaino,2
Basilico genovese DOP,g,2
Basilico ligure,g,1
Basilico qualche foglia,Unità,2
Basilico tritato,Unità,1
Bavarese base,g,2
Bergamotto,Unità,3
Besciamella,ml,31
Besciamella pronta,g,6
Bianchetti,kg,1
Bicarbonato,Unità,52
Bicarbonato di sodio,Cucchiaino,3
Bieta,g,8
Bietola,g,12
Bietola da taglio,g,3
Bietola novelle,g,2
Bigoli,g,1
Birra,ml,5
Birra Guinness,ml,1
Birra ambrata,ml,1
Birra bionda,ml,1
Birra chiara,ml,3
Birra glutenfree,Cucchiaino,2
Birra non filtrata non pastorizzata,ml,2
Birra rossa,ml,4
Birra scura,ml,2
Biscokrok Babbi,Unità,2
Biscotti,g,2
Biscotti  amaretti secchi,g,1
"Biscotti  con gocce di cioccolato, tipo gocciole",g,1
Biscotti  tipo digestive,g,1
Biscotti Digestive,g,1
Biscotti Pandistelle,g,1
Biscotti Savoiardi,g,1
Biscotti a limone,g,1
Biscotti ai cereali tritati,g,1
Biscotti al cacao,g,1
Biscotti al cioccolato Pan di Stelle,g,1
Biscotti amaretti,g,1
Biscotti con gocce di cioccolato,g,1
Biscotti frollini senza glutine,Unità,1
Biscotti panna e cioccolato,g,1
Biscotti pavesini al cacao,Unità,1
Biscotti savoiardi,g,2
Biscotti secchi,g,27
Biscotti secchi al cioccolato,g,1
Biscotti secchi tipo Digestive,g,3
Biscotti tipo Digestive,g,1
Biscotti tipo digestive,g,2
Biscotti tipo digestive o integrali,g,1
Biscotti vegan ai cereali,Unità,1
Biscotto Oreo,Unità,2
Bisque,ml,1
Bitter,cl,1
Blu di bufala,Unità,1
Blue Curaçao,spruzzo,1
Borragine,g,1
Bottarga,g,2
Bottarga di Muggine,Pezzetto,2
Bottarga di muggine,g,1
Bottarga facoltativa,Unità,1
Brandy,Bicchiere,10
Branzino,g,1
Branzino (da 400-500 g l'uno),Unità,2
"Branzino abbattuto, sfilettato, tagliato a fettine",Unità,1
Branzino da 700 grammi circa eviscerato,Unità,2
Branzino filetti da circa 300 gr l'uno,Unità,1
Bresaola,g,12
Bresaola affettata,g,1
Bresaola della Valtellina IGP,g,1
Brie,g,6
Broccolo,Unità,27
Broccolo romano,g,1
Broccolo romano al vapore,Unità,1
Broccolo siciliano,g,1
Broccolo verde,g,1
"Broccolo verde, già sbollentato",g,1
Broccolo verdi,g,2
Brodo,Unità,20
Brodo dashi,ml,1
Brodo di carne,lt,27
Brodo di carne bollente,Unità,1
Brodo di carne o vegetale,ml,1
Brodo di dado vegetale,ml,1
Brodo di pesce,ml,2
Brodo di pesce granulare,Cucchiaio,5
Brodo di pollo,ml,8
Brodo granulare,Cucchiaino,2
Brodo granulare di carne,Cucchiaio,1
Brodo granulare vegetale,Cucchiaino,1
Brodo vegetale,lt,130
Brodo vegetale (anche preparato con il dado),lt,2
Brodo vegetale (o di carne),ml,1
Brodo vegetale granulare,Cucchiaino,2
Bucatini,g,2
Bulgur,Bicchiere,10
Bulgur precotto,g,2
Burrata,g,15
Burro,g,801
Burro  fuso,g,1
Burro  fuso e fatto intiepidire,g,1
Burro  fuso e fatto raffreddare,g,1
Burro  fuso fatto raffreddare,g,1
Burro  tagliato a cubetti,g,1
Burro 1,Noce,2
Burro Morbido,g,1
Burro a temperatura ambiente,g,12
Burro ammorbidito a temperatura ambiente,g,3
Burro chiarificato,g,3
Burro d'arachidi,g,1
Burro di arachidi,Cucchiaino,8
Burro di cocco,g,2
Burro di soia,g,1
Burro feddo,g,1
Burro freddo,g,3
Burro freddo a dadini,g,1
Burro freddo a pezzetti,g,1
Burro fuso,Unità,27
Burro fuso fatto raffreddare,g,1
Burro fuso raffreddato,g,1
Burro leggermente salato,g,1
"Burro leggermente salato, freddo",g,1
Burro morbido,g,23
Burro morbido a temperatura ambiente,g,1
Burro per lo stampo,Unità,1
Burro più altro per imburrare lo stampo,g,1
Burro pomata,g,2
Burro salato,g,4
Burro sciolto e raffreddato,g,1
Cacao,Cucchiaino,8
Cacao  Amaro,g,1
Cacao  tritato finemente,g,1
Cacao amaro,g,106
Cacao amaro in polvere,g,18
Cacao amaro setacciato,g,1
Cacao crudo amaro,g,1
Cacao fave,Unità,1
Cacao grue,g,1
Cacao grue o gocce di cioccolato,g,1
Cacao in polvere,g,3
Caciocavallo,g,5
Caciocavallo  o parmigiano,Unità,2
Caciocavallo a cubetti,g,2
Caciocavallo fresco,g,2
Caciocavallo grattugiato,g,7
Caciocavallo podolico grattugiato,g,1
Caciocavallo ragusano grattugiato,g,1
Caciocavallo stagionato,Unità,2
Caciocavallo stagionato grattugiato,g,2
Cacioricotta,g,1
Caciotta,g,7
Caco,Unità,2
Caco maturi,Unità,1
Caffè,Unità,6
Caffè amaro,Tazzina,5
Caffè amaro di moka,ml,1
Caffè d'orzo,ml,1
Caffè d'orzo solubile,Cucchiai,1
Caffè della moka,Tazzina,6
Caffè della moka freddo,ml,1
Caffè della moka non zuccherato,ml,1
Caffè della moka poco zuccherato,ml,1
"Caffè della moka, ristretto, non zuccherato",Unità,1
Caffè di moka amaro,ml,1
Caffè espresso,Tazzina,14
Caffè espresso amaro,ml,3
Caffè espresso amaro freddo,Tazzina,1
Caffè espresso bollente,ml,1
Caffè espresso forte,Cucchiai,1
Caffè forte,ml,2
Caffè freddo,ml,2
Caffè in chicchi,Unità,1
Caffè in polvere,Cucchiaino,4
Caffè liquido non zuccherato,Cucchiai,1
Caffè ristretto,ml,1
Caffè skolubile,Cucchiai,1
Caffè solubile,g,7
Calamaro,Unità,25
Calamaro di media grandezza,Unità,2
Calamaro già puliti,g,3
Calamaro puliti,Unità,3
Camembert,g,7
Campari,ml,1
Canditi,Unità,2
Canditi di agrumi,g,2
Canditi di arance,Cucchiaio,1
Canditi di limone e arancia,g,1
Candy Cane,g,1
Candy Cane bastoncini di zucchero,Unità,1
Cannella,stecca,60
Cannella  in polvere,Cucchiaino,2
Cannella (stecca),cm,1
Cannella in polvere,Cucchiaino,63
Cannella in stecche,Unità,1
Cannella macinata,Cucchiaino,1
Cannella polvere,Cucchiaino,1
Cannelloni,Unità,1
Cannelloni  di grano duro,Unità,1
Canocchia,Unità,6
Cappero,Cucchiaio,10
Cappero dissalati,Cucchiaino,4
Cappero dissalato,Manciata,1
Cappero frutti sottaceto,Unità,2
Cappero sottaceto,Cucchiaio,5
Cappero sotto sale,Cucchiaio,44
Cappero sottoaceto,Cucchiaio,2
Cappero sottosale,Cucchiaio,6
Cappesante,Unità,4
Cappone,kg,3
Caprino,g,10
Caramella,Unità,1
Caramella Mou,g,1
Caramella bianca tonda e piccola,Unità,1
Caramello,Unità,1
Caramello sciroppo,Unità,1
Carbone vegetale,g,2
Carciofino sottolio,g,2
Carciofino sottolio alla contadina,Unità,1
Carciofo,Unità,38
Carciofo cuori,g,1
Carciofo piccoli da crudo,Unità,3
Carciofo romanesco,Unità,2
Carciofo sbollentato in acqua e aceto,Unità,2
Carciofo varietà mammole,Unità,1
Carciofo violetti,Unità,2
Carciofo violetto,Unità,3
Cardamomo,semi,10
Cardamomo (i semi schiacciati),bacca,1
Cardamomo in bacche,bacca,1
Cardamomo in polvere,g,2
Cardi,g,2
Carletti,g,1
Carne,g,2
Carne  macinata,g,2
Carne  salada trentina,g,1
Carne arrosto,g,2
Carne di castrato,g,1
Carne di maiale,Unità,1
Carne di maiale macinata,g,1
Carne di manzo macinata,g,2
Carne di manzo per tartare,g,2
Carne di manzo taglio fesone,kg,1
Carne di pollo o di vitello,fettina,1
Carne macinata,g,5
Carne macinata di agnello,g,4
Carne macinata di maiale,g,2
Carne macinata di manzo o vitello,g,1
Carne macinata di vitello,g,1
Carne macinata mista,g,1
Carne macinata mista maiale e manzo,g,1
Carne macinata mista manzo e maiale,g,2
Carne macinato,g,2
Carne macinato di vitello,g,2
Carne macinato misto,Unità,3
Carne macinato misto manzo e maiale,g,1
Carne manzo e vitello macinati,g,2
Carne muscolo di manzo,g,2
Carne noce di vitello,kg,1
Carne spalla di vitello,kg,1
Carota,Unità,162
Carota a julienne,Unità,3
Carota media,Unità,1
Carota piccola,Unità,2
Carota tritata,Unità,1
Carote,Unità,119
Carote al netto degli scarti,g,1
Carote baby,g,3
Carote già pulite,g,1
Carote medie,Unità,1
Carote novella,Unità,2
Carote piccole,Unità,2
Carote tritata,g,1
Carote viola,g,2
Castagna,Unità,11
Castagna  arrostite,g,2
Castagna bollite,g,1
Castagna fresca,g,1
Castagna fresche,g,1
Castagna già cotte e sbucciate,g,1
Castagna lesse,Unità,1
Castrato,kg,1
Cavallo spezzatino,kg,1
Cavatelli,g,3
Cavatelli freschi,g,2
Cavoletti di Bruxelles,Unità,2
Cavolfiore,Unità,22
Cavolfiore (le cimette),Unità,3
Cavolfiore bianco,g,7
Cavolfiore giallo,Unità,1
Cavolfiore grande,Unità,2
Cavolfiore lesso,g,1
Cavolfiore media grandezza,Unità,1
Cavolfiore viola,Unità,1
Cavoli,g,1
Cavoli cappuccio,g,7
Cavoli cappuccio rosso,g,2
Cavoli cappuccio viola,g,3
Cavoli capuccio,g,1
Cavoli cinese,g,5
Cavoli nero,Cespi,10
Cavoli riccio,g,1
Cavoli rosso,g,1
Cavolo,Pezzetto,2
Cavolo cappuccio,Unità,1
Cavolo nero,Cespo,1
Ceci,g,3
Ceci  cotti,g,1
Ceci  lessati,g,1
Ceci coti in scatola,g,2
Ceci cotti,g,1
Ceci farina,g,1
Ceci già lessati,g,5
Ceci già lessi,g,5
Ceci lessati,g,11
Ceci lessati in scatola,g,2
Ceci lessi,g,5
Ceci neri,g,2
Ceci precotti,g,2
Ceci secchi,g,20
Cedro,Unità,1
Cedro  candito e tagliato a cubetti,g,1
Cedro candito,g,3
Cedro scorza grattugiata,Unità,2
Cereali mix,g,1
Cetriolino,g,2
Cetriolino sottaceto,Unità,10
Cetriolo,Unità,54
Cetriolo di media grandezza,Unità,1
Cetriolo sbucciato,g,1
Champagne,ml,1
Cheddar,g,1
Cheddar bianco,g,1
Cherry,ml,1
Chia (semi),g,1
Chia semi,g,2
Chili,Cucchiaino,1
Chiodi di garofano,Unità,39
Chiodi di garofano  in polvere,Cucchiaino,1
Chiodi di garofano in polvere,Pizzico,2
Chiodini,g,2
Cialda a cono vuota,unità,1
Cicoria,g,1
Cicoria già lessata,g,1
Ciliegie,Unità,15
"Ciliegie (arancia, cedro, zuccata)",Unità,1
Ciliegie Vignola IGP denocciolate,g,1
Ciliegie candite,unità,6
Ciliegie denocciolate,g,2
Ciliegie duroni neri di Vignola,g,1
Ciliegie snocciolate,g,1
Ciliegina al maraschino,Unità,1
Ciliegina candita,Unità,1
Ciliegina candita con il picciolo,Unità,1
Ciliegini,g,4
Ciliegini gialli,Unità,2
Cime di rapa,g,2
Cioccodelizia,g,2
Cioccolato,g,4
Cioccolato  bianco in scaglie,g,1
Cioccolato  fondente,g,1
Cioccolato  fondente (anche in gocce),g,1
Cioccolato  fondente 70%,g,1
Cioccolato  fondente al 70%,g,2
Cioccolato  fondente tritato finemente,g,1
Cioccolato Fondente,g,1
Cioccolato Fondente spezzettato,g,1
Cioccolato al latte,g,8
Cioccolato al latte in gocce,g,1
Cioccolato al latte in scagle,Cucchiai,1
Cioccolato alle nocciole,g,1
Cioccolato bianco,g,18
"Cioccolato bianco e fondente, tritati",g,1
Cioccolato bianco in gocce,g,1
Cioccolato bianco in granella,Unità,1
Cioccolato bianco senza glutine,g,1
"Cioccolato bianco, in gocce",g,1
Cioccolato burro,g,1
Cioccolato crema spalmabile,g,2
Cioccolato di cioccolato,g,1
Cioccolato findente,g,3
Cioccolato findente a scaglie,Unità,1
Cioccolato findente in gocce,g,1
Cioccolato fondente,g,107
Cioccolato fondente a pezzetti,g,1
Cioccolato fondente a pezzi,g,1
Cioccolato fondente a scaglie,Unità,1
Cioccolato fondente al 55%,g,1
Cioccolato fondente al 55% di cacao,kg,1
Cioccolato fondente al 60%,g,1
Cioccolato fondente al 70%,g,7
Cioccolato fondente fuso,g,2
Cioccolato fondente in gocce,g,23
Cioccolato fondente in gocce o tritato,g,1
Cioccolato fondente in riccioli,g,1
Cioccolato fondente o come preferite,g,1
Cioccolato fondente spezzettato,g,1
Cioccolato gianduia,g,1
Cioccolato gocce,g,2
Cioccolato gocce fondenti,Unità,2
Cioccolato in gocce,g,5
Cioccolato in pastiglie rosse,Unità,1
Cioccolato in scaglie,Unità,1
Cioccolato nocciolato (o al latte),g,1
Cioccolato nougat,g,1
Cioccolato per gli occhi,goccia,1
Cioccolato sciroppo,Unità,1
Cioccolato una metà dell'uovo di Pasqua,g,1
Cipolla,Unità,271
Cipolla  rossa di Tropea,Unità,2
Cipolla bianca,Unità,92
Cipolla bianca di media grandezza,Unità,1
Cipolla bianca grossa,Unità,2
Cipolla bianca media,Unità,1
Cipolla bianca o dorata,Unità,4
Cipolla bianca piccola,Unità,15
Cipolla biancoa,Unità,2
Cipolla bionda,Unità,3
Cipolla di Tropea,Unità,22
Cipolla di Tropea piccola,Unità,1
Cipolla di tropea,Unità,4
Cipolla disidratata,Cucchiaino,1
Cipolla dorata,kg,2
Cipolla grossa,Unità,1
Cipolla in polvere,Cucchiaino,2
Cipolla novella,Unità,4
Cipolla o scalogno,Unità,1
Cipolla piccola,Unità,9
Cipolla ramata,Unità,1
Cipolla rossa,Unità,26
Cipolla rossa di Tropea,Unità,13
Cipolla rossa di Tropea piccola,Unità,2
Cipolla rossa piccola,Unità,1
Cipolla tritata,Unità,1
Cipolle,Unità,46
Cipolle  rosse di Tropea,Unità,1
Cipolle al netto degli scarti,g,1
Cipolle bianca,g,13
Cipolle bianca di Chioggia,Unità,1
Cipolle bianche,Unità,3
Cipolle bionda,g,2
Cipolle borrettane,g,1
Cipolle di Tropea,Unità,5
Cipolle di Tropea grandi,Unità,3
Cipolle di tropea,Unità,1
Cipolle dorata,g,1
Cipolle già pulita,g,1
Cipolle grande,Unità,1
Cipolle grandi e tonde,Unità,2
Cipolle novelle,Unità,1
Cipolle piccole tritate finemente,Unità,3
Cipolle rossa,g,3
Cipolle rossa di Tropea,g,5
Cipolle rossa grande,Unità,1
Cipolle rossa piccole,Unità,2
Cipolle rosse,Unità,3
Cipolle tritata,g,3
Cipolle tritata fine,Cucchiaino,2
Cipolline,g,4
Cipolline borrettana,Unità,1
Cipolline borrettane,Unità,2
Cipollotto,Unità,111
Cipollotto fresco,Unità,2
Cipollotto la parte verde,Foglia,1
Cipollotto piccolo,Unità,1
Cipollotto rosso,Unità,3
Cipollotto rosso di Tropea,unità,2
Citronella,gambo,3
Clementina,Unità,2
Cocco,Cucchiaino,3
Cocco  rapè,g,2
Cocco disidratato,Unità,1
Cocco essiccato a scaglie,Unità,1
Cocco essiccato in polvere,Cucchiaio,1
Cocco essiccato in scaglie,Cucchiai,1
Cocco farina,g,2
Cocco fresco,g,2
Cocco grattugiato,g,1
Cocco in farina,g,3
Cocco in scaglie,Unità,3
Cocco in scaglire,Unità,1
Cocco liofilizzato,Unità,1
Cocco polpa,g,1
Cocco rapè,Cucchiaino,5
Cocco rapé,g,8
Coda di rospo,Unità,12
Codette di zucchero,Unità,1
Cognac,Cucchiaio,9
Cognac o Brandy,ml,1
Cointreau,ml,3
Cola,ml,3
Colla alimentare,Unità,1
Colla di pesce,g,12
Colla di pesce in fogli,Bicchiere,1
Colomba,g,5
Colomba pasquale,Fette,1
Colorante,Unità,1
Colorante Alimentare verde in pasta concentrata o gel,Unità,1
Colorante alimentare,Unità,4
Colorante alimentare arancione,goccia,1
Colorante alimentare dorato,Unità,1
Colorante alimentare fucsia,Unità,1
Colorante alimentare giallo,Cucchiai,1
Colorante alimentare in pasta color tiffany,Unità,1
Colorante alimentare in polvere color carne cipria o rosa chiaro,Unità,1
Colorante alimentare in vari colori,Unità,1
Colorante alimentare lilla,Unità,1
Colorante alimentare rosa,Unità,1
Colorante alimentare rosso,Unità,2
Colorante alimentare verde,goccia,1
Colorante blu,Unità,1
Colorante giallo,Unità,1
Colorante rosso,Unità,2
Colorante verde,Unità,2
Conchiglioni,g,2
Condimento per sushi,ml,2
Confetti,Unità,1
Confetti colorati,Unità,3
Confettini  rosa per il naso,Unità,1
Confettini colorati,Unità,1
Confettura,Unità,4
Confettura a piacere,Cucchiai,8
Confettura albicocche,Unità,1
Confettura di albicocca,Cucchiaio,1
Confettura di albicocche,g,5
Confettura di arance,Unità,1
Confettura di fichi caramellati,Unità,1
Confettura di fragole,g,5
Confettura di frutta chiara senza zucchero,Cucchiai,1
Confettura di frutti di bosco,Unità,3
Confettura di lamponi,Unità,2
Confettura di mirtilli,Unità,1
Confettura di mirtilli rossi,Unità,2
Confettura di pesce o di albicocche,Cucchiai,1
Confettura di pesche,Unità,1
Confettura di prugna,g,1
Confettura di ribes,g,1
Confettura di visciole,g,1
Confettura gusto a piacere,Vasetto,1
Coniglio,g,7
Coniglio cosce disossate,Unità,1
Coniglio costolette,Unità,2
Coniglio già in pezzi,kg,1
Coniglio in pezzi,kg,2
Coriandolo,Cucchiaino,11
Coriandolo fresco,Unità,20
Coriandolo fresco tritato,Cucchiaio,1
Coriandolo in polvere,Unità,7
Coriandolo in semi,Cucchiaino,1
Coriandolo semi,g,3
Coriandolo semi in polvere,Cucchiaino,3
Corn flakes,g,4
Costate di manzo,unità,1
Costate di razza Chianina da 600 gr ca.,Unità,1
Costine,kg,1
Costine di maiale,g,2
Cotechino precotto,Unità,5
Cotenna,g,1
Couscous,g,14
Couscous integrale,Unità,3
Couscous precotto,g,11
Cozza,kg,42
Cracker,g,4
Cracker o fette biscottate (tritate),g,1
Cracker senza glutine,Unità,2
Cramberries essiccati,Unità,1
Crema  spalmabile alle nocciole,Unità,1
Crema a piacere,Unità,1
Crema al cioccolato,Cucchiai,3
Crema di nocciole,g,9
Crema di nocciole con cioccolato fondente,g,1
Crema di nocciole senza cacao,g,1
Crema di nocciole spalmabile,g,1
Crema di pistacchi,g,1
Crema pasticcera,g,5
Crema pasticcera pronta,g,1
Crema spalmabile alle nocciole,g,1
Cremadelizia Babbi al pistacchio,Barattolo,2
Cremadelizia ai fichi caramellati,Unità,2
Cremor Tartaro,g,7
Croccante alle mandorle,g,1
Croccante di mandorla e nocciola,g,1
Crostino,g,7
Crostino di pane,Unità,2
Crusca,Unità,1
Crème de cacao,cl,1
Crème de menthe,cl,1
Crème fraîche,Unità,1
Cumino,Cucchiaino,11
Cumino in polvere,g,11
Cumino in semi,Unità,3
Cumino nero in semi,Cucchiaino,1
Cumino semi,Unità,15
Curcuma,Cucchiai,19
Curcuma in polvere,g,11
Curcuma in polvere colmo,Cucchiaino,3
Curcuma polvere,Cucchiaino,1
Curry,Cucchiaino,26
Curry Madras forte,Unità,2
Curry colmo,Cucchiaino,3
Curry in polvere,Pizzico,9
Curry piccante,Cucchiai,2
Curry rosso,Cucchiaino,5
Dado,Unità,1
Dado granulare,Cucchiaino,2
Dado vegetale,Unità,3
Dado vegetale bio,Unità,1
Dado vegetale granulare,Cucchiaino,1
Dattero,Unità,2
Dattero al netto degli scarti,g,1
Dattero denocciolati,Unità,1
Digestive,g,1
Ditalini,g,2
Dragon fruit a fette,Fetta,1
Dragoncello fresco,Mazzetto,3
Edamame,g,3
Edamame surgelate,g,1
Edamame surgelati,Cucchiai,3
Edamer,g,1
Emmenthal,g,21
Emmenthal a cubetti,g,2
Emmenthal a fette,g,2
Emmenthal a scaglie,g,1
Emmenthal grattugiato,g,3
Emmenthal grattugiato a scaglie,g,1
English muffin,Unità,2
Erba cipollina,Mazzetto,59
Erba cipollina fresca,Mazzetto,4
Erba cipollina i fiori,Unità,1
Erba cipollina per decorare,Unità,1
Erba cipollina tritato,Cucchiaio,1
Erbe aromatiche,Mazzetto,21
"Erbe aromatiche (timo, alloro, rosmarino, salvia)",Unità,1
"Erbe aromatiche (timo, salvia, rosmarino)",Mazzetto,1
Erbe aromatiche di Provenza,Cucchiaino,2
Erbe aromatiche fresche,g,2
Erbe aromatiche miste,Mazzetto,1
"Erbe aromatiche miste a piacere (timo, salvia, alloro, rosmarino, maggiorana)",Mazzetto,1
Erbe aromatiche miste secche,Cucchiaino,1
Fagiolini,kg,35
Fagiolini borlotti,g,2
Fagiolini cannellini già lessi,g,2
Fagiolini lessati,g,2
Fagiolini verdi,g,1
Fagiolo  borlotti già lessi,g,1
Fagiolo Borlotti,g,2
Fagiolo Borlotti secchi,g,2
Fagiolo Cannellini,g,3
Fagiolo Cannellini secchi,g,1
Fagiolo azuki già cotto,Unità,2
Fagiolo bianchi di Spagna,Lattina,1
Fagiolo borlotti già ammollati,g,2
Fagiolo borlotti secchi,g,2
Fagiolo cannellini,g,2
Fagiolo cannellini già lessi,g,6
Fagiolo cannellini secchi,g,2
Fagiolo cannellino già lessato,g,2
Fagiolo già lessati in scatola,g,4
Fagiolo neri precotti,g,2
Fagiolo nero,g,2
Fagiolo rossi,Unità,1
Fagiolo rossi lessati,g,1
Fagiolo secchi,g,2
"Fagiolo secchi, ammollati una notte",g,3
Fagiolo tondino già lessi,Vasetto,1
Faraona,Unità,1
Faraona già pulita ed eviscerata,kg,1
Faraona già spezzata,kg,1
Farina,g,277
Farina  0,g,1
Farina  0 W 260,g,4
Farina  00,g,4
Farina  W 350,g,1
Farina  bianca 00,g,1
Farina  di farro integrale,g,1
Farina  di grano saraceno,g,1
Farina  di mais bianca,g,1
Farina  di mais fioretto,g,2
Farina  di mandorle,g,3
Farina  di segale,g,1
Farina  di semola rimacinata,g,1
Farina  senza glutine,g,1
Farina  tipo 1,g,2
Farina  tipo 1 macinata a pietra,g,1
Farina 00,Cucchiai,707
Farina 00 (oltre quella per la spianatoia),g,1
Farina 00 autolievitante,g,1
Farina 1,g,8
Farina 450,g,1
Farina Integrale,g,2
Farina Manitoba,g,83
Farina Manitoba o farina per pane,g,2
Farina Mix Africano,g,1
Farina Petra 3,g,2
Farina W 350,g,1
Farina W170,kg,1
Farina a basso contenuto di glutine,g,1
Farina all'occorrenza,Unità,1
Farina auto-lievitante,g,1
Farina autolievitante,g,6
Farina bianca,g,5
Farina d'avena,g,2
Farina d'orzo,g,2
Farina da pane,g,4
Farina da polenta taragna,g,1
Farina debole 00,g,2
Farina di avena,g,1
Farina di banane,g,1
Farina di castagne,g,7
Farina di ceci,g,9
Farina di cocco,g,10
Farina di cocco o cocco rapè,g,1
Farina di farro,g,12
Farina di frumento raffinata,g,1
Farina di grano duro,g,8
Farina di grano duro rimacinata,g,1
Farina di grano saraceno,g,11
Farina di grano saraceno bianca,g,1
Farina di grano tenero di tipo 1 (320 W),kg,2
Farina di mais,g,30
"Farina di mais bianco macinata, per la panatura",Unità,1
Farina di mais bramata,g,2
Farina di mais finissima,g,1
Farina di mais finissima  tipo fumetto,g,2
Farina di mais fioretto,g,1
Farina di mais fumetto,g,1
Farina di mais gialla,g,1
Farina di mais giallo,Cucchiai,2
Farina di mais per polenta istantanea,g,4
Farina di mandorla,g,1
Farina di mandorle,g,15
Farina di manioca,g,1
Farina di nocciole,g,6
Farina di orzo integrale,g,1
Farina di pistacchi,g,1
Farina di quinoa già pronta,g,2
Farina di riso,g,17
Farina di riso finissima,g,2
Farina di riso glutinoso,g,1
Farina di riso integrale,g,1
Farina di segale,g,4
Farina di semola,g,4
Farina di semola di grano duro,g,5
Farina di semola rimacinata,Unità,2
Farina di semola rimacinata di grano duro,g,2
Farina di soia,g,1
Farina di soia (facoltativo),Cucchiaino,1
Farina facoltativa (nel caso il composto fosse troppo liquido),Unità,1
Farina farro integrale,g,2
Farina fecola,g,3
Farina forte,g,1
Farina integrale,g,38
Farina integrale di grano tenero,g,1
Farina integrale macinata a pietra per pane,g,1
Farina istantanea per polenta,g,1
Farina macinata a pietra W 350,g,2
Farina manitoba,g,11
Farina mix Manitoba e 00,g,6
Farina oo,Unità,1
Farina per dolci,Cucchiaio,1
Farina per dolci con amido,g,1
Farina per infarinare,Unità,2
Farina per pasta frolla gluten free,g,1
Farina per pinsa,g,1
Farina semola di Senatore Cappelli,g,1
Farina semola di grano duro,g,1
Farina semola rimacinata di grano duro,g,1
Farina senza glutine,g,7
Farina tipo 0,g,5
Farina tipo 1,g,44
Farina tipo 1 macinata a pietra,g,1
Farina tipo 2,g,5
Farina w 170,g,1
Farina w170,g,1
Farro,g,13
Farro decorticato,g,2
Farro di mandorle,g,1
Farro in fiocchi,Unità,1
Farro pelato,g,2
Farro perlato,g,6
Farro soffiato,g,1
Fasolari,g,1
Fava fresche,g,1
Fava già sbucciate,g,2
Fava greca,g,4
Fava secca,Unità,2
Fave,Manciata,7
Fave baccelli,g,3
Fave baccelli e frutti,g,2
Fave decorticate secche,g,2
Fave di Tonka,Unità,1
"Fave fresche, al netto dello scarto",g,2
"Fave fresche, peso al netto degli scarti",g,3
Fave sgranate crude,g,3
Fecola,g,20
"Fecola , tapioca o amido di mais o riso",g,1
Fecola di patate,g,49
Fegato di vitello o di maiale,g,1
Fermenti lattici liofilizzati per yogurt,g,2
Feta,g,44
Fette Biscottate,g,2
Fettuccine,g,1
Fico,g,2
Fico d'india,Unità,1
Fico freschi,g,3
Fico maturi,kg,2
Fico secchi,Unità,7
Filetto di cervo,g,1
Finferli,g,2
Finocchietto,Cucchiaino,5
Finocchietto fresco,Unità,1
Finocchietto selvatico,g,4
Finocchietto semi,Unità,2
Finocchio,Unità,31
Finocchio (semi),Cucchiaino,1
Finocchio al netto degli scarti,g,4
Finocchio piccoli,Unità,1
Finocchio semi,g,9
Fiocchi d'avena tritati,Cucchiai,1
Fiori bianchi piccoli,Unità,1
Fiori d'arancio,Cucchiai,1
Fiori d'arancio (essenza),Cucchiaino,1
Fiori di borraggine,Unità,1
Fiori di salvia,Unità,1
Fiori di zucca,Unità,5
Fiori di zucchina,Unità,17
Fiori eduli,Unità,2
Fiori eduli di primula,Unità,2
Fiori freschi,Unità,1
Fleur de sel,g,10
Fontina,g,11
Fontina valdostana,g,3
Formaggio,g,3
Formaggio  Emmental a cubetti,g,1
Formaggio  filante,Fette,1
Formaggio  fresco tipo caprino,g,1
Formaggio -casera,g,1
Formaggio Brie,g,1
Formaggio Cacioricotta,g,1
Formaggio Cheddar,g,1
Formaggio Emmenthal,Fette,3
Formaggio Feta,g,2
Formaggio Gouda,g,1
Formaggio Grana Padano,Unità,1
Formaggio Monte Veronese grattugiato,g,1
Formaggio Philadelphia o Certosa,g,1
Formaggio Raclette,g,1
Formaggio Robiola,Cucchiai,1
Formaggio Robiola o altro spalmabile,g,1
Formaggio Scamorza affumicata,g,1
Formaggio a cubetti,g,1
Formaggio a pasta filata,g,2
Formaggio a piacere,g,2
Formaggio a scelta,Fetta,1
Formaggio caprino,g,1
Formaggio casatella DOP,g,1
Formaggio casera,g,2
Formaggio cheddar,Fette,2
Formaggio cremoso,g,5
Formaggio crescenza,g,1
Formaggio di capra,g,1
Formaggio di capra erborinato,g,1
Formaggio di capra semi stagionato,Fette,1
Formaggio di pecora fresco,g,2
Formaggio emmenthal a fette,g,1
Formaggio filante,g,6
Formaggio filante tipo mozzarella,g,2
Formaggio fiscidu,g,1
Formaggio fresco,g,2
Formaggio fresco a piacere,g,3
Formaggio fresco spalmabile,g,3
Formaggio fresco tipo Emmental,g,1
Formaggio fresco tipo robiola,g,3
Formaggio grattugiato,g,4
Formaggio grattugiato tipo gruyère,g,2
Formaggio gruyere,Cucchiai,1
Formaggio italico grattugiato,g,1
Formaggio mascarpone,g,1
Formaggio pecorino siciliano grattugiato,Cucchiai,1
Formaggio primo sale,g,3
Formaggio primosale,g,2
Formaggio quark,g,1
Formaggio robiola,g,1
Formaggio semi stagionato,g,1
Formaggio spalamabile,ml,1
Formaggio spalmabile,g,19
Formaggio spalmabile light,g,1
Formaggio spalmabile tipo Philadelphia,g,2
Formaggio stagionato grattugiato (a piacere),Cucchiai,1
Formaggio stracchino,g,1
Formaggio svizzero,g,2
Formaggio tipo Philadelphia,g,2
Formaggio tipo toma,g,2
Formaggio toma grattugiata,g,2
Fragola,kg,7
Fragola a fettine,Unità,1
Fragola a tocchetti,Cucchiaino,1
Fragole,g,54
Fragole di media grandezza,Unità,1
Fragole fresche,Unità,5
Fragole intera per la decorazione,Unità,1
Fragolina,g,1
Fregola sarda,g,4
Friarielli,Manciata,2
Friggitelli,Unità,4
Frisella,Unità,3
Frumento fiocchi integrali,Manciata,2
Frutta,Unità,1
Frutta a piacere,Unità,1
Frutta candita,Unità,3
Frutta di bosco fresca,Unità,1
Frutta di stagione,Unità,3
Frutta fragole e frutti di bosco,Unità,1
Frutta fresca,Unità,1
"Frutta fresca (more, ribes, mirtilli)",g,1
Frutta fresca a piacere,Unità,5
Frutta fresca mista,Manciata,2
Frutta il succo,ml,1
Frutta rossi,Unità,1
"Frutta rossi (lamponi, ciliegie, ribes...)",g,1
"Frutta rossi, lamponi e ribes",g,1
Frutta secca,Unità,3
"Frutta secca (mandorle, noci, bacche di goji, mirtilli)",g,1
Frutta secca a piacere,Unità,1
Frutta secca esotica mista,Cucchiaio,1
Frutta secca mista,Unità,1
Frutti di bosco,g,4
Frutti di bosco (anche surgelati),g,1
Frutti di bosco surgelati,g,1
Fruttosio,g,1
Fumetto di pesce,lt,5
Funghi,g,4
Funghi Champignon,g,2
Funghi Portobello,Unità,2
Funghi cardoncelli,g,2
Funghi champignon,Unità,26
Funghi champignon freschi,Unità,2
Funghi champignon medio grandi,Unità,1
Funghi chiodini,g,1
Funghi freschi,g,2
Funghi freschi misti,g,3
Funghi fresco,g,1
Funghi misti,g,5
Funghi misti surgelati,g,7
Funghi neri cinesi,Unità,2
Funghi pioppini o chiodini,g,1
Funghi pleurotus,g,3
Funghi porcini,g,10
Funghi porcini freschi,g,4
Funghi porcini secchi,g,4
Funghi porcino secco,g,3
Funghi secchi,g,1
Funghi shiitake,Unità,5
Funghi shiitake secchi,g,2
Funghi shitake,Unità,1
Fungo,Unità,2
Fungo sottolio in scatola,Scatola,1
Fusilli,g,5
Fusilli integrali,g,1
Galangal,Fetta,2
Galletta di riso,g,1
Galletto Vallespluga,Unità,2
Galletto in pezzi,kg,1
Gallina,Unità,2
Gallinella,Unità,5
Gallinella di piccola pezzatura,g,3
Gamberetto,Unità,16
Gamberetto rosa,g,3
Gamberetto rosa sgusciati,g,1
Gambero,Unità,50
Gambero argentini,g,1
Gambero coda,Unità,3
Gambero code,g,9
Gambero puliti,g,1
Gambero puliti e sgusciati,Unità,1
Gambero rosa,Unità,1
Gambero rossi già abbattuti,Unità,2
Gambero rosso,Unità,4
Gambero teste,Unità,2
Gamberone,Unità,13
Gamberone  già puliti,Unità,1
Gamberone (o mazzancolle),Unità,1
Gamberone code,Unità,1
Gamberone sgusciati,Unità,3
Garam Masala,Cucchiaino,2
Garam Masala in polvere,Cucchiaino,1
Gelatina,g,3
Gelatina  in fogli,g,1
Gelatina alimentare,Unità,1
Gelatina caprino morbido,g,1
Gelatina di albicocca,g,1
Gelatina in fogli,g,38
Gelatina spray,Unità,3
Gelato,g,2
Gelato  gusto bacio o qualsiasi altra crema preferiate,g,1
Gelato al cioccolato,pallina,3
Gelato al limone,Cucchiai,1
Gelato alla crema,pallina,1
Gelato alla crema con amaretti,g,1
Gelato alla fragola,pallina,1
Gelato alla vaniglia,pallina,2
Gelato fior di latte,g,1
Germogli,Unità,7
Germogli a piacere,g,2
Germogli di alfa alfa,Unità,2
Germogli di porro,Unità,1
Germogli di porro e ravanello,Unità,2
Germogli di soia,Manciata,11
Germogli freschi,Unità,2
Germogli vari,Unità,1
"Ghiaccia reale, preparato in polvere",g,1
Ghiaccio,cubetto,22
Ghiaccio a cubetti,Unità,2
Ghiaccio cubetti,Unità,5
Ghiaccio tritato,Unità,4
Giaccio in cubetti,Unità,1
Giardiniera sottaceto,Cucchiaio,1
Gin,ml,6
Ginepro,bacca,4
Ginepro bacche,Unità,3
Girello  di vitella,g,1
Girello di manzo,g,2
Glicerina,g,1
Glucosio,g,2
Glucosio o miele di acacia o millefiori,Cucchiaino,1
Glucosio sciroppo,g,1
Gnocchi,kg,2
Gnocchi di patate,g,3
Gomasio,Cucchiai,3
Gorgonzola,g,33
Gorgonzola DOP,g,1
Gorgonzola al mascarpone,g,2
Gorgonzola dolce cremoso,Cucchiaino,1
Gramigna,g,1
Grana Padano,g,8
Grana Padano  non troppo stagionato grattugiato,g,1
Grana Padano 16 mesi,g,2
Grana Padano grattuggiato,g,4
Grana Padano grattugiato,Cucchiai,39
Grana Padano padano grattugiato,g,2
Granatina,cl,1
Granatina sciroppo,cl,1
Grand Marnier,ml,2
Grano cotto Chirico,g,1
Grano già cotto,g,1
Grano precotto,g,1
Granola,Cucchiaio,1
Granseola,Unità,2
Grappa,Cucchiaio,6
Grissino,Unità,2
Groviera,g,3
Guancette di manzo,kg,1
Guanciale,g,17
Guanciale a cubetti,g,2
Impasto per piadina,g,1
Impasto per pizza,g,3
Impasto pronto per pizza,Panetti,2
Indivia,Cespi,1
Indivia riccia,g,2
Insalata,Foglia,11
Insalata Indivia belga,Cespi,1
Insalata Lusia I.G.P.,Cespo,2
Insalata Lusia IGP,Foglia,3
Insalata Misticanza,g,1
Insalata a piacere,Unità,1
Insalata foglia di quercia,Unità,1
Insalata gentile,Cespo,5
Insalata iceberg,Foglia,1
Insalata lattuga,Foglia,3
Insalata lattuga romana o iceberg,Cespo,1
Insalata lattughino,g,1
Insalata lollo,Unità,2
Insalata mista,Unità,2
Insalata misticanza,Unità,12
Insalata romana,Cespo,1
Insalata rucola,Unità,1
Insalata songino,Unità,3
Insalata songino o valeriana,g,2
Insalata valeriana,g,3
Kaffir,Foglia,4
Kaffir lime,Foglia,2
Kefir,ml,2
Ketchup,Cucchiai,13
Kinder Bueno,Barretta,1
King crab la polpa,g,2
Kirtsh,ml,1
Kiwi,Unità,11
Lampone,Unità,3
Lampone freschi,Unità,1
Lampone per guarnire,Unità,1
Lamponi,Unità,25
Lamponi freschi,g,1
Lardo,g,4
Lardo di Colonnata,Fette,2
Lardo in un'unica fetta,g,1
Lasagna,g,5
Lasagna arricciate,g,1
Latte,ml,190
Latte  di cocco,g,1
Latte  fresco intero,ml,1
Latte  intero fresco,ml,1
Latte a temperatura ambiente,ml,2
Latte condensato,g,26
Latte consensato,g,2
Latte di avena,Unità,1
Latte di cocco,ml,29
Latte di cocco denso,ml,1
Latte di cocco in lattina,Unità,1
Latte di cocco tiepido,ml,1
Latte di mandorla,ml,19
Latte di mandorla o latte di soia,g,1
Latte di riso,ml,3
Latte di soai,ml,1
Latte di soia,g,11
Latte di soia (o altro latte vegetale),g,1
Latte di soia o di riso,ml,2
Latte fresco,ml,3
Latte fresco intero,ml,7
Latte inteor,ml,2
Latte intero,ml,400
Latte intero congelato a cubetti,g,1
Latte intero freddo,Cucchiai,3
Latte intero fresco,Unità,20
Latte latte,ml,1
Latte o acqua,ml,1
Latte oppure acqua,ml,1
Latte per spennellare,Unità,6
Latte per spennellare il dolce,Cucchiaio,1
Latte scremato,Unità,2
Latte tiepido,ml,15
Latte vegetale,ml,5
Latticello,ml,1
Latticello (o yogurt e limone),ml,1
Lattuga,Foglia,13
Lavanda non trattata,Rametto,1
Leerdammer,Fette,2
Lemongrass,g,3
Lemongrass fresco,Stelo,1
Lenticchie,Unità,13
Lenticchie già cotte in padella con aromi,g,3
Lenticchie già lessate,g,1
Lenticchie lessate,g,2
Lenticchie lesse,g,1
Lenticchie piccole,g,2
Lenticchie rosse,g,3
Lenticchie rosse decorticate,g,7
Lenticchie secche,g,4
Lenticchie secche mignon,Unità,2
Lenticchie secchi,g,2
Lievito,bustina,17
Lievito  della tradizione (miscela di bicarbonato e cremor tartaro),g,1
Lievito  di birra,g,5
Lievito  di birra fresco,g,8
Lievito  per dolci vanigliato,bustina,1
Lievito (facoltativo),Cucchiaino,1
Lievito alimentare secco,Cucchiaio,2
Lievito di birra,g,36
Lievito di birra  fresco,g,4
Lievito di birra disidratato,g,1
Lievito di birra fresco,cubetto,134
Lievito di birra liofilizzato,Cucchiaino,2
Lievito di birra secco,g,50
Lievito fresco,g,3
Lievito in polvere per dolci,g,1
Lievito istantaneo,Cucchiaino,3
Lievito istantaneo per dolce,Cucchiaino,1
Lievito istantaneo per dolci,g,3
Lievito istantaneo per focacce e torte salate,g,1
Lievito istantaneo per preparazioni salate,Unità,3
Lievito istantaneo per tolte salate,g,3
Lievito istantaneo per torte e focacce,g,2
Lievito istantaneo per torte salate,g,34
Lievito istantaneo per torte salate (circa mezza bustina),g,1
Lievito istantanteo,Cucchiaino,1
Lievito lievito di birra fresco,g,2
Lievito madre,g,6
Lievito madre non rinfrescato,g,3
Lievito per docli,bustina,1
Lievito per dolci,g,205
Lievito per dolci (1/2),Unità,1
Lievito per torte,Cucchiaino,1
Lievito per torte salate,Cucchiaino,23
Lievito vanigliato per dolci,Pizzico,58
Lime,Unità,61
Lime il succo,Unità,18
Lime il succo e la buccia grattugiata,Unità,2
Lime il succo e la scorza,Unità,1
Lime intero,Unità,1
Lime la scorza,Unità,1
Lime la scorza e il succo,Unità,1
Lime la scorza grattugiata,Unità,5
Lime la scorza grattugiate finemente,Unità,1
Lime non trattato,Unità,1
Lime non trattato (la buccia),Unità,1
Lime scorza grattugiata e succo,Unità,1
Lime succo,Cucchiai,1
Limoncello,Cucchiai,7
Limone,Cucchiaio,117
Limone  la scorza intera,Unità,1
"Limone  non trattato, 1/2 scorza grattugiata",Unità,1
Limone ( succo di 1/2 limone),Unità,1
Limone (il succo),Unità,3
Limone (la buccia grattugiata),Unità,3
Limone (la scorza grattugiata),Unità,3
Limone (la scorza),tubetto,1
Limone (scorza grattugiata),Unità,1
Limone (scorza),Unità,2
Limone (succo),Unità,9
"Limone , la scorza grattugiata",Unità,1
Limone 1/2,Unità,1
Limone Scorza,Cucchiaino,1
Limone a fette,Unità,3
Limone bio,unità,8
Limone bio scorza grattugiata,Unità,1
"Limone bio, la buccia",Unità,2
Limone biologico,Unità,2
"Limone biologico, scorza",Unità,1
Limone buccia grattugiata,Unità,5
Limone confit,Unità,1
Limone fresco,Unità,1
Limone grande,Unità,2
Limone il succo,Unità,164
Limone il succo e la buccia,Unità,3
Limone il succo e la scorza,Unità,2
Limone il succo e la scorza grattugiata,Unità,1
Limone il succo e la scorza non trattata,Unità,1
Limone ilsucco,Unità,1
Limone la buccia,Unità,5
Limone la buccia e il succo,Unità,2
Limone la buccia grattugiata,Cucchiaino,47
Limone la scorza,Unità,32
Limone la scorza grattuggiata,unità,3
Limone la scorza grattugiata,Unità,99
Limone la scorza grattugiata e il succo,Unità,8
Limone la scorza non trattata,Unità,6
Limone la scorza nontrattata,Unità,2
Limone la scorza rattugiata,Unità,1
Limone non trattato,Unità,15
Limone non trattato la buccia,Unità,1
"Limone non trattato, la buccia",Unità,2
"Limone non trattato, la scorza grattugiata",Cucchiaino,3
Limone non trattatoo,Unità,1
Limone o lime,Unità,1
"Limone o lime, scorza (opzionale)",Cucchiaio,1
Limone per accompagnare,Unità,1
Limone per i carciofi,Unità,1
Limone scorza,Pezzetto,7
Limone scorza grattuggiatea,Unità,1
Limone scorza grattugiata,Cucchiaino,13
Limone scorza non trattata,Unità,1
Limone solo il succo,Unità,1
Limone solo la buccia,Unità,1
Limone spremuto,Unità,1
Limone succo,Unità,15
Limone succo e buccia grattugiata,Unità,2
Limoni,Cucchiai,17
Limoni  il succo e la buccia grattugiata,Unità,1
Limoni (buccia),Unità,1
Limoni al naturale,Unità,2
Limoni bio,Unità,4
Limoni candito,g,1
Limoni di 1 solo la scorzaù,Unità,1
Limoni il succo,ml,30
Limoni il succo e la buccia,Unità,1
Limoni il succo e la scorza,Unità,1
Limoni il succo e le fette,Unità,1
Limoni il succo filtrato,ml,2
Limoni la buccia grattugiata,Unità,1
Limoni la scorza e il succo,Unità,1
Limoni la scorza grattugiata,Unità,4
"Limoni non trattati, la scorza grattugiata",Unità,1
Limoni non trattato,Unità,1
Limoni scorza grattugiata,Cucchiai,1
Limoni succo,ml,10
Lindor,g,1
Lingua salmistrata,g,1
Linguine,g,3
Linguine all'uovo,g,1
Lipini,kg,1
Liquirizia a rotelle,Unità,2
Liquirizia in polvere,g,1
Liquore Sherry,ml,1
Liquore Strega,ml,2
Liquore Vov,ml,1
Liquore al caffè,Bicchierino,1
Liquore al mandarino,Cucchiaio,4
Liquore al mirto,ml,1
Liquore all'amaretto,Cucchiai,1
Liquore all'anice,Bicchierino,1
Liquore all'anice o Sambuca,Cucchiai,2
Liquore alla nocciola,ml,1
Liquore alla pesca,cl,1
Liquore di anice,Cucchiaio,1
Liquore di pera,ml,1
Lumaconi,g,2
Maccheroni,g,3
Macinato di maiale,g,1
Macinato di manzo,g,2
Macinato di suino,g,2
Macinato di vitello,g,1
Maggiorana,Mazzetto,30
Maggiorana fresca,Cucchiaio,13
Maggiorana secca,Cucchiai,1
Maiale Puntine,g,1
Maiale arista,g,4
Maiale arista a fette,Unità,1
Maiale braciole,Unità,1
Maiale carne trita,g,1
Maiale coscia macinata,g,2
Maiale coscia o lonza,g,1
Maiale costine,Unità,5
Maiale fegato,g,2
Maiale fesa,g,2
Maiale filetto,g,3
Maiale filetto macinato,g,1
Maiale londa,Fetta,3
Maiale lonza,g,5
Maiale lonza a fette,Unità,3
Maiale macinato,g,24
Maiale muscolo,g,3
Maiale polpa,g,1
Maiale polpa a fette,g,3
Maiale polpa di spalla,kg,1
Maiale retina,Unità,2
Maiale spalla,kg,2
Maiale spezzatino,g,1
Maiale taglio Arista,Fette,1
Maiale taglio arista,Fetta,1
Maionese,Cucchiaio,36
Maionese bio,Cucchiaino,1
Mais,g,5
Mais dolce,g,3
Mais dolce al vapore,g,1
Mais farina,Unità,2
Mais fiocchi,g,1
Mais in chicchi,Cucchiai,1
Mais in chicchi per pop corn,g,3
Mais tostato,Manciata,1
Maizena,g,12
Maizena senza glutine,g,1
Malto,g,5
Malto d'orzo,Cucchiaino,11
Malto in polvere,Cucchiaino,1
Malto sciroppo di riso o agave,g,2
Mandarino,Unità,1
Mandorla,Manciata,12
Mandorla a lamelle,Unità,19
Mandorla a lamelle per decorare,Unità,2
Mandorla a scaglie,Unità,1
Mandorla amara essenza,Cucchiaino,1
Mandorla estratto liquido,Unità,1
Mandorla granella,Unità,1
Mandorla in lamelle,Cucchiaio,1
Mandorla in scaglie,Unità,1
Mandorla intere,Unità,1
Mandorla pelate per decorare,Unità,1
Mandorla sgusciate,Unità,2
Mandorle,g,53
Mandorle  in scaglie,g,2
Mandorle a lamelle,g,13
Mandorle a lamelle tostate,g,3
Mandorle a scaglie,g,2
Mandorle al naturale,g,1
"Mandorle amare, essenza",goccia,1
Mandorle con la buccia,g,2
Mandorle con la pelle,g,1
Mandorle farina,g,5
Mandorle granella,Cucchiaino,3
Mandorle grezze frullate,g,1
Mandorle in lamelle,g,2
Mandorle in polvere,g,1
Mandorle in scaglie,g,1
Mandorle intere,g,1
"Mandorle intere, tagliate grossolanamente",g,2
Mandorle latte,ml,1
Mandorle non pelate,g,1
Mandorle pasta,g,1
Mandorle pelata,Unità,2
Mandorle pelate,g,5
Mandorle pelate e tostate,g,1
Mandorle sbucciate,g,2
Mandorle sbucciate e tritate,Unità,1
Mandorle senza guscio,g,1
Mandorle sgusciate,g,1
Mandorle sgusciate e pelate,g,2
Mandorle sgusciate non pelate,g,1
Mandorle spellate,Cucchiai,8
Mandorle tostata,g,1
Mandorle tostate,g,4
Mandorle tostate e frullate,g,1
Mandorle tritata,Cucchiai,1
Mandorle tritate,g,6
Manfredi,g,1
Mango,Unità,11
Mango maturo,g,2
Manioca farina,g,1
Manzo,kg,5
Manzo a fette sottili,Fette,1
Manzo carne trita,g,1
Manzo controfiletto,g,1
Manzo coste,g,1
Manzo da spezzatino,g,1
Manzo fettine di girello,Unità,1
Manzo filetto,g,8
Manzo gallese,g,2
Manzo gallese i.g.p. filetto o controfiletto,g,1
Manzo irlandese,g,3
Manzo lombata,kg,1
Manzo macinato,g,34
Manzo muscolo,g,3
Manzo polpa,g,3
Manzo polpa da brodo,g,1
Manzo scamone,kg,2
Manzo spezzatino,g,2
Manzo taglio cappello del prete,g,2
Manzo taglio roast beef,g,2
Manzo taglio roastbeef,g,1
Manzo tasto,g,3
Maraschino,ml,2
Marmellata,g,6
Marmellata a piacere,Cucchiai,2
Marmellata ai lamponi,Unità,1
Marmellata di albicocche,g,3
Marmellata di arance,Cucchiai,1
Marmellata di arance amare,g,4
Marmellata di arancia,g,3
Marmellata di ciliegie,Unità,1
Marmellata di frutti rossi,g,3
Marmellata di mirtilli neri,g,1
Marmellata gusto a piacere,Vasetto,1
Marrone,kg,1
Marsala,Unità,12
Marsala secco,ml,2
Marshmallow,Unità,1
Marshmallow bianchi,Unità,1
Marshmallow grandi per le orecchie,Unità,1
Marzapane,g,2
Mascarpone,g,70
Mazzancolla,Unità,12
Mazzancolla lessate o cotte al vapore,g,1
Mela,g,55
Mela  già sbucciate e di tipi diversi,kg,1
Mela Gala,Unità,1
Mela Golden,g,2
Mela Golden Delicious o Royal Galaal netto degli scarti,Unità,1
Mela Golden al netto degli scarti,g,1
Mela Granny Smith,Unità,6
Mela Marlene,Unità,1
Mela Pink Lady,Unità,4
Mela Pink lady,Unità,2
Mela Rum,ml,1
Mela Stark delicious,Unità,1
Mela al netto degli scarti,g,3
Mela al netto degli scarti (golden o renette),g,1
Mela fuji,Unità,1
Mela gialle,Unità,2
Mela golden,Unità,1
Mela golden o gala,Unità,1
Mela grandi,Unità,2
Mela grattugiata,g,2
Mela pink lady,Unità,1
Mela renetta,Unità,2
Mela renette,g,1
Mela rosse,Unità,1
Mela succo,ml,2
Mela succo o estratto,ml,1
Mela succo senza zucchero,Cucchiai,1
Mela tipo Golden,Unità,1
Mela verde,Unità,2
Melagrana,Unità,10
Melagrana chicchi,Unità,1
Melagrana i chicchi,Unità,1
Melagrana il succo,Unità,1
Melagrana matura,Unità,1
Melagrana succo,ml,1
Melanzana,Unità,108
Melanzana baby,Unità,2
Melanzana grandi,Unità,1
Melanzana grandi striate,Unità,2
Melanzana lunghe,kg,3
Melanzana lunghe e medie,Unità,1
Melanzana lunghe medie,Unità,2
Melanzana medie lunghe,Unità,3
Melanzana ovali,kg,2
Melanzana perline,g,1
Melanzana piccola,Unità,3
Melanzana rotonda viola,Unità,1
Melanzana tonda viola,Unità,2
Melanzana tonde grosse,Unità,1
Melanzana viola,Unità,1
Melanzana violetta,Unità,1
Melanzana violette,Unità,1
Melograna,Unità,3
Melograne,g,3
Melone,Unità,11
Menta,Mazzetto,49
Menta essiccata,Cucchiaino,4
Menta facoltativa,Unità,2
Menta foglioline,Unità,1
Menta fresca,Rametto,62
Menta fresca tritata,Cucchiai,1
Menta in foglie,Unità,1
Menta sciroppo,ml,1
Mentuccia fresca,Unità,2
Meringa,Unità,1
Meringhe,g,1
Meringhe grandi,Unità,1
Meringhe in pezzi,g,1
Merluzzo,g,2
Merluzzo filetti,g,1
Merluzzo filetto,g,4
Merluzzo in filetti,g,5
Merluzzo polpa,g,2
Merluzzo sotto sale,g,1
"Merluzzo stoccafisso, la polpa in pezzi già ammollato",g,1
Midollo,g,1
Midori,cl,1
Miele,g,119
Miele d'acacia,g,6
Miele di acacia,Cucchiai,21
Miele di acacia o millefiori,Cucchiaio,1
Miele di acaica,ml,1
Miele di agrumi,g,1
Miele di castagno,Cucchiaino,6
Miele di corbezzolo,Unità,2
Miele di fiori d'arancio,Cucchiaino,2
Miele di tartufo o senape,Unità,1
Miele millefiori,g,9
Miele o sciroppo d'acero o frutta fresca,Unità,2
Miglio,g,3
Miglio decorticato,g,2
Mikado,Unità,1
Mirin,Cucchiaino,3
Mirtillo,g,18
Mirtillo confettura,g,1
Mirtillo freschi,g,3
Mirtillo o frutti di bosco (opzionale per servire),Manciata,1
Mirtillo puro in polvere,Cucchiaino,2
Mirtillo rosso il succo,ml,1
Mirtillo secchi,g,1
Mirtillo succo,ml,1
Miso,Cucchiaino,3
Misticanza,g,2
Mollica,g,5
Mollica  di pane casereccio,Unità,1
Mollica di pane (anche raffermo),g,2
Mollica di pane in briciole,g,1
"Mollica di panne, sbriciolata",g,1
Montasio semistagionato,g,1
Mora,g,9
Mora di rovo,g,1
Mora fresche,Unità,1
Mortadella,Unità,10
Mortadella  Bologna,g,2
Mortadella Bologna,g,1
Mortadella a cubetti,g,1
Mortadella affettata,g,1
Mortadella tagliata a fette,Unità,1
Moscardino,g,9
Mozarella,g,1
Mozarella fiordilatte,g,1
Mozzarella,Unità,69
Mozzarella a cubetti,Unità,1
Mozzarella bocconcini,g,2
Mozzarella ciliegiene,Unità,1
Mozzarella ciliegina,g,2
Mozzarella ciliegine,Unità,7
Mozzarella da 250 g,Unità,1
Mozzarella di bufala,Unità,2
Mozzarella fior di latte,Unità,14
Mozzarella fiordialatte,g,1
Mozzarella fiordilatta,g,2
Mozzarella fiordilatte,Unità,36
Mozzarella per pizza,g,3
Mozzarella tipo fiordilatte,g,2
Mozzarelline,g,1
Musetto,Unità,1
Nasello,g,1
Nasello di piccola pezzatura,g,3
Nespola sbucciate e denocciolate,g,1
Nocciola,g,15
Nocciola  tostate e pelate,g,1
Nocciola al netto degli scarti,g,1
Nocciola granella,Unità,12
Nocciola in granella,Unità,7
Nocciola in pasta,Cucchiai,1
Nocciola intere,Manciata,3
Nocciola per decorare,Unità,1
Nocciola pralinata,g,1
Nocciola ricoperta di cioccolato,Unità,1
Nocciola sgusciate,g,4
Nocciola sgusciate e spellate,g,1
Nocciola sgusciate e tostate,g,3
Nocciola sgusciate senza pelle,g,1
Nocciola spellatate e tostate,g,1
Nocciola spellate,g,1
Nocciola tostata e tritata,Unità,1
Nocciola tostate,Manciata,9
Nocciola tostate (o altre mandorle ),g,1
Nocciola tostate in granella,g,1
Nocciola tritate,g,1
Noce,Unità,2
Noce gherigli,Unità,9
Noce in gherigli,Manciata,1
Noce moscata,Unità,129
Noce moscata grattigiata,Pizzico,1
Noce moscata grattugiata,Cucchiaino,19
Noce moscata grattugiata fresca,Unità,4
Noce moscata in polvere,Cucchiaino,6
Noce moscata macinata,Cucchiaino,2
Noce moscata macinata fresca,Unità,17
Noci,Unità,31
"Noci  pecan, a pezzetti",g,1
Noci brasiliane sgusciate,g,1
Noci del Brasile tritate,g,1
Noci di Macadamia,g,2
Noci di cocco (fiocco),Cucchiai,1
Noci e mandorle sgusciate,g,2
Noci gherigi,g,2
Noci gherigli,g,36
Noci gherigli tostati,g,1
Noci pecan,g,2
Noci pecan o mandorle,g,1
Noci sgusciate,g,4
Noci tritate,g,4
Noodles,g,3
Noodles di frumento,g,2
Noodles di riso,g,1
Noodles precotti,g,2
Nutella,g,24
Olio,Cucchiai,81
Olio  Di Semi Di Arachide per friggere,Unità,3
Olio  Extravergine D'Oliva,Unità,1
Olio  di oliva,ml,1
Olio  di semi,ml,1
Olio  di sesamo,Cucchiaio,3
Olio  extravergine di oliva,Unità,3
Olio Di Semi Di Arachide o di riso,ml,2
Olio EVO,Unità,1
Olio Extravergine D'Oliva,Unità,7
Olio Extravergine di oliva,Unità,4
Olio alimentare di arancia,goccia,1
Olio cocco oppure olio di semi,g,1
Olio di arachide,Unità,6
Olio di arachide per friggere,l,2
Olio di arachidi,lt,2
Olio di arachidi o di girasole,Unità,2
Olio di cocco,Cucchiaino,1
Olio di nocciola,Cucchiai,1
Olio di oliva,ml,25
Olio di riso,ml,5
Olio di semi,Unità,191
Olio di semi d'arachide,Unità,2
Olio di semi di Girasole,Unità,4
Olio di semi di arachide,lt,37
Olio di semi di girasole,ml,19
Olio di semi di mais,Unità,8
Olio di semi di mais per friggere,Unità,1
Olio di semi di sesamo,Cucchiai,35
Olio di semi per friggere,lt,124
Olio di semi per fritture,Unità,1
Olio di semi pre friggere,Unità,1
Olio di semi spremuto a freddo,ml,2
Olio di semi tostato,Cucchiaino,1
"Olio di semi, per spennellare",Unità,2
Olio di sesamo,Cucchiaio,8
Olio evo,Unità,151
Olio evo delicato,Unità,2
Olio extra vergine di oliva,ml,1
Olio extravergine,Unità,16
Olio extravergine d oliva,Unità,5
Olio extravergine d'oliva,Cucchiai,4
Olio extravergine di oiliva,Cucchiai,2
Olio extravergine di olica,Unità,3
Olio extravergine di oliv,Unità,1
Olio extravergine di oliva,Unità,1596
Olio extravergine di oliva aromatizzato alla menta,Cucchiai,3
Olio extravergine di oliva delicato,ml,3
Olio extravergine di oliva di Castelvetrano,Cucchiai,3
Olio extravergine di oliva per spennellare,Unità,1
Olio extravergine di olvia,Unità,2
Olio extravergine dioliva,Unità,4
Olio per friggere,lt,25
Olio per frittura,Unità,2
Olio per la padella,Unità,1
Olio per ungere la teglia,Unità,1
Olio ìdi semi,g,1
Oliva,Unità,2
Oliva  taggiasche dnocciolate,Cucchiaio,1
Oliva barese in salamoia,Unità,1
Oliva denocciolate sottolio,Cucchiaio,1
Oliva in salamoia,Cucchiaio,1
Oliva kalamon,Manciata,3
Oliva nera,Unità,3
Oliva nere,Unità,3
Oliva nere denocciolate,Unità,3
Oliva nere secche,Manciata,2
Oliva taggiasche sottolio,Manciata,1
Oliva verdi,Unità,1
Oliva verdi  farcite,Unità,2
Olive,g,6
Olive del Piceno DOP,g,3
Olive di Gaeta,Unità,1
Olive greche nere,g,3
Olive nera denocciolata,g,5
Olive nere,ml,31
Olive nere denocciolate,Cucchiai,33
Olive nere e verdi,Unità,1
Olive nere essiccate (o infornate),g,2
Olive nere intere,g,1
Olive nere taggiasche denocciolate,g,1
Olive taggiasche,Cucchiai,7
Olive taggiasche denocciolate,g,7
Olive teaggiasche,g,1
Olive verde denocciolata,g,1
Olive verdi,Unità,8
Olive verdi denocciolate,g,2
Olive verdi o nere,g,1
Orata,Filetto,3
Orata da circa 400 g,Unità,2
Orata da circa 450 g,Unità,1
Orata di circa 500 gr,Unità,1
Orata monoporzione,Unità,1
Orata piccola,Unità,1
Orecchiette,g,3
Oreo,Unità,4
Origano,Rametto,73
Origano essiccato,Cucchiaino,6
Origano fresco,Mazzetto,7
Origano fresco tritato,Cucchiai,4
"Origano fresco, solo le foglie",g,1
Origano in polvere,Cucchiaino,1
Origano secco,Cucchiaino,39
Origano tritato,Cucchiaio,1
Orzo,g,6
Orzo decorticato,g,2
Orzo perlato,g,6
Ossa,Unità,2
Ossobuco,Unità,2
Ossobuco di tacchino,Unità,1
Ossobuco di vitello,Unità,1
Ossobuco grossi,Unità,2
Ovetto confettati colorati,Unità,1
Ovetto di cioccolato,Unità,1
Paccheri,g,6
Pagnotta di grano duro,Unità,4
Pajata,g,1
Pak choi,fettina,3
Palombo,g,4
Pan di Spagna,g,2
Pancarrè,Fette,25
Pancarrè a fette rettangolari senza crosta,Confezione,1
Pancarrè integrale,Fette,1
"Pancarrè o pane casereccio, solo la mollica",Fette,1
Pancetta,g,24
Pancetta  affumicata a dadini,g,1
Pancetta  dolce a cubetti,g,1
Pancetta a cubetti,g,11
Pancetta a fette,Unità,1
Pancetta affettata,g,3
Pancetta affumicata,g,18
Pancetta di maiale,g,1
Pancetta dolce,g,2
Pancetta dolce a dadini,g,3
Pancetta dolce tesa affettata,g,1
Pancetta fresca,Fette,4
Pancetta stagionata,g,1
Pancetta steccata,g,2
Pancetta stesa,Fetta,1
Pancetta tesa,g,5
Pandoro,Fette,5
Pandoro a cubetti,g,1
Pandoro raffermo,Fette,1
Pane,Fette,13
Pane  casereccio o baguette,Fette,1
Pane  in cassetta,Fette,1
Pane  tipo Puccia fresco,g,1
Pane (panino raffermo),Unità,3
Pane a cassetta,Unità,4
Pane ai 5 cereali,Fetta,1
Pane ai semi,Unità,2
Pane al latte,Unità,1
Pane alle noci,Unità,1
Pane ammollato nel latte,g,2
Pane bianco per tramezzini,Fette,3
Pane brioche,Fette,1
Pane carasau,Unità,6
Pane casereccio,Fette,17
Pane casereccio a fette,Unità,2
Pane casereccio raffermo,Fette,4
Pane casereccio raffremo,Fette,1
Pane casereccio senza crosta,g,1
Pane casereccio tostato,Unità,2
Pane cotto in forno a legna,Unità,1
Pane da hamburger,Unità,1
Pane da hot dog,Unità,2
Pane da tramezzini,Fette,1
Pane da tramezzini bianco,Fette,1
Pane da tramezzino senza crosta,g,2
Pane grattato,Cucchiai,3
Pane grattuggiato,Unità,2
Pane grattugiato,Cucchiai,2
Pane in cassetta,Fette,5
Pane in cassetta integrale,g,1
Pane integrale,Unità,2
Pane integrale a cassetta,Fetta,1
Pane integrale raffermo,Fette,3
Pane mollica,Cucchiai,10
Pane mollica grattugiata di pane raffermo,Unità,1
Pane mollica rafferma,g,2
Pane nero,Unità,3
Pane per burger,Unità,2
Pane per crostini,Unità,1
Pane per hamburger,Unità,4
Pane pita,Unità,1
Pane raffermo,Fette,39
"Pane raffermo, solo la mollica",g,1
Pane rustico,Fette,2
Pane senza sale,Fette,1
Pane solo la  mollica,Fetta,2
Pane tipo baguette,unità,4
Pane tipo burger buns,Unità,1
Pane tipo casereccio,Fetta,1
Pane tipo topolino,Unità,1
Pane toscano,Fette,4
Pane toscano raffermo,g,10
Panettone,Fette,8
Panettone monoporzione,Unità,2
Panettone salato,Unità,1
Pangrattato,Unità,295
Pangrattato senza glutine,Cucchiai,2
Pangrattato tostato,g,2
Panini,Unità,3
Panini da hamburger,Unità,2
Panini tipo burger buns,Unità,1
Panko,g,5
Panna,ml,38
Panna  fresca,ml,2
Panna  fresca liquida,g,1
Panna  liquida fresca,ml,1
Panna Montata già zuccherata,g,1
Panna acida,g,15
Panna da cucina,ml,8
Panna da montare,ml,4
Panna da montare zuccherata,g,1
Panna di soia,ml,2
Panna fresca,ml,71
Panna fresca liquida,g,4
Panna fresca liquida da montare,g,1
Panna fresca montata non zuccherata,g,1
Panna fresca semimontata,ml,1
Panna liqudia,ml,2
Panna liquida,Cucchiaio,176
Panna liquida da montare,ml,1
Panna liquida fresca,ml,4
Panna liquida zuccherata,ml,1
Panna montata,g,9
Panna montata e zuccherata,Unità,1
Panna o gelato fior di latte,Unità,1
Panna per dolci,ml,1
Panna semi montata,ml,1
Panna vegetale,ml,3
Panna vegetale da montare,ml,1
Panna vegetale zuccherata,g,1
Papacella dolce,Unità,1
Papacella piccante,Unità,1
Papaia,Fette,2
Papavero semi,g,5
Paprika,Pizzico,25
Paprika affumicata,Cucchiaino,8
Paprika affumicata in polvere,Cucchiaino,1
Paprika affumitata,Cucchiaino,1
Paprika dolce,Unità,37
Paprika dolce in polvere,Cucchiaino,1
Paprika in polvere,Cucchiaino,3
Parmigiano,g,51
Parmigiano  Reggiano,g,2
Parmigiano  Reggiano grattugiato,Cucchiai,1
Parmigiano Grana Padano,g,4
Parmigiano Grana Padano grattugiato,g,2
Parmigiano Reggiano,Cucchiai,18
Parmigiano Reggiano  grattugiato più qualche scaglia per decorare,Cucchiai,1
Parmigiano Reggiano (scorze),Unità,1
Parmigiano Reggiano grattugiato,g,15
Parmigiano Reggiano in scaglie,g,2
Parmigiano Reggiano o formaggio affinato nel fieno,g,1
Parmigiano Reggiano solo le croste,g,3
Parmigiano grattuggiato,Cucchiai,5
Parmigiano grattugiato,g,22
Parmigiano reggiano,g,13
Parmigiano reggiano a scaglie,Cucchiaio,5
Parmigiano reggiano gragttigiato,Cucchiaio,2
Parmigiano reggiano grattigiato,g,3
Parmigiano reggiano gratttugiato,g,1
Parmigiano reggiano grattufiato,g,5
Parmigiano reggiano grattugiato,g,481
Parmigiano reggiano grattugiato 30 mesi,g,2
Parmigiano reggiano gratutrato,Cucchiai,1
Parmigiano reggiano stagionato 30 mesi,g,1
Parmigiano rwggiano grattugiato,g,2
Passito di Pantelleria,Bicchiere,1
Pasta,g,52
Pasta  corta,g,2
Pasta  gnocchi di riso cinesi,g,1
Pasta  tipo farfalle,g,1
Pasta  tipo pappardelle fresche,g,1
Pasta  tipo penne Agnesi,g,1
Pasta a cottura lunga,g,1
Pasta all'uovo,g,7
Pasta all'uovo per lasagne,Foglio,2
"Pasta all'uovo, tipo lasagne",g,1
Pasta brisé,rotolo,11
Pasta brisé rotonda,rotolo,1
Pasta brisé tonda,rotolo,2
Pasta calamarata,g,1
Pasta calamari,g,2
Pasta cannelloni,g,1
Pasta confezione di lasagne pronte,Unità,1
Pasta corta,g,47
Pasta corta a piacere,g,3
Pasta corta senza glutine,g,2
Pasta corta tipo penne,g,1
Pasta corta tipo spaghetti,g,1
"Pasta corta, tipo sedanini",g,2
Pasta di acciughe,g,1
Pasta di grano duro,g,1
Pasta di grano duro corta,g,1
Pasta di mandorle,g,1
Pasta di pistacchio,Cucchiai,1
Pasta di tipo Linguine,g,1
Pasta di tipo mezzi paccheri rigati,g,1
Pasta di vaniglia,Cucchiaino,1
Pasta di zucchero,g,2
Pasta di zucchero bianca,g,1
Pasta di zucchero verde,g,1
Pasta fettuccine all'uovo,g,1
Pasta fillo,Foglio,10
Pasta fregola sarda,g,2
Pasta fresca all'uovo,g,2
Pasta fresca all'uovo per lasagne,g,1
Pasta fresca per lasagne,g,2
Pasta frolla,g,1
Pasta frolla base di 20 cm di diametro già cotta,Unità,1
Pasta integrale corta,g,2
Pasta integrale tipo orecchiette,g,2
Pasta kataifi,g,2
Pasta mista di grano duro,g,1
Pasta per brodo,g,1
Pasta rustica,g,1
Pasta secca per lasagne,g,2
Pasta secca per lasagne in fogli,g,1
Pasta sfoglia,rotolo,68
Pasta sfoglia all'uovo,g,3
Pasta sfoglia all'uovo fresca,g,1
Pasta sfoglia arrotolata già pronta,g,2
Pasta sfoglia confezioni rettangolari,Unità,1
Pasta sfoglia già pronta,Unità,2
Pasta sfoglia integrale,g,1
Pasta sfoglia per lasagne,Unità,4
Pasta sfoglia rettangolare,rotolo,7
Pasta sfoglia rotolo,Unità,1
Pasta sfoglia tonda,rotolo,2
Pasta sfoglie per lasagne,g,2
Pasta spaghetti,g,2
Pasta tagliatelle all'uovo,g,1
Pasta tipo aneletti,g,2
Pasta tipo bucatini,g,4
Pasta tipo calamarata,g,3
Pasta tipo caserecce,g,1
Pasta tipo cavatelli,g,1
Pasta tipo conchiglioni,g,1
Pasta tipo fettuccine,g,2
Pasta tipo linguine,g,10
Pasta tipo maccheroni,g,1
Pasta tipo paccheri,g,4
Pasta tipo paccheri di Gragnano,g,2
Pasta tipo penne,g,6
Pasta tipo rigatoni,g,2
Pasta tipo spaghetti,g,36
Pasta tipo spaghetti alla chitarra,g,7
Pasta tipo spaghetti o linguine,g,1
Pasta tipo tagliatelle,g,1
Patata,Unità,39
Patata farinose,kg,1
Patata grande,Unità,1
Patata grossa (o due piccole),Unità,1
Patata lesse,kg,1
Patata rossa,kg,2
Patate,g,197
Patate  dolci americane,Unità,1
Patate (peso al netto degli scarti dopo la cottura),g,1
Patate al netto degli scarti,g,11
Patate americane dolci,Unità,1
Patate bollita,g,1
Patate bollite,g,1
Patate da gnocchi,g,1
Patate di media grandezza,Unità,3
Patate di medie dimensioni,Unità,7
Patate dolce lessata,g,1
Patate gialla,g,1
Patate gialle o bianche,g,2
Patate gialle sode,g,2
Patate grandi,Unità,7
Patate grosse,Scatoletta,4
Patate lessa,kg,3
Patate lessate,g,2
Patate lesse,g,6
Patate media grandezza,Unità,1
Patate medie,Unità,12
Patate medie già bollite,Unità,2
"Patate medio-piccole, da fare con la buccia",Spicchio,1
Patate novella,g,3
Patate novella a pasta rossa,g,1
Patate novelle,g,3
Patate novelle biologiche,g,2
Patate novelle piccole,g,1
Patate piccola,Unità,1
Patate piccole,Unità,1
Patate rosse,g,1
Patate sbucciate,g,1
Patate vecchie di medie dimensioni,Unità,1
Patè di oliva,Cucchiaino,1
Patè di oliva nere,g,1
Pecorino,g,21
Pecorino  Romano grattugiato,g,1
Pecorino Romano grattugiato,Cucchiai,1
Pecorino fiore sardo 10 mesi,g,1
Pecorino fresco,g,1
Pecorino grattugiato,Cucchiai,69
Pecorino romani,Cucchiai,1
Pecorino romano,g,3
Pecorino romano grattugiato,Cucchiai,26
Pecorino sardo,g,2
Pecorino sardo DOP,g,2
Pecorino semi stagionato,Fette,3
Pecorino stagionato grattugiato,Cucchiai,1
Pecorino toscano,Unità,1
Pecorino toscano semi stagionato,Unità,1
Pelati,Lattina,7
Pelati sgocciolati,Unità,2
Penna per decorazioni al cioccolato,Unità,2
Penne,g,6
Pepe,Unità,179
Pepe  rosa in grani,Unità,2
Pepe bianco,Unità,6
Pepe bianco macinato,g,2
Pepe bianco macinato fresco,g,2
Pepe della Giamaica,Unità,2
Pepe di Giamaica in polvere,Cucchiaino,1
Pepe di Sichuan,Cucchiaino,5
Pepe di Sichuan bacche,Cucchiaino,3
Pepe in grani,Unità,3
Pepe lungo,bacca,1
Pepe macinato,Unità,3
Pepe macinato al momento,Pizzico,4
Pepe macinato fresco,Unità,17
Pepe nero,Unità,255
Pepe nero amcinato fresco,Unità,1
Pepe nero della MAlesia,Unità,2
Pepe nero di Sarawak,Cucchiaino,1
Pepe nero grattugiato,Unità,2
Pepe nero in grani,Unità,13
Pepe nero macinato,Unità,441
Pepe nero macinato al momento,Unità,2
Pepe nero macinato fresco,Unità,89
Pepe nero marinato,Unità,2
Pepe nero vaccinato,Unità,1
"Pepe nero, macinato fresco",Unità,114
Pepe rosa,Unità,20
Pepe rosa in bacche,Cucchiaio,1
Pepe rosa in grani,Cucchiaino,11
Pepe rosa macinato,Unità,1
Pepe rosa macinato fresco,Unità,1
Pepe rosso e nero in grani,Unità,1
Pepe verde,g,1
Peperoncino,Unità,103
Peperoncino (opzionale),Unità,3
Peperoncino Chipotles,Cucchiaino,2
Peperoncino a scaglie,Unità,4
Peperoncino arancione peruviano,Unità,2
Peperoncino essiccato,Unità,1
Peperoncino facoltativo,Unità,4
Peperoncino freschi,Unità,4
Peperoncino freschi piccanti,Unità,1
Peperoncino fresco,Unità,25
Peperoncino fresco o secco,Unità,1
Peperoncino in fiocchi,Cucchiaino,1
Peperoncino in fiocchi per servire,Unità,1
Peperoncino in pasta,Cucchiaino,1
Peperoncino in polvere,Pizzico,3
Peperoncino in scaglie,Unità,6
Peperoncino jalapeno,Unità,4
Peperoncino la punta di un,Unità,2
Peperoncino nero,Unità,2
Peperoncino piccolo,unità,2
Peperoncino piccolo essiccato,Unità,2
Peperoncino piccolo secco,Unità,2
Peperoncino rosso frantumato,Unità,1
Peperoncino rosso thai,Unità,2
Peperoncino secchi,Unità,2
Peperoncino secco,Unità,44
Peperoncino secco a scaglie,Unità,6
Peperoncino secco in scaglie,Pizzico,5
Peperoncino tritato,Unità,1
Peperoncino verde,Unità,2
Peperoncino verde piccante,Unità,2
Peperoncino verdi e rossi freschi,Unità,2
Peperone,Fetta,57
Peperone friggitelli,Unità,1
Peperone friggitelli grandi,g,3
Peperone friggitello,Unità,2
Peperone giallo,Unità,43
Peperone già arrostiti,g,1
Peperone rossi,Unità,6
Peperone rossi e gialli,Unità,4
Peperone rosso,Unità,51
Peperone rosso dolce essiccato,g,1
"Peperone rosso, giallo e verde",Unità,1
Peperone verde,Unità,14
Pera,Unità,13
Pera IGP dell'Emilia Romagna,Unità,1
Pera Kaiser,Unità,2
Pera William,Unità,1
Pera Williams rosse,Unità,3
Pera abate,Unità,1
Pera al netto degli scarti,g,1
"Pera clementine, barbabietole, carote, zenzero, mirtilli, ananas, erbe aromatiche fresche, erbe di campo (achillea, equiseto...)",Unità,1
Pera decana,Unità,1
Pera di Agerola,g,1
Pera medie,Unità,1
Pera williams,Unità,1
Pesca,Unità,25
Pesca al netto degli scarti,g,1
Pesca bianca matura,Unità,1
Pesca bianche,Unità,1
Pesca nettarina di Romagna,Unità,1
Pesca nettarine,Unità,4
Pesca nettarine IGP,Unità,1
Pesca noce,Unità,1
Pesca noci,Unità,1
Pesca sciroppate,Barattolo,1
"Pesce (calamari, gamberi, vongole, salmone)",g,1
Pesce Persico,g,1
Pesce Spada,Filetto,13
Pesce Spada affumicato in carpaccio,g,1
Pesce filetto già privo di scarti,g,1
Pesce in filetti,g,1
"Pesce misto (tonno, salmone e gamberi)",Unità,2
Pesce misto abbattuto,Unità,3
Pesce misto pulito,g,3
Pesce persico,g,1
Pesce persico a filetti,g,2
Pesto,Cucchiai,4
Pesto alla Genovese,Cucchiai,1
Pesto alla genovese,g,3
Pesto alla genovese pronto,Cucchiai,1
Pesto genovese,g,2
Philadelphia,g,20
Piadina,Unità,4
Piedino di maiale,Unità,1
Pinoli,g,66
Pinoli tostati,g,2
Piselli,g,32
Piselli (freschi o surgelati),g,1
Piselli Gialli (Dhal),g,2
Piselli baccelli,g,1
Piselli fini,g,2
Piselli fini surgelati,g,1
Piselli finissimi,g,1
Piselli freschi,g,9
Piselli freschi al netto degli scarti,g,1
Piselli freschi già sgranati,g,3
Piselli freschi o surgelati,Unità,3
Piselli freschi sgranati,g,2
Piselli già lessati,g,3
Piselli già lessi,g,3
Piselli già sgranati,g,4
Piselli in scatola sgocciolati,g,1
Piselli lessi,g,1
Piselli secchi spezzati,g,3
Piselli sgranati,g,5
Piselli sgusciati,g,1
Piselli surgelati,g,19
Piselli trifolati,g,1
Pisellini,g,1
Pistacchi,g,10
Pistacchi (granella),g,1
Pistacchi (ridotti a farina),Cucchiai,1
Pistacchi crema,g,3
Pistacchi di Bronte,g,4
Pistacchi farina,g,2
Pistacchi granella,g,5
Pistacchi in crema,g,1
Pistacchi in granella,g,1
Pistacchi interi non salati e in granella,g,1
Pistacchi pelati e non salati,g,1
Pistacchi salati e tostati,g,2
Pistacchi sbucciati non salati,g,1
Pistacchi sbucciato,Manciata,2
Pistacchi sgusciati e non salati,Cucchiai,2
Pistacchi solo il furtto,g,2
Pistacchi tritati,g,4
Pistacchi tritati grossolanamente,g,3
Pistacchio,Manciata,1
Pistacchio  in granella,Unità,1
Pistacchio crema,Unità,1
Pistacchio granella,Unità,13
Pistacchio in granella,Unità,1
Pistacchio tostati,Unità,1
Pisto,g,1
Pizzoccheri,g,2
Platano,Unità,1
Platessa filetti,Unità,1
Polenta,g,1
Polenta ben soda,g,1
Polenta bramata,g,1
Polipetti,g,2
Pollo,Unità,17
Pollo (petti),g,1
Pollo a pezzi,kg,2
Pollo alette,kg,1
Pollo ali,kg,3
Pollo cosce,Unità,4
Pollo coscia e sovra coscia,Unità,1
Pollo disossato a pezzi,kg,1
Pollo fegatini,g,2
Pollo filetto,Unità,2
Pollo frattaglie,g,1
Pollo fusi,Unità,2
Pollo intero,g,1
Pollo intero disossato,Unità,1
Pollo intero in pezzi,kg,1
Pollo macinato,g,5
Pollo petti,g,17
Pollo petto,g,33
Pollo petto a fette,g,4
Pollo petto a fette spesse,Fette,1
Pollo sovra cosce,Unità,1
Pollo sovra coscia disossata,g,1
Pollo sovracosce,g,1
Polpetta di carne al sugo,Unità,1
Polpo,kg,8
Polpo eviscerato,g,1
Polpo piccoli,g,3
Pomodori,Unità,34
Pomodori  camone,Unità,1
Pomodori  datterini,g,2
Pomodori  datterini gialli,Unità,1
Pomodori  secchi sott'olio,Unità,1
Pomodori  tondi maturi,Unità,3
"Pomodori (polpa, opzionale)",g,2
Pomodori Camone,g,2
Pomodori Pachino,Unità,6
Pomodori Piccadilly,Unità,2
Pomodori San Marzano,g,4
Pomodori San Marzano maturi,g,1
Pomodori San Marzano pelati,g,1
Pomodori a grappolo,Unità,5
Pomodori bucce essiccate,Manciata,1
Pomodori ciliegia,Unità,4
Pomodori ciliegieni,Unità,1
Pomodori ciliegini,Unità,27
Pomodori ciliegino,Unità,104
Pomodori ciliegino giallo,Unità,2
Pomodori ciliegino o datterino,g,3
Pomodori ciligino,Unità,3
Pomodori concentrato,Cucchiai,14
Pomodori concertato,Cucchiai,1
Pomodori concetrato,Cucchiai,4
Pomodori cuore di bue,Unità,3
Pomodori da sugo,g,1
Pomodori datterini,Unità,2
Pomodori datterini confit,g,2
Pomodori datterino,g,12
Pomodori datterino giallo,Unità,2
Pomodori del Piennolo,Unità,1
Pomodori di tipo ciliegino,Unità,1
Pomodori freschi e maturi,kg,1
Pomodori fresco,g,2
Pomodori gialli,Unità,1
Pomodori gialli e rossi,Unità,1
Pomodori grandi,Unità,1
Pomodori maturi,Unità,14
Pomodori maturi da sugo,g,1
Pomodori maturo,kg,5
Pomodori medi,Unità,3
Pomodori pachino,Unità,5
Pomodori passata,ml,157
Pomodori passata a pezzettoni,ml,1
Pomodori pelati,g,49
Pomodori pelati sgocciolati,Unità,2
Pomodori pelato a cubetti,g,1
Pomodori pelato sgocciolati,g,1
Pomodori perini,Unità,1
Pomodori perlati,g,2
Pomodori piccadilly,g,1
Pomodori piccadilly o ciliegino,Unità,3
Pomodori polpa,g,13
Pomodori polpa in cubetti,g,1
Pomodori pomodorini,Unità,1
Pomodori ramati,Unità,1
Pomodori ramati maturi,g,1
Pomodori ramato,g,4
Pomodori rossi,Unità,2
Pomodori salsa,Cucchiai,7
Pomodori san marzano maturi,unità,2
Pomodori secchi,Unità,11
Pomodori secchi sott'olio,Unità,1
Pomodori secchi sottolio,Unità,16
Pomodori secco,g,3
Pomodori secco sottolio,Unità,1
Pomodori semisecchi,Unità,2
Pomodori succo,ml,2
Pomodori tipo Pomodorini,g,2
Pomodori tipo pachino,Unità,1
Pomodori tondi rossi,Unità,2
Pomodori verde,Unità,3
Pomodori verdi,Unità,4
Pomodoro,Unità,17
Pomodoro  confit,Unità,1
Pomodoro Pachino,Unità,1
Pomodoro San Marzano,kg,2
Pomodoro alcune fette per farcire,Unità,1
Pomodoro ciliegini,Unità,3
Pomodoro ciliegino,Unità,8
Pomodoro ciliegino o datterino,kg,2
Pomodoro concentrato,Cucchiaio,21
Pomodoro concetrato,Cucchiaino,4
Pomodoro costoluto,Unità,1
Pomodoro cuore di bue,Unità,2
Pomodoro fresco,Unità,2
Pomodoro insalataro,Unità,2
Pomodoro maturi,kg,5
Pomodoro passata,Unità,16
Pomodoro pelati,Scatola,6
Pomodoro pelato,Unità,3
Pomodoro peliati,Scatola,1
Pomodoro salsa,Unità,1
Pomodoro secchi,Manciata,1
Pomodoro secchi sottolio,Vasetto,1
Pomodoro secco,Unità,2
Pompelmo,Unità,3
Pompelmo il succo,Unità,1
Pompelmo rosa,Unità,2
Porchetta,g,3
Porcino,g,4
Porcino freschi,kg,3
Porcino fresco,Unità,1
Porri,Unità,30
Porro,Unità,28
Porro (mezzo),Unità,1
Porro di medie dimensioni,unità,1
Porro la parte bianca,Unità,2
Preparato Red Velvet in briciole,Cucchiaio,1
Preparato per cioccolato fondente vegan,g,1
Prescinseua,g,1
Pretzel mini,Unità,1
Prezzemolo,Mazzetto,316
Prezzemolo  tritato,ciuffo,1
Prezzemolo fresco,Mazzetto,77
Prezzemolo fresco o secco tritato,Cucchiaino,1
Prezzemolo fresco tritato,Cucchiaino,47
"Prezzemolo fresco, le foglie",Unità,2
"Prezzemolo fresco, solo le foglie",g,1
Prezzemolo già tritato,Cucchiaio,1
Prezzemolo tritato,Cucchiaio,20
Prezzemolo tritato fresco,Unità,1
Prosciutto,Fette,10
Prosciutto cotto,g,99
Prosciutto cotto a cubetti,g,9
Prosciutto cotto a dadini,g,1
Prosciutto cotto a fette,g,6
Prosciutto cotto affettato,g,2
Prosciutto cotto affettato a fette spesse 2 o 3 mm,g,2
Prosciutto cotto affettato sottile,Fette,1
Prosciutto cotto affumicato,g,1
Prosciutto cotto in un'unica fetta,g,1
"Prosciutto cotto, a fette spesse un paio di millimetri",g,2
Prosciutto crudo,g,23
Prosciutto crudo a fette sottili,g,1
Prosciutto crudo di Carpegna,g,2
Prosciutto crudo di Parma,g,2
Prosciutto crudo di montagna,g,1
"Prosciutto crudo, in un'unica fetta",g,1
Prosciutto in dadini,g,2
Prosecco,Bicchiere,7
Prosecco 2/3 di bicchiere,Unità,1
Provola,Fette,15
Provola affumicata,g,12
Provola affumicata fresca,g,2
Provola affumicato,g,2
Provola dolce,g,10
Provola dolce grattugiata,g,3
Provola fresca di Agerola,g,2
Provola ragusano,g,1
Provola secca,g,3
Provolone,g,3
Provolone del Monaco grattugiato,g,1
Provolone dolce grattugiato grossolanamente,g,1
Prugna denocciolate,kg,1
Prugne,g,2
Prugne fresche,g,1
Prugne secche,Unità,2
Prugne secche e denocciolate,Unità,1
Puntarelle,Unità,2
Quaglia,Unità,1
Queso messicano Oaxaca,g,2
Quinoa,Bicchiere,10
Quinoa bianca,g,2
Quinoa in fiocchi,Unità,1
Quinoa lessa,g,1
Quinoa mista a bulgur,g,2
Quinoa tricolore,g,1
Rabarbaro,g,2
Rabarbaro (oppure altre fragole ),g,1
Rabarbaro fresco,g,1
Radicchio,Foglia,12
Radicchio Chioggia IGP,Cespi,2
Radicchio di Chioggia IGP,Cespo,2
Radicchio di Treviso,Cespi,1
Radicchio di Treviso IGP,Cespi,1
Radicchio di Treviso precoce,Cespi,4
Radicchio di Treviso tardivo,g,2
"Radicchio misto (tardivo, precoce e variegato)",g,1
Radicchio precoce,Cespi,1
Radicchio rocchio,g,2
Radicchio rosso,Cespo,7
Radicchio tardivo,Cespi,1
Radicchio tardivo di Treviso,Cespo,7
Radicchio tardivo di treviso,Cespo,1
Ragù,g,2
Ragù bianco pronto,g,2
Rana pescatrice,g,1
Rape,Unità,2
Rape gialle,g,1
Rape le cime già pulite,g,1
Rape precotte,g,1
Rape rossa,g,1
Rape rosse (peso al netto degli scarti dopo la cottura),g,1
Ravanello,Unità,23
Ribes,g,4
Ribes essiccati,g,1
Riccio di mare,Unità,1
Ricotta,g,29
Ricotta  di pecora,g,4
Ricotta affumicata,g,1
Ricotta affumicata (a piacere),Unità,1
Ricotta di capra,g,1
Ricotta di mucca,g,1
Ricotta di pecora,g,23
Ricotta di pecora salata,Unità,2
Ricotta fresca,g,2
Ricotta fresca intera da 350g,unità,1
Ricotta fresca vaccina,g,1
Ricotta magra,g,1
"Ricotta ovina che ha riposato in frigo almeno 12 ore, avvolta in un canovaccio sopra a un colino sistemato in una ciotola più grande (oppure 100 g di ricotta ovina e 100 g di ricotta vaccina per un gusto meno intenso)",g,1
Ricotta salata,unità,3
Ricotta salata grattugiata,Cucchiai,3
Ricotta salata o parmigiano o pecorino,Unità,2
Ricotta setacciata,g,1
Ricotta vaccina,g,118
Ricotta vaccina (in alternativa metà ricotta e metà prescinseua),g,1
Ricotta vaccina o formaggio fresco quark,g,1
Ricotta vaccina salata,g,1
"Ricotta vaccina, riposata 24 ore",g,1
Rigatoni,g,4
Riso,g,23
Riso  carnaroli,g,1
Riso 0semifino da risotti,g,1
Riso Arborio,kg,10
Riso Arborio o Carnaroli,g,2
Riso Basmati,g,9
Riso Basmati già cotto,g,2
Riso Bomba,g,1
Riso CArnaroli,g,1
Riso Carnaroli,g,40
Riso Carnaroli o Arborio,g,2
Riso Carnaroli o arborio,g,1
"Riso Carnaroli, Ribe o Arborio",g,2
Riso Parboiled,g,1
Riso Venere,g,12
Riso Venere integrale,g,2
Riso Vialone Nano,Unità,4
Riso Vialone nano o Carnaroli,g,1
Riso basmati,g,9
Riso bianco per sushi già cotto,g,3
Riso carnaroli,g,1
Riso con farro e orzo precotti,g,2
Riso da risotti,g,1
Riso da sushi,g,7
Riso fiocchi integrali,Manciata,2
Riso integrale,g,4
Riso originario,Bicchiere,1
Riso per risotti,g,8
Riso per risotti Arborio o Carnaroli,Unità,1
Riso per risotto,g,1
Riso per sushi,g,15
Riso per sushi (in alternativa riso a chicco corto o riso Roma),g,1
Riso per sushi già cotto,Unità,4
Riso rosso integrale,g,3
Riso semifino per risotti,g,2
Riso semilavorato per risotti,g,1
Riso semintegrale per risotti,g,2
Riso soffiato,g,3
Riso venere,g,1
Riso vialone nano,g,1
Risotto avanzato,g,2
Robiola,g,26
Robiola fresca,g,1
Rollini al cioccolato,Unità,1
Rosmarino,Rametto,245
Rosmarino 2,Unità,1
Rosmarino aghi,Unità,2
Rosmarino essiccato,Cucchiaino,2
Rosmarino fresco,Rametto,18
Rosmarino fresco tritato,Cucchiai,2
Rosmarino secco,Cucchiaio,7
Rosmarino tritato,Cucchiaino,1
Rosmarino tritato finemente,Rametto,1
Rucola,Unità,43
Rucola fresca,Mazzetto,2
Rum,Bicchierino,22
Rum bianco,ml,6
Rum scuro,ml,2
Sakè,Cucchiaio,12
Salame,g,16
"Salame Milano, fette sottili",Unità,1
Salame Napoli,g,3
Salame Romagnolo,g,1
Salame a cubetti,g,2
Salame affettato,g,1
"Salame amarcord Clai, fette sottili",Unità,1
Salame cacciatorino,g,1
Salame di Napoli,g,3
Salame fette sottili,Unità,1
Salame in formato bastoncino,unità,1
Salame milano,g,3
Salame piccante,Unità,2
Salame romagnolo,Unità,3
Salame romagnolo fresco,Fette,1
Salame ungherese,Fette,5
"Salame ungherese, fette sottili",Unità,1
Sale,Unità,613
Sale Maldon,Unità,6
Sale a scaglie,Unità,2
Sale affumicato,Unità,1
Sale alla misticanza di fiori,Unità,2
Sale alle erbe,Unità,2
Sale aromatizzato alla salvia e rosmarino,Cucchiaino,1
Sale fine,Unità,4
Sale fino,Unità,1991
Sale fino integrale,Unità,5
Sale frosso,Cucchiaio,2
Sale grosso,Cucchiaio,122
Sale grosso o Fleur De Sel,Unità,1
"Sale grosso, per l'acqua della pasta",Unità,1
Sale in fiocchi,Cucchiaino,4
Sale in scaglie,Unità,1
Sale integrale,Unità,15
Sale integrale di Trapani,Unità,3
Sale integrale in fiocchi,Unità,2
Sale mediofine di Cervia,g,1
Sale nero di Cipro,Unità,3
Sale rosa,Cucchiaino,5
Sale rosa dell'Himalaya,Unità,3
Sale rosa grosso,Cucchiaino,1
Salmone,Filetto,16
Salmone affumicato,g,27
Salmone affumicato a fette,g,5
"Salmone filetti, già puliti e privati delle lische",g,1
Salmone filetto,Unità,7
Salmone filetto abbattuto,g,5
Salmone filetto già abbattuto,g,1
Salmone fresco,g,7
Salmone fresco abbattuto,g,1
Salmone già abbattuto,g,2
Salmone in tranci,g,1
Salmone mousse,g,1
Salmone tartare,g,2
Salmone trancio,g,1
Salsa Worchestershire,goccia,4
Salsa barbecue,Unità,2
Salsa di ostriche,Cucchiaio,3
Salsa di pesce,Cucchiai,2
Salsa di pomodoro,g,2
Salsa di soia,Cucchiai,109
Salsa di soia Tamari,Unità,3
Salsa di soia a ridotto contenuto di sale,Cucchiai,1
Salsa di soia bio,Cucchiaio,4
Salsa di soia chiara,Cucchiaino,2
Salsa di soia con ridotto apporto di sodio,Cucchiai,2
Salsa di soia fino,Cucchiai,2
Salsa di soia scura,Cucchiaino,2
Salsa di soia tamari,Unità,3
Salsa tartufata,Cucchiai,2
Salsa verde,g,3
Salsicce,g,49
Salsicce (pasta),g,2
"Salsicce , privata della pelli",g,1
Salsicce di Norcia,Unità,2
Salsicce di maiale,g,16
Salsicce di maiale napoletana,g,1
Salsicce di maialino nero dei Nebrodi,g,2
Salsicce impasto,g,1
Salsicce luganega,g,3
Salsicce privata della pelle,g,1
Salsiccia,kg,1
Salsiccia di maiale,Unità,1
"Salsiccia passita, fette sottili",Unità,1
Salume,g,2
Salume a scelta,g,3
Salvia,Foglia,67
Salvia essiccata,Unità,3
Salvia fresca,Foglia,4
Salvia fresco,Foglia,1
Salvia secco,Cucchiaino,1
Salvia tritata,Cucchiaino,1
Salvia tritata finemente,Foglia,1
Sarda,Unità,6
Sarda fresca,g,2
Sarda fresche sfilettate,g,2
Sarda pulite e diliscate,Unità,2
Sarda sotto sale,Filetto,1
Savoiardo,g,21
Savoiardo morbidi,g,2
Scalogni,Unità,27
Scalogno,Unità,84
Scalogno piccolo,Fetta,1
Scamorza,g,46
Scamorza a fette,Unità,3
Scamorza affumicata,Unità,15
Scamorza affumicata grattugiata,g,1
Scamorza dolce,g,13
Scamorza fior di latte,g,1
Scamorza fresca,g,6
Scampo,kg,24
Scampo fresco,g,1
Scarola,g,10
Sciroppo a scelta,Unità,1
Sciroppo alla menta,ml,1
Sciroppo d'Acero,g,1
Sciroppo d'acero,ml,24
Sciroppo d'agave,g,6
Sciroppo di granatina,ml,1
Sciroppo di menta,ml,1
Sciroppo di riso,Cucchiai,1
"Sciroppo di riso o mais, malto* oppure agave",g,1
Sciroppo di sambuco,parte,1
"Sciroppo riso o mais, malto* oppure agave",g,1
Scorfano,kg,2
Sedano,Costa,181
Sedano comprese le foglie,gambo,3
Sedano con tutte le foglie,Costa,2
Sedano costa,Unità,3
Sedano foglie,Unità,1
Sedano rapa,Fetta,7
Sedano rapa al netto degli scarti,g,2
Sedano rapa o una costa di sedano,Fetta,1
Sedano verde,Costa,2
Sedano verde con tutte le foglie,Costa,1
"Semi  di papavero o di sesamo, per decorare",Unità,1
Semi a piacere,Unità,1
Semi di Canapa,g,2
Semi di Chia,Cucchiai,7
Semi di Sesamo nero,Cucchiaino,1
Semi di chia,g,6
Semi di finocchio,g,4
Semi di girasole,Unità,4
Semi di lino,Cucchiaino,2
Semi di lino in polvere,g,1
Semi di lino tostati,Cucchiaio,1
Semi di nigella,Cucchiaino,2
Semi di papavero,Unità,16
Semi di senape,Cucchiaino,1
Semi di sesamo,g,24
Semi di sesamo bianchi e neri,Cucchiai,2
Semi di sesamo nero,Unità,1
"Semi di sesamo, di girasole, di zucca",Unità,2
Semi di zucca,Cucchiaio,8
Semi di zucca decorticati,unità,1
Semi misti,Unità,16
Semi misti per decorare,Unità,2
Semi misti tostati,Unità,2
Semi mix,Unità,2
Semi mix a piacere,Unità,1
"Semi papavero, girasole, zucca",g,1
Semola,g,8
Semola di grano duro,g,6
Semola di grano duro rimacinata,g,3
Semola per spolverare,Unità,1
Semola rimacinata,Unità,2
Semola rimacinata di grano duro,g,14
Semolino,g,7
Senape,Cucchiaino,48
Senape (dip),Cucchiaino,1
Senape al miele,Cucchiai,6
Senape con i semi,Cucchiai,1
Senape dolce,Cucchiai,1
Senape forte,Unità,2
Senape forte di Digione,Cucchiaino,1
Senape in grani,Cucchiaio,2
Senape in polvere,Cucchiaino,3
Senape semi,Cucchiai,3
Seppia,kg,23
Seppia Seppioline piccole,Unità,1
Seppia al netto degli scarti,g,1
Seppia già pulite,g,4
Seppia intere,g,1
"Seppia piccola, già pulita",Unità,2
Seppia piccole,g,3
Seppia pulite,Unità,1
Seppiolina,Unità,1
Sesamo,Unità,2
Sesamo (semi),Unità,2
Sesamo bianco e nero,Cucchiai,3
Sesamo bianco semi,Unità,1
Sesamo nero semi,Unità,3
Sesamo semi,Cucchiaio,37
Sesamo semi bianchi,Cucchiaio,1
Sesamo semi bianchi e neri,Unità,3
Sesamo semi neri,Cucchiaio,2
Sfoglie  per lasagne,g,1
Sfoglie per lasagne sottili,Unità,1
Sgombro filetti,g,3
Sidro,ml,2
Siracha,g,2
Smarties,Unità,3
Soda,Bicchierino,7
Soda di pompelmo rosa,cl,1
Sogliola,g,5
Soia germogli,g,3
Soia granulare,g,2
Soia in fiocchi,g,2
Songino,g,1
Sottilette,Unità,1
Spaghetti,g,25
Spaghetti Agnesi,g,1
Spaghetti di Gragnano,g,1
Spaghetti di riso,g,1
Speck,Fette,42
Speck a bastoncini,g,3
Speck a cubetti,g,7
Speck a fette,g,2
Speck affettato,g,10
Speck in cubetti o striscioline,g,2
Speck in fette,Unità,1
Speck in un'unica fetta,g,2
Speck in una sola fetta,g,2
Speck trancio,g,1
Spezie a piacere,Unità,2
"Spezie miscela di cannella, chiodi di garofano, noce moscata, zenzero, anice stellato",Cucchiaino,1
Spezie miscela fatta in casa,Cucchiaino,1
"Spezie miscelate (pepe, chiodi di garofano, noce moscata)",Cucchiaino,1
Spezie mix per carni,Cucchiaino,1
Spezie mix per paella,bustina,2
Spezie mix per tandoori,Cucchiaio,1
Spezie per hamburger,Cucchiaino,1
Spigola,g,4
Spigola eviscerata,g,1
Spinaci,g,31
Spinaci  freschi,g,1
Spinaci bolliti e strizzati,g,2
Spinaci cotti e spadellati in aglio e olio,g,1
Spinaci freschi,g,15
Spinaci freschi puliti,g,3
Spinaci lessati,Unità,3
Spinaci lessati e strizzati,g,2
Spinaci lessi,g,2
Spinaci novelli,Manciata,15
Spinaci novelli da crudo,gambo,3
Spinaci novelli in foglia,g,1
Spinaci per guarnire,Unità,1
Spinaci puliti o altra verdura a foglia verde,g,1
Spinaci purea,g,3
Spinarolo,g,3
Sprite,ml,1
Spumante,ml,1
Stelline di zucchero,Unità,1
Stinco di maiale,Unità,1
Stoccafisso,Unità,3
Stoccafisso filetti ammollati,g,1
Stoccafisso già ammollato,g,7
Stoccafisso già ammollato in filetti,g,1
Stoccafisso polpa ammollata,g,5
Stracchino,g,14
Stracciatella,g,11
Stridolo,Mazzetto,2
Strozzapreti,g,1
Strutto,g,27
Strutto o burro,g,1
Succo d'arancia,cl,1
Succo di Lime,ml,1
Succo di arancia,Unità,2
Succo di barbabietola,Bicchiere,1
Succo di cramberris,cl,1
Succo di frutta a scelta,ml,1
Succo di limone,cl,1
Succo di limone o lime,Cucchiaio,1
Succo di pesca,g,2
Succo di pomodoro,cl,1
Surimi,g,3
Tabasco,Cucchiaino,24
Tabasco Habanero,Cucchiaino,2
Tabasco ai peperoncini verdi,Unità,1
Tabasco habanero,Cucchiaino,2
Tabasco verde,goccia,6
Tabuleh precotto,g,2
Tacchino fesa,g,5
Tacchino il petto macinato,g,1
"Tacchino il petto, arrosto",g,1
Tacchino macinato,g,1
Tacchino petto,g,1
Taccole,g,1
Tagliatelle  all'uovo,g,1
Tagliatelle all'uovo,g,3
Tagliolini,g,2
Tahina,Cucchiaino,24
Taleggio,g,5
Tarallo ai cereali o integrali,g,3
Tarassaco,g,1
Tartufo,g,1
Tartufo bianco,g,2
Tartufo in scaglie,Unità,1
Tartufo nero,g,3
Tartufo nero scorzone,Unità,1
Tequila,cl,4
Timo,Rametto,98
Timo fresco,Unità,37
Timo fresco Pizza sottile e croccante con farina Petra 3,Cucchiaino,2
Timo limonato,Unità,8
Timo secco,Cucchiaino,7
Timo tritato,Cucchiaio,1
Tinca,Unità,1
Tofu,g,3
Tofu a pasta ferma,g,1
Tofu a pasta morbida,g,1
Tofu al naturale,g,1
Tofu morbido,g,2
Tofu naturale,g,2
Tofu naturale a pasta ferma,g,2
Toma,g,1
Toma di pecorino,g,2
Tomino,Cucchiai,4
Tomino fresco,g,1
Tonno,Filetto,19
Tonno al naturale in scatola,Scatoletta,2
Tonno filetto,Unità,1
Tonno filetto fresco abbattuto,g,1
Tonno fresco,g,3
Tonno in fletti sott'olio,g,2
Tonno in scatola,g,2
Tonno in scatola (peso sgocciolato),g,2
Tonno in tranci,g,1
Tonno rosso,g,7
Tonno rosso abbattuto,g,2
Tonno rosso già abbattuto,Unità,2
Tonno sott'olio,g,1
Tonno sottolio,g,42
Tonno sottolio sgocciolato,g,11
Tonno trancio,Unità,1
Topinambur di medie dimensioni,Unità,2
Torrone agli agrumi e pistacchio,g,1
Torrone bianco classico,g,2
Torrone bianco duro,g,2
"Torrone classico, alle mandorle e nocciole",g,1
Tortellini,g,2
Tortiglioni,g,1
Tortillas,Unità,2
Tortillas di mais,Unità,2
Totano,g,6
Totano di media grandezza,Unità,4
Totano grandi,Unità,2
Triglia,Unità,9
Triglia di piccola pezzatura,g,3
Triple sec,ml,4
Trippa,g,3
Trippa mista,Unità,2
Trofie,g,3
Trofie fresche,g,3
Trota già pulite,Unità,1
Trota salmonata,g,2
Tuma fresca,g,1
Tuorli d'uovo,Unità,141
Tuorli d'uovo sodi,Unità,4
Tuorlo d'uovo,Unità,107
Tuorlo d'uovo  a temperatura ambiente,Unità,1
Tuorlo d'uovo per spennellare,Unità,1
Tzatziki pronto,Unità,1
Tè,bustina,2
Tè Earl grey,ml,1
Tè al bergamotto,bustina,1
"Tè al ginger, liquirizia e rose",bustina,3
Tè nero thailandese,Cucchiaio,1
Tè verde in foglie,Unità,1
Udon precotti,Confezione,2
Uova,Unità,784
Uova (1 intero più 1 tuorlo),Unità,1
"Uova , tuorli e albumi separati",Unità,1
Uova a temperatura ambiente,Unità,2
Uova bio,Unità,4
Uova bio di media grandezza,Unità,1
Uova di lompo,Unità,3
Uova di quaglia,Unità,5
Uova fredde di frigo,Unità,2
Uova grandi,Unità,5
Uova grandi a temperatura ambiente,Unità,1
Uova intere,Unità,7
Uova lesse,Unità,2
Uova media,Unità,1
Uova medie,Unità,4
Uova piccole,Unità,9
Uova sode,Unità,2
Uovo,Unità,366
Uovo a temperatura ambiente,Unità,2
Uovo bio,Unità,1
Uovo di cioccolato,Unità,1
Uovo di cioccolato di varie dimensioni e colori,Unità,1
Uovo grande,Unità,2
Uovo grande a temperatura ambiente,Unità,2
"Uovo grande, leggermente sbattuto",Unità,1
Uovo medio,Unità,3
Uovo per spennellare,Unità,5
Uovo per spennellare la superficie,Unità,1
Uovo piccolo,Unità,4
Uovo sodo,Unità,4
"Uovo sodo, il tuorlo",unità,3
Uva,Unità,2
Uva acini,Unità,1
Uva bianca e nera,g,1
Uva fragola,unità,1
"Uva fragola, acini",g,1
Uva nera ad acino piccolo,g,1
Uva nera al netto degli scarti,g,1
Uva rossa,Grappolo,3
Uva senza semi,g,1
Uva sultanina,g,2
Uvetta,Manciata,55
Uvetta  di Corinto,g,1
Uvetta  sultanina,g,1
Uvetta di corinto,g,1
Uvetta sultanina,g,3
Valeriana,g,4
Vaniglia,Baccello,93
Vaniglia (1 cucchiaino estratto di Vaniglia),bacca,1
Vaniglia (estratto),Cucchiaino,3
Vaniglia (i semi),bacca,3
Vaniglia Bourbon,bacca,1
Vaniglia Bourbon (estratto) o i semi di una bacca,Cucchiaino,1
Vaniglia Bourbon (i semi o un cucchiaino di estratto),bacca,1
Vaniglia Bourbon (o 1/2 cucchiaino di estratto),bacca,1
Vaniglia Bourbon estratto,Cucchiaio,2
Vaniglia Bourbon in estratto o i semini di mezza bacca,Cucchiaino,1
Vaniglia Bourbon o i semi di una bacca (estratto),Cucchiaino,2
Vaniglia bacca,Unità,8
Vaniglia bourbon (estratto o semi di una bacca),Cucchiaino,1
Vaniglia essenza,Cucchiaino,2
Vaniglia essenza liquida,Cucchiaino,5
Vaniglia estratto,Cucchiaino,13
Vaniglia estratto liquido,Cucchiaino,64
Vaniglia estratto o 1 bacca,Cucchiaino,1
Vaniglia extratto liquido,Cucchiaino,2
Vaniglia fresca,Baccello,1
Vaniglia i semi ( o 1 bustina di vanillina),bacca,1
Vaniglia i semi della bacca,Unità,2
Vaniglia in bacca,Unità,1
Vaniglia in bacche,Grappolo,4
Vaniglia in polvere,Cucchiaino,8
Vaniglia in polvere o 1/2 bacca,Cucchiaino,2
Vaniglia la bacca,Unità,5
Vaniglia semi,bacca,1
Vaniglia semi di bacca,Unità,1
Vanillina,Pizzico,8
Verbena,g,1
Verdura mista sottaceto,g,1
Vermut dry,ml,2
Vermuth,ml,1
Vermuth rosso,cl,1
Verza,g,29
Verza (o cavolo cappuccio),g,2
Verza al netto degli scarti,g,3
Verza tagliata a strisce,g,1
Vino,Cucchiai,10
Vino  bianco secco,Bicchiere,1
Vino Amarone,ml,1
Vino Bianco Greco di Tufo,Bicchiere,1
Vino Lambrusco,ml,3
Vino Verdicchio,ml,1
Vino bianco,lt,50
"Vino bianco fermo, a gradazione alcolica contenuta (10-11 % vol)",lt,1
Vino bianco frizzante,Bicchiere,2
Vino bianco secco,Bicchiere,124
Vino moscato,ml,1
Vino rosato o bianco,Bicchiere,2
Vino rosso,Bicchiere,27
Vino rosso corposo,ml,5
Vino rosso e corposo,Bicchiere,1
Vino rosso leggero,Bicchiere,1
Vino rosso secco,Unità,2
Vino rosso tipo Cabernet,lt,1
Vino secco bianco,Bicchiere,1
Vino spumante secco,ml,1
Vino vino bianco secco,ml,2
Vinsanto,Bicchiere,3
Vitella,Fette,1
Vitello,kg,4
Vitello bistecche da 80 g,Unità,1
Vitello carrè con osso,Fette,1
Vitello costine con l'osso,Unità,1
Vitello fettine,Unità,3
Vitello girello,Unità,3
Vitello girello a fette,g,1
Vitello girello o magatello,g,1
Vitello macinato,g,5
Vitello polpa,g,2
Vitello polpa a fette sottili,Fetta,1
Vitello sottonoce,Fette,1
Vitello spalla macinata,Unità,2
Vitello tasca,g,2
Vodka,cl,9
Vodka citron,ml,1
Vongole,g,27
Vongole (arselle),kg,1
Vongole congelate,g,2
Vongole veraci,g,6
Wafer,g,1
Wafer  alla nocciola,g,1
Wafer al cioccolato,g,1
Wafer alla vaniglia,g,1
Wasabi,Unità,13
Wasabi in pasta,Unità,1
Whisky,ml,4
Whisky bourbon,ml,1
Wodka,cl,1
Würstel,Unità,3
Würstel di maiale,Unità,2
Würstel di pollo e tacchino,Unità,1
Würstel piccoli,Unità,1
Yogurt,g,10
Yogurt  bianco intero,g,1
Yogurt  greco,g,2
Yogurt a temperatura ambiente,g,2
Yogurt ai mirtilli,g,1
Yogurt al cocco,Barattolo,2
Yogurt bianco,g,19
"Yogurt bianco 0,1% di grassi",ml,1
Yogurt bianco denso,g,2
Yogurt bianco greco,g,2
Yogurt bianco intero,Cucchiai,20
Yogurt bianco magro,g,4
Yogurt bianco non zuccherato,Vasetto,1
Yogurt bianco vaccino o vegetale,Vasetto,1
Yogurt cianco intero,g,2
Yogurt di soia al naturale,g,1
Yogurt greco,g,44
Yogurt greco al naturale,Cucchiai,2
Yogurt greco bianco,g,4
Yogurt greco magro,g,1
Yogurt greco senza grassi,g,1
Yogurt intero,Cucchiai,16
Yogurt intero al naturale,Cucchiai,3
Yogurt intero bianco,g,1
Yogurt magro,Vasetto,8
"Yogurt magro alla pesca, naturale o alla vaniglia",g,1
Yogurt naturale,g,2
Yogurt naturale di soia,Vasetto,2
Yogurt soia,g,1
Yogurt vegetale,Cucchiai,1
Zafferano,bustina,23
Zafferano due terzi,Unità,1
Zafferano in pistilli,Unità,6
Zafferano in polver,bustina,3
Zafferano in polvere,bustina,9
Zafferano pistilli,Unità,1
Zenzero,cm,24
Zenzero  fresco,cm,2
Zenzero  in polvere,Cucchiaino,2
"Zenzero a fettine, fresco",Unità,3
Zenzero candito,Unità,3
Zenzero fresco,g,34
Zenzero fresco grattugiato,Cucchiaino,13
Zenzero grattugiato,Cucchiai,3
Zenzero grattugiato fresco,Unità,1
Zenzero grattugiato fresco o 1 cucchiaino in polvere,Cucchiaio,1
Zenzero in polvere,Cucchiaino,30
Zenzero marinato,Unità,7
Zenzero polvere,Cucchiaino,1
Zenzero radice,fettina,2
Zenzero radice fresca,cm,1
Zenzero radice fresca grattugiata,cm,2
Zenzero radice frescoa,cm,1
Zucca,kg,51
Zucca al netto degli scarti,g,24
Zucca cruda al netto degli scarti,g,4
Zucca delica,g,2
Zucca hokkaido,g,1
Zucca in purea,g,1
Zucca lessa,g,1
Zucca mantovana,g,2
Zucca polpa,g,1
Zucca polpa cotta e frullata,g,1
Zuccherini,Unità,10
Zuccherini colorati,Unità,3
Zuccherini colorati di forme miste,Unità,1
Zuccherini per decorare,Unità,1
Zucchero,Cucchiai,233
Zucchero  a velo,g,7
Zucchero  di canna,g,2
Zucchero  di canna grezzo,Cucchiai,2
Zucchero  in granella,Unità,1
Zucchero  semolato,g,3
Zucchero (opzionale),Cucchiai,1
Zucchero Semolato,g,2
Zucchero a Velo,Unità,1
Zucchero a belo,Unità,1
Zucchero a piacere,Unità,1
Zucchero a velo,g,209
Zucchero a velo  per spolverare,Unità,2
Zucchero a velo non vanigliato,g,4
Zucchero a velo per decorare,Unità,1
Zucchero a velo per la finitura,Unità,2
Zucchero a velo setacciato,g,1
Zucchero a velo vanigliato,g,2
"Zucchero a velo, facoltativo",Unità,2
"Zucchero a velo, più altro per spolverare i biscotti",g,1
Zucchero bianco,Cucchiai,24
Zucchero bianco semolato,g,7
Zucchero bianco semolato bianco,Cucchiaino,2
Zucchero bucaneve,Unità,1
Zucchero codette colorate,Unità,1
Zucchero codette colorate o granella,Unità,1
Zucchero cristalli (per la superficie),Unità,1
Zucchero di canan,g,3
Zucchero di canna,Cucchiai,125
Zucchero di canna Demerara,Cucchiai,1
Zucchero di canna a velo oppure frullato fino a renderlo a grana fine,g,1
Zucchero di canna bianco,Cucchiaino,3
Zucchero di canna chiaro,Cucchiaino,8
Zucchero di canna chiaro per la superficie,Unità,1
Zucchero di canna grezzo,Cucchiaio,16
Zucchero di canna grezzo in polvere,Unità,1
Zucchero di canna integrale,g,19
Zucchero di canna integrale chiaro,g,1
Zucchero di canna per la finitura,Unità,1
Zucchero di canna scuro,g,3
Zucchero di canna tipo panela,g,1
"Zucchero di canna, più altro per cospargere la torta",g,1
Zucchero granella,Unità,6
Zucchero in granella,Unità,5
Zucchero semolato,g,75
Zucchero semolato  bianco,g,1
Zucchero semolato (più quello per la finitura),g,1
Zucchero semolato a grana fine,g,4
Zucchero semolato bianci,Unità,1
Zucchero semolato bianco,Bicchiere,642
Zucchero semolato finissimo,g,3
Zucchero semolato per la superficie,Unità,1
"Zucchero semolato, bianco",g,2
Zucchero vanigliato,Unità,2
Zucchero zolletta,Unità,1
Zucchero zucchero a velo,Unità,1
Zucchina,kg,48
Zucchina grande,Unità,2
Zucchina media,Unità,1
Zucchina piccola,Unità,2
Zucchina se possibile chiara,Unità,2
Zucchina tagliata a julienne,Unità,2
Zucchine,Unità,117
Zucchine baby,Unità,1
Zucchine chiara,Unità,3
Zucchine chiare,Unità,2
Zucchine con fiore,Unità,1
Zucchine con i fiori,unità,2
Zucchine di medie dimensioni,Unità,2
Zucchine lunga,Unità,1
Zucchine medie,Unità,3
Zucchine piccola,Unità,1
Zucchine piccole,Unità,5
Zucchine rotonda,Unità,1
Zucchine tonde,Unità,1
acciughe,Unità,12
acciughe filetti,g,5
acciughe filetti sottolio,Unità,7
acciughe in filetti sott'olio,Unità,1
acciughe in filetti sottolio,Unità,3
acciughe in fletti sott'olio,Unità,2
acciughe salate,Unità,1
acciughe sotto sale,Filetto,1
acciughe sottolio,Filetto,18
acciughe sottolio a filetti,Unità,1
aceto,lt,3
aceto bianco,lt,5
aceto di mele,lt,6
aceto di vino bianco,lt,6
aceto di vino rosso,ml,1
acqua,ml,22
aglio,Spicchio,12
aglio rosso,g,1
alcol,ml,1
alcol a 95 gradi,lt,1
alcol etilico 90°,ml,1
alloro,Unità,8
amarene,kg,1
amaretti,g,1
aneto fresco,Unità,1
anice in grani,Unità,1
anice semi,Cucchiaio,1
arancia,Unità,1
arancia amare,kg,1
avena in fiocchi,g,1
basilico,Unità,1
basilico fresco,Foglia,2
bicarbonato,Cucchiai,1
burger di manzo,Unità,1
burger di soia,Unità,2
burro,g,3
burro fuso,g,1
cannella,stecca,2
cannella in polvere,Cucchiaino,1
cardamomo,Cucchiaio,3
carota,Unità,1
carote,Unità,1
carta di riso,Foglio,3
casatella,g,3
casatella  DOP ( o altro formaggio morbido),Cucchiai,2
cavolfiore,Unità,1
cedro,Unità,1
cetriolo,Unità,2
chiodi di garofano,Unità,3
ciliegie,kg,2
ciliegie denocciolate,g,1
cioccolato fondente,g,1
cipolla,Unità,3
cipolla bianca,Unità,1
cipolla rossa di tropea,Unità,1
cipolle bionda,g,1
cipolle rossa di tropea,kg,2
cocco essiccato in scaglie,Cucchiai,1
coriandolo,Cucchiai,2
coriandolo semi,g,1
cumino,Cucchiai,1
curcuma,Cucchiaino,1
erba cipollina i fiori,Unità,1
fagiolini,kg,2
farina,g,1
farina 00,g,1
fico maturi,kg,1
finocchio,Unità,1
fragola,kg,1
fragole,g,1
frutta di stagione,g,1
fungo,Unità,1
gelatina in fogli,Unità,1
kiwi,kg,1
lamponi,Unità,1
latte intero,lt,1
limone,kg,6
limone (succo),Unità,1
limone bio la scorza,Unità,1
limone il succo,Unità,6
limone la buccia,Unità,2
limone la scorza grattugiata,Unità,1
limone scorza grattugiata,l,1
limoni,Unità,1
limoni bio,Unità,2
limoni il succo,ml,1
limoni il succo e la buccia,Unità,1
limoni la scorza gratugiata,Unità,1
mandorle,g,1
mandorle sbucciate,g,1
mango,Unità,1
marrone,kg,1
mela,Unità,5
mela  già sbucciate e di tipi diversi,kg,1
mela al netto degli scarti,g,1
mela gala o golden,kg,1
mela golden al netto degli scarti,g,1
mela golden o gala,Unità,1
mela granny smith,Unità,1
mela succo,ml,1
melanzana,g,2
melanzana lunghe,kg,1
melanzana perline,g,1
menta,Mazzetto,3
menta glaciale fresca,Foglia,1
miele,Cucchiai,2
miele di acacia,Cucchiai,1
mirtillo secchi,g,1
nespola sbucciate e denocciolate,g,1
noce moscata in polvere,Pizzico,1
noce moscata macinata fresca,Unità,1
noci gherigli,g,1
olio,Unità,1
olio di girasole,g,3
olio di semi,Unità,1
olio di semi di arachide,Unità,1
olio di semi di mais,Unità,1
olio evo,Unità,1
olio extravergine di oliva,ml,13
olive,g,1
origano,Rametto,3
origano secco,Unità,1
panbrioche,Fette,1
paprika dolce,Cucchiaino,1
pepe di sichuan,Pizzico,1
pepe di sichuan bacche,Cucchiaino,1
pepe nero,Cucchiai,3
pepe nero in grani,Unità,2
pepe nero macinato,Unità,3
pepe rosa,Unità,2
peperoncino,Unità,9
peperoncino piccante fresco,g,1
peperoncino secchi,Unità,1
peperoncino secco,Unità,1
peperone giallo,Unità,1
peperone rosso,Unità,2
peperone rosso dolce essiccato,g,1
peperone verde,Unità,1
pera al netto degli scarti,g,1
pera williams rosse,Unità,1
pesca,kg,3
pinoli,g,1
pomodori maturo,kg,1
pomodori passata,Unità,1
pomodori san marzano maturi,g,1
pomodoro ciliegino o datterino,kg,1
pomodoro maturi,kg,1
pomodoro san marzano,kg,1
pomodoro verde,kg,1
porcino freschi,kg,1
prezzemolo,Unità,2
prugna denocciolate,kg,1
prugne,kg,1
rabarbaro fresco,g,1
rosmarino,Rametto,2
rum scuro,Unità,1
sale,Pizzico,3
sale fino,g,19
sale grosso,Cucchiai,7
sale integrale,g,1
salsa di soia,ml,1
salvia,g,1
sciroppo d'acero,Cucchiai,1
sedano,Costa,1
semi di chia,Cucchiai,2
semi di finocchio,Cucchiaino,1
semi di senape,Cucchiaino,1
senape semi,Cucchiai,1
succo di frutta a scelta,ml,1
tabasco,goccia,1
timo,Unità,2
timo limonato,g,1
tuorli d'uovo,Unità,2
uova,Unità,3
uovo,Unità,2
uva bianca,kg,1
uvetta,g,2
vaniglia,Baccello,4
vaniglia bacca,Unità,1
vaniglia bourbon,bacca,1
vaniglia estratto liquido,Cucchiaino,1
verbena,g,1
vino bianco,lt,2
vino rosso,ml,1
zafferano,Unità,1
zenzero,Unità,2
zenzero fresco,Unità,1
zenzero fresco grattugiato,Cucchiaio,1
zenzero in polvere,Cucchiaino,3
zucca,kg,1
zucchero,g,8
zucchero a velo,Cucchiai,2
zucchero bianco,Cucchiai,1
zucchero bianco semolato,g,1
zucchero bucaneve,Unità,1
zucchero di canan,g,1
zucchero di canna,g,5
zucchero di canna chiaro,g,1
zucchero di canna integrale,Cucchiai,1
zucchero di canna scuro,g,1
zucchero semolato,g,1
zucchero semolato bianco,Bicchiere,27
zucchina,kg,1
zuppa  toscana con farro,g,1
