Nome,Quantita,Unità di misura
Cozza,0,kg
Aglio,0,Spicchio
Vino bianco secco,0,Bicchiere
Pomodoro pelati,0,Scatola
Olio,0,Cucchiai
Prezzemolo,0,Mazzetto
Peperoncino fresco o secco,0,Unità
Uova,0,Unità
Asparago verdi,0,g
Patate,0,g
Burro,0,g
Latte intero,0,ml
Parmigiano reggiano grattugiato,0,g
Sale fino,0,Unità
Pepe nero macinato fresco,0,Unità
Ceci farina,0,g
Acqua,0,ml
Prezzemolo fresco,0,Mazzetto
Olio di semi per friggere,0,lt
Coniglio,0,g
Carota,0,Unità
Sedano,0,Costa
Cipolla bianca,0,Unità
Timo,0,Rametto
Rosmarino,0,Rametto
Alloro,0,Foglia
Salvia,0,Foglia
Sale grosso,0,Cucchiaio
Chiodi di garofano,0,Unità
Olio extravergine di oliva,0,Unità
Stoccafisso,0,Unità
Olive nere taggiasche denocciolate,0,g
Erbe aromatiche,0,Mazzetto
Pepe nero macinato,0,Unità
Vongole,0,g
Surimi,0,g
Cetriolo,0,Unità
Cavoli capuccio,0,g
Mais dolce al vapore,0,g
Maionese,0,Cucchiaio
Yogurt bianco intero,0,Cucchiai
Sale,0,Unità
Mortadella a cubetti,0,g
Ricotta vaccina,0,g
Panna liquida,0,Cucchiaio
Zucca,0,kg
Aceto di mele,0,lt
Zucchero semolato bianco,0,Bicchiere
Peperoncino secco,0,Unità
Olio di semi di mais,0,Unità
Manzo muscolo,0,g
Cipolle,0,Unità
Carote,0,Unità
Porri,0,Unità
Rape,0,Unità
Ossobuco,0,Unità
Trippa,0,g
Uovo,0,Unità
Farina 00,0,Cucchiai
Limone la scorza grattugiata e il succo,0,Unità
Panini,0,Unità
Porchetta,0,g
Salsa verde,0,g
Zucca al netto degli scarti,0,g
Noce moscata,0,Unità
Broccolo,0,Unità
Acqua frizzante,0,Unità
Lievito di birra fresco,0,cubetto
Porcino freschi,0,kg
Aceto di vino bianco,0,lt
Vino bianco,0,lt
Pepe nero in grani,0,Unità
Carne arrosto,0,g
Tuorli d'uovo,0,Unità
Pangrattato,0,Unità
Lievito istantaneo per torte salate,0,g
Pomodori passata,0,ml
Mozzarella fiordilatte,0,Unità
Origano secco,0,Cucchiaino
Basilico fresco,0,Unità
Aceto,0,Cucchiaio
Cappero sottaceto,0,Cucchiaio
Cetriolino sottaceto,0,Unità
Olio di semi,0,Unità
Dragoncello fresco,0,Mazzetto
Pasta brisé,0,rotolo
Speck affettato,0,g
Scamorza affumicata,0,Unità
Cavolfiore,0,Unità
Cipollotto,0,Unità
Albumi,0,Unità
Rosmarino fresco,0,Rametto
Pomodori perini,0,Unità
Acqua minerale frizzante,0,Unità
Acqua tiepida,0,ml
Riso,0,g
Prescinseua,0,g
Albume,0,Unità
Olio di semi di sesamo,0,Cucchiai
Gambero code,0,g
Porro,0,Unità
Salsa di soia,0,Cucchiai
Zenzero,0,cm
Lime,0,Unità
Peperoncino arancione peruviano,0,Unità
Tonno in scatola (peso sgocciolato),0,g
Avocado maturo,0,Unità
Uova lesse,0,Unità
Farina,0,g
Lievito di birra secco,0,g
Acqua tiepido,0,g
Scarola,0,g
Olive nere denocciolate,0,Cucchiai
Pinoli,0,g
Alici sottolio,0,Filetto
Sedano rapa al netto degli scarti,0,g
Mela,0,g
Limoni il succo,0,ml
Pepe macinato fresco,0,Unità
Noci gherigli,0,g
Yogurt greco,0,g
Miele,0,g
Pomodori maturi,0,Unità
Manzo filetto,0,g
Limoni succo,0,ml
Cappero sottoaceto,0,Cucchiaio
Senape,0,Cucchiaino
Tabasco,0,Cucchiaino
Strutto,0,g
Tuma fresca,0,g
Acciuga sottolio,0,Unità
Parmigiano,0,g
Limoni non trattato,0,Unità
Tonno sottolio sgocciolato,0,g
Cappero sotto sale,0,Cucchiaio
Riso per sushi,0,g
Aceto di riso,0,ml
Alga Nori,0,Foglio
Avocado,0,Unità
Sesamo nero semi,0,Unità
Cipolle grandi e tonde,0,Unità
Olio di semi di arachide,0,lt
Lievito per torte salate,0,Cucchiaino
Parmigiano reggiano gragttigiato,0,Cucchiaio
Peperone rosso,0,Unità
Cipolla,0,Unità
Aceto bianco,0,lt
Lardo,0,g
King crab la polpa,0,g
Pomodori,0,Unità
Cipolla rossa,0,Unità
Pomodori secchi sottolio,0,Unità
Ghiaccio,0,cubetto
Gamberone,0,Unità
Valeriana,0,g
Arancia rossa,0,Unità
Pepe rosa in grani,0,Cucchiaino
Succo di arancia,0,Unità
Melanzana,0,Unità
Mozzarella,0,Unità
Prosciutto cotto,0,g
Prezzemolo tritato,0,Cucchiaio
Mozzarella ciliegine,0,Unità
Pomodori ciliegino,0,Unità
Erba cipollina fresca,0,Mazzetto
Scampo,0,kg
Pomodori pelati,0,g
Peperoncino,0,Unità
Salmone già abbattuto,0,g
Formaggio spalmabile,0,g
Alga nori,0,Foglio
Farina di riso,0,g
Melone,0,Unità
Feta,0,g
Menta fresca,0,Rametto
Scamorza,0,g
Pomodori verdi,0,Unità
Farina di mais,0,g
Peperoncino fresco,0,Unità
Origano fresco,0,Mazzetto
Salmone,0,Filetto
Pesce Spada,0,Filetto
Tonno,0,Filetto
Gambero rosso,0,Unità
Limone il succo,0,Unità
Gambero rossi già abbattuti,0,Unità
Sale in fiocchi,0,Cucchiaino
Fagiolini,0,kg
Origano,0,Rametto
Peperone rossi,0,Unità
Peperoncino secco a scaglie,0,Unità
Parmigiano reggiano grattigiato,0,g
Maggiorana,0,Mazzetto
Farina Manitoba,0,g
Zucchina,0,kg
Aneto fresco,0,Unità
Zucchine,0,Unità
Risotto avanzato,0,g
Tuorlo d'uovo,0,Unità
Cipolle rossa di Tropea,0,g
Pomodori ramato,0,g
Basilico,0,Unità
Pepe nero,0,Unità
Pomodoro maturi,0,kg
Pane toscano raffermo,0,g
Brodo vegetale,0,lt
Melanzana lunghe,0,kg
Menta,0,Mazzetto
acciughe sottolio,0,Filetto
Cappero sottosale,0,Cucchiaio
Pomodori san marzano maturi,0,unità
Cipollotto rosso di Tropea,0,unità
Vitello girello,0,Unità
Tonno sottolio,0,g
Cappero frutti sottaceto,0,Unità
Piselli,0,g
Farina di ceci,0,g
Peperone giallo,0,Unità
Zucchero,0,Cucchiai
Farina semola rimacinata di grano duro,0,g
Acqua fredda,0,Unità
Carne macinata di maiale,0,g
Pomodori secchi,0,Unità
Carciofo cuori,0,g
Caciocavallo grattugiato,0,g
Pomodori maturo,0,kg
Basilico fresco tritato,0,Cucchiaino
Prezzemolo fresco tritato,0,Cucchiaino
Frisella,0,Unità
Riso carnaroli,0,g
Provola dolce,0,g
Maiale macinato,0,g
Cavoli cinese,0,g
Zenzero fresco,0,g
Burrata,0,g
Pepe rosa,0,Unità
Paprika,0,Pizzico
Amido di patata,0,Cucchiaino
Emmenthal,0,g
Pasta sfoglia,0,rotolo
Radicchio tardivo di Treviso,0,Cespo
Gambero,0,Unità
Brodo di pesce granulare,0,Cucchiaio
Peperone,0,Fetta
Germogli di soia,0,Manciata
Lime la scorza grattugiata,0,Unità
Zenzero fresco grattugiato,0,Cucchiaino
Curry rosso,0,Cucchiaino
Latte di cocco,0,ml
Pollo macinato,0,g
Pancarrè,0,Fette
Paprika dolce,0,Unità
Corn flakes,0,g
Groviera,0,g
Seppia,0,kg
Limone ilsucco,0,Unità
Pane raffermo,0,Fette
Alici,0,g
Pomodori datterino,0,g
Toma di pecorino,0,g
Pecorino grattugiato,0,Cucchiai
Salame a cubetti,0,g
Cognac,0,Cucchiaio
Limone,0,Cucchiaio
Lievito di birra,0,g
Emmenthal a cubetti,0,g
Riso da sushi,0,g
Alga kombu,0,cm
Salmone filetto abbattuto,0,g
Olive del Piceno DOP,0,g
Manzo macinato,0,g
Noce moscata macinata fresca,0,Unità
Olio per friggere,0,lt
Patate gialle sode,0,g
Cipolle bianca,0,g
Panna da cucina,0,ml
Zafferano,0,bustina
Asparago verde,0,kg
Mollica di pane (anche raffermo),0,g
Salmone affumicato a fette,0,g
Robiola,0,g
Mascarpone,0,g
Limone la scorza grattugiata,0,Unità
Giardiniera sottaceto,0,Cucchiaio
Pasta sfoglia tonda,0,rotolo
Prosciutto cotto a cubetti,0,g
Provola dolce grattugiata,0,g
Panna liqudia,0,ml
Uova fredde di frigo,0,Unità
Cappero,0,Cucchiaio
Limone la scorza,0,Unità
Mais in chicchi,0,Cucchiai
Peperone rossi e gialli,0,Unità
Origano essiccato,0,Cucchiaino
Provola,0,Fette
Scalogno,0,Unità
Panna liquida fresca,0,ml
Zucchine chiare,0,Unità
Formaggio a piacere,0,g
Fiori di zucchina,0,Unità
acciughe filetti,0,g
carta di riso,0,Foglio
Funghi shiitake,0,Unità
Soia germogli,0,g
Mais,0,g
Sakè,0,Cucchiaio
Semola di grano duro,0,g
Olive,0,g
Salame Napoli,0,g
Pancetta steccata,0,g
Scamorza dolce,0,g
Provolone,0,g
Mandorle tritate,0,g
Basilico tritato,0,Unità
Lievito istantanteo,0,Cucchiaino
Panko,0,g
Cipolla di tropea,0,Unità
Peperone rosso dolce essiccato,0,g
Pasta fillo,0,Foglio
Cavoli cappuccio,0,g
Arance,0,Unità
Peperoncino a scaglie,0,Unità
Prosciutto,0,Fette
Brodo dashi,0,ml
Mirin,0,Cucchiaino
Mazzancolla,0,Unità
Funghi shitake,0,Unità
Salmone filetto già abbattuto,0,g
Granseola,0,Unità
Alga Wakame essiccata,0,g
Olio di sesamo,0,Cucchiaio
Sesamo semi,0,Cucchiaio
Coriandolo fresco,0,Unità
Tonno filetto fresco abbattuto,0,g
Alga Kombu,0,Foglio
Zucchero bianco semolato bianco,0,Cucchiaino
Pollo,0,Unità
Grana Padano,0,g
Fecola,0,g
Spaghetti,0,g
Piselli surgelati,0,g
Spinaci,0,g
Latte,0,ml
Pomodori ciliegini,0,Unità
Brandy,0,Bicchiere
Burro salato,0,g
Pane tipo baguette,0,unità
Erba cipollina,0,Mazzetto
Pelati,0,Lattina
Lievito per dolci,0,g
Panna acida,0,g
Salmone affumicato,0,g
Salmone fresco abbattuto,0,g
Sale alle erbe,0,Unità
Panna fresca,0,ml
Sale Maldon,0,Unità
Piselli Gialli (Dhal),0,g
Cumino in polvere,0,g
Curcuma in polvere,0,g
sale fino,0,g
olio di girasole,0,g
Spinaci freschi,0,g
Cipolla di Tropea,0,Unità
Farina di farro,0,g
Burro di soia,0,g
Salvia essiccata,0,Unità
Semi di girasole,0,Unità
Melagrana i chicchi,0,Unità
Pasta sfoglia rettangolare,0,rotolo
Funghi chiodini,0,g
Funghi champignon,0,Unità
Ricotta vaccina salata,0,g
"Prosciutto cotto, a fette spesse un paio di millimetri",0,g
Pane toscano,0,Fette
Zucchero di canna,0,Cucchiai
Ginepro bacche,0,Unità
Carciofo violetto,0,Unità
Brodo granulare,0,Cucchiaino
Mozzarella bocconcini,0,g
Insalata foglia di quercia,0,Unità
Aceto balsamico,0,Cucchiai
Polenta,0,g
Cavoli rosso,0,g
Pecorino romano grattugiato,0,Cucchiai
Tabasco verde,0,goccia
Farina tipo 2,0,g
Farina integrale,0,g
Acqua freddissima,0,ml
Uvetta,0,Manciata
Scalogni,0,Unità
Curry in polvere,0,Pizzico
Salame cacciatorino,0,g
Pecorino,0,g
Pasta,0,g
Paprika affumicata,0,Cucchiaino
Pomodori concetrato,0,Cucchiai
Maiale fegato,0,g
Maiale retina,0,Unità
Finocchietto semi,0,Unità
Zucca delica,0,g
Farina di mais giallo,0,Cucchiai
Farina tipo 1,0,g
Fico secchi,0,Unità
Gorgonzola,0,g
Ceci lessati,0,g
Cipolle piccole tritate finemente,0,Unità
Pistacchi tritati grossolanamente,0,g
Tahina,0,Cucchiaino
Cannella in polvere,0,Cucchiaino
Würstel,0,Unità
Bicarbonato,0,Unità
Brie,0,g
Melagrana matura,0,Unità
Frutta secca a piacere,0,Unità
Melagrana il succo,0,Unità
Formaggio di capra semi stagionato,0,Fette
Miele di castagno,0,Cucchiaino
Timo limonato,0,Unità
Melograne,0,g
Gelatina in fogli,0,g
Pane da tramezzini bianco,0,Fette
Ricotta,0,g
Philadelphia,0,g
Uova sode,0,Unità
Edamer,0,g
Salame affettato,0,g
Bresaola affettata,0,g
Pomodoro,0,Unità
Rucola,0,Unità
Ceci lessi,0,g
Tabasco habanero,0,Cucchiaino
Pomodoro San Marzano,0,kg
Pomodori concentrato,0,Cucchiai
Pane cotto in forno a legna,0,Unità
Carote viola,0,g
Ceci già lessati,0,g
Mandorla a lamelle,0,Unità
Cumino semi,0,Unità
Bresaola,0,g
Songino,0,g
Farina semola di Senatore Cappelli,0,g
Birra rossa,0,ml
Ammoniaca per dolci,0,g
Semi misti,0,Unità
Malto,0,g
Prosciutto crudo,0,g
Fico freschi,0,g
Couscous,0,g
Zafferano in pistilli,0,Unità
Mandorle,0,g
Pistacchi,0,g
Prugne,0,g
Cipolla rossa di Tropea,0,Unità
Oliva kalamon,0,Manciata
Gamberetto rosa sgusciati,0,g
Ketchup,0,Cucchiai
Insalata a piacere,0,Unità
Zucchina piccola,0,Unità
Anacardo,0,g
Semi di papavero,0,Unità
Olive nere,0,ml
Cipolle rosse,0,Unità
Noci,0,Unità
Semi di sesamo,0,g
Curry,0,Cucchiaino
Coriandolo,0,Cucchiaino
Patate di media grandezza,0,Unità
Sale fino integrale,0,Unità
Pane,0,Fette
Alici filetti sottolio,0,Unità
Marmellata di arance,0,Cucchiai
Zenzero in polvere,0,Cucchiaino
Peperone verde,0,Unità
Riso rosso integrale,0,g
Rucola fresca,0,Mazzetto
Mozzarella ciliegiene,0,Unità
Pomodori ciliegieni,0,Unità
Sedano comprese le foglie,0,gambo
Aceto rosso,0,Cucchiai
Piselli già lessi,0,g
Timo fresco,0,Unità
Pane casereccio,0,Fette
Pesca noci,0,Unità
Cipolle rossa,0,g
Pomodoro Pachino,0,Unità
Riso Carnaroli,0,g
Zafferano due terzi,0,Unità
Caprino,0,g
Insalata gentile,0,Cespo
Carote baby,0,g
Melanzana piccola,0,Unità
Tarallo ai cereali o integrali,0,g
Pane casereccio raffermo,0,Fette
Peperone già arrostiti,0,g
Mazzancolla lessate o cotte al vapore,0,g
acciughe sottolio a filetti,0,Unità
Sesamo semi bianchi,0,Cucchiaio
Sesamo semi neri,0,Cucchiaio
Burro fuso,0,Unità
Melanzana medie lunghe,0,Unità
Ceci coti in scatola,0,g
Limone grande,0,Unità
Lattuga,0,Foglia
Carota a julienne,0,Unità
Ravanello,0,Unità
Radicchio,0,Foglia
Farina fecola,0,g
Salame romagnolo,0,Unità
Ghiaccio tritato,0,Unità
Soda,0,Bicchierino
Riso Arborio,0,kg
Patata,0,Unità
Peperone friggitello,0,Unità
Calamaro puliti,0,Unità
Speck,0,Fette
Pomodori polpa,0,g
Melanzana rotonda viola,0,Unità
Olive taggiasche denocciolate,0,g
Pancarrè integrale,0,Fette
Pomodori bucce essiccate,0,Manciata
Lievito istantaneo per dolce,0,Cucchiaino
Stoccafisso già ammollato in filetti,0,g
Olio di semi di girasole,0,ml
Pepe,0,Unità
Cocco rapé,0,g
Lime il succo e la buccia grattugiata,0,Unità
Fleur de sel,0,g
Zucchine piccole,0,Unità
Semi di zucca,0,Cucchiaio
Lievito alimentare secco,0,Cucchiaio
Tomino fresco,0,g
Robiola fresca,0,g
Cappesante,0,Unità
Uova di quaglia,0,Unità
Olive taggiasche,0,Cucchiai
Spinaci novelli,0,Manciata
Cavoli cappuccio viola,0,g
Edamame surgelati,0,Cucchiai
Pomodori medi,0,Unità
Amaranto,0,g
Miele d'acacia,0,g
Semola,0,g
Quinoa mista a bulgur,0,g
Farina tipo 0,0,g
Pomodori pachino,0,Unità
Stracchino,0,g
Pancetta,0,g
"Prezzemolo fresco, le foglie",0,Unità
Fecola di patate,0,g
Bietola novelle,0,g
Prosciutto in dadini,0,g
Mais dolce,0,g
Yogurt bianco denso,0,g
Olio extravergine di oliva per spennellare,0,Unità
Friggitelli,0,Unità
Limoni,0,Cucchiai
Sale rosa dell'Himalaya,0,Unità
Uova di lompo,0,Unità
Pepe bianco,0,Unità
Pomodori succo,0,ml
Limone scorza grattugiata,0,Cucchiaino
Pomodori Camone,0,g
Miglio decorticato,0,g
Olive verdi denocciolate,0,g
Semi di Canapa,0,g
Origano fresco tritato,0,Cucchiai
"Pepe nero, macinato fresco",0,Unità
Pomodori pomodorini,0,Unità
Pane tipo topolino,0,Unità
Aglio novello,0,Spicchio
Fontina,0,g
Asiago,0,g
Salame,0,g
Cipolle novelle,0,Unità
Asparago,0,Unità
Carciofo,0,Unità
Bietola,0,g
Mortadella,0,Unità
Formaggio Emmenthal,0,Fette
Limone la buccia grattugiata,0,Cucchiaino
Mozzarella fior di latte,0,Unità
Fragole,0,g
Tofu,0,g
Zucchine medie,0,Unità
Lievito istantaneo per tolte salate,0,g
Zucchine piccola,0,Unità
Mandorla,0,Manciata
Piselli lessi,0,g
Cumino,0,Cucchiaino
Limoni scorza grattugiata,0,Cucchiai
Birra,0,ml
Lievito istantaneo per torte e focacce,0,g
Olio di arachide,0,Unità
Triglia,0,Unità
Insalata Lusia I.G.P.,0,Cespo
Latte intero fresco,0,Unità
Salame in formato bastoncino,0,unità
Semi di zucca decorticati,0,unità
Carote novella,0,Unità
Tonno al naturale in scatola,0,Scatoletta
Sale alla misticanza di fiori,0,Unità
Germogli di alfa alfa,0,Unità
Fave,0,Manciata
Tofu naturale a pasta ferma,0,g
Bulgur,0,Bicchiere
Quinoa,0,Bicchiere
Curry piccante,0,Cucchiai
Maggiorana fresca,0,Cucchiaio
Mandorle farina,0,g
Pistacchi farina,0,g
Zucchero a velo,0,g
Zucchero semolato,0,g
Pepe bianco macinato fresco,0,g
Finocchio semi,0,g
Fava fresche,0,g
Pollo petto a fette,0,g
Prugne secche,0,Unità
Mais farina,0,Unità
Yogurt magro,0,Vasetto
Ricotta salata,0,unità
Aglio spicchio,0,rotoli
Coriandolo in polvere,0,Unità
Cumino in semi,0,Unità
Salsa di pesce,0,Cucchiai
Brodo di pollo,0,ml
Citronella,0,gambo
Galangal,0,Fetta
Kaffir lime,0,Foglia
Broccolo romano,0,g
Broccolo siciliano,0,g
Cipollotto piccolo,0,Unità
Stracciatella,0,g
Peperoncino in scaglie,0,Unità
Farina senza glutine,0,g
Parmigiano grattugiato,0,g
Scamorza affumicata grattugiata,0,g
Limone succo,0,Unità
Coniglio costolette,0,Unità
Fava già sbucciate,0,g
Riso fiocchi integrali,0,Manciata
Frumento fiocchi integrali,0,Manciata
Pistacchi sbucciato,0,Manciata
Yogurt intero al naturale,0,Cucchiai
Pompelmo rosa,0,Unità
Colorante alimentare,0,Unità
Pane tipo casereccio,0,Fetta
Bacon,0,Fetta
Senape al miele,0,Cucchiai
Uova bio,0,Unità
Insalata misticanza,0,Unità
Aceto di vino,0,Cucchiaino
Parmigiano reggiano,0,g
Bottarga di Muggine,0,Pezzetto
Lamponi,0,Unità
Pepe macinato,0,Unità
Pane carasau,0,Unità
Parmigiano reggiano a scaglie,0,Cucchiaio
Misticanza,0,g
Limone bio,0,unità
Zenzero radice fresca grattugiata,0,cm
Alici fresche,0,g
Pepe bianco macinato,0,g
Pesce Spada affumicato in carpaccio,0,g
Agretti,0,g
Semola di grano duro rimacinata,0,g
Fave baccelli,0,g
Fave sgranate crude,0,g
Gelatina caprino morbido,0,g
Meringhe grandi,0,Unità
Lievito istantaneo per preparazioni salate,0,Unità
Latte a temperatura ambiente,0,ml
Burro a temperatura ambiente,0,g
Yogurt,0,g
Piselli freschi al netto degli scarti,0,g
Fiori di borraggine,0,Unità
Farina di mais per polenta istantanea,0,g
Topinambur di medie dimensioni,0,Unità
Verza,0,g
Carne di maiale macinata,0,g
Olio di semi tostato,0,Cucchiaino
Porro di medie dimensioni,0,unità
Wasabi in pasta,0,Unità
Ceci neri,0,g
Pistacchi di Bronte,0,g
Pasta sfoglia già pronta,0,Unità
Piselli in scatola sgocciolati,0,g
Prezzemolo fresco o secco tritato,0,Cucchiaino
Farina all'occorrenza,0,Unità
Lievito istantaneo per torte salate (circa mezza bustina),0,g
Salsa di soia con ridotto apporto di sodio,0,Cucchiai
Finocchio,0,Unità
Formaggio tipo toma,0,g
Cavoletti di Bruxelles,0,Unità
Miele di acacia,0,Cucchiai
Formaggio Robiola,0,Cucchiai
Burro fuso raffreddato,0,g
Pistacchi tritati,0,g
Noci del Brasile tritate,0,g
Nocciola tritate,0,g
Parmigiano Grana Padano,0,g
Pasta sfoglia confezioni rettangolari,0,Unità
Formaggio stracchino,0,g
Pecorino Romano grattugiato,0,Cucchiai
Funghi misti,0,g
Formaggio robiola,0,g
Mozarella,0,g
Olio  Di Semi Di Arachide per friggere,0,Unità
Farina di semola rimacinata di grano duro,0,g
Acqua a temperatura ambiente,0,g
Lievito di birra liofilizzato,0,Cucchiaino
Pomodori ciliegia,0,Unità
Salame piccante,0,Unità
Oliva nere secche,0,Manciata
Olio Extravergine D'Oliva,0,Unità
Spinaci bolliti e strizzati,0,g
Uova grandi,0,Unità
Parmigiano Grana Padano grattugiato,0,g
Formaggio a cubetti,0,g
Speck a cubetti,0,g
Parmigiano Reggiano grattugiato,0,g
Colla di pesce,0,g
Mandorle pelate,0,g
Pasta sfoglia integrale,0,g
Formaggio Robiola o altro spalmabile,0,g
"Tacchino il petto, arrosto",0,g
Noci tritate,0,g
Formaggio italico grattugiato,0,g
Piselli (freschi o surgelati),0,g
Stoccafisso già ammollato,0,g
Olio di arachidi o di girasole,0,Unità
Papavero semi,0,g
Cotechino precotto,0,Unità
Lenticchie già cotte in padella con aromi,0,g
Latte fresco intero,0,ml
Formaggio spalmabile tipo Philadelphia,0,g
Radicchio di Chioggia IGP,0,Cespo
Aceto fi mela,0,ml
Mela Pink Lady,0,Unità
Mela Granny Smith,0,Unità
Salmone fresco,0,g
Aneto,0,Unità
Panettone salato,0,Unità
Salmone mousse,0,g
Pane ai 5 cereali,0,Fetta
Mandorla in lamelle,0,Cucchiaio
Pane casereccio raffremo,0,Fette
Olio di arachidi,0,lt
Vino,0,Cucchiai
Lievito vanigliato per dolci,0,Pizzico
Marmellata,0,g
Pane grattugiato,0,Cucchiai
Sarda,0,Unità
Sedano rapa,0,Fetta
Pomodori semisecchi,0,Unità
Gamberone sgusciati,0,Unità
Lenticchie,0,Unità
Curcuma,0,Cucchiai
Pesto,0,Cucchiai
Burro morbido,0,g
Salsicce,0,g
Carciofo romanesco,0,Unità
Mais in chicchi per pop corn,0,g
Sciroppo d'acero,0,ml
Formaggio tipo Philadelphia,0,g
Merluzzo in filetti,0,g
Peperoncino verde piccante,0,Unità
Kaffir,0,Foglia
Polenta ben soda,0,g
Cavoli cappuccio rosso,0,g
Castagna lesse,0,Unità
Patate grosse,0,Scatoletta
Olio extravergine d oliva,0,Unità
Farina di grano duro,0,g
Lievito di birra  fresco,0,g
Pasta all'uovo,0,g
Yogurt greco al naturale,0,Cucchiai
Piselli fini surgelati,0,g
Scamorza fresca,0,g
Besciamella,0,ml
Carne macinata di agnello,0,g
Grana Padano grattugiato,0,Cucchiai
Carne macinato,0,g
Pane mollica rafferma,0,g
Speck a fette,0,g
Bieta,0,g
Caciotta,0,g
Mozzarella per pizza,0,g
Würstel di pollo e tacchino,0,Unità
Mandarino,0,Unità
Fagiolo azuki già cotto,0,Unità
Acqua (meglio se quella di cottura dei fagioli),0,Cucchiai
Salume a scelta,0,g
Patate medie,0,Unità
Noce moscata grattugiata fresca,0,Unità
Cavolfiore lesso,0,g
acciughe,0,Unità
"Branzino abbattuto, sfilettato, tagliato a fettine",0,Unità
Melagrana,0,Unità
Arancia,0,Unità
Pancarrè a fette rettangolari senza crosta,0,Confezione
Pane integrale a cassetta,0,Fetta
Pane mollica grattugiata di pane raffermo,0,Unità
Pera Williams rosse,0,Unità
Zucchero di canan,0,g
Senape semi,0,Cucchiai
Pepe di Sichuan bacche,0,Cucchiaino
Pomodoro ciliegini,0,Unità
Sale fine,0,Unità
Lenticchie già lessate,0,g
Farina di castagne,0,g
Cacao amaro,0,g
Patata grande,0,Unità
Pancetta a cubetti,0,g
"Seppia piccola, già pulita",0,Unità
Salmone filetto,0,Unità
Zucchina se possibile chiara,0,Unità
Cipolla rossa di Tropea piccola,0,Unità
Pancetta dolce,0,g
Taleggio,0,g
Olio  extravergine di oliva,0,Unità
Patate di medie dimensioni,0,Unità
Calamaro,0,Unità
Olio di semi di Girasole,0,Unità
Funghi Portobello,0,Unità
Pomodoro cuore di bue,0,Unità
Pollo petti,0,g
Uva rossa,0,Grappolo
Speck a bastoncini,0,g
Anice stellato,0,bacca
Pepe di Sichuan,0,Cucchiaino
Burro di arachidi,0,Cucchiaino
Pancetta affumicata,0,g
Olio extravergine d'oliva,0,Cucchiai
Pane a cassetta,0,Unità
Finocchietto fresco,0,Unità
Salame romagnolo fresco,0,Fette
Cicoria già lessata,0,g
Carne macinato misto,0,Unità
Provola secca,0,g
Scamorza a fette,0,Unità
Funghi cardoncelli,0,g
Confettura di frutti di bosco,0,Unità
Brodo,0,Unità
Pistacchio granella,0,Unità
Aglio in polvere,0,Cucchiaino
Carne di manzo per tartare,0,g
Moscardino,0,g
Olio per frittura,0,Unità
Pomodori ciliegino o datterino,0,g
Olive verde denocciolata,0,g
Lievito  della tradizione (miscela di bicarbonato e cremor tartaro),0,g
Panna,0,ml
Sidro,0,ml
Insalata valeriana,0,g
Pesca nettarine,0,Unità
Aceto balsamico tradizionale di Modena,0,Cucchiaio
Patate lessa,0,kg
Biscotti secchi,0,g
Cocco in farina,0,g
Funghi freschi,0,g
Olio di oliva,0,ml
Gamberone code,0,Unità
Ribes,0,g
Insalata,0,Foglia
Pane senza sale,0,Fette
Formaggio di capra,0,g
Würstel piccoli,0,Unità
Semola rimacinata di grano duro,0,g
Formaggio di pecora fresco,0,g
Miele di corbezzolo,0,Unità
Provola affumicata,0,g
acciughe in filetti sottolio,0,Unità
Cappero dissalati,0,Cucchiaino
"Uovo sodo, il tuorlo",0,unità
Yogurt intero,0,Cucchiai
Oliva nera,0,Unità
Limone non trattato,0,Unità
Pomodoro ciliegino o datterino,0,kg
Limoni bio,0,Unità
Zucchero bianco,0,Cucchiai
Yogurt greco bianco,0,g
Dattero,0,Unità
Pane da tramezzino senza crosta,0,g
Prosciutto crudo di Carpegna,0,g
Barbabietola rossa già cotta,0,g
Pomodoro ciliegino,0,Unità
Patate sbucciate,0,g
Prosciutto cotto a fette,0,g
Formaggio Gouda,0,g
Olio di semi per fritture,0,Unità
Peperone friggitelli grandi,0,g
acciughe filetti sottolio,0,Unità
Patate bollite,0,g
Mentuccia fresca,0,Unità
Cipolla bianca piccola,0,Unità
Peperoncino jalapeno,0,Unità
Lime il succo,0,Unità
Pane in cassetta,0,Fette
Lasagna,0,g
Camembert,0,g
Formaggio fresco,0,g
Birra glutenfree,0,Cucchiaino
Cipolle tritata fine,0,Cucchiaino
Cracker senza glutine,0,Unità
Grissino,0,Unità
Pasta sfoglia arrotolata già pronta,0,g
Zuccherini,0,Unità
Crema di nocciole,0,g
Nocciola,0,g
Funghi porcini,0,g
Pane alle noci,0,Unità
Pane integrale,0,Unità
Pera,0,Unità
Uva,0,Unità
Cipolle grande,0,Unità
Fave baccelli e frutti,0,g
Condimento per sushi,0,ml
Salmone tartare,0,g
Asparago punte,0,Unità
Olio di semi d'arachide,0,Unità
Panna semi montata,0,ml
Formaggio grattugiato,0,g
Oliva,0,Unità
Formaggio,0,g
English muffin,0,Unità
Spinaci lessati,0,Unità
Merluzzo filetto,0,g
Yogurt bianco non zuccherato,0,Vasetto
Carciofo piccoli da crudo,0,Unità
Noce gherigli,0,Unità
Leerdammer,0,Fette
Cardamomo,0,semi
Pasta tipo spaghetti,0,g
Latte tiepido,0,ml
Patate lesse,0,g
Ricotta fresca intera da 350g,0,unità
Fava greca,0,g
Pane ammollato nel latte,0,g
Ricotta di pecora,0,g
Olio di semi pre friggere,0,Unità
Lenticchie rosse decorticate,0,g
Mozzarella a cubetti,0,Unità
Olive nere essiccate (o infornate),0,g
Arancia la scorza non trattata,0,Unità
Finocchietto,0,Cucchiaino
Vitello fettine,0,Unità
Caciocavallo,0,g
Mandorle a scaglie,0,g
Sale rosa,0,Cucchiaino
Fagiolini borlotti,0,g
Baccalà già disossato e dissalato,0,g
Farina di semola di grano duro,0,g
Pomodoro passata,0,Unità
Pane da tramezzini,0,Fette
Friarielli,0,Manciata
Baccalà ammollato,0,g
Provola affumicata fresca,0,g
Pane brioche,0,Fette
Pomodoro costoluto,0,Unità
Germogli,0,Unità
Semi di sesamo nero,0,Unità
Pepe nero vaccinato,0,Unità
Avena in fiocchi,0,g
Farina d'orzo,0,g
Farina d'avena,0,g
Farina di soia,0,g
Olio extra vergine di oliva,0,ml
Yogurt bianco,0,g
Zucca cruda al netto degli scarti,0,g
Rosmarino essiccato,0,Cucchiaino
casatella,0,g
Formaggio fresco spalmabile,0,g
Panettone,0,Fette
Arancia scorza non trattata,0,Unità
Cavolfiore bianco,0,g
Parmigiano reggiano grattufiato,0,g
Polpo,0,kg
Ceci,0,g
Radicchio Chioggia IGP,0,Cespi
Spezie a piacere,0,Unità
Radicchio di Treviso precoce,0,Cespi
Gorgonzola DOP,0,g
Insalata Lusia IGP,0,Foglia
Salsicce di maialino nero dei Nebrodi,0,g
Cipolle di Tropea grandi,0,Unità
Fiori di zucca,0,Unità
Acqua frizzante fredda,0,Bicchiere
Oliva verdi  farcite,0,Unità
Basilico fresca,0,Unità
Cavolfiore (le cimette),0,Unità
Farina di mandorle,0,g
Pomodoro pelato,0,Unità
Fette Biscottate,0,g
Patate grandi,0,Unità
Zucchero di canna integrale,0,g
Amido di mais,0,g
Kefir,0,ml
Salsa di soia fino,0,Cucchiai
Zucchina tagliata a julienne,0,Unità
Acqua frizante,0,ml
Peperoncino verdi e rossi freschi,0,Unità
Uova bio di media grandezza,0,Unità
Patate media grandezza,0,Unità
Cracker,0,g
Formaggio fresco tipo robiola,0,g
Salame ungherese,0,Fette
Salame milano,0,g
Semi di finocchio,0,g
Pomodori ciligino,0,Unità
Insalata songino,0,Unità
Agar agar,0,bustina
Pane integrale raffermo,0,Fette
Formaggio filante,0,g
Latte inteor,0,ml
Vaniglia estratto liquido,0,Cucchiaino
Cremadelizia ai fichi caramellati,0,Unità
Mollica,0,g
Riso per sushi già cotto,0,Unità
"Pesce misto (tonno, salmone e gamberi)",0,Unità
Wasabi,0,Unità
Zenzero marinato,0,Unità
Salsa di soia tamari,0,Unità
Tabuleh precotto,0,g
Limoni la scorza grattugiata,0,Unità
Pagnotta di grano duro,0,Unità
Kiwi,0,Unità
Latte vegetale,0,ml
Salsa di soia Tamari,0,Unità
Pomodori salsa,0,Cucchiai
Patate medie già bollite,0,Unità
Oliva nere,0,Unità
Gamberetto,0,Unità
Tonno rosso già abbattuto,0,Unità
Ciliegini gialli,0,Unità
Mozzarella da 250 g,0,Unità
Sale affumicato,0,Unità
Mango,0,Unità
Tonno rosso abbattuto,0,g
Couscous precotto,0,g
Grana Padano padano grattugiato,0,g
Formaggio a pasta filata,0,g
Spinaci freschi puliti,0,g
Parmigiano Reggiano solo le croste,0,g
Pane (panino raffermo),0,Unità
Olio evo,0,Unità
Pomodori a grappolo,0,Unità
Grana Padano grattuggiato,0,g
Aglio 1/4 di spicchio,0,Unità
Peperoncino secchi,0,Unità
Salsa di pomodoro,0,g
Pomodori  tondi maturi,0,Unità
Fico d'india,0,Unità
Miele di tartufo o senape,0,Unità
"Pancarrè o pane casereccio, solo la mollica",0,Fette
Cipolla o scalogno,0,Unità
Parmigiano Reggiano,0,Cucchiai
Farina  di grano saraceno,0,g
Lievito di birra disidratato,0,g
Prosciutto cotto affumicato,0,g
Melograna,0,Unità
Barbabietola cotte,0,g
Pane al latte,0,Unità
Ricotta di capra,0,g
Salame Romagnolo,0,g
Mela verde,0,Unità
Pane  tipo Puccia fresco,0,g
Fiori eduli,0,Unità
Carne  salada trentina,0,g
Quinoa lessa,0,g
Formaggio cremoso,0,g
Zucca lessa,0,g
Broccolo verdi,0,g
Lievito  di birra fresco,0,g
Salame fette sottili,0,Unità
"Salsiccia passita, fette sottili",0,Unità
"Salame ungherese, fette sottili",0,Unità
"Salame Milano, fette sottili",0,Unità
"Salame amarcord Clai, fette sottili",0,Unità
Insalata rucola,0,Unità
Limone spremuto,0,Unità
Melagrana chicchi,0,Unità
Farina di semola,0,g
Albumi  d'uovo a temperatura ambiente (meglio se vecchi di 2 giorni),0,g
Melanzana baby,0,Unità
Basilico qualche foglia,0,Unità
Lievito istantaneo,0,Cucchiaino
Limone Scorza,0,Cucchiaino
Melanzana grandi,0,Unità
Cacao  tritato finemente,0,g
Cipolla tritata,0,Unità
Prezzemolo  tritato,0,ciuffo
Mandorle tostate,0,g
Mandorle al naturale,0,g
Puntarelle,0,Unità
Nocciola intere,0,Manciata
Ricotta salata o parmigiano o pecorino,0,Unità
Limone (il succo),0,Unità
Menta foglioline,0,Unità
Pisellini,0,g
"Prosciutto crudo, in un'unica fetta",0,g
Colomba,0,g
Panna  fresca,0,ml
casatella  DOP ( o altro formaggio morbido),0,Cucchiai
Stridolo,0,Mazzetto
Sale integrale,0,Unità
Cetriolino,0,g
Farina  bianca 00,0,g
Ricotta  di pecora,0,g
Lievito  di birra,0,g
Salume,0,g
Spinaci  freschi,0,g
Ricotta vaccina (in alternativa metà ricotta e metà prescinseua),0,g
Farina manitoba,0,g
Uova intere,0,Unità
Malto d'orzo,0,Cucchiaino
Mandorla a lamelle per decorare,0,Unità
Semi misti per decorare,0,Unità
Acciuga,0,Unità
Germogli vari,0,Unità
Maionese bio,0,Cucchiaino
Semi di Sesamo nero,0,Cucchiaino
Gorgonzola dolce cremoso,0,Cucchiaino
Pomodoro  confit,0,Unità
Tartufo in scaglie,0,Unità
Farina  00,0,g
Farro perlato,0,g
Asparago qualche punta,0,Unità
Limone (succo),0,Unità
Macinato di suino,0,g
Zenzero  fresco,0,cm
Salsa di soia bio,0,Cucchiaio
Olio  di sesamo,0,Cucchiaio
Pasta brisé rotonda,0,rotolo
Bresaola della Valtellina IGP,0,g
Pistacchi (ridotti a farina),0,Cucchiai
Pepe rosa in bacche,0,Cucchiaio
Cracker o fette biscottate (tritate),0,g
Spinaci per guarnire,0,Unità
"Broccolo verde, già sbollentato",0,g
Olio di arachide per friggere,0,l
Yogurt  greco,0,g
Farina auto-lievitante,0,g
Pane  casereccio o baguette,0,Fette
Aglio (facoltarivo),0,Spicchio
Formaggio  fresco tipo caprino,0,g
Peperoncino freschi piccanti,0,Unità
Farina  di segale,0,g
Farina  di farro integrale,0,g
Olio ìdi semi,0,g
Acqua  tiepida,0,ml
Sale aromatizzato alla salvia e rosmarino,0,Cucchiaino
Semi di lino,0,Cucchiaino
Ceci  cotti,0,g
Acqua calda,0,ml
Pomodori  secchi sott'olio,0,Unità
Oliva  taggiasche dnocciolate,0,Cucchiaio
Ricotta fresca,0,g
Ricotta affumicata,0,g
"Limone non trattato, la buccia",0,Unità
Limone (la buccia grattugiata),0,Unità
Burro freddo,0,g
Patè di oliva nere,0,g
Nocciola granella,0,Unità
Sesamo,0,Unità
Cipolle bianche,0,Unità
Caciocavallo  o parmigiano,0,Unità
Amido di riso,0,g
Oliva verdi,0,Unità
Macinato di vitello,0,g
Pollo fegatini,0,g
Pasta di acciughe,0,g
Vinsanto,0,Bicchiere
Formaggio gruyere,0,Cucchiai
Totano grandi,0,Unità
Prosecco,0,Bicchiere
Arancia grande,0,Unità
Mortadella tagliata a fette,0,Unità
Salsicce (pasta),0,g
Parmigiano grattuggiato,0,Cucchiai
Ceci cotti,0,g
Asparago  già puliti dalle parti legnose,0,g
Pecorino sardo,0,g
Patata farinose,0,kg
"Mollica di panne, sbriciolata",0,g
Gambero puliti,0,g
Limone solo il succo,0,Unità
"Semi  di papavero o di sesamo, per decorare",0,Unità
Zucca mantovana,0,g
Burro più altro per imburrare lo stampo,0,g
Yogurt greco magro,0,g
Tonno sott'olio,0,g
Marsala,0,Unità
Ananas,0,Unità
Whisky bourbon,0,ml
Zucchero zolletta,0,Unità
Acqua minerale naturale,0,ml
Angostura,0,goccia
Vodka,0,cl
Succo d'arancia,0,cl
Liquore alla pesca,0,cl
Succo di cramberris,0,cl
Ghiaccio cubetti,0,Unità
Arancia non trattata,0,Fetta
Tequila,0,cl
Arance il succo,0,cl
Granatina sciroppo,0,cl
Ghiaccio a cubetti,0,Unità
Ciliegina candita con il picciolo,0,Unità
Rum bianco,0,ml
Gin,0,ml
Zucchero di canna bianco,0,Cucchiaino
Lime intero,0,Unità
Triple sec,0,ml
Cola,0,ml
Whisky,0,ml
Vermuth,0,ml
Ciliegina al maraschino,0,Unità
Succo di pomodoro,0,cl
Succo di limone,0,cl
Salsa Worchestershire,0,goccia
Acqua tonica,0,ml
Mirtillo rosso il succo,0,ml
Vodka citron,0,ml
Cointreau,0,ml
Bitter,0,cl
Vermuth rosso,0,cl
Limone la scorza non trattata,0,Unità
Fragole di media grandezza,0,Unità
Crème de cacao,0,cl
Crème de menthe,0,cl
Caffè espresso,0,Tazzina
Zucchero a piacere,0,Unità
Blue Curaçao,0,spruzzo
Rum scuro,0,ml
Ananas succo,0,ml
Maraschino,0,ml
Sciroppo di granatina,0,ml
Amarene sotto spirito,0,Unità
Soda di pompelmo rosa,0,cl
Spumante,0,ml
Vermut dry,0,ml
Campari,0,ml
Granatina,0,cl
Midori,0,cl
Ciliegina candita,0,Unità
Wodka,0,cl
Aperol,0,parte
Champagne,0,ml
Fragole intera per la decorazione,0,Unità
Olive verdi,0,Unità
Zucchero di canna chiaro,0,Cucchiaino
Sciroppo di sambuco,0,parte
Pesca bianca matura,0,Unità
Prosecco 2/3 di bicchiere,0,Unità
Vino rosso corposo,0,ml
Pesca,0,Unità
Cannella,0,stecca
Rum,0,Bicchierino
limone,0,kg
zucchero,0,g
mela golden o gala,0,Unità
arancia amare,0,kg
mela gala o golden,0,kg
vaniglia,0,Baccello
mela succo,0,ml
pomodori maturo,0,kg
zucca,0,kg
aceto di mele,0,lt
zucchero semolato bianco,0,Bicchiere
aglio,0,Spicchio
alloro,0,Unità
peperoncino secco,0,Unità
olio di semi di mais,0,Unità
porcino freschi,0,kg
aceto di vino bianco,0,lt
vino bianco,0,lt
pepe nero in grani,0,Unità
pomodori passata,0,Unità
olio di semi,0,Unità
cipolla bianca,0,Unità
paprika dolce,0,Cucchiaino
aceto di vino rosso,0,ml
zenzero in polvere,0,Cucchiaino
noce moscata macinata fresca,0,Unità
chiodi di garofano,0,Unità
uva bianca,0,kg
acqua,0,ml
alcol,0,ml
cipolle rossa di tropea,0,kg
rosmarino,0,Rametto
peperone rosso,0,Unità
carota,0,Unità
sedano,0,Costa
cavolfiore,0,Unità
cipolla,0,Unità
cetriolo,0,Unità
aceto bianco,0,lt
sale grosso,0,Cucchiai
fungo,0,Unità
olio extravergine di oliva,0,ml
prezzemolo,0,Unità
prugne,0,kg
limone il succo,0,Unità
kiwi,0,kg
mela,0,Unità
ciliegie denocciolate,0,g
pomodoro maturi,0,kg
basilico fresco,0,Foglia
fagiolini,0,kg
peperoncino,0,Unità
origano,0,Rametto
pomodoro verde,0,kg
limoni la scorza gratugiata,0,Unità
zucchina,0,kg
pepe nero macinato,0,Unità
aneto fresco,0,Unità
peperoncino piccante fresco,0,g
melanzana lunghe,0,kg
menta,0,Mazzetto
aceto,0,lt
pesca,0,kg
amarene,0,kg
alcol a 95 gradi,0,lt
cedro,0,Unità
fragola,0,kg
pepe nero,0,Cucchiai
cumino,0,Cucchiai
cannella,0,stecca
coriandolo,0,Cucchiai
cardamomo,0,Cucchiaio
peperone rosso dolce essiccato,0,g
marrone,0,kg
zucchero a velo,0,Cucchiai
limoni,0,Unità
arancia,0,Unità
zucchero di canna,0,g
limone la buccia,0,Unità
vaniglia bacca,0,Unità
limoni il succo,0,ml
cioccolato fondente,0,g
mela al netto degli scarti,0,g
pera al netto degli scarti,0,g
zafferano,0,Unità
pomodoro san marzano,0,kg
basilico,0,Unità
farina,0,g
zucchero di canna scuro,0,g
avena in fiocchi,0,g
mirtillo secchi,0,g
mandorle,0,g
uovo,0,Unità
burro fuso,0,g
prugna denocciolate,0,kg
mango,0,Unità
zucchero di canna chiaro,0,g
zenzero,0,Unità
pepe rosa,0,Unità
fragole,0,g
semi di chia,0,Cucchiai
zucchero di canna integrale,0,Cucchiai
pomodori san marzano maturi,0,g
melanzana perline,0,g
mela granny smith,0,Unità
semi di finocchio,0,Cucchiaino
curcuma,0,Cucchiaino
semi di senape,0,Cucchiaino
melanzana,0,g
olio,0,Unità
amaretti,0,g
limoni il succo e la buccia,0,Unità
burro,0,g
uova,0,Unità
tuorli d'uovo,0,Unità
miele,0,Cucchiai
sale integrale,0,g
salvia,0,g
coriandolo semi,0,g
timo limonato,0,g
verbena,0,g
limone la scorza grattugiata,0,Unità
erba cipollina i fiori,0,Unità
ciliegie,0,kg
limoni bio,0,Unità
vaniglia bourbon,0,bacca
rabarbaro fresco,0,g
vaniglia estratto liquido,0,Cucchiaino
succo di frutta a scelta,0,ml
gelatina in fogli,0,Unità
zucchero bucaneve,0,Unità
menta glaciale fresca,0,Foglia
alcol etilico 90°,0,ml
limone bio la scorza,0,Unità
nespola sbucciate e denocciolate,0,g
mela golden al netto degli scarti,0,g
zucchero bianco semolato,0,g
uvetta,0,g
pinoli,0,g
farina 00,0,g
sale,0,Pizzico
limone scorza grattugiata,0,l
latte intero,0,lt
cocco essiccato in scaglie,0,Cucchiai
vino rosso,0,ml
olive,0,g
pera williams rosse,0,Unità
cipolla rossa di tropea,0,Unità
zucchero di canan,0,g
zenzero fresco,0,Unità
senape semi,0,Cucchiai
pepe di sichuan bacche,0,Cucchiaino
tabasco,0,goccia
fico maturi,0,kg
noci gherigli,0,g
mandorle sbucciate,0,g
zenzero fresco grattugiato,0,Cucchiaio
cipolle bionda,0,g
salsa di soia,0,ml
miele di acacia,0,Cucchiai
bicarbonato,0,Cucchiai
lamponi,0,Unità
sciroppo d'acero,0,Cucchiai
pomodoro ciliegino o datterino,0,kg
zucchero bianco,0,Cucchiai
timo,0,Unità
aglio rosso,0,g
olio di semi di arachide,0,Unità
zucchero semolato,0,g
frutta di stagione,0,g
rum scuro,0,Unità
carote,0,Unità
finocchio,0,Unità
peperone giallo,0,Unità
peperone verde,0,Unità
peperoncino secchi,0,Unità
origano secco,0,Unità
olio evo,0,Unità
mela  già sbucciate e di tipi diversi,0,kg
limone (succo),0,Unità
cannella in polvere,0,Cucchiaino
noce moscata in polvere,0,Pizzico
pepe di sichuan,0,Pizzico
Menta essiccata,0,Cucchiaino
Funghi pleurotus,0,g
Ceci secchi,0,g
Indivia,0,Cespi
Noce moscata grattugiata,0,Cucchiaino
Cavoli,0,g
Farina da polenta taragna,0,g
Formaggio -casera,0,g
Patate novelle piccole,0,g
Zucca hokkaido,0,g
Fungo,0,Unità
Taccole,0,g
Pomodoro peliati,0,Scatola
Spinaci novelli da crudo,0,gambo
Edamame,0,g
Sesamo bianco e nero,0,Cucchiai
Mandorle spellate,0,Cucchiai
Olio extravergine,0,Unità
Pomodori maturi da sugo,0,g
Aceto di mela,0,ml
Oliva in salamoia,0,Cucchiaio
Lenticchie secche,0,g
Fagiolo cannellini secchi,0,g
Piselli già sgranati,0,g
Rosmarino secco,0,Cucchiaio
Patate gialla,0,g
Cipollotto la parte verde,0,Foglia
Platano,0,Unità
Manioca farina,0,g
Pesto genovese,0,g
Piselli freschi,0,g
Farina di banane,0,g
Farina di manioca,0,g
Cavolo cappuccio,0,Unità
Pomodoro concentrato,0,Cucchiaio
Peperoncino secco in scaglie,0,Pizzico
Porcino,0,g
Chiodini,0,g
Finferli,0,g
Oliva denocciolate sottolio,0,Cucchiaio
Cipolline,0,g
Polenta bramata,0,g
Emmenthal a scaglie,0,g
Cipolle borrettane,0,g
Cardi,0,g
Patate novelle biologiche,0,g
Timo secco,0,Cucchiaino
Cumino nero in semi,0,Cucchiaino
Peperoncino in fiocchi,0,Cucchiaino
Patate rosse,0,g
Castagna fresca,0,g
Sedano verde,0,Costa
Vino rosso,0,Bicchiere
Cavoli nero,0,Cespi
Peperoncino piccolo essiccato,0,Unità
Pomodori Pachino,0,Unità
Pomodori concertato,0,Cucchiai
Cipolle di Tropea,0,Unità
Crostino,0,g
Pomodori rossi,0,Unità
Ciliegie,0,Unità
Albicocca,0,Unità
Anguria,0,g
Pomodori San Marzano maturi,0,g
Melanzana perline,0,g
Semi di senape,0,Cucchiaino
Fagiolo cannellino già lessato,0,g
Aceto di vino rosso,0,ml
Tabasco Habanero,0,Cucchiaino
Insalata songino o valeriana,0,g
Formaggio primosale,0,g
Olive nera denocciolata,0,g
"Peperone rosso, giallo e verde",0,Unità
Cappero dissalato,0,Manciata
Oliva taggiasche sottolio,0,Manciata
Zucchine di medie dimensioni,0,Unità
Mandorle a lamelle,0,g
Insalata mista,0,Unità
Formaggio primo sale,0,g
Formaggio toma grattugiata,0,g
Limone o lime,0,Unità
Insalata Misticanza,0,g
Verdura mista sottaceto,0,g
Papacella piccante,0,Unità
Papacella dolce,0,Unità
Castagna,0,Unità
Sale frosso,0,Cucchiaio
Lenticchie secche mignon,0,Unità
Peperoncino facoltativo,0,Unità
Fagiolo cannellini già lessi,0,g
Patata lesse,0,kg
Cipolle bionda,0,g
Formaggio fresco a piacere,0,g
Nocciola tostate,0,Manciata
Aceto balsamico di Modena,0,Unità
Cetriolo di media grandezza,0,Unità
Pane mollica,0,Cucchiai
Patate al netto degli scarti,0,g
Frutta secca,0,Unità
Patate novella,0,g
Pancetta a fette,0,Unità
Formaggio Cheddar,0,g
Sesamo (semi),0,Unità
Fagiolo rossi lessati,0,g
Asparago  di Altedo IGP (circa 400g),0,Unità
Pane grattuggiato,0,Unità
Grana Padano  non troppo stagionato grattugiato,0,g
Pepe  rosa in grani,0,Unità
Latte  fresco intero,0,ml
Parmigiano  Reggiano,0,g
Lenticchie rosse,0,g
Curry colmo,0,Cucchiaino
Curcuma in polvere colmo,0,Cucchiaino
Coriandolo semi in polvere,0,Cucchiaino
Cipollotto rosso,0,Unità
Albume 2,0,Unità
Vaniglia,0,Baccello
Mandorle con la buccia,0,g
Farina di mais fioretto,0,g
Nutella,0,g
Frutta fresca a piacere,0,Unità
Limoni il succo filtrato,0,ml
Cocco farina,0,g
Lievito,0,bustina
Confettura di albicocche,0,g
Colorante alimentare arancione,0,goccia
Colorante alimentare verde,0,goccia
Mela golden,0,Unità
Acqua minerale fredda,0,Cucchiaio
Nocciola spellatate e tostate,0,g
Cioccolato fondente,0,g
Mela golden o gala,0,Unità
Latte di soia,0,g
Cioccolato al latte,0,g
Cioccolato bianco,0,g
Amido,0,g
Farina Mix Africano,0,g
Crema pasticcera,0,g
Limone il succo e la scorza grattugiata,0,Unità
Arance il succo e la scorza grattugiata,0,Unità
Grand Marnier,0,ml
Nocciola pralinata,0,g
Bavarese base,0,g
Panna da montare,0,ml
Crema di nocciole senza cacao,0,g
Panna liquida da montare,0,ml
Cacao amaro in polvere,0,g
Canditi di arance,0,Cucchiaio
Noce moscata in polvere,0,Cucchiaino
Zucchero a Velo,0,Unità
Pasta kataifi,0,g
Cannella in stecche,0,Unità
Banana,0,Unità
Uva nera al netto degli scarti,0,g
Cioccolato fondente in gocce,0,g
Confettura di fragole,0,g
Latte di mandorla,0,ml
Limone scorza,0,Pezzetto
Amaretti,0,g
Zucca polpa,0,g
Penna per decorazioni al cioccolato,0,Unità
Glucosio,0,g
Colorante alimentare in vari colori,0,Unità
Glicerina,0,g
Limoni il succo e la scorza,0,Unità
Uva senza semi,0,g
Maizena,0,g
Mora,0,g
Mirtillo,0,g
anice semi,0,Cucchiaio
Arancia la scorza grattugiata e il succo,0,Unità
Mela renetta,0,Unità
Marmellata di albicocche,0,g
Banana mature,0,Unità
Cioccolato gocce,0,g
Mandorla amara essenza,0,Cucchiaino
Arancia la scorza grattugiata,0,Unità
Latte consensato,0,g
Vaniglia essenza,0,Cucchiaino
Fragolina,0,g
Pistacchi crema,0,g
Latte condensato,0,g
Latte intero congelato a cubetti,0,g
Caffè solubile,0,g
Cioccolato fondente al 60%,0,g
Cioccolato fondente al 70%,0,g
Alchermes,0,Unità
Gelato al limone,0,Cucchiai
Chia semi,0,g
Sciroppo d'agave,0,g
Gelato alla vaniglia,0,pallina
Caffè della moka,0,Tazzina
Riso integrale,0,g
Olio di semi spremuto a freddo,0,ml
Confettura a piacere,0,Cucchiai
Nocciola spellate,0,g
Ciliegie denocciolate,0,g
Anguria succo,0,lt
Semi a piacere,0,Unità
Mandorla a scaglie,0,Unità
Pasta di zucchero,0,g
Colorante alimentare dorato,0,Unità
Colorante alimentare rosa,0,Unità
Colorante alimentare lilla,0,Unità
Colorante alimentare fucsia,0,Unità
Pecorino fresco,0,g
Savoiardo,0,g
Zuccherini colorati di forme miste,0,Unità
Marmellata gusto a piacere,0,Vasetto
Miele millefiori,0,g
Amarene,0,kg
Gelatina,0,g
Vaniglia bacca,0,Unità
Gelato al cioccolato,0,pallina
Gelato alla crema,0,pallina
Gelato alla fragola,0,pallina
Ciliegie candite,0,unità
Wafer,0,g
Caffè di moka amaro,0,ml
Caramello sciroppo,0,Unità
Cioccolato gianduia,0,g
Avena fiocchi piccoli,0,g
Frutta secca mista,0,Unità
Zucchero di canna grezzo,0,Cucchiaio
Cacao,0,Cucchiaino
Arancia scorze candite,0,Unità
Lievito madre non rinfrescato,0,g
Liquore al caffè,0,Bicchierino
Caffè in polvere,0,Cucchiaino
Grano già cotto,0,g
Cedro candito,0,g
Acqua millefiori,0,Cucchiaio
Cioccolato burro,0,g
Uovo di cioccolato di varie dimensioni e colori,0,Unità
Farina mix Manitoba e 00,0,g
Zucchero granella,0,Unità
Uovo a temperatura ambiente,0,Unità
Biscotti secchi tipo Digestive,0,g
Cioccolato,0,g
Biscotti,0,g
Yogurt bianco greco,0,g
Lime la scorza e il succo,0,Unità
Mandorle non pelate,0,g
Mela Stark delicious,0,Unità
Colorante alimentare rosso,0,Unità
Mela renette,0,g
Cannella macinata,0,Cucchiaino
Carote al netto degli scarti,0,g
Fragola,0,kg
Fiori freschi,0,Unità
Mela Golden,0,g
Mela succo,0,ml
Marrone,0,kg
Amido di mais o di riso,0,g
Canditi di limone e arancia,0,g
Patate gialle o bianche,0,g
Panna montata,0,g
Sciroppo a scelta,0,Unità
Caffè amaro di moka,0,ml
Limone la scorza grattuggiata,0,unità
Zucchero a velo  per spolverare,0,Unità
Amido di mais (o fecola di patate),0,g
Lindor,0,g
Noci sgusciate,0,g
Nocciola sgusciate,0,g
Mandorle sgusciate,0,g
Oreo,0,Unità
Confettura,0,Unità
Vaniglia essenza liquida,0,Cucchiaino
Uovo per spennellare,0,Unità
Biscotti al cioccolato Pan di Stelle,0,g
Stelline di zucchero,0,Unità
Arancia la scorza grattugiata non trattata,0,Unità
Castagna fresche,0,g
Mandorle tostata,0,g
Liquore Strega,0,ml
Pisto,0,g
Marmellata di frutti rossi,0,g
Farina di nocciole,0,g
Pera di Agerola,0,g
Liquore di pera,0,ml
Canditi,0,Unità
Confetti,0,Unità
Caramella,0,Unità
Cremor Tartaro,0,g
Arancia scorza grattugiata,0,Unità
Mela grandi,0,Unità
Mandorle in lamelle,0,g
Dattero al netto degli scarti,0,g
Cacao crudo amaro,0,g
Olio di cocco,0,Cucchiaino
Limone la buccia,0,Unità
Tè Earl grey,0,ml
Farina autolievitante,0,g
Bergamotto,0,Unità
Cioccolato sciroppo,0,Unità
Zucchero zucchero a velo,0,Unità
Crème fraîche,0,Unità
Bicarbonato di sodio,0,Cucchiaino
Formaggio quark,0,g
Cioccolato nougat,0,g
Rape precotte,0,g
Caco maturi,0,Unità
Cacao in polvere,0,g
Codette di zucchero,0,Unità
Marshmallow bianchi,0,Unità
Pan di Spagna,0,g
Liquirizia a rotelle,0,Unità
Smarties,0,Unità
Cioccolato in scaglie,0,Unità
Vanillina,0,Pizzico
Mandorla intere,0,Unità
Farina di mandorla,0,g
Latticello,0,ml
Farina di grano saraceno,0,g
Caffè forte,0,ml
Chiodi di garofano in polvere,0,Pizzico
Confettura di ribes,0,g
Fermenti lattici liofilizzati per yogurt,0,g
Riso da risotti,0,g
Arancia la buccia grattugiata,0,Unità
Mela al netto degli scarti,0,g
Pera al netto degli scarti,0,g
Latte di riso,0,ml
Candy Cane,0,g
Zucchero di canna scuro,0,g
Mirtillo secchi,0,g
Noce moscata macinata,0,Cucchiaino
"Limone non trattato, la scorza grattugiata",0,Cucchiaino
Farina 1,0,g
Semi di Chia,0,Cucchiai
Farina integrale di grano tenero,0,g
Miele di fiori d'arancio,0,Cucchiaino
Mirtillo freschi,0,g
Prugna denocciolate,0,kg
Biscotti Pandistelle,0,g
Mora fresche,0,Unità
Mora di rovo,0,g
Farro soffiato,0,g
Mandorle con la pelle,0,g
Liquore al mirto,0,ml
Lievito istantaneo per dolci,0,g
Pistacchio crema,0,Unità
Caffè amaro,0,Tazzina
Anguria al netto degli scarti,0,g
Anguria a tocchetti,0,Unità
Farro in fiocchi,0,Unità
Cacao fave,0,Unità
Cocco in scaglie,0,Unità
Farina di cocco,0,g
Cedro scorza grattugiata,0,Unità
Biscotti Digestive,0,g
Semi di chia,0,g
"Frutta secca (mandorle, noci, bacche di goji, mirtilli)",0,g
Vino moscato,0,ml
Arancia la scorza,0,Unità
Yogurt di soia al naturale,0,g
Sciroppo di riso,0,Cucchiai
Frutti di bosco (anche surgelati),0,g
Quinoa in fiocchi,0,Unità
Cocco liofilizzato,0,Unità
Mandorla granella,0,Unità
Fragole fresche,0,Unità
Mirtillo succo,0,ml
Yogurt ai mirtilli,0,g
Lime la scorza,0,Unità
Avena,0,g
Mela succo o estratto,0,ml
Yogurt bianco vaccino o vegetale,0,Vasetto
Cioccolato findente,0,g
Limoni al naturale,0,Unità
Mirtillo puro in polvere,0,Cucchiaino
Anacardo al naturale,0,g
Alga spirulina,0,Cucchiaino
Curcuma polvere,0,Cucchiaino
Zenzero polvere,0,Cucchiaino
Dattero denocciolati,0,Unità
Zuccherini per decorare,0,Unità
Limoni il succo e la buccia,0,Unità
Fragola a tocchetti,0,Cucchiaino
Mandorle latte,0,ml
Mandorle pasta,0,g
Panna montata e zuccherata,0,Unità
Fragola a fettine,0,Unità
Frutta fragole e frutti di bosco,0,Unità
"Mandorle amare, essenza",0,goccia
Amaretto di Saronno,0,goccia
Glucosio sciroppo,0,g
Mandorle granella,0,Cucchiaino
Amaretti secchi,0,g
Farina w 170,0,g
Limoni candito,0,g
Cereali mix,0,g
Riso soffiato,0,g
Rollini al cioccolato,0,Unità
Gelato,0,g
Lievito madre,0,g
Succo di pesca,0,g
Pesca noce,0,Unità
Savoiardo morbidi,0,g
Tè nero thailandese,0,Cucchiaio
Farina di segale,0,g
Pepe di Giamaica in polvere,0,Cucchiaino
Yogurt naturale,0,g
Frutti di bosco surgelati,0,g
Latte di avena,0,Unità
Ananas fresco,0,g
Miele di acacia o millefiori,0,Cucchiaio
Ananas polpa,0,g
Cocco polpa,0,g
Acqua di cocco,0,ml
Cocco,0,Cucchiaino
Frutta secca esotica mista,0,Cucchiaio
Rabarbaro,0,g
Frutta il succo,0,ml
Gelatina di albicocca,0,g
Frutta di stagione,0,Unità
Gelatina spray,0,Unità
Vaniglia Bourbon,0,bacca
Rabarbaro fresco,0,g
Ciliegie snocciolate,0,g
Farro di mandorle,0,g
Miglio,0,g
Olio di riso,0,ml
Cocco grattugiato,0,g
Biscotti panna e cioccolato,0,g
Cioccolato findente a scaglie,0,Unità
Frutta candita,0,Unità
Succo di frutta a scelta,0,ml
Zucchero bucaneve,0,Unità
"Zucchero semolato, bianco",0,g
Amarena sciroppata,0,g
Nespola sbucciate e denocciolate,0,g
Limone buccia grattugiata,0,Unità
Agar agar in polvere,0,g
Vaniglia in polvere,0,Cucchiaino
Limone bio scorza grattugiata,0,Unità
Uovo di cioccolato,0,Unità
Pasta di zucchero bianca,0,g
Pasta di zucchero verde,0,g
Colorante verde,0,Unità
Latte intero freddo,0,Cucchiai
Cioccolato fondente in riccioli,0,g
Ovetto confettati colorati,0,Unità
Zucchero bianco semolato,0,g
Cramberries essiccati,0,Unità
Vaniglia estratto,0,Cucchiaino
Mela Golden al netto degli scarti,0,g
Cioccolato al latte in scagle,0,Cucchiai
Orzo perlato,0,g
Vaniglia in bacche,0,Grappolo
Uva fragola,0,unità
Cocco essiccato in scaglie,0,Cucchiai
Mandorle tritata,0,Cucchiai
Cialda a cono vuota,0,unità
Nocciola in granella,0,Unità
Cocco essiccato a scaglie,0,Unità
Frutta fresca,0,Unità
Noci brasiliane sgusciate,0,g
Avena crusca,0,g
Frutta di bosco fresca,0,Unità
Zucchero semolato finissimo,0,g
Marmellata di arance amare,0,g
Arancia scorza,0,Unità
Papaia,0,Fette
Cetriolo sbucciato,0,g
Mela Pink lady,0,Unità
Mela Rum,0,ml
Uovo grande,0,Unità
Cioccolato in gocce,0,g
Latte di cocco denso,0,ml
Açai bacche in polvere,0,Cucchiaio
Dragon fruit a fette,0,Fetta
Cocco essiccato in polvere,0,Cucchiaio
Semi di lino tostati,0,Cucchiaio
Caffè della moka freddo,0,ml
Gelato fior di latte,0,g
Giaccio in cubetti,0,Unità
Burro d'arachidi,0,g
Burro feddo,0,g
Vaniglia Bourbon estratto,0,Cucchiaio
Zucchero a velo non vanigliato,0,g
"Frutta rossi, lamponi e ribes",0,g
Biscotti savoiardi,0,g
Caffè,0,Unità
Pistacchi in crema,0,g
Panna per dolci,0,ml
Noci e mandorle sgusciate,0,g
Latte di cocco in lattina,0,Unità
Vaniglia la bacca,0,Unità
Liquore all'anice o Sambuca,0,Cucchiai
Burro sciolto e raffreddato,0,g
Mandorle pelate e tostate,0,g
Zucchero a velo vanigliato,0,g
"Burro leggermente salato, freddo",0,g
"Cioccolato bianco, in gocce",0,g
Pistacchi in granella,0,g
Confettura di lamponi,0,Unità
Biscotti a limone,0,g
Panna da montare zuccherata,0,g
Limone biologico,0,Unità
Mandorle in polvere,0,g
Mandorle intere,0,g
"Zucchero a velo, più altro per spolverare i biscotti",0,g
Menta facoltativa,0,Unità
"Zucchero a velo, facoltativo",0,Unità
Uova medie,0,Unità
Farina di quinoa già pronta,0,g
Panna di soia,0,ml
Vaniglia i semi della bacca,0,Unità
Miele o sciroppo d'acero o frutta fresca,0,Unità
Zucchero Semolato,0,g
Uovo piccolo,0,Unità
Cioccolato fondente a pezzi,0,g
Lavanda non trattata,0,Rametto
Menta sciroppo,0,ml
Vaniglia Bourbon in estratto o i semini di mezza bacca,0,Cucchiaino
Colorante Alimentare verde in pasta concentrata o gel,0,Unità
Cioccolato Fondente spezzettato,0,g
Glucosio o miele di acacia o millefiori,0,Cucchiaino
Acqua molto fredda,0,ml
Biscotti  amaretti secchi,0,g
Cioccolato fondente o come preferite,0,g
Latte per spennellare il dolce,0,Cucchiaio
Limoncello,0,Cucchiai
Formaggio mascarpone,0,g
Cioccolato bianco in granella,0,Unità
Biscotti pavesini al cacao,0,Unità
Cacao amaro setacciato,0,g
Cioccolato fondente fuso,0,g
Tuorli d'uovo sodi,0,Unità
Frutta,0,Unità
Ricotta vaccina o formaggio fresco quark,0,g
Zucchero semolato (più quello per la finitura),0,g
Vaniglia estratto o 1 bacca,0,Cucchiaino
Pasta frolla,0,g
Prugne secche e denocciolate,0,Unità
Fiori d'arancio,0,Cucchiai
Burro per lo stampo,0,Unità
Lampone,0,Unità
Pistacchio in granella,0,Unità
Caffè ristretto,0,ml
Panna o gelato fior di latte,0,Unità
Meringa,0,Unità
Zucchero a belo,0,Unità
Carbone vegetale,0,g
Fava secca,0,Unità
Baileys,0,ml
Yogurt bianco magro,0,g
Marmellata di mirtilli neri,0,g
Crema di nocciole con cioccolato fondente,0,g
Torrone bianco classico,0,g
Pandoro,0,Fette
Grappa,0,Cucchiaio
Arancia bio,0,Unità
Pandoro a cubetti,0,g
Caffè freddo,0,ml
Crema a piacere,0,Unità
Zuccherini colorati,0,Unità
"Spezie miscelate (pepe, chiodi di garofano, noce moscata)",0,Cucchiaino
Arancia buccia grattugiata,0,Cucchiaino
Uva sultanina,0,g
Mela grattugiata,0,g
Cherry,0,ml
Panettone monoporzione,0,Unità
Liquore al mandarino,0,Cucchiaio
Lenticchie lessate,0,g
Uvetta sultanina,0,g
Zucchero in granella,0,Unità
Zucchero di canna integrale chiaro,0,g
Arance buccia grattugiata,0,Cucchiai
Zenzero grattugiato,0,Cucchiai
Arancia il succo,0,Unità
Arancia candita,0,Unità
Zenzero candito,0,Unità
Panna vegetale,0,ml
Spezie miscela fatta in casa,0,Cucchiaino
Pretzel mini,0,Unità
Caramella bianca tonda e piccola,0,Unità
Cioccolato in pastiglie rosse,0,Unità
"Ghiaccia reale, preparato in polvere",0,g
Colorante alimentare in pasta color tiffany,0,Unità
Marmellata di arancia,0,g
Olio alimentare di arancia,0,goccia
Albumi pastorizzato,0,ml
Zucchero a velo per decorare,0,Unità
Frutta fresca mista,0,Manciata
Candy Cane bastoncini di zucchero,0,Unità
Anice verde,0,semi
Colorante blu,0,Unità
Colorante rosso,0,Unità
Colorante giallo,0,Unità
Burro pomata,0,g
Biscotti tipo Digestive,0,g
Biscotti Savoiardi,0,g
Biscotti amaretti,0,g
Fico,0,g
Confettura di pesce o di albicocche,0,Cucchiai
Colorante,0,Unità
Zucchero codette colorate,0,Unità
Caffè della moka poco zuccherato,0,ml
Mela tipo Golden,0,Unità
"Limone bio, la buccia",0,Unità
Cioccolato fondente a scaglie,0,Unità
Pera IGP dell'Emilia Romagna,0,Unità
Pepe in grani,0,Unità
Liquore di anice,0,Cucchiaio
Confettura di visciole,0,g
Confettura di fichi caramellati,0,Unità
Fico maturi,0,kg
Mandorle sbucciate,0,g
Olio Di Semi Di Arachide o di riso,0,ml
"Uva fragola, acini",0,g
Limoni la scorza e il succo,0,Unità
Nocciola al netto degli scarti,0,g
Nocciola per decorare,0,Unità
Crema pasticcera pronta,0,g
Uva bianca e nera,0,g
Marmellata a piacere,0,Cucchiai
Uovo medio,0,Unità
Farina 00 autolievitante,0,g
Nocciola sgusciate senza pelle,0,g
Frutti di bosco,0,g
Cioccolato crema spalmabile,0,g
Pasta di mandorle,0,g
Farina di mais finissima,0,g
Arance in succo,0,ml
Zucchero codette colorate o granella,0,Unità
Cioccolato findente in gocce,0,g
Panna vegetale zuccherata,0,g
Limone a fette,0,Unità
Mandorla estratto liquido,0,Unità
Tè al bergamotto,0,bustina
Pesca nettarina di Romagna,0,Unità
Mirtillo confettura,0,g
Kinder Bueno,0,Barretta
Croccante di mandorla e nocciola,0,g
Limone la buccia e il succo,0,Unità
Caco,0,Unità
Sciroppo alla menta,0,ml
Pesca al netto degli scarti,0,g
Sciroppo di menta,0,ml
Aroma di fiori d'arancio,0,Unità
Frutta a piacere,0,Unità
Farina di mais bramata,0,g
Zucchero semolato  bianco,0,g
Farina oo,0,Unità
Yogurt intero bianco,0,g
Mais fiocchi,0,g
Arance spermuta,0,ml
Latticello (o yogurt e limone),0,ml
Vaniglia semi,0,bacca
Preparato Red Velvet in briciole,0,Cucchiaio
Meringhe,0,g
Uva acini,0,Unità
Gelatina alimentare,0,Unità
Amarena sciroppo,0,Cucchiai
Colla di pesce in fogli,0,Bicchiere
Arance spremuta,0,ml
Yogurt cianco intero,0,g
Lime il succo e la scorza,0,Unità
Biscotto Oreo,0,Unità
Gelato alla crema con amaretti,0,g
Croccante alle mandorle,0,g
Nocciola in pasta,0,Cucchiai
Acqua aromatica alle rose,0,Cucchiai
Limone non trattato la buccia,0,Unità
Liquore alla nocciola,0,ml
Nocciola ricoperta di cioccolato,0,Unità
Pesca sciroppate,0,Barattolo
Confettura di albicocca,0,Cucchiaio
Lievito per docli,0,bustina
Farina w170,0,g
Acqua ghiacciata,0,Cucchiaio
Lampone freschi,0,Unità
Limone il succo e la buccia,0,Unità
Vaniglia in bacca,0,Unità
Vaniglia extratto liquido,0,Cucchiaino
Caffè espresso amaro,0,ml
Cioccolato gocce fondenti,0,Unità
Pepe lungo,0,bacca
Limone non trattatoo,0,Unità
Clementina,0,Unità
"Frutta rossi (lamponi, ciliegie, ribes...)",0,g
Latte di soai,0,ml
Marmellata ai lamponi,0,Unità
Yogurt vegetale,0,Cucchiai
Granola,0,Cucchiaio
Zucca in purea,0,g
Burro freddo a dadini,0,g
Mandorle tostate e frullate,0,g
Mela Golden Delicious o Royal Galaal netto degli scarti,0,Unità
Limone scorza non trattata,0,Unità
Mandorle grezze frullate,0,g
Farina di avena,0,g
Torrone bianco duro,0,g
Torrone agli agrumi e pistacchio,0,g
Liquore all'amaretto,0,Cucchiai
Arance non trattate,0,Unità
Mandorle a lamelle tostate,0,g
Canditi di agrumi,0,g
Arancia succo e buccia grattugiata,0,Unità
Limone succo e buccia grattugiata,0,Unità
Lievito fresco,0,g
Farina da pane,0,g
Cardamomo in polvere,0,g
Marzapane,0,g
Zucchero vanigliato,0,Unità
Pandoro raffermo,0,Fette
Latte scremato,0,Unità
Confettura di mirtilli rossi,0,Unità
Fave di Tonka,0,Unità
Cioccolato al latte in gocce,0,g
"Torrone classico, alle mandorle e nocciole",0,g
Noci gherigli tostati,0,g
Confettura di frutta chiara senza zucchero,0,Cucchiai
Limone la scorza nontrattata,0,Unità
Cioccodelizia,0,g
Cioccolato bianco in gocce,0,g
Caffè espresso bollente,0,ml
Semi di lino in polvere,0,g
Acqua bollente,0,Cucchiai
Avena in piacchi,0,g
Mela succo senza zucchero,0,Cucchiai
Pera williams,0,Unità
Marsala secco,0,ml
Pera medie,0,Unità
Miele di acaica,0,ml
Farina bianca,0,g
Cocco rapè,0,Cucchiaino
Pera William,0,Unità
Semolino,0,g
Arance candita,0,g
Lievito per torte,0,Cucchiaino
Caramella Mou,0,g
Farina farro integrale,0,g
Burro di cocco,0,g
Amarena sciroppate,0,Cucchiai
Mandorle senza guscio,0,g
Digestive,0,g
Mela Gala,0,Unità
Marshmallow,0,Unità
Noci pecan,0,g
Biscotti frollini senza glutine,0,Unità
Zucca polpa cotta e frullata,0,g
Biscokrok Babbi,0,Unità
Babette Babbi,0,Unità
Caffè espresso forte,0,Cucchiai
Caffè skolubile,0,Cucchiai
Limone la scorza rattugiata,0,Unità
Caffè d'orzo solubile,0,Cucchiai
Cacao grue,0,g
Biscotti ai cereali tritati,0,g
Panna liquida zuccherata,0,ml
Lamponi freschi,0,g
Kirtsh,0,ml
Farina macinata a pietra W 350,0,g
Cremadelizia Babbi al pistacchio,0,Barattolo
Acqua di fiori d'arancio,0,Cucchiaino
Yogurt al cocco,0,Barattolo
Cardamomo in bacche,0,bacca
Arancia la buccia,0,Unità
Banana matura,0,Unità
Wafer alla vaniglia,0,g
Crema al cioccolato,0,Cucchiai
Caffè espresso amaro freddo,0,Tazzina
Maizena senza glutine,0,g
Panna fresca montata non zuccherata,0,g
Cioccolato bianco senza glutine,0,g
Burro  fuso e fatto intiepidire,0,g
Caffè della moka non zuccherato,0,ml
Zucchero semolato a grana fine,0,g
Zucchero di canna a velo oppure frullato fino a renderlo a grana fine,0,g
Liquore Vov,0,ml
Albumi pastorizzati,0,g
Pistacchi sbucciati non salati,0,g
Mikado,0,Unità
Caffè d'orzo,0,ml
Yogurt greco senza grassi,0,g
Biscotti secchi al cioccolato,0,g
Panna fresca liquida,0,g
Tofu al naturale,0,g
Panna vegetale da montare,0,ml
Biscotti vegan ai cereali,0,Unità
Pistacchio tostati,0,Unità
Cioccolato fondente a pezzetti,0,g
Pesca bianche,0,Unità
Mandorle sbucciate e tritate,0,Unità
Biscotti con gocce di cioccolato,0,g
Pistacchi granella,0,g
Mela gialle,0,Unità
Mela pink lady,0,Unità
Limoni di 1 solo la scorzaù,0,Unità
Pasta frolla base di 20 cm di diametro già cotta,0,Unità
Confettura albicocche,0,Unità
Pasta di pistacchio,0,Cucchiai
Biscotti tipo digestive o integrali,0,g
Formaggio spalmabile light,0,g
"Yogurt magro alla pesca, naturale o alla vaniglia",0,g
Fruttosio,0,g
Pasta di vaniglia,0,Cucchiaino
Pesca nettarine IGP,0,Unità
Limone ( succo di 1/2 limone),0,Unità
Pistacchi (granella),0,g
"Biscotti  con gocce di cioccolato, tipo gocciole",0,g
Burro fuso fatto raffreddare,0,g
Formaggio spalamabile,0,ml
Zucchero a velo setacciato,0,g
"Caffè della moka, ristretto, non zuccherato",0,Unità
Caffè in chicchi,0,Unità
Caramello,0,Unità
Farina di mais gialla,0,g
Farina  tipo 1 macinata a pietra,0,g
"Zucchero di canna, più altro per cospargere la torta",0,g
Arance candite,0,g
Anice stellato  in semi,0,Cucchiaino
Finocchio (semi),0,Cucchiaino
Farina forte,0,g
Vaniglia (i semi),0,bacca
Arancia  (la scorza),0,Unità
Zucchero semolato per la superficie,0,Unità
Zucchero  di canna,0,g
Ciliegie Vignola IGP denocciolate,0,g
Vaniglia (estratto),0,Cucchiaino
Biscotti tipo digestive,0,g
Burro  fuso fatto raffreddare,0,g
Panna  liquida fresca,0,ml
Vaniglia bourbon (estratto o semi di una bacca),0,Cucchiaino
"Amarena sciroppate, sgocciolate",0,Unità
Cioccolato fondente spezzettato,0,g
Amaretti piccoli,0,g
"Amarena sciroppate, con poco del loro sciroppo",0,Unità
Farina di cocco o cocco rapè,0,g
Zucchero  semolato,0,g
Cardamomo (i semi schiacciati),0,bacca
Farina di grano saraceno bianca,0,g
Mandorle sgusciate non pelate,0,g
Tuorlo d'uovo per spennellare,0,Unità
Burro freddo a pezzetti,0,g
Vaniglia Bourbon (i semi o un cucchiaino di estratto),0,bacca
"Limone  non trattato, 1/2 scorza grattugiata",0,Unità
"Ricotta ovina che ha riposato in frigo almeno 12 ore, avvolta in un canovaccio sopra a un colino sistemato in una ciotola più grande (oppure 100 g di ricotta ovina e 100 g di ricotta vaccina per un gusto meno intenso)",0,g
Grano cotto Chirico,0,g
Arance  candita e tagliata a cubetti,0,g
Cedro  candito e tagliato a cubetti,0,g
Fiori d'arancio (essenza),0,Cucchiaino
Vaniglia Bourbon (o 1/2 cucchiaino di estratto),0,bacca
"Arancia non trattata, la scorza grattugiata",0,Unità
Fiori bianchi piccoli,0,Unità
Cioccolato  bianco in scaglie,0,g
Meringhe in pezzi,0,g
Cioccolato  fondente (anche in gocce),0,g
Lievito per dolci (1/2),0,Unità
Yogurt  bianco intero,0,g
Limone 1/2,0,Unità
Farina  0 W 260,0,g
Yogurt a temperatura ambiente,0,g
Vaniglia (1 cucchiaino estratto di Vaniglia),0,bacca
Crema  spalmabile alle nocciole,0,Unità
Frutta rossi,0,Unità
Mango maturo,0,g
Zucchero  a velo,0,g
Avena fiocchi,0,g
Latte di mandorla o latte di soia,0,g
Malto sciroppo di riso o agave,0,g
"Limone biologico, scorza",0,Unità
Yogurt soia,0,g
Noci pecan o mandorle,0,g
Noci di cocco (fiocco),0,Cucchiai
Mirtillo o frutti di bosco (opzionale per servire),0,Manciata
Chia (semi),0,g
Succo di limone o lime,0,Cucchiaio
"Limone o lime, scorza (opzionale)",0,Cucchiaio
Farina 00 (oltre quella per la spianatoia),0,g
Confettura di prugna,0,g
Noce,0,Unità
Zucchero  di canna grezzo,0,Cucchiai
Olio per la padella,0,Unità
Lime succo,0,Cucchiai
Lime non trattato,0,Unità
Limone (la scorza),0,tubetto
Biscotti al cacao,0,g
Cioccolato fondente in gocce o tritato,0,g
Mela fuji,0,Unità
Burro ammorbidito a temperatura ambiente,0,g
Sciroppo d'Acero,0,g
"Noci  pecan, a pezzetti",0,g
Zucchero di canna per la finitura,0,Unità
Burro morbido a temperatura ambiente,0,g
Limoni  il succo e la buccia grattugiata,0,Unità
Mela  già sbucciate e di tipi diversi,0,kg
Limone (la scorza grattugiata),0,Unità
Ciliegie duroni neri di Vignola,0,g
Cioccolato  fondente,0,g
Pistacchi interi non salati e in granella,0,g
Pistacchio  in granella,0,Unità
Ricotta magra,0,g
"Frutta fresca (more, ribes, mirtilli)",0,g
Arancia (scorza),0,Unità
Limoni (buccia),0,Unità
Cioccolato fondente al 55%,0,g
Rabarbaro (oppure altre fragole ),0,g
"Sciroppo di riso o mais, malto* oppure agave",0,g
Vaniglia fresca,0,Baccello
"Fecola , tapioca o amido di mais o riso",0,g
Farina di riso integrale,0,g
Nocciola tostate (o altre mandorle ),0,g
Olio cocco oppure olio di semi,0,g
"Sciroppo riso o mais, malto* oppure agave",0,g
Vaniglia in polvere o 1/2 bacca,0,Cucchiaino
Vaniglia semi di bacca,0,Unità
Panna  fresca liquida,0,g
Cioccolato  fondente tritato finemente,0,g
anice in grani,0,Unità
Nocciola  tostate e pelate,0,g
Cioccolato nocciolato (o al latte),0,g
Olio  di semi,0,ml
Lime non trattato (la buccia),0,Unità
Colomba pasquale,0,Fette
Farina  di mandorle,0,g
Mandorle in scaglie,0,g
Cioccolato  fondente 70%,0,g
Crema di nocciole spalmabile,0,g
Wafer  alla nocciola,0,g
Nocciola tostate in granella,0,g
Galletta di riso,0,g
Uova (1 intero più 1 tuorlo),0,Unità
Lievito (facoltativo),0,Cucchiaino
Cioccolato una metà dell'uovo di Pasqua,0,g
Uova a temperatura ambiente,0,Unità
Tuorlo d'uovo  a temperatura ambiente,0,Unità
Zucchero  in granella,0,Unità
Mandorla pelate per decorare,0,Unità
Farina a basso contenuto di glutine,0,g
Albumi montati a neve,0,Unità
Acqua aromatica di fiori d'arancio,0,Unità
Arancia  la buccia grattugiata,0,Unità
Arance candite (scorze),0,g
Cannella  in polvere,0,Cucchiaino
Mandorle  in scaglie,0,g
Cioccolato fondente al 55% di cacao,0,kg
Confetti colorati,0,Unità
"Limone , la scorza grattugiata",0,Unità
Limone  la scorza intera,0,Unità
Arancia  la scorza intera,0,Unità
Ricotta setacciata,0,g
Acqua di fiori di arancio,0,Cucchiaio
Arancia  la scorza,0,Unità
"Mandorle intere, tagliate grossolanamente",0,g
Farina di pistacchi,0,g
"Ciliegie (arancia, cedro, zuccata)",0,Unità
Uvetta  sultanina,0,g
Strutto o burro,0,g
Limone solo la buccia,0,Unità
Confettini colorati,0,Unità
Acqua  temperatura ambiente,0,ml
Farina W 350,0,g
Uvetta  di Corinto,0,g
Arance e zenzero candito,0,g
Chiodi di garofano  in polvere,0,Cucchiaino
"Limoni non trattati, la scorza grattugiata",0,Unità
"Arance non trattate, la scorza grattugiata",0,Unità
Farina  W 350,0,g
"Uovo grande, leggermente sbattuto",0,Unità
Grano precotto,0,g
Arance  candita,0,g
Acqua aromatizzata ai fiori,0,Cucchiai
Farina W170,0,kg
Limoni la buccia grattugiata,0,Unità
Ovetto di cioccolato,0,Unità
Liquore all'anice,0,Bicchierino
Farina di soia (facoltativo),0,Cucchiaino
Latte di soia (o altro latte vegetale),0,g
Preparato per cioccolato fondente vegan,0,g
Crema di pistacchi,0,g
Cioccolato  fondente al 70%,0,g
Lampone per guarnire,0,Unità
Farina  tipo 1,0,g
"Olio di semi, per spennellare",0,Unità
Farina  di mais fioretto,0,g
Burro  fuso e fatto raffreddare,0,g
Vaniglia Bourbon o i semi di una bacca (estratto),0,Cucchiaino
Latte di cocco tiepido,0,ml
Cocco in scaglire,0,Unità
Confettini  rosa per il naso,0,Unità
Cioccolato per gli occhi,0,goccia
Marshmallow grandi per le orecchie,0,Unità
Colorante alimentare in polvere color carne cipria o rosa chiaro,0,Unità
Colla alimentare,0,Unità
Latte fresco,0,ml
Vaniglia i semi ( o 1 bustina di vanillina),0,bacca
Cioccolato di cioccolato,0,g
Confettura di mirtilli,0,Unità
Confettura di pesche,0,Unità
Confettura di arance,0,Unità
Latte di soia o di riso,0,ml
Cioccolato Fondente,0,g
Cacao  Amaro,0,g
Uova grandi a temperatura ambiente,0,Unità
Burro  fuso,0,g
Latte  di cocco,0,g
Cocco disidratato,0,Unità
Menta in foglie,0,Unità
Panna fresca semimontata,0,ml
Burro leggermente salato,0,g
Liquirizia in polvere,0,g
Arancia buccia,0,Unità
Gelato  gusto bacio o qualsiasi altra crema preferiate,0,g
Zucchero (opzionale),0,Cucchiai
Farina di mais finissima  tipo fumetto,0,g
Uovo grande a temperatura ambiente,0,Unità
Mandorla sgusciate,0,Unità
Biscotti  tipo digestive,0,g
Panna Montata già zuccherata,0,g
Gelatina  in fogli,0,g
Succo di Lime,0,ml
Lime la scorza grattugiate finemente,0,Unità
Farina per dolci con amido,0,g
Cacao grue o gocce di cioccolato,0,g
Zucchero a velo per la finitura,0,Unità
Latte  intero fresco,0,ml
Miele di agrumi,0,g
Zucchero cristalli (per la superficie),0,Unità
Limone (scorza),0,Unità
Marmellata di ciliegie,0,Unità
Farina di orzo integrale,0,g
Uova media,0,Unità
"Cioccolato bianco e fondente, tritati",0,g
Ribes essiccati,0,g
Limone (scorza grattugiata),0,Unità
Latte per spennellare,0,Unità
Zucchero di canna chiaro per la superficie,0,Unità
Zucchero di canna tipo panela,0,g
Mela al netto degli scarti (golden o renette),0,g
"Spezie miscela di cannella, chiodi di garofano, noce moscata, zenzero, anice stellato",0,Cucchiaino
Lievito in polvere per dolci,0,g
Vaniglia Bourbon (estratto) o i semi di una bacca,0,Cucchiaino
Panna fresca liquida da montare,0,g
Caffè liquido non zuccherato,0,Cucchiai
Crema spalmabile alle nocciole,0,g
Cioccolato alle nocciole,0,g
Wafer al cioccolato,0,g
"Uova , tuorli e albumi separati",0,Unità
Lievito  per dolci vanigliato,0,bustina
Farina per pasta frolla gluten free,0,g
Uovo bio,0,Unità
Limone scorza grattuggiatea,0,Unità
Pancetta affettata,0,g
Scamorza fior di latte,0,g
Pomodoro fresco,0,Unità
Fungo sottolio in scatola,0,Scatola
Farina per pinsa,0,g
Emmenthal grattugiato a scaglie,0,g
Malto in polvere,0,Cucchiaino
Calamaro di media grandezza,0,Unità
Cipolla di Tropea piccola,0,Unità
Impasto per pizza,0,g
Sale a scaglie,0,Unità
Mozzarella fiordialatte,0,g
Pomodori San Marzano,0,g
Oliva barese in salamoia,0,Unità
Farina di grano tenero di tipo 1 (320 W),0,kg
Ragù,0,g
"Pomodori (polpa, opzionale)",0,g
Grana Padano 16 mesi,0,g
Farina di frumento raffinata,0,g
Farina Manitoba o farina per pane,0,g
"Semi di sesamo, di girasole, di zucca",0,Unità
Acqua minerale,0,ml
Manzo irlandese,0,g
Aceto Balsamico in crema,0,Cucchiai
Olio extravergine di oliva delicato,0,ml
Pecorino semi stagionato,0,Fette
Semi mix a piacere,0,Unità
Farina Petra 3,0,g
Pomodori Piccadilly,0,Unità
Timo fresco Pizza sottile e croccante con farina Petra 3,0,Cucchiaino
Pomodori verde,0,Unità
Pomodori datterino giallo,0,Unità
Farina tipo 1 macinata a pietra,0,g
Oliva nere denocciolate,0,Unità
Semola rimacinata,0,Unità
Erbe aromatiche miste secche,0,Cucchiaino
Sale mediofine di Cervia,0,g
Impasto per piadina,0,g
Sesamo semi bianchi e neri,0,Unità
Insalata lattuga,0,Foglia
Carciofo sbollentato in acqua e aceto,0,Unità
Semola per spolverare,0,Unità
Manzo gallese i.g.p. filetto o controfiletto,0,g
Acqua tazze,0,Unità
Zucchero di canna Demerara,0,Cucchiai
Formaggio Brie,0,g
Farina semola di grano duro,0,g
Caciocavallo ragusano grattugiato,0,g
Provola ragusano,0,g
Mandorle sgusciate e pelate,0,g
Rosmarino fresco tritato,0,Cucchiai
Patate lessate,0,g
Farina Integrale,0,g
Farina 450,0,g
Impasto pronto per pizza,0,Panetti
Mozzarella fiordilatta,0,g
Farina di semola rimacinata,0,Unità
Crusca,0,Unità
Birra non filtrata non pastorizzata,0,ml
Lievito lievito di birra fresco,0,g
"Semi papavero, girasole, zucca",0,g
Pane bianco per tramezzini,0,Fette
Uovo sodo,0,Unità
Acqua (tenetene da parte 30 g),0,ml
Basilico ligure,0,g
Pesto alla Genovese,0,Cucchiai
Mozzarella tipo fiordilatte,0,g
Cipolla  rossa di Tropea,0,Unità
Tonno fresco,0,g
Sale integrale in fiocchi,0,Unità
Olio  di oliva,0,ml
Pecorino  Romano grattugiato,0,g
Formaggio fresco tipo Emmental,0,g
Latte oppure acqua,0,ml
Semi mix,0,Unità
Tè verde in foglie,0,Unità
Gallina,0,Unità
Manzo coste,0,g
Salsicce di maiale napoletana,0,g
Cicoria,0,g
Cavoli riccio,0,g
Verza al netto degli scarti,0,g
Farro,0,g
Manzo spezzatino,0,g
Riso per risotti,0,g
Pera Kaiser,0,Unità
Parmigiano rwggiano grattugiato,0,g
Bietola da taglio,0,g
Fagiolo Cannellini,0,g
Formaggio casera,0,g
Ossobuco grossi,0,Unità
Cipolla bianca grossa,0,Unità
Brodo di carne,0,lt
Tonno in scatola,0,g
Tortillas,0,Unità
Pollo petto,0,g
Fagiolo neri precotti,0,g
Limone il succo e la scorza,0,Unità
Bambù,0,g
Funghi neri cinesi,0,Unità
Maiale fesa,0,g
Tofu morbido,0,g
Salsa di soia chiara,0,Cucchiaino
Salsa di soia scura,0,Cucchiaino
Pasta corta,0,g
Gnocchi,0,kg
Formaggio emmenthal a fette,0,g
Riso Basmati,0,g
Peperoncino rosso thai,0,Unità
Noodles,0,g
Sedano con tutte le foglie,0,Costa
Funghi,0,g
Fagiolo Borlotti,0,g
Maccheroni,0,g
Melanzana tonda viola,0,Unità
Caciocavallo fresco,0,g
Caciocavallo stagionato,0,Unità
Coda di rospo,0,Unità
Gallinella,0,Unità
Canocchia,0,Unità
Zafferano in polver,0,bustina
Pollo cosce,0,Unità
Cipolla piccola,0,Unità
Polipetti,0,g
Spezie mix per paella,0,bustina
Fumetto di pesce,0,lt
Gambero teste,0,Unità
Maiale londa,0,Fetta
Miso,0,Cucchiaino
Riso bianco per sushi già cotto,0,g
Semi di sesamo bianchi e neri,0,Cucchiai
Zafferano in polvere,0,bustina
Vitello polpa,0,g
Lumaconi,0,g
Piadina,0,Unità
Pomodori pelati sgocciolati,0,Unità
Pane rustico,0,Fette
Pane casereccio a fette,0,Unità
Carne macinata mista manzo e maiale,0,g
Piselli sgranati,0,g
Scorfano,0,kg
Palombo,0,g
Melanzana ovali,0,kg
Udon precotti,0,Confezione
Cavolo,0,Pezzetto
Funghi shiitake secchi,0,g
Pollo filetto,0,Unità
Orecchiette,0,g
Germogli freschi,0,Unità
Tortillas di mais,0,Unità
Queso messicano Oaxaca,0,g
Peperoncino verde,0,Unità
Peperoncino nero,0,Unità
Olio extravergine dioliva,0,Unità
Manzo,0,kg
"Fave fresche, peso al netto degli scarti",0,g
Guanciale,0,g
Pasta fresca all'uovo per lasagne,0,g
Ciliegini,0,g
Formaggio Raclette,0,g
Cipolle di tropea,0,Unità
Pane da hot dog,0,Unità
Würstel di maiale,0,Unità
Radicchio rocchio,0,g
Penne,0,g
Spinarolo,0,g
Gallinella di piccola pezzatura,0,g
Nasello di piccola pezzatura,0,g
Sogliola,0,g
Triglia di piccola pezzatura,0,g
Pasta brisé tonda,0,rotolo
Prosciutto cotto affettato a fette spesse 2 o 3 mm,0,g
Fagiolo già lessati in scatola,0,g
Ceci lessati in scatola,0,g
Ditalini,0,g
Fagiolo borlotti già ammollati,0,g
Verza (o cavolo cappuccio),0,g
Cappone,0,kg
Senape forte,0,Unità
Orzo,0,g
Riso semifino per risotti,0,g
Orata da circa 400 g,0,Unità
Anelletti,0,g
Pinoli tostati,0,g
Pangrattato tostato,0,g
Alici sottolio a filetti,0,g
Fagiolo secchi,0,g
Lenticchie secchi,0,g
Farro decorticato,0,g
Orzo decorticato,0,g
Pasta sfoglie per lasagne,0,g
Besciamella pronta,0,g
Vitello,0,kg
Tomino,0,Cucchiai
Pane per burger,0,Unità
Carciofo violetti,0,Unità
Speck in un'unica fetta,0,g
Brodo vegetale granulare,0,Cucchiaino
Funghi freschi misti,0,g
Pasta fresca all'uovo,0,g
Salsicce di maiale,0,g
Burro 1,0,Noce
Porro la parte bianca,0,Unità
Riso Arborio o Carnaroli,0,g
Lardo di Colonnata,0,Fette
Cipolla biancoa,0,Unità
Sarda fresca,0,g
Finocchietto selvatico,0,g
Erbe aromatiche di Provenza,0,Cucchiaino
Sale nero di Cipro,0,Unità
Sgombro filetti,0,g
Formaggio Feta,0,g
Pane tipo burger buns,0,Unità
burger di manzo,0,Unità
Formaggio cheddar,0,Fette
Insalata romana,0,Cespo
Zucchero semolato bianci,0,Unità
Fagiolo rossi,0,Unità
Pasta tipo paccheri di Gragnano,0,g
Riso Venere,0,g
Pomodori datterini confit,0,g
Quinoa tricolore,0,g
Mozzarella ciliegina,0,g
Pasta calamari,0,g
Riso Venere integrale,0,g
Farina integrale macinata a pietra per pane,0,g
Pasta tipo aneletti,0,g
Noodles di riso,0,g
Noodles di frumento,0,g
Riso basmati,0,g
Cocco fresco,0,g
Mozzarella di bufala,0,Unità
Pasta tipo calamarata,0,g
Pecorino romano,0,g
Pasta tipo bucatini,0,g
Riso originario,0,Bicchiere
Tè,0,bustina
Aneto semi,0,Cucchiaino
Maiale spalla,0,kg
Panini da hamburger,0,Unità
Insalata lollo,0,Unità
Ceci precotti,0,g
Tabasco ai peperoncini verdi,0,Unità
Pane per hamburger,0,Unità
Pomodori datterini,0,Unità
Pasta fregola sarda,0,g
Ananas centrifugato,0,ml
Riso con farro e orzo precotti,0,g
Fagiolini lessati,0,g
Tonno in fletti sott'olio,0,g
acciughe in fletti sott'olio,0,Unità
Pomodoro insalataro,0,Unità
Brodo di pesce,0,ml
Garam Masala,0,Cucchiaino
Pomodori ciliegino giallo,0,Unità
Pasta tipo linguine,0,g
Ricotta di pecora salata,0,Unità
Pomodori cuore di bue,0,Unità
Mela Marlene,0,Unità
Senape in polvere,0,Cucchiaino
Vongole congelate,0,g
Zucchina grande,0,Unità
Mandorle pelata,0,Unità
Lemongrass,0,g
Quinoa bianca,0,g
"Fave fresche, al netto dello scarto",0,g
Piselli fini,0,g
Cipolla novella,0,Unità
Noci gherigi,0,g
Pasta sfoglia per lasagne,0,Unità
Bulgur precotto,0,g
Asparago bianco,0,g
Gamberone (o mazzancolle),0,Unità
Aceto di lamponi,0,Cucchiaio
Carciofino sottolio alla contadina,0,Unità
Cipollotto fresco,0,Unità
Ricotta di mucca,0,g
Carote tritata,0,g
Prosciutto crudo a fette sottili,0,g
Formaggio a scelta,0,Fetta
Alga nori in fogli,0,Unità
Broccolo romano al vapore,0,Unità
Polpetta di carne al sugo,0,Unità
Arancia a spicchi,0,Unità
Tofu a pasta morbida,0,g
Pompelmo,0,Unità
Pompelmo il succo,0,Unità
Mandorla in scaglie,0,Unità
Farina di riso finissima,0,g
Pasta corta senza glutine,0,g
Emmenthal grattugiato,0,g
Lievito istantaneo per focacce e torte salate,0,g
Uovo per spennellare la superficie,0,Unità
Spinaci puliti o altra verdura a foglia verde,0,g
Totano di media grandezza,0,Unità
Riso venere,0,g
Vongole veraci,0,g
Pomodori gialli e rossi,0,Unità
Pasta sfoglia rotolo,0,Unità
Rape le cime già pulite,0,g
Formaggio crescenza,0,g
Funghi porcino secco,0,g
Pomodori fresco,0,g
Pomodoro concetrato,0,Cucchiaino
Pasta tipo paccheri,0,g
Erbe aromatiche fresche,0,g
Riso Vialone Nano,0,Unità
Piselli freschi o surgelati,0,Unità
Pomodoro secco,0,Unità
Maiale coscia macinata,0,g
Vitello spalla macinata,0,Unità
Formaggio filante tipo mozzarella,0,g
Uova piccole,0,Unità
Spinaci purea,0,g
Barbabietola rossa in purea,0,g
Peperoncino freschi,0,Unità
Emmenthal a fette,0,g
Gorgonzola al mascarpone,0,g
Pasta secca per lasagne,0,g
Spigola,0,g
Indivia riccia,0,g
Manzo gallese,0,g
Farina per infarinare,0,Unità
Piselli secchi spezzati,0,g
Olio extravergine di oliva di Castelvetrano,0,Cucchiai
Sale integrale di Trapani,0,Unità
"Riso Carnaroli, Ribe o Arborio",0,g
Pasta  corta,0,g
Caciocavallo a cubetti,0,g
Acqua sbucciato,0,ml
Radicchio rosso,0,Cespo
Radicchio di Treviso tardivo,0,g
Pasta fresca per lasagne,0,g
Avena decorticata,0,g
Gomasio,0,Cucchiai
Maiale polpa a fette,0,g
Pancetta fresca,0,Fette
Cavatelli,0,g
Pasta corta a piacere,0,g
Tonno rosso,0,g
Olio extravergine di olica,0,Unità
Pasta all'uovo per lasagne,0,Foglio
Zucchine con i fiori,0,unità
Pomodori piccadilly o ciliegino,0,Unità
Peperoncino (opzionale),0,Unità
Agnello polpa a pezzetti,0,kg
Birra scura,0,ml
Manzo scamone,0,kg
Pasta tipo spaghetti alla chitarra,0,g
Gamberetto rosa,0,g
Baccalà,0,g
Speck in una sola fetta,0,g
Trofie,0,g
Conchiglioni,0,g
Spinaci lessi,0,g
Funghi misti surgelati,0,g
burger di soia,0,Unità
Melanzana grandi striate,0,Unità
Stoccafisso polpa ammollata,0,g
Pane nero,0,Unità
Pancetta dolce a dadini,0,g
Fontina valdostana,0,g
Tagliatelle all'uovo,0,g
Totano,0,g
Vino vino bianco secco,0,ml
"Fagiolo secchi, ammollati una notte",0,g
Cime di rapa,0,g
Cavatelli freschi,0,g
Pesce misto abbattuto,0,Unità
Siracha,0,g
Noci di Macadamia,0,g
Germogli di porro e ravanello,0,Unità
Zucchine chiara,0,Unità
Tagliolini,0,g
"Tè al ginger, liquirizia e rose",0,bustina
Olio extravergine di oliva aromatizzato alla menta,0,Cucchiai
Calamaro già puliti,0,g
Seppia già pulite,0,g
Pesce misto pulito,0,g
Gambero coda,0,Unità
Couscous integrale,0,Unità
Pomodori tondi rossi,0,Unità
Carne macinata,0,g
Curry Madras forte,0,Unità
Riso Basmati già cotto,0,g
Pepe nero grattugiato,0,Unità
Rigatoni,0,g
Pepe nero marinato,0,Unità
Fregola sarda,0,g
Formaggio svizzero,0,g
Carciofino sottolio,0,g
Carne manzo e vitello macinati,0,g
Riso Bomba,0,g
Fagiolini verdi,0,g
Fagiolo bianchi di Spagna,0,Lattina
Paprika affumitata,0,Cucchiaino
Colorante alimentare giallo,0,Cucchiai
Farro pelato,0,g
Pomodori tipo Pomodorini,0,g
Parmigiano Reggiano in scaglie,0,g
Pane grattato,0,Cucchiai
Pane  in cassetta,0,Fette
Formaggio  filante,0,Fette
Seppia piccole,0,g
panbrioche,0,Fette
Insalata iceberg,0,Foglia
Pollo (petti),0,g
Patate novelle,0,g
Pomodori  datterini,0,g
Pistacchi sgusciati e non salati,0,Cucchiai
Pepe macinato al momento,0,Pizzico
Riso semilavorato per risotti,0,g
Vitello macinato,0,g
Mortadella Bologna,0,g
Salsiccia di maiale,0,Unità
Macinato di manzo,0,g
Pomodoro secchi,0,Manciata
Aglione,0,Spicchio
Spaghetti di Gragnano,0,g
Provolone del Monaco grattugiato,0,g
Pasta secca per lasagne in fogli,0,g
Pesto alla genovese,0,g
Cipolla dorata,0,kg
Brodo vegetale (anche preparato con il dado),0,lt
Bucatini,0,g
Patate da gnocchi,0,g
Baccalà mantecato,0,g
Funghi porcini secchi,0,g
Carota piccola,0,Unità
Linguine,0,g
Astice,0,g
Riso per risotto,0,g
Spinaci novelli in foglia,0,g
Peperoncino essiccato,0,Unità
Tartufo nero,0,g
Seppia intere,0,g
Borragine,0,g
Riso semintegrale per risotti,0,g
Tartufo bianco,0,g
Porcino fresco,0,Unità
Olio di nocciola,0,Cucchiai
Ricotta salata grattugiata,0,Cucchiai
Trippa mista,0,Unità
Cipolla bionda,0,Unità
Pajata,0,g
Manfredi,0,g
Manzo polpa da brodo,0,g
Pelati sgocciolati,0,Unità
Fasolari,0,g
Pesto alla genovese pronto,0,Cucchiai
Bottarga di muggine,0,g
Paccheri,0,g
Linguine all'uovo,0,g
Prosciutto cotto affettato,0,g
Melanzana violetta,0,Unità
Pomodori freschi e maturi,0,kg
Vongole (arselle),0,kg
Trofie fresche,0,g
Fusilli,0,g
Riccio di mare,0,Unità
Tortellini,0,g
Pomodori San Marzano pelati,0,g
Merluzzo polpa,0,g
Gramigna,0,g
Formaggio fiscidu,0,g
Carletti,0,g
Tortiglioni,0,g
Cheddar,0,g
Gnocchi di patate,0,g
Noce moscata grattigiata,0,Pizzico
Pasta di grano duro,0,g
Speck trancio,0,g
Spaghetti di riso,0,g
Fagiolo borlotti secchi,0,g
Olio extravergine di olvia,0,Unità
Dado granulare,0,Cucchiaino
Farina di riso glutinoso,0,g
Maiale polpa,0,g
Manzo polpa,0,g
Pollo frattaglie,0,g
Pecorino toscano semi stagionato,0,Unità
Funghi porcini freschi,0,g
Bisque,0,ml
Manzo tasto,0,g
Maiale costine,0,Unità
Maiale muscolo,0,g
Riso Carnaroli o Arborio,0,g
Maiale filetto macinato,0,g
Riso CArnaroli,0,g
Midollo,0,g
Cannelloni,0,Unità
Carne,0,g
Cipolla ramata,0,Unità
Riso 0semifino da risotti,0,g
Cipolle dorata,0,g
Funghi pioppini o chiodini,0,g
Sarda pulite e diliscate,0,Unità
Formaggio di capra erborinato,0,g
Dado vegetale,0,Unità
Guanciale a cubetti,0,g
Pasta di grano duro corta,0,g
Peperoncino piccolo secco,0,Unità
Pasta tagliatelle all'uovo,0,g
Aringa affumicata,0,g
Cipolle tritata,0,g
Patata rossa,0,kg
Pomodori grandi,0,Unità
Riso per risotti Arborio o Carnaroli,0,Unità
Pasta corta tipo penne,0,g
Pomodori polpa in cubetti,0,g
Salsa di ostriche,0,Cucchiaio
Prosciutto cotto a dadini,0,g
Pasta tipo spaghetti o linguine,0,g
Pasta tipo rigatoni,0,g
Pomodori da sugo,0,g
Pasta rustica,0,g
Cipolla disidratata,0,Cucchiaino
Patè di oliva,0,Cucchiaino
Piselli freschi già sgranati,0,g
Salvia fresca,0,Foglia
Fave decorticate secche,0,g
Asparago selvatici,0,g
Succo di barbabietola,0,Bicchiere
Noodles precotti,0,g
Zenzero radice,0,fettina
Pak choi,0,fettina
Vino Amarone,0,ml
Formaggio Monte Veronese grattugiato,0,g
Fusilli integrali,0,g
Noce in gherigli,0,Manciata
Peperoncino piccolo,0,unità
Pasta tipo maccheroni,0,g
Olio di semi di mais per friggere,0,Unità
Pasta tipo conchiglioni,0,g
Olio Extravergine di oliva,0,Unità
Fiori eduli di primula,0,Unità
"Zenzero a fettine, fresco",0,Unità
Carne macinato di vitello,0,g
Salsicce luganega,0,g
Formaggio Cacioricotta,0,g
Olio  Extravergine D'Oliva,0,Unità
Olive verdi o nere,0,g
Peperoncino rosso frantumato,0,Unità
"Sale grosso, per l'acqua della pasta",0,Unità
"Pasta all'uovo, tipo lasagne",0,g
Cavolfiore media grandezza,0,Unità
Mozarella fiordilatte,0,g
Pasta spaghetti,0,g
Funghi secchi,0,g
Pasta confezione di lasagne pronte,0,Unità
Parmigiano Reggiano o formaggio affinato nel fieno,0,g
Formaggio Scamorza affumicata,0,g
Lime scorza grattugiata e succo,0,Unità
"Origano fresco, solo le foglie",0,g
"Prezzemolo fresco, solo le foglie",0,g
Farina di mais fumetto,0,g
Radicchio precoce,0,Cespi
Radicchio tardivo,0,Cespi
Formaggio casatella DOP,0,g
Baccalà ammollato e privo di spine,0,g
Fagiolo Borlotti secchi,0,g
Salsicce di Norcia,0,Unità
Cacioricotta,0,g
"Pasta corta, tipo sedanini",0,g
Formaggio Grana Padano,0,Unità
Mela rosse,0,Unità
Nocciola tostata e tritata,0,Unità
Blu di bufala,0,Unità
Vino Lambrusco,0,ml
Merluzzo,0,g
Pasta cannelloni,0,g
Latte latte,0,ml
Pasta fettuccine all'uovo,0,g
Nocciola sgusciate e tostate,0,g
Formaggio grattugiato tipo gruyère,0,g
Sarda fresche sfilettate,0,g
Funghi champignon freschi,0,Unità
"Ricotta vaccina, riposata 24 ore",0,g
Basilico genovese DOP,0,g
Pecorino sardo DOP,0,g
Pasta sfoglia all'uovo,0,g
Piselli finissimi,0,g
Cavolfiore grande,0,Unità
Speck in cubetti o striscioline,0,g
Brodo di dado vegetale,0,ml
Finocchio al netto degli scarti,0,g
Germogli a piacere,0,g
Cipolle rossa piccole,0,Unità
Olio extravergine di oiliva,0,Cucchiai
Pane casereccio tostato,0,Unità
Piselli freschi sgranati,0,g
Pancetta tesa,0,g
Zafferano pistilli,0,Unità
Patate piccola,0,Unità
Funghi fresco,0,g
Fagiolo tondino già lessi,0,Vasetto
Pomodoro secchi sottolio,0,Vasetto
Tartufo nero scorzone,0,Unità
Pasta calamarata,0,g
Salsicce impasto,0,g
Birra chiara,0,ml
Ragù bianco pronto,0,g
Funghi Champignon,0,g
Salsa tartufata,0,Cucchiai
Vino spumante secco,0,ml
Barbabietola rossa lesse,0,g
Pasta corta tipo spaghetti,0,g
Melanzana viola,0,Unità
Pomodoro salsa,0,Unità
Uvetta di corinto,0,g
Formaggio Philadelphia o Certosa,0,g
Zucchine tonde,0,Unità
Olio extravergine di oliv,0,Unità
Pomodori secco,0,g
Pane ai semi,0,Unità
Vino rosato o bianco,0,Bicchiere
Radicchio di Treviso,0,Cespi
Parmigiano reggiano grattugiato 30 mesi,0,g
Pepe nero della MAlesia,0,Unità
Pasta tipo fettuccine,0,g
Pistacchi solo il furtto,0,g
Vino bianco frizzante,0,Bicchiere
Riso Parboiled,0,g
Pasta a cottura lunga,0,g
Pecorino romani,0,Cucchiai
Pizzoccheri,0,g
Pasta tipo penne,0,g
Pera decana,0,Unità
Pecorino toscano,0,Unità
Pomodori ramati,0,Unità
Toma,0,g
Formaggio caprino,0,g
Pomodori gialli,0,Unità
Riso Vialone nano o Carnaroli,0,g
Acqua di cottura della pasta,0,Mestoli
Agnello spalla talgiata a pezzi,0,Unità
Carote piccole,0,Unità
Pasta integrale corta,0,g
Pistacchi salati e tostati,0,g
Pasta tipo tagliatelle,0,g
Tacchino fesa,0,g
Carne macinata mista maiale e manzo,0,g
Riso vialone nano,0,g
Scampo fresco,0,g
Peperoncino in pasta,0,Cucchiaino
Spinaci lessati e strizzati,0,g
Riso Carnaroli o arborio,0,g
Ceci già lessi,0,g
Sedano costa,0,Unità
Bottarga,0,g
Sarda sotto sale,0,Filetto
Bigoli,0,g
Strozzapreti,0,g
Girello di manzo,0,g
Pasta sfoglia all'uovo fresca,0,g
Semi di nigella,0,Cucchiaino
Rosmarino aghi,0,Unità
Melanzana lunghe medie,0,Unità
Caciocavallo stagionato grattugiato,0,g
Provola affumicato,0,g
Salame di Napoli,0,g
Pomodori perlati,0,g
Piselli già lessati,0,g
Formaggio semi stagionato,0,g
Farina di grano duro rimacinata,0,g
Lipini,0,kg
Pasta integrale tipo orecchiette,0,g
Vino rosso secco,0,Unità
Lenticchie piccole,0,g
Semi misti tostati,0,Unità
Fettuccine,0,g
Fagiolini cannellini già lessi,0,g
Pomodori  datterini gialli,0,Unità
Pomodori  camone,0,Unità
Basilico  greco fresco,0,Cucchiaino
Pasta  tipo farfalle,0,g
Piselli sgusciati,0,g
Menta fresca tritata,0,Cucchiai
Fagiolo  borlotti già lessi,0,g
Pasta tipo cavatelli,0,g
Zucchine baby,0,Unità
Limone fresco,0,Unità
Riso  carnaroli,0,g
Pancetta  dolce a cubetti,0,g
Spaghetti Agnesi,0,g
Gambero rosa,0,Unità
Pasta  tipo penne Agnesi,0,g
Gambero argentini,0,g
Pasta tipo caserecce,0,g
Pomodori tipo pachino,0,Unità
Porro (mezzo),0,Unità
Pasta  gnocchi di riso cinesi,0,g
Zucchine con fiore,0,Unità
Cannelloni  di grano duro,0,Unità
Peperone friggitelli,0,Unità
Carota media,0,Unità
Zucchina media,0,Unità
Ceci  lessati,0,g
Melanzana tonde grosse,0,Unità
Pistacchio,0,Manciata
Pomodori piccadilly,0,g
Tagliatelle  all'uovo,0,g
Rape rosse (peso al netto degli scarti dopo la cottura),0,g
Rape gialle,0,g
Patate (peso al netto degli scarti dopo la cottura),0,g
Farina debole 00,0,g
Ricotta affumicata (a piacere),0,Unità
Pasta di tipo mezzi paccheri rigati,0,g
Ricotta fresca vaccina,0,g
"Asparago verdi, al netto degli scarti",0,g
Parmigiano  Reggiano grattugiato,0,Cucchiai
Lasagna arricciate,0,g
Costine di maiale,0,g
Carne  macinata,0,g
Mollica  di pane casereccio,0,Unità
Pasta  tipo pappardelle fresche,0,g
Orata,0,Filetto
Crostino di pane,0,Unità
Maiale lonza,0,g
Prosciutto crudo di Parma,0,g
Mortadella  Bologna,0,g
Farina  senza glutine,0,g
Amido  di mais,0,g
Pepe nero macinato al momento,0,Unità
Mozzarelline,0,g
"Radicchio misto (tardivo, precoce e variegato)",0,g
Limone per i carciofi,0,Unità
Sfoglie per lasagne sottili,0,Unità
Verza tagliata a strisce,0,g
Salsicce privata della pelle,0,g
Provolone dolce grattugiato grossolanamente,0,g
Pasta mista di grano duro,0,g
Pancetta  affumicata a dadini,0,g
Parmigiano Reggiano (scorze),0,Unità
Sfoglie  per lasagne,0,g
Broccolo verde,0,g
Castagna  arrostite,0,g
Pasta di tipo Linguine,0,g
Gamberone  già puliti,0,Unità
Aglio  intero e schiacciato,0,Spicchio
Pomodori di tipo ciliegino,0,Unità
Cognac o Brandy,0,ml
Burro  tagliato a cubetti,0,g
Cocco  rapè,0,g
Olio evo delicato,0,Unità
Zenzero  in polvere,0,Cucchiaino
Fagiolo cannellini,0,g
Cipolla bianca o dorata,0,Unità
Maiale lonza a fette,0,Unità
Alcol a 95 gradi,0,lt
Cedro,0,Unità
Agnello cosciotto,0,Unità
Branzino (da 400-500 g l'uno),0,Unità
Confettura gusto a piacere,0,Vasetto
Branzino da 700 grammi circa eviscerato,0,Unità
Coriandolo semi,0,g
Verbena,0,g
Erba cipollina i fiori,0,Unità
Dado vegetale bio,0,Unità
Acciuga in pasta,0,Cucchiaio
Pane solo la  mollica,0,Fetta
Arance bio,0,unità
Arance essiccata,0,Fette
Vino rosso tipo Cabernet,0,lt
Alcol 90°,0,ml
Burro chiarificato,0,g
Arachidi,0,g
Aglio rosso,0,g
Soia granulare,0,g
Peperoncino la punta di un,0,Unità
Pepe della Giamaica,0,Unità
Carne muscolo di manzo,0,g
Ossa,0,Unità
Maiale arista,0,g
Provola fresca di Agerola,0,g
Riso per sushi (in alternativa riso a chicco corto o riso Roma),0,g
"Pera clementine, barbabietole, carote, zenzero, mirtilli, ananas, erbe aromatiche fresche, erbe di campo (achillea, equiseto...)",0,Unità
Tofu naturale,0,g
Yogurt naturale di soia,0,Vasetto
Farina  di semola rimacinata,0,g
Basilico DOP genovese del Prà,0,Foglia
Parmigiano reggiano stagionato 30 mesi,0,g
Pecorino fiore sardo 10 mesi,0,g
Pomodori ramati maturi,0,g
Fagiolo nero,0,g
Carne di manzo macinata,0,g
Peperoncino Chipotles,0,Cucchiaino
Paprika in polvere,0,Cucchiaino
Acqua oppure brodo vegetale,0,ml
Polpo piccoli,0,g
Olive greche nere,0,g
Carne di pollo o di vitello,0,fettina
Salvia secco,0,Cucchiaino
Brodo di carne o vegetale,0,ml
Cipolla rossa piccola,0,Unità
Mortadella affettata,0,g
Stinco di maiale,0,Unità
Patate novella a pasta rossa,0,g
Vitello sottonoce,0,Fette
Prosciutto cotto affettato sottile,0,Fette
Dado vegetale granulare,0,Cucchiaino
Vitello polpa a fette sottili,0,Fetta
Pancetta stesa,0,Fetta
Caciocavallo podolico grattugiato,0,g
Vino rosso leggero,0,Bicchiere
Melanzana violette,0,Unità
Funghi champignon medio grandi,0,Unità
Zucchine rotonda,0,Unità
Macinato di maiale,0,g
Cipolla grossa,0,Unità
Sedano verde con tutte le foglie,0,Costa
Coniglio in pezzi,0,kg
Cipolla bianca di media grandezza,0,Unità
Fagiolo Cannellini secchi,0,g
Pollo coscia e sovra coscia,0,Unità
Spezie mix per tandoori,0,Cucchiaio
Peperoncino in polvere,0,Pizzico
Castrato,0,kg
Brodo granulare di carne,0,Cucchiaio
Cipolla bianca media,0,Unità
Pesce filetto già privo di scarti,0,g
Pane casereccio senza crosta,0,g
Senape forte di Digione,0,Cucchiaino
Pomodori passata a pezzettoni,0,ml
Brodo granulare vegetale,0,Cucchiaino
"Pane raffermo, solo la mollica",0,g
Senape in grani,0,Cucchiaio
Maiale braciole,0,Unità
Sottilette,0,Unità
Vitello girello a fette,0,g
Pepe nero amcinato fresco,0,Unità
Manzo controfiletto,0,g
Cavallo spezzatino,0,kg
Bianchetti,0,kg
Tinca,0,Unità
Ginepro,0,bacca
"Erbe aromatiche (timo, alloro, rosmarino, salvia)",0,Unità
Barolo,0,Bottiglia
Faraona,0,Unità
Arancia la scorza e il succo,0,Unità
Pollo alette,0,kg
Maiale spezzatino,0,g
Birra bionda,0,ml
Cheddar bianco,0,g
Ossobuco di tacchino,0,Unità
Paprika dolce in polvere,0,Cucchiaino
Coriandolo fresco tritato,0,Cucchiaio
Vitello carrè con osso,0,Fette
Branzino,0,g
Pepe rosa macinato,0,Unità
Orata piccola,0,Unità
Platessa filetti,0,Unità
Prezzemolo già tritato,0,Cucchiaio
Olive nere e verdi,0,Unità
Asiago fresco,0,g
Pollo ali,0,kg
Senape con i semi,0,Cucchiai
Costate di razza Chianina da 600 gr ca.,0,Unità
Manzo lombata,0,kg
Orata di circa 500 gr,0,Unità
Melanzana lunghe e medie,0,Unità
Nasello,0,g
Limoni il succo e le fette,0,Unità
Trota salmonata,0,g
Tonno trancio,0,Unità
Orata monoporzione,0,Unità
Seppiolina,0,Unità
Manzo a fette sottili,0,Fette
Coriandolo in semi,0,Cucchiaino
Aglio polvere,0,Cucchiaino
Paprika affumicata in polvere,0,Cucchiaino
Ancho polvere,0,Cucchiaino
Cannella polvere,0,Cucchiaino
Parmigiano reggiano gratutrato,0,Cucchiai
Zenzero radice frescoa,0,cm
Erbe aromatiche miste,0,Mazzetto
Pollo sovra cosce,0,Unità
Arance bionde,0,Unità
Vino secco bianco,0,Bicchiere
Agnello carrè,0,g
"Erbe aromatiche miste a piacere (timo, salvia, alloro, rosmarino, maggiorana)",0,Mazzetto
Arance succo,0,ml
Agnello,0,kg
Guancette di manzo,0,kg
Vitella,0,Fette
Agnello costolette,0,Unità
Tonno filetto,0,Unità
Sesamo bianco semi,0,Unità
Vitello girello o magatello,0,g
Brodo di carne bollente,0,Unità
Vitello tasca,0,g
Salmone trancio,0,g
Dado,0,Unità
Piedino di maiale,0,Unità
Musetto,0,Unità
Costine,0,kg
Salsiccia,0,kg
Cotenna,0,g
Manzo taglio cappello del prete,0,g
Pollo a pezzi,0,kg
Pollo petto a fette spesse,0,Fette
Pepe rosso e nero in grani,0,Unità
Brodo vegetale (o di carne),0,ml
Pollo sovracosce,0,g
Merluzzo filetti,0,g
Anatra petto,0,g
Arancia il succo e la scorza grattugiata,0,Unità
Pollo intero disossato,0,Unità
Lingua salmistrata,0,g
Prosciutto cotto in un'unica fetta,0,g
Lardo in un'unica fetta,0,g
Pistacchi pelati e non salati,0,g
Tartufo,0,g
Agnello da latte,0,kg
acciughe sotto sale,0,Filetto
Maiale filetto,0,g
Pancetta dolce tesa affettata,0,g
Orata da circa 450 g,0,Unità
Pepe nero di Sarawak,0,Cucchiaino
Quaglia,0,Unità
Patate americane dolci,0,Unità
Passito di Pantelleria,0,Bicchiere
Montasio semistagionato,0,g
Cipolle al netto degli scarti,0,g
Olive di Gaeta,0,Unità
Prezzemolo tritato fresco,0,Unità
Maiale Puntine,0,g
Pancetta di maiale,0,g
Aceto di canna,0,ml
Sprite,0,ml
Limone il succo e la scorza non trattata,0,Unità
Pollo disossato a pezzi,0,kg
Pomodori pelato sgocciolati,0,g
Galletto Vallespluga,0,Unità
Zucchero di canna grezzo in polvere,0,Unità
Origano in polvere,0,Cucchiaino
Cipolla in polvere,0,Cucchiaino
Edamame surgelate,0,g
Arachidi tostate,0,unità
"Vino bianco fermo, a gradazione alcolica contenuta (10-11 % vol)",0,lt
Cipolle rossa grande,0,Unità
Olio EVO,0,Unità
Peperoncino tritato,0,Unità
Farina per dolci,0,Cucchiaio
Carne di castrato,0,g
Soia in fiocchi,0,g
Pesce persico a filetti,0,g
Melagrana succo,0,ml
Carne macinato misto manzo e maiale,0,g
Spezie per hamburger,0,Cucchiaino
Salsa barbecue,0,Unità
Pane da hamburger,0,Unità
Pollo fusi,0,Unità
Limone confit,0,Unità
Zenzero radice fresca,0,cm
acciughe salate,0,Unità
Pangrattato senza glutine,0,Cucchiai
Pollo sovra coscia disossata,0,g
Cipolline borrettane,0,Unità
Cipolline borrettana,0,Unità
Fiori di salvia,0,Unità
Piselli baccelli,0,g
Formaggio stagionato grattugiato (a piacere),0,Cucchiai
Ananas il succo,0,ml
Zenzero grattugiato fresco,0,Unità
Seppia al netto degli scarti,0,g
Birra Guinness,0,ml
Bottarga facoltativa,0,Unità
Pomodori secco sottolio,0,Unità
Tofu a pasta ferma,0,g
Vitello bistecche da 80 g,0,Unità
Senape dolce,0,Cucchiai
Rana pescatrice,0,g
Tonno in tranci,0,g
Coniglio cosce disossate,0,Unità
Aglio essiccato,0,Cucchiaino
Manzo taglio roast beef,0,g
Pepe rosa macinato fresco,0,Unità
Insalata lattughino,0,g
Insalata Indivia belga,0,Cespi
"Merluzzo stoccafisso, la polpa in pezzi già ammollato",0,g
Patate vecchie di medie dimensioni,0,Unità
Pomodori pelato a cubetti,0,g
Formaggio pecorino siciliano grattugiato,0,Cucchiai
Seppia Seppioline piccole,0,Unità
Pesce Persico,0,g
"Salmone filetti, già puliti e privati delle lische",0,g
Aglio o la punta di undi aglio in polvere,0,Spicchio
Limone per accompagnare,0,Unità
Tacchino il petto macinato,0,g
Liquore Sherry,0,ml
Finocchio piccoli,0,Unità
Burro Morbido,0,g
Speck in fette,0,Unità
Piselli trifolati,0,g
Formaggio  Emmental a cubetti,0,g
Faraona già spezzata,0,kg
Carote già pulite,0,g
Cipolle già pulita,0,g
acciughe in filetti sott'olio,0,Unità
Pane per crostini,0,Unità
Carne spalla di vitello,0,kg
Pane in cassetta integrale,0,g
Scalogno piccolo,0,Fetta
Farina facoltativa (nel caso il composto fosse troppo liquido),0,Unità
Sedano rapa o una costa di sedano,0,Fetta
Carote medie,0,Unità
Latte o acqua,0,ml
Olive teaggiasche,0,g
Costate di manzo,0,unità
Birra ambrata,0,ml
Zenzero grattugiato fresco o 1 cucchiaino in polvere,0,Cucchiaio
Rosmarino 2,0,Unità
Sale grosso o Fleur De Sel,0,Unità
Olive nere intere,0,g
Vino Verdicchio,0,ml
Manzo taglio roastbeef,0,g
Rosmarino tritato finemente,0,Rametto
Salvia tritata finemente,0,Foglia
Cavolfiore viola,0,Unità
Cavolfiore giallo,0,Unità
Radicchio tardivo di treviso,0,Cespo
"Yogurt bianco 0,1% di grassi",0,ml
Tacchino macinato,0,g
Stoccafisso filetti ammollati,0,g
Lenticchie lesse,0,g
Spigola eviscerata,0,g
Pomodori del Piennolo,0,Unità
Vino Bianco Greco di Tufo,0,Bicchiere
Carne di maiale,0,Unità
Pane pita,0,Unità
Tzatziki pronto,0,Unità
Sedano foglie,0,Unità
Galletto in pezzi,0,kg
Coniglio già in pezzi,0,kg
Pancetta stagionata,0,g
Carne noce di vitello,0,kg
Fegato di vitello o di maiale,0,g
Cipolle bianca di Chioggia,0,Unità
Farina istantanea per polenta,0,g
Lemongrass fresco,0,Stelo
Arancia bio zeste,0,Stelo
Salmone in tranci,0,g
Aglio in camicia,0,Spicchio
Maiale taglio arista,0,Fetta
Castagna già cotte e sbucciate,0,g
Maiale arista a fette,0,Unità
Uva nera ad acino piccolo,0,g
Tacchino petto,0,g
Zucchine lunga,0,Unità
Trota già pulite,0,Unità
Pollo intero in pezzi,0,kg
Baccalà dissalato,0,g
Merluzzo sotto sale,0,g
Pesce persico,0,g
Nocciola sgusciate e spellate,0,g
Sale in scaglie,0,Unità
Vitello costine con l'osso,0,Unità
Pomodori secchi sott'olio,0,Unità
Garam Masala in polvere,0,Cucchiaino
Carne macinata di vitello,0,g
Maiale taglio Arista,0,Fette
Pepe verde,0,g
Polpo eviscerato,0,g
Patate bollita,0,g
Spezie mix per carni,0,Cucchiaino
Gambero puliti e sgusciati,0,Unità
Seppia pulite,0,Unità
Branzino filetti da circa 300 gr l'uno,0,Unità
Carne di manzo taglio fesone,0,kg
Spinaci cotti e spadellati in aglio e olio,0,g
Anatra disossata,0,Unità
Prosciutto crudo di montagna,0,g
Maiale coscia o lonza,0,g
Salvia tritata,0,Cucchiaino
Rosmarino tritato,0,Cucchiaino
Prugne fresche,0,g
Faraona già pulita ed eviscerata,0,kg
Castagna bollite,0,g
"Pesce (calamari, gamberi, vongole, salmone)",0,g
Chili,0,Cucchiaino
Albicocca disidratate,0,g
Timo tritato,0,Cucchiaio
Origano tritato,0,Cucchiaio
Erba cipollina tritato,0,Cucchiaio
Manzo fettine di girello,0,Unità
"Erbe aromatiche (timo, salvia, rosmarino)",0,Mazzetto
Rape rossa,0,g
Germogli di porro,0,Unità
Carne macinata mista,0,g
Parmigiano reggiano gratttugiato,0,g
Tarassaco,0,g
Ossobuco di vitello,0,Unità
Vino rosso e corposo,0,Bicchiere
Farina  di mais bianca,0,g
Pera abate,0,Unità
Cannella (stecca),0,cm
Patate piccole,0,Unità
Maiale polpa di spalla,0,kg
Farina  0,0,g
Senape (dip),0,Cucchiaino
Patate  dolci americane,0,Unità
Maggiorana secca,0,Cucchiai
Pecorino stagionato grattugiato,0,Cucchiai
Filetto di cervo,0,g
Sale rosa grosso,0,Cucchiaino
Pesce in filetti,0,g
Cipolle  rosse di Tropea,0,Unità
Patate dolce lessata,0,g
Mais tostato,0,Manciata
Insalata lattuga romana o iceberg,0,Cespo
Parmigiano Reggiano  grattugiato più qualche scaglia per decorare,0,Cucchiai
Peperoncino in fiocchi per servire,0,Unità
Manzo carne trita,0,g
Maiale carne trita,0,g
Olio per ungere la teglia,0,Unità
Aceto di vino bianco o di mele,0,Cucchiai
Salsa di soia a ridotto contenuto di sale,0,Cucchiai
Agnello la coscia,0,kg
Agnello corata,0,Unità
Alloro fresco,0,Foglia
Salvia fresco,0,Foglia
Vino  bianco secco,0,Bicchiere
Agnello a pezzi,0,kg
Carciofo varietà mammole,0,Unità
Girello  di vitella,0,g
Manzo da spezzatino,0,g
Pollo intero,0,g
Pasta per brodo,0,g
Radicchio di Treviso IGP,0,Cespi
Erba cipollina per decorare,0,Unità
Carne macinata di manzo o vitello,0,g
"Salsicce , privata della pelli",0,g
Mollica di pane in briciole,0,g
zuppa  toscana con farro,0,g
Carota tritata,0,Unità
Fiocchi d'avena tritati,0,Cucchiai
"Farina di mais bianco macinata, per la panatura",0,Unità
Panini tipo burger buns,0,Unità
"Patate medio-piccole, da fare con la buccia",0,Spicchio
Cavolo nero,0,Cespo
Pomodoro alcune fette per farcire,0,Unità
Patata grossa (o due piccole),0,Unità
