,agretti in padella,anelli di cipolla fritti,anelli di cipolla in pastella,asparagi verdi di altedo igp gratinati con salsa di grana padano al pepe rosa e lime,broccoletti alle mandorle,broccoli al forno,broccoli gratinati,broccoli in padella,broccoli in pastella con il lievito di birra,caldarroste al forno,caponata,caponata di melanzane e peperoni,caponata di verdure,"cappuccio bianco al forno, le bistecche di cavolo in agrodolce",carciofi alla romana,carciofi e patate in padella,carciofi fritti in pastella,carciofi gratinati al forno,carciofi in padella,carciofi ripieni,carciofi ripieni al forno,cardi gratinati al parmigiano,cardoncelli fritti,"carote al latte, la ricetta per un contorno insolito",carote glassate al forno,castagne al sale in padella,castagne lesse,cavolfiore al forno,cavolfiore con olive in padella,cavolfiore gratinato,cavolfiore in padella,cavolo cappuccio all’orientale,cavolo cappuccio in umido alla siciliana,cavolo nero in padella,ceci in zimino la zuppa ligure per il pranzo di magro,cestini di zucchine e uova,cetrioli saltati alla menta,cetrioli sotto aceto,chips di patate,chips di verdure,chutney di melanzane,cipolle borettane in padella,cipolle caramellate,cipolle di tropea gratinate,cipolle in agrodolce con salsa di soia,cipolle rosse in agrodolce,"cipolle rosse ripiene di hummus, pomodori secchi e noci",cipolle stufate in padella,cipolline al forno,cipolline in agrodolce,come fare i funghi porcini sottolio in tre mosse,come fare la polenta in casa e ottenere la giusta consistenza,conserva di fagiolini sott’olio,crocchette di patate,crocchette di riso,"crocchette di zucca e ricotta, un secondo vegetariano con una consistenza perfetta",dhal di lenticchie,"dhal puri, la piadina ripiena di mauritius",fagioli alla messicana,fagioli all’uccelletto,fagiolini e patate: la ricetta di un contorno classico in versione pro,fagiolini gratinati,farofa,fava greca,finocchi in padella,fiori di zucca in padella,fiori di zucca ripieni di ricotta,flan di piselli,flan di spinaci,friarielli,friggitelli ripieni,frittelle di patate lesse,frittelle di zucca e rosmarino con salsa aioli,fufu,"funghi gratinati al forno, la ricetta per un contorno autunnale",funghi pleurotus in padella,funghi sott’olio,funghi trifolati,giardiniera,"goma wakame, la ricetta del contorno a base di alghe giapponesi",gratin di patate,insalata anguria feta e olive,insalata capricciosa,insalata con avocado,"insalata con bottarga di muggine, sedano, lamponi e menta","insalata di anguria, rucola e feta",insalata di carciofi crudi,insalata di fagiolini e feta,insalata di frutta e verdura,"insalata di indivia, per mangiare le verdure crude anche d’inverno",insalata di lenticchie,insalata di lenticchie pomodori e cipollotti,insalata di melone,insalata di patate e avocado alla messicana,insalata di patate lesse alle erbe,insalata di rinforzo napoletana,insalata di sedano noci e formaggio,"insalata di sedano, mele, formaggio e vinaigrette alle noci","insalata di spinacini, soia e pomodorini",insalata di tonno e fagioli,insalata di verdure grigliate,insalata di zucchine e tonno sott’olio di lidia bastianich,insalata estiva con frutta fresca,insalata fave e pecorino,insalata greca con feta,insalata melanzane feta e pomodorini,insalata melone e feta,insalata natalizia,insalata russa,insalata tonno olive pomodori e cipolle,"insalata waldorf, il contorno a base di sedano rapa e maionese inventato a new york",involtini di asparagi e prosciutto,involtini di melanzane al forno con prosciutto e formaggio,involtini di melanzane con prosciutto e mozzarella,involtini di zucchine al forno con prosciutto e mozzarella,lenticchie in umido,lenticchie semplicissime,"marmellata di cipolle con il bimby, per una consistenza perfetta",melanzane al forno gratinate,melanzane al forno veloci,melanzane al funghetto,melanzane al vapore,melanzane e pomodorini al forno,melanzane grigliate,melanzane in padella al pomodoro,melanzane ripiene,melanzane ripiene pugliesi,melanzane sott’olio,melanzane sott’olio a crudo,melanzane sott’olio fatte in casa,melanzane sott’olio senza cottura,melanzane trifolate con il bimby,moussaka,obazda classico,olive ascolane,olive nere condite,parmigiana di carote spinaci e toma allo zenzero,parmigiana di zucchine bianca,pasticcio di zucchine,patate a fisarmonica,patate al forno ripiene,patate al forno senza olio,patate alla lionese,patate alla paprika,patate bollite,patate duchessa ripiene,patate e cipolle gratinate al forno,patate e cipolle in padella,patate e peperoni al forno,patate in padella,patate lesse gustose,patate ripiene formaggio e speck,patate sabbiose al forno,patate sauté,patate speziate al forno,peperoni al forno,peperoni arrostiti in friggitrice ad aria,peperoni arrosto,peperoni gratinati,peperoni in agrodolce,peperoni in padella,peperoni in padella con patate e tonno,peperoni ripieni di tonno,pico de gallo,piselli in padella,piselli in umido,pizza di patate in padella,pizzette di melanzane,polenta in pentola a pressione,"polenta taragna, con formaggio filante e burro fuso",polpette di asparagi,"polpette di patate al forno, un degno sostituto della carne",polpette zucca e ricotta,polpettone di fagiolini,pomodori gratinati,pomodori in padella con aglio e origano,pomodori secchi sott’olio,pomodori verdi fritti,pomodorini confit,puntarelle alla romana,purea di finocchi,purè di cavolfiore,purè di patate,purè di patate col bimby,radicchio al forno,radicchio di chioggia igp marinato con gorgonzola e mele,ratatouille,rose di patate e speck,rosti di patate,rosti di patate e zucchine,rostkartoffeln,scarola e fagioli alla napoletana,scarola imbottita,sformati light di cavolfiore e bresaola,sformato di cavolfiore,sformato di finocchi,spaghetti di patate alla paprika,spaghetti di zucchine,spaghetti di zucchine con pomodorini,spiedini di verdure grigliate,spinaci in padella,taccole alla paesana,"torta salata con cavolfiore, una ricetta di recupero con una base croccante",tortino di fiori di zucca e patate,verdure gratinate al forno,verdure grigliate,verdure grigliate e pane croccante,verza bollita,verza stufata in padella,"zucca al forno con la buccia, per un risultato aromatico e caramellato",zucca al forno speziata,zucca fritta dorata,zucca gratinata,zucca patate e cipolle al forno,"zucca sott’olio, la ricetta di una conserva senza cottura",zucca stufata in padella con castagne e melograno,zucchine fritte,zucchine fritte alla romana,zucchine gratinate,"zucchine in agrodolce, la ricetta veloce con aceto balsamico",zucchine in umido,zucchine ripiene con couscous e uvetta,zucchine sabbiose in padella,zucchine sott’olio,zucchine trifolate,zucchine trifolate con il bimby
agretti in padella,1.0,0.17,0.08,0.0,0.26,0.09,0.0,0.3,0.0,0.0,0.13,0.15,0.0,0.1,0.26,0.24,0.16,0.18,0.18,0.24,0.21,0.0,0.08,0.08,0.1,0.0,0.11,0.08,0.3,0.18,0.17,0.0,0.28,0.2,0.15,0.17,0.1,0.0,0.0,0.0,0.13,0.18,0.0,0.15,0.09,0.11,0.12,0.09,0.2,0.09,0.17,0.0,0.16,0.08,0.08,0.06,0.06,0.08,0.08,0.26,0.26,0.16,0.09,0.26,0.2,0.18,0.0,0.18,0.08,0.3,0.21,0.08,0.2,0.0,0.28,0.28,0.22,0.24,0.0,0.13,0.08,0.07,0.08,0.06,0.08,0.16,0.16,0.15,0.06,0.17,0.14,0.15,0.07,0.17,0.26,0.08,0.08,0.14,0.14,0.2,0.12,0.16,0.14,0.17,0.16,0.16,0.1,0.08,0.0,0.16,0.08,0.0,0.2,0.0,0.1,0.14,0.24,0.0,0.18,0.2,0.28,0.24,0.11,0.34,0.11,0.15,0.14,0.24,0.26,0.08,0.08,0.1,0.18,0.05,0.12,0.2,0.15,0.08,0.18,0.0,0.08,0.0,0.18,0.22,0.28,0.08,0.08,0.09,0.18,0.1,0.28,0.0,0.17,0.1,0.08,0.28,0.28,0.28,0.24,0.22,0.16,0.07,0.14,0.09,0.0,0.08,0.17,0.24,0.0,0.0,0.08,0.18,0.0,0.14,0.28,0.09,0.24,0.09,0.24,0.26,0.1,0.08,0.1,0.09,0.22,0.18,0.2,0.16,0.2,0.08,0.09,0.18,0.08,0.08,0.0,0.0,0.28,0.28,0.23,0.12,0.11,0.2,0.08,0.15,0.14,0.2,0.18,0.09,0.18,0.22,0.06,0.08,0.22,0.1,0.16,0.14,0.0,0.11,0.16,0.16,0.28,0.0,0.26,0.16,0.3,0.0
anelli di cipolla fritti,0.17,1.0,0.19,0.0,0.14,0.0,0.0,0.17,0.08,0.0,0.11,0.12,0.04,0.08,0.14,0.14,0.14,0.16,0.08,0.14,0.12,0.0,0.14,0.14,0.08,0.0,0.1,0.07,0.17,0.16,0.0,0.0,0.16,0.08,0.12,0.14,0.08,0.0,0.11,0.0,0.06,0.16,0.0,0.12,0.08,0.1,0.1,0.08,0.17,0.08,0.07,0.0,0.06,0.14,0.22,0.11,0.05,0.07,0.0,0.14,0.14,0.14,0.08,0.22,0.12,0.16,0.0,0.24,0.06,0.17,0.12,0.12,0.23,0.0,0.16,0.16,0.12,0.14,0.0,0.0,0.0,0.06,0.07,0.06,0.06,0.14,0.14,0.12,0.04,0.14,0.12,0.12,0.06,0.14,0.14,0.06,0.06,0.12,0.12,0.11,0.1,0.14,0.12,0.14,0.14,0.14,0.08,0.06,0.0,0.14,0.06,0.0,0.12,0.0,0.08,0.12,0.14,0.0,0.08,0.17,0.16,0.14,0.1,0.14,0.1,0.06,0.12,0.14,0.07,0.0,0.0,0.0,0.16,0.04,0.1,0.08,0.12,0.19,0.15,0.0,0.12,0.0,0.16,0.19,0.16,0.07,0.06,0.08,0.16,0.0,0.16,0.0,0.14,0.08,0.0,0.16,0.16,0.16,0.14,0.14,0.14,0.06,0.12,0.08,0.0,0.07,0.14,0.14,0.0,0.0,0.12,0.15,0.1,0.12,0.16,0.0,0.14,0.19,0.14,0.14,0.08,0.14,0.17,0.16,0.19,0.1,0.12,0.14,0.17,0.14,0.08,0.08,0.0,0.07,0.0,0.08,0.16,0.16,0.2,0.1,0.0,0.17,0.06,0.12,0.06,0.12,0.1,0.08,0.16,0.1,0.1,0.14,0.12,0.08,0.06,0.12,0.08,0.19,0.14,0.2,0.16,0.06,0.14,0.06,0.17,0.0
anelli di cipolla in pastella,0.08,0.19,1.0,0.0,0.06,0.0,0.0,0.08,0.07,0.0,0.05,0.06,0.0,0.0,0.06,0.06,0.12,0.07,0.0,0.06,0.1,0.0,0.19,0.18,0.0,0.0,0.0,0.06,0.08,0.14,0.0,0.0,0.07,0.08,0.11,0.06,0.0,0.08,0.0,0.0,0.0,0.14,0.0,0.06,0.0,0.08,0.04,0.14,0.08,0.14,0.06,0.0,0.0,0.18,0.12,0.1,0.04,0.12,0.0,0.12,0.06,0.18,0.07,0.06,0.1,0.14,0.07,0.17,0.06,0.08,0.06,0.11,0.05,0.0,0.07,0.14,0.06,0.06,0.02,0.0,0.0,0.06,0.06,0.0,0.0,0.06,0.06,0.06,0.0,0.06,0.1,0.11,0.0,0.06,0.06,0.0,0.0,0.05,0.06,0.05,0.04,0.06,0.05,0.06,0.06,0.06,0.0,0.0,0.0,0.06,0.06,0.0,0.05,0.0,0.0,0.06,0.06,0.0,0.07,0.08,0.14,0.12,0.0,0.06,0.0,0.0,0.05,0.06,0.06,0.0,0.0,0.0,0.09,0.04,0.04,0.0,0.06,0.16,0.09,0.0,0.11,0.0,0.07,0.08,0.07,0.06,0.0,0.14,0.07,0.0,0.07,0.0,0.12,0.15,0.0,0.07,0.07,0.07,0.06,0.04,0.06,0.06,0.05,0.07,0.07,0.06,0.12,0.06,0.0,0.0,0.16,0.14,0.08,0.05,0.07,0.0,0.06,0.2,0.06,0.12,0.08,0.12,0.15,0.14,0.16,0.04,0.05,0.06,0.15,0.19,0.0,0.0,0.0,0.12,0.06,0.07,0.07,0.07,0.08,0.04,0.0,0.08,0.11,0.06,0.0,0.1,0.04,0.0,0.07,0.08,0.0,0.06,0.06,0.0,0.06,0.1,0.0,0.16,0.06,0.06,0.14,0.06,0.06,0.06,0.08,0.0
asparagi verdi di altedo igp gratinati con salsa di grana padano al pepe rosa e lime,0.0,0.0,0.0,1.0,0.0,0.0,0.09,0.0,0.0,0.0,0.0,0.0,0.03,0.0,0.0,0.0,0.04,0.0,0.0,0.0,0.0,0.0,0.0,0.0,0.06,0.0,0.0,0.0,0.0,0.0,0.0,0.0,0.0,0.0,0.0,0.05,0.12,0.0,0.0,0.0,0.0,0.0,0.05,0.0,0.0,0.0,0.07,0.0,0.0,0.0,0.0,0.0,0.0,0.0,0.0,0.04,0.0,0.0,0.0,0.0,0.0,0.0,0.0,0.0,0.04,0.0,0.06,0.0,0.09,0.0,0.0,0.0,0.04,0.0,0.0,0.0,0.0,0.0,0.0,0.0,0.04,0.0,0.0,0.0,0.0,0.0,0.0,0.0,0.0,0.0,0.0,0.0,0.11,0.0,0.0,0.0,0.0,0.0,0.0,0.0,0.0,0.0,0.0,0.0,0.0,0.0,0.0,0.13,0.16,0.0,0.0,0.0,0.0,0.0,0.0,0.0,0.0,0.0,0.0,0.0,0.0,0.0,0.0,0.0,0.0,0.0,0.04,0.0,0.0,0.0,0.04,0.06,0.0,0.0,0.04,0.0,0.0,0.0,0.04,0.04,0.0,0.06,0.0,0.0,0.0,0.0,0.0,0.0,0.0,0.0,0.0,0.1,0.0,0.0,0.04,0.0,0.0,0.0,0.0,0.0,0.0,0.0,0.0,0.0,0.0,0.0,0.0,0.0,0.0,0.0,0.04,0.04,0.0,0.04,0.0,0.06,0.0,0.05,0.0,0.0,0.0,0.0,0.0,0.0,0.0,0.0,0.0,0.0,0.0,0.0,0.0,0.06,0.0,0.0,0.04,0.0,0.0,0.0,0.0,0.0,0.0,0.0,0.04,0.0,0.04,0.0,0.0,0.0,0.0,0.0,0.0,0.05,0.0,0.0,0.0,0.0,0.0,0.0,0.0,0.0,0.0,0.04,0.0,0.0,0.0,0.06
broccoletti alle mandorle,0.26,0.14,0.06,0.0,1.0,0.32,0.32,0.5,0.2,0.0,0.11,0.12,0.0,0.08,0.22,0.2,0.14,0.16,0.16,0.2,0.18,0.0,0.07,0.06,0.08,0.0,0.1,0.07,0.26,0.16,0.07,0.0,0.23,0.17,0.12,0.14,0.08,0.0,0.0,0.0,0.11,0.16,0.0,0.12,0.08,0.1,0.1,0.08,0.17,0.08,0.14,0.0,0.14,0.06,0.07,0.06,0.05,0.07,0.06,0.22,0.22,0.14,0.08,0.22,0.17,0.16,0.0,0.14,0.06,0.26,0.18,0.06,0.17,0.0,0.23,0.23,0.19,0.2,0.0,0.06,0.06,0.06,0.07,0.06,0.06,0.14,0.14,0.12,0.04,0.14,0.12,0.12,0.06,0.14,0.22,0.06,0.06,0.12,0.12,0.16,0.1,0.14,0.12,0.14,0.14,0.14,0.08,0.06,0.0,0.14,0.06,0.0,0.17,0.0,0.08,0.12,0.2,0.0,0.16,0.17,0.23,0.2,0.1,0.22,0.1,0.12,0.12,0.2,0.14,0.06,0.06,0.08,0.16,0.04,0.1,0.17,0.12,0.06,0.15,0.0,0.06,0.0,0.16,0.19,0.23,0.07,0.06,0.08,0.16,0.08,0.23,0.0,0.14,0.08,0.06,0.23,0.23,0.23,0.2,0.19,0.14,0.06,0.12,0.08,0.0,0.07,0.14,0.2,0.0,0.0,0.06,0.15,0.0,0.12,0.23,0.08,0.2,0.08,0.2,0.28,0.08,0.06,0.08,0.08,0.19,0.15,0.17,0.14,0.17,0.07,0.08,0.16,0.07,0.07,0.0,0.0,0.23,0.23,0.2,0.1,0.1,0.17,0.06,0.12,0.12,0.17,0.21,0.08,0.16,0.19,0.05,0.07,0.19,0.08,0.14,0.12,0.0,0.1,0.14,0.14,0.23,0.0,0.22,0.14,0.26,0.0
broccoli al forno,0.09,0.0,0.0,0.0,0.32,1.0,0.32,0.35,0.21,0.0,0.0,0.0,0.0,0.0,0.08,0.07,0.0,0.0,0.08,0.14,0.13,0.0,0.0,0.0,0.0,0.0,0.0,0.0,0.09,0.0,0.16,0.0,0.08,0.18,0.0,0.0,0.0,0.0,0.0,0.0,0.06,0.0,0.0,0.0,0.0,0.0,0.0,0.0,0.0,0.0,0.08,0.0,0.07,0.0,0.0,0.06,0.0,0.0,0.07,0.08,0.08,0.07,0.0,0.08,0.06,0.0,0.0,0.0,0.0,0.09,0.06,0.0,0.06,0.0,0.08,0.08,0.07,0.07,0.0,0.06,0.07,0.0,0.0,0.0,0.07,0.0,0.0,0.0,0.0,0.0,0.0,0.0,0.0,0.0,0.08,0.0,0.0,0.0,0.0,0.06,0.06,0.0,0.0,0.0,0.0,0.0,0.0,0.0,0.06,0.0,0.0,0.0,0.06,0.0,0.0,0.0,0.07,0.0,0.08,0.0,0.08,0.07,0.0,0.08,0.0,0.07,0.0,0.07,0.08,0.31,0.14,0.09,0.06,0.0,0.0,0.09,0.0,0.0,0.06,0.07,0.0,0.08,0.0,0.0,0.08,0.0,0.0,0.0,0.0,0.09,0.08,0.0,0.0,0.0,0.14,0.08,0.08,0.08,0.07,0.05,0.0,0.0,0.0,0.0,0.0,0.0,0.0,0.14,0.0,0.0,0.0,0.06,0.0,0.0,0.08,0.08,0.07,0.0,0.14,0.08,0.0,0.0,0.0,0.0,0.0,0.06,0.12,0.07,0.0,0.0,0.08,0.08,0.08,0.0,0.0,0.0,0.08,0.08,0.0,0.06,0.1,0.0,0.0,0.0,0.06,0.06,0.12,0.0,0.0,0.1,0.0,0.0,0.07,0.0,0.07,0.0,0.0,0.0,0.0,0.0,0.08,0.0,0.08,0.07,0.09,0.0
broccoli gratinati,0.0,0.0,0.0,0.09,0.32,0.32,1.0,0.33,0.24,0.0,0.0,0.0,0.04,0.0,0.0,0.0,0.1,0.14,0.07,0.06,0.06,0.08,0.06,0.06,0.08,0.0,0.0,0.06,0.0,0.07,0.06,0.0,0.0,0.0,0.0,0.0,0.16,0.0,0.0,0.0,0.0,0.0,0.14,0.06,0.0,0.0,0.0,0.07,0.0,0.07,0.0,0.0,0.0,0.06,0.0,0.05,0.0,0.0,0.0,0.0,0.0,0.06,0.0,0.0,0.1,0.0,0.0,0.09,0.31,0.0,0.06,0.12,0.06,0.0,0.07,0.0,0.0,0.0,0.0,0.0,0.12,0.0,0.0,0.0,0.0,0.0,0.0,0.0,0.0,0.0,0.0,0.0,0.06,0.0,0.0,0.0,0.0,0.0,0.0,0.0,0.0,0.0,0.0,0.0,0.0,0.0,0.0,0.06,0.06,0.0,0.0,0.08,0.0,0.0,0.08,0.0,0.0,0.0,0.07,0.08,0.0,0.0,0.0,0.0,0.0,0.06,0.0,0.0,0.0,0.0,0.06,0.08,0.0,0.04,0.04,0.0,0.0,0.06,0.04,0.12,0.06,0.07,0.07,0.0,0.0,0.06,0.06,0.07,0.0,0.08,0.0,0.2,0.06,0.08,0.06,0.0,0.0,0.0,0.06,0.0,0.0,0.0,0.06,0.0,0.07,0.0,0.0,0.0,0.0,0.08,0.06,0.14,0.09,0.1,0.07,0.07,0.0,0.04,0.0,0.0,0.08,0.06,0.08,0.07,0.0,0.0,0.0,0.06,0.0,0.0,0.0,0.07,0.06,0.0,0.06,0.07,0.0,0.0,0.0,0.0,0.09,0.0,0.0,0.06,0.1,0.0,0.0,0.0,0.0,0.0,0.0,0.06,0.06,0.0,0.0,0.0,0.0,0.0,0.06,0.0,0.0,0.06,0.0,0.0,0.0,0.09
broccoli in padella,0.3,0.17,0.08,0.0,0.5,0.35,0.33,1.0,0.22,0.0,0.13,0.15,0.0,0.1,0.26,0.24,0.16,0.18,0.18,0.24,0.21,0.0,0.08,0.08,0.1,0.0,0.11,0.08,0.42,0.18,0.08,0.0,0.28,0.2,0.15,0.17,0.2,0.0,0.0,0.0,0.13,0.18,0.0,0.15,0.09,0.11,0.12,0.09,0.2,0.09,0.17,0.0,0.32,0.08,0.08,0.06,0.06,0.08,0.08,0.42,0.38,0.16,0.09,0.26,0.2,0.18,0.0,0.18,0.08,0.4,0.21,0.08,0.29,0.0,0.28,0.28,0.39,0.24,0.0,0.06,0.08,0.07,0.08,0.06,0.08,0.16,0.16,0.25,0.06,0.17,0.14,0.15,0.07,0.17,0.26,0.08,0.08,0.14,0.14,0.3,0.12,0.34,0.14,0.17,0.16,0.16,0.1,0.08,0.0,0.22,0.08,0.0,0.2,0.0,0.1,0.14,0.24,0.0,0.18,0.2,0.28,0.24,0.11,0.26,0.11,0.15,0.14,0.4,0.17,0.08,0.08,0.1,0.18,0.05,0.24,0.36,0.15,0.08,0.18,0.0,0.08,0.0,0.18,0.22,0.28,0.08,0.08,0.09,0.18,0.1,0.28,0.0,0.17,0.1,0.08,0.28,0.28,0.28,0.24,0.22,0.16,0.07,0.14,0.09,0.0,0.08,0.17,0.24,0.0,0.0,0.08,0.18,0.0,0.3,0.28,0.09,0.4,0.09,0.24,0.26,0.1,0.08,0.1,0.09,0.22,0.18,0.2,0.16,0.2,0.08,0.09,0.31,0.08,0.08,0.0,0.0,0.28,0.28,0.23,0.12,0.11,0.2,0.08,0.15,0.14,0.2,0.18,0.09,0.18,0.22,0.06,0.08,0.22,0.1,0.24,0.14,0.0,0.11,0.16,0.16,0.28,0.0,0.26,0.32,0.3,0.0
broccoli in pastella con il lievito di birra,0.0,0.08,0.07,0.0,0.2,0.21,0.24,0.22,1.0,0.0,0.0,0.0,0.05,0.0,0.0,0.0,0.04,0.0,0.0,0.0,0.0,0.0,0.0,0.07,0.0,0.14,0.0,0.0,0.0,0.0,0.0,0.0,0.0,0.0,0.0,0.0,0.0,0.1,0.12,0.0,0.0,0.0,0.0,0.0,0.0,0.0,0.0,0.0,0.0,0.0,0.0,0.12,0.07,0.0,0.08,0.12,0.0,0.08,0.0,0.0,0.0,0.07,0.0,0.0,0.0,0.0,0.08,0.0,0.0,0.0,0.0,0.0,0.13,0.0,0.0,0.0,0.0,0.0,0.06,0.0,0.0,0.0,0.0,0.0,0.0,0.0,0.0,0.0,0.05,0.0,0.0,0.0,0.0,0.0,0.0,0.0,0.0,0.0,0.0,0.0,0.0,0.0,0.0,0.0,0.0,0.0,0.0,0.0,0.06,0.0,0.0,0.0,0.0,0.0,0.0,0.0,0.0,0.0,0.0,0.0,0.0,0.0,0.0,0.0,0.0,0.0,0.0,0.0,0.0,0.07,0.0,0.0,0.12,0.0,0.0,0.0,0.0,0.14,0.0,0.0,0.0,0.0,0.0,0.0,0.0,0.0,0.0,0.0,0.0,0.0,0.0,0.0,0.0,0.0,0.0,0.0,0.0,0.0,0.0,0.0,0.0,0.0,0.0,0.0,0.0,0.0,0.08,0.0,0.12,0.09,0.0,0.0,0.0,0.0,0.0,0.0,0.0,0.16,0.0,0.0,0.0,0.0,0.0,0.0,0.0,0.0,0.0,0.0,0.0,0.08,0.0,0.0,0.0,0.0,0.07,0.0,0.0,0.0,0.0,0.0,0.0,0.0,0.0,0.0,0.0,0.0,0.0,0.08,0.0,0.0,0.0,0.08,0.0,0.0,0.0,0.0,0.18,0.2,0.0,0.0,0.0,0.0,0.0,0.07,0.0,0.0
caldarroste al forno,0.0,0.0,0.0,0.0,0.0,0.0,0.0,0.0,0.0,1.0,0.0,0.0,0.0,0.0,0.0,0.0,0.0,0.0,0.0,0.0,0.0,0.0,0.0,0.1,0.0,0.2,0.29,0.0,0.0,0.0,0.0,0.0,0.0,0.0,0.0,0.0,0.0,0.0,0.0,0.0,0.0,0.0,0.0,0.0,0.12,0.0,0.0,0.0,0.0,0.0,0.0,0.0,0.1,0.0,0.0,0.0,0.08,0.0,0.0,0.0,0.0,0.0,0.0,0.0,0.0,0.0,0.0,0.0,0.0,0.0,0.0,0.0,0.0,0.0,0.0,0.0,0.1,0.0,0.0,0.0,0.0,0.0,0.0,0.0,0.0,0.0,0.0,0.0,0.0,0.0,0.0,0.0,0.0,0.0,0.0,0.0,0.1,0.0,0.0,0.0,0.0,0.0,0.0,0.0,0.0,0.0,0.0,0.0,0.0,0.0,0.0,0.0,0.0,0.0,0.0,0.0,0.1,0.0,0.0,0.0,0.0,0.0,0.0,0.0,0.14,0.0,0.0,0.1,0.0,0.1,0.0,0.0,0.0,0.0,0.0,0.0,0.0,0.0,0.0,0.0,0.0,0.0,0.0,0.0,0.0,0.0,0.0,0.0,0.0,0.0,0.12,0.0,0.0,0.0,0.0,0.0,0.0,0.0,0.0,0.0,0.0,0.0,0.0,0.0,0.0,0.0,0.0,0.0,0.16,0.13,0.0,0.0,0.0,0.0,0.0,0.0,0.0,0.0,0.0,0.0,0.0,0.0,0.0,0.0,0.0,0.08,0.0,0.0,0.0,0.0,0.0,0.0,0.0,0.0,0.0,0.0,0.0,0.0,0.0,0.0,0.0,0.0,0.0,0.0,0.0,0.0,0.0,0.0,0.0,0.0,0.0,0.0,0.0,0.0,0.0,0.0,0.0,0.0,0.0,0.0,0.0,0.0,0.0,0.1,0.0,0.0
caponata,0.13,0.11,0.05,0.0,0.11,0.0,0.0,0.13,0.0,0.0,1.0,0.19,0.0,0.06,0.11,0.1,0.1,0.12,0.06,0.1,0.09,0.0,0.0,0.05,0.06,0.0,0.07,0.06,0.13,0.12,0.0,0.0,0.12,0.06,0.14,0.11,0.06,0.0,0.0,0.0,0.04,0.12,0.0,0.1,0.06,0.14,0.08,0.06,0.13,0.12,0.06,0.0,0.05,0.05,0.0,0.04,0.04,0.0,0.0,0.11,0.11,0.05,0.0,0.16,0.08,0.18,0.0,0.11,0.05,0.13,0.0,0.05,0.08,0.0,0.12,0.12,0.1,0.0,0.0,0.04,0.0,0.09,0.06,0.08,0.1,0.1,0.16,0.14,0.04,0.11,0.09,0.1,0.04,0.11,0.16,0.0,0.1,0.13,0.09,0.08,0.2,0.16,0.08,0.11,0.1,0.1,0.06,0.05,0.0,0.16,0.05,0.0,0.13,0.0,0.06,0.09,0.1,0.07,0.12,0.2,0.18,0.16,0.14,0.16,0.14,0.1,0.18,0.1,0.11,0.05,0.05,0.06,0.0,0.0,0.11,0.06,0.14,0.05,0.08,0.0,0.05,0.0,0.12,0.14,0.12,0.06,0.05,0.06,0.12,0.0,0.12,0.0,0.11,0.06,0.0,0.12,0.12,0.18,0.1,0.18,0.16,0.14,0.18,0.0,0.0,0.11,0.11,0.2,0.0,0.0,0.05,0.08,0.0,0.08,0.12,0.0,0.16,0.08,0.1,0.11,0.06,0.05,0.06,0.06,0.14,0.16,0.0,0.1,0.13,0.06,0.0,0.06,0.06,0.06,0.0,0.0,0.12,0.12,0.15,0.0,0.0,0.13,0.05,0.1,0.0,0.0,0.16,0.06,0.12,0.07,0.04,0.06,0.1,0.06,0.1,0.08,0.0,0.07,0.1,0.16,0.12,0.0,0.11,0.05,0.13,0.0
caponata di melanzane e peperoni,0.15,0.12,0.06,0.0,0.12,0.0,0.0,0.15,0.0,0.0,0.19,1.0,0.12,0.08,0.12,0.12,0.12,0.14,0.07,0.12,0.1,0.0,0.06,0.06,0.08,0.0,0.08,0.06,0.15,0.14,0.0,0.0,0.14,0.08,0.11,0.12,0.08,0.0,0.0,0.08,0.05,0.14,0.0,0.11,0.07,0.16,0.09,0.07,0.15,0.14,0.06,0.0,0.06,0.06,0.06,0.05,0.04,0.06,0.0,0.19,0.12,0.06,0.07,0.12,0.1,0.14,0.0,0.13,0.06,0.15,0.1,0.06,0.1,0.0,0.14,0.14,0.11,0.12,0.06,0.1,0.0,0.06,0.06,0.05,0.06,0.12,0.12,0.11,0.04,0.12,0.16,0.16,0.06,0.12,0.12,0.06,0.06,0.1,0.1,0.1,0.14,0.12,0.1,0.12,0.12,0.12,0.08,0.06,0.0,0.12,0.06,0.0,0.36,0.0,0.08,0.1,0.18,0.08,0.38,0.48,0.45,0.42,0.33,0.44,0.33,0.11,0.4,0.12,0.29,0.22,0.22,0.32,0.14,0.04,0.08,0.08,0.11,0.06,0.09,0.0,0.11,0.0,0.14,0.16,0.14,0.06,0.06,0.07,0.14,0.0,0.14,0.0,0.12,0.08,0.0,0.14,0.14,0.14,0.12,0.16,0.18,0.16,0.32,0.07,0.0,0.12,0.12,0.42,0.0,0.0,0.06,0.09,0.0,0.1,0.14,0.0,0.12,0.1,0.12,0.12,0.08,0.06,0.08,0.07,0.16,0.14,0.2,0.12,0.15,0.06,0.07,0.07,0.0,0.06,0.0,0.0,0.14,0.14,0.17,0.14,0.0,0.22,0.11,0.11,0.15,0.15,0.18,0.07,0.14,0.08,0.04,0.06,0.11,0.08,0.12,0.1,0.0,0.08,0.12,0.18,0.14,0.0,0.12,0.06,0.15,0.08
caponata di verdure,0.0,0.04,0.0,0.03,0.0,0.0,0.04,0.0,0.05,0.0,0.0,0.12,1.0,0.0,0.0,0.0,0.0,0.0,0.0,0.0,0.0,0.06,0.0,0.0,0.06,0.0,0.0,0.0,0.0,0.0,0.0,0.0,0.0,0.0,0.08,0.04,0.06,0.0,0.07,0.0,0.07,0.0,0.04,0.0,0.0,0.12,0.0,0.05,0.0,0.05,0.0,0.0,0.04,0.0,0.0,0.04,0.04,0.0,0.04,0.0,0.0,0.0,0.0,0.0,0.04,0.0,0.0,0.0,0.0,0.0,0.0,0.0,0.04,0.0,0.0,0.0,0.0,0.0,0.0,0.07,0.04,0.04,0.0,0.04,0.04,0.0,0.04,0.08,0.03,0.0,0.0,0.0,0.08,0.0,0.0,0.0,0.04,0.08,0.08,0.0,0.04,0.04,0.0,0.0,0.0,0.0,0.0,0.04,0.04,0.0,0.0,0.0,0.04,0.0,0.0,0.04,0.04,0.06,0.05,0.06,0.05,0.04,0.12,0.04,0.06,0.04,0.04,0.04,0.04,0.09,0.08,0.11,0.0,0.0,0.1,0.0,0.0,0.04,0.0,0.04,0.0,0.05,0.0,0.0,0.0,0.0,0.0,0.0,0.0,0.06,0.0,0.04,0.0,0.0,0.04,0.0,0.0,0.0,0.0,0.06,0.09,0.04,0.04,0.0,0.0,0.14,0.0,0.04,0.0,0.0,0.0,0.0,0.0,0.0,0.0,0.1,0.04,0.08,0.0,0.0,0.0,0.0,0.0,0.0,0.0,0.04,0.0,0.0,0.0,0.0,0.0,0.1,0.0,0.0,0.0,0.0,0.0,0.0,0.0,0.0,0.0,0.0,0.0,0.0,0.0,0.0,0.07,0.0,0.0,0.0,0.0,0.04,0.0,0.06,0.09,0.0,0.06,0.12,0.0,0.04,0.0,0.04,0.0,0.09,0.0,0.06
"cappuccio bianco al forno, le bistecche di cavolo in agrodolce",0.1,0.08,0.0,0.0,0.08,0.0,0.0,0.1,0.0,0.0,0.06,0.08,0.0,1.0,0.08,0.08,0.04,0.09,0.09,0.08,0.07,0.0,0.0,0.0,0.2,0.0,0.11,0.0,0.1,0.09,0.0,0.1,0.09,0.0,0.08,0.08,0.1,0.0,0.0,0.0,0.06,0.09,0.0,0.08,0.18,0.0,0.06,0.0,0.2,0.0,0.0,0.0,0.08,0.0,0.0,0.0,0.0,0.0,0.0,0.08,0.08,0.0,0.0,0.08,0.06,0.09,0.0,0.06,0.0,0.1,0.07,0.0,0.06,0.0,0.09,0.09,0.08,0.08,0.0,0.06,0.0,0.0,0.0,0.13,0.08,0.08,0.08,0.08,0.06,0.08,0.07,0.08,0.07,0.08,0.08,0.08,0.08,0.06,0.07,0.06,0.06,0.08,0.06,0.08,0.08,0.08,0.1,0.08,0.0,0.08,0.08,0.0,0.06,0.0,0.1,0.07,0.08,0.0,0.0,0.1,0.09,0.08,0.11,0.08,0.11,0.08,0.06,0.08,0.0,0.0,0.0,0.0,0.06,0.0,0.06,0.1,0.08,0.0,0.06,0.0,0.0,0.0,0.09,0.11,0.09,0.0,0.08,0.0,0.09,0.0,0.09,0.0,0.08,0.0,0.0,0.09,0.09,0.09,0.08,0.11,0.08,0.0,0.06,0.0,0.0,0.0,0.08,0.08,0.0,0.0,0.0,0.06,0.0,0.06,0.09,0.0,0.08,0.0,0.08,0.08,0.0,0.0,0.0,0.0,0.11,0.06,0.06,0.08,0.1,0.0,0.09,0.09,0.0,0.0,0.0,0.0,0.09,0.09,0.12,0.06,0.0,0.1,0.0,0.08,0.06,0.06,0.06,0.09,0.09,0.0,0.06,0.0,0.08,0.1,0.0,0.06,0.0,0.0,0.08,0.08,0.09,0.0,0.08,0.08,0.1,0.0
carciofi alla romana,0.26,0.14,0.06,0.0,0.22,0.08,0.0,0.26,0.0,0.0,0.11,0.12,0.0,0.08,1.0,0.26,0.2,0.16,0.23,0.2,0.18,0.0,0.07,0.06,0.08,0.0,0.1,0.07,0.26,0.16,0.14,0.0,0.23,0.17,0.12,0.14,0.17,0.0,0.0,0.0,0.11,0.16,0.0,0.12,0.08,0.1,0.16,0.08,0.17,0.08,0.14,0.0,0.14,0.06,0.07,0.11,0.1,0.07,0.06,0.22,0.28,0.14,0.08,0.22,0.17,0.16,0.0,0.14,0.06,0.26,0.24,0.06,0.17,0.0,0.23,0.23,0.25,0.2,0.0,0.06,0.06,0.18,0.14,0.16,0.12,0.2,0.14,0.12,0.04,0.22,0.18,0.19,0.06,0.22,0.22,0.06,0.06,0.12,0.18,0.16,0.1,0.26,0.12,0.14,0.14,0.14,0.08,0.14,0.06,0.14,0.06,0.0,0.17,0.0,0.08,0.12,0.2,0.0,0.16,0.17,0.31,0.4,0.1,0.36,0.1,0.12,0.12,0.26,0.14,0.06,0.06,0.17,0.21,0.04,0.1,0.17,0.12,0.06,0.15,0.06,0.06,0.0,0.16,0.19,0.23,0.07,0.06,0.08,0.16,0.08,0.23,0.0,0.14,0.08,0.06,0.23,0.23,0.23,0.2,0.19,0.14,0.06,0.17,0.08,0.08,0.07,0.14,0.2,0.0,0.0,0.06,0.2,0.0,0.12,0.31,0.08,0.2,0.08,0.2,0.22,0.08,0.06,0.08,0.08,0.19,0.2,0.17,0.14,0.17,0.07,0.08,0.16,0.07,0.14,0.0,0.0,0.23,0.23,0.2,0.1,0.1,0.17,0.06,0.12,0.17,0.17,0.26,0.16,0.16,0.19,0.05,0.07,0.25,0.08,0.14,0.17,0.0,0.1,0.2,0.14,0.31,0.0,0.22,0.14,0.26,0.0
carciofi e patate in padella,0.24,0.14,0.06,0.0,0.2,0.07,0.0,0.24,0.0,0.0,0.1,0.12,0.0,0.08,0.26,1.0,0.47,0.46,0.14,0.18,0.48,0.0,0.06,0.06,0.08,0.0,0.09,0.14,0.24,0.14,0.06,0.0,0.22,0.16,0.12,0.14,0.08,0.0,0.0,0.0,0.1,0.14,0.0,0.18,0.07,0.09,0.1,0.07,0.16,0.07,0.14,0.0,0.12,0.06,0.06,0.05,0.1,0.06,0.06,0.2,0.2,0.12,0.07,0.26,0.16,0.14,0.0,0.18,0.06,0.24,0.17,0.12,0.16,0.0,0.22,0.22,0.18,0.25,0.0,0.05,0.38,0.11,0.06,0.1,0.06,0.18,0.18,0.12,0.04,0.2,0.17,0.18,0.06,0.39,0.43,0.06,0.06,0.1,0.22,0.16,0.1,0.18,0.1,0.2,0.12,0.12,0.08,0.12,0.1,0.12,0.06,0.0,0.22,0.0,0.08,0.11,0.18,0.0,0.14,0.16,0.22,0.25,0.09,0.26,0.09,0.12,0.16,0.18,0.14,0.06,0.06,0.08,0.14,0.08,0.09,0.16,0.12,0.06,0.19,0.31,0.06,0.0,0.14,0.43,0.54,0.06,0.06,0.07,0.34,0.08,0.29,0.23,0.45,0.08,0.37,0.22,0.22,0.22,0.25,0.18,0.12,0.21,0.1,0.07,0.0,0.06,0.45,0.18,0.0,0.0,0.12,0.44,0.0,0.16,0.22,0.07,0.18,0.07,0.25,0.2,0.08,0.18,0.41,0.07,0.18,0.19,0.16,0.35,0.48,0.3,0.07,0.14,0.06,0.06,0.06,0.0,0.45,0.22,0.23,0.14,0.09,0.16,0.06,0.34,0.1,0.16,0.14,0.14,0.14,0.18,0.05,0.06,0.18,0.29,0.12,0.1,0.0,0.09,0.18,0.12,0.22,0.0,0.26,0.12,0.24,0.0
carciofi fritti in pastella,0.16,0.14,0.12,0.04,0.14,0.0,0.1,0.16,0.04,0.0,0.1,0.12,0.0,0.04,0.2,0.47,1.0,0.76,0.08,0.12,0.7,0.0,0.1,0.1,0.04,0.0,0.04,0.1,0.16,0.18,0.04,0.0,0.14,0.12,0.15,0.2,0.04,0.04,0.0,0.0,0.02,0.18,0.0,0.12,0.04,0.14,0.12,0.14,0.16,0.14,0.1,0.0,0.03,0.12,0.1,0.16,0.1,0.1,0.0,0.17,0.17,0.1,0.11,0.14,0.14,0.18,0.08,0.21,0.26,0.16,0.14,0.15,0.22,0.0,0.14,0.18,0.15,0.12,0.02,0.0,0.0,0.14,0.14,0.05,0.06,0.16,0.12,0.12,0.04,0.17,0.17,0.18,0.03,0.17,0.14,0.03,0.03,0.14,0.14,0.1,0.12,0.19,0.11,0.14,0.12,0.12,0.04,0.06,0.08,0.12,0.09,0.0,0.11,0.0,0.04,0.12,0.12,0.0,0.11,0.16,0.22,0.22,0.04,0.2,0.04,0.03,0.16,0.12,0.1,0.0,0.0,0.04,0.12,0.06,0.14,0.04,0.12,0.09,0.14,0.03,0.09,0.0,0.14,0.18,0.14,0.1,0.03,0.14,0.14,0.0,0.14,0.1,0.17,0.16,0.0,0.14,0.14,0.18,0.12,0.11,0.12,0.08,0.14,0.11,0.08,0.1,0.14,0.12,0.0,0.0,0.18,0.22,0.0,0.16,0.18,0.0,0.12,0.16,0.12,0.17,0.12,0.1,0.12,0.11,0.22,0.12,0.11,0.12,0.2,0.1,0.04,0.04,0.0,0.17,0.1,0.0,0.14,0.14,0.18,0.1,0.0,0.16,0.18,0.12,0.06,0.14,0.12,0.08,0.14,0.14,0.02,0.17,0.15,0.04,0.1,0.16,0.0,0.14,0.16,0.12,0.22,0.0,0.14,0.06,0.16,0.0
carciofi gratinati al forno,0.18,0.16,0.07,0.0,0.16,0.0,0.14,0.18,0.0,0.0,0.12,0.14,0.0,0.09,0.16,0.46,0.76,1.0,0.08,0.22,0.76,0.0,0.16,0.07,0.09,0.0,0.1,0.16,0.18,0.25,0.08,0.0,0.16,0.09,0.14,0.16,0.09,0.0,0.0,0.0,0.06,0.16,0.0,0.2,0.08,0.1,0.12,0.08,0.18,0.08,0.08,0.0,0.07,0.14,0.08,0.12,0.06,0.08,0.0,0.16,0.16,0.07,0.08,0.16,0.12,0.16,0.0,0.16,0.22,0.18,0.2,0.14,0.12,0.0,0.25,0.16,0.14,0.14,0.0,0.0,0.0,0.06,0.08,0.06,0.07,0.14,0.14,0.2,0.05,0.16,0.13,0.14,0.06,0.23,0.16,0.07,0.07,0.12,0.13,0.12,0.11,0.14,0.12,0.16,0.14,0.14,0.09,0.07,0.0,0.14,0.07,0.0,0.12,0.0,0.18,0.13,0.14,0.0,0.16,0.28,0.16,0.14,0.1,0.16,0.1,0.14,0.12,0.14,0.08,0.0,0.0,0.0,0.12,0.04,0.16,0.09,0.14,0.07,0.11,0.0,0.14,0.0,0.16,0.2,0.16,0.08,0.14,0.08,0.16,0.0,0.16,0.08,0.23,0.09,0.0,0.16,0.16,0.16,0.22,0.16,0.14,0.06,0.18,0.08,0.0,0.08,0.16,0.14,0.0,0.0,0.14,0.28,0.1,0.18,0.25,0.0,0.14,0.08,0.14,0.16,0.09,0.07,0.09,0.08,0.2,0.16,0.12,0.14,0.18,0.08,0.08,0.08,0.08,0.08,0.07,0.08,0.16,0.16,0.21,0.12,0.0,0.18,0.07,0.27,0.12,0.12,0.12,0.08,0.16,0.1,0.06,0.16,0.2,0.09,0.07,0.12,0.0,0.1,0.22,0.14,0.16,0.0,0.16,0.07,0.18,0.0
carciofi in padella,0.18,0.08,0.0,0.0,0.16,0.08,0.07,0.18,0.0,0.0,0.06,0.07,0.0,0.09,0.23,0.14,0.08,0.08,1.0,0.72,0.13,0.09,0.0,0.07,0.09,0.0,0.1,0.0,0.18,0.08,0.16,0.0,0.25,0.09,0.07,0.08,0.18,0.0,0.0,0.0,0.12,0.08,0.08,0.07,0.08,0.0,0.12,0.08,0.09,0.08,0.08,0.0,0.14,0.0,0.0,0.06,0.06,0.0,0.07,0.16,0.23,0.14,0.0,0.16,0.18,0.08,0.0,0.1,0.07,0.18,0.2,0.0,0.12,0.0,0.16,0.16,0.2,0.14,0.0,0.06,0.14,0.06,0.08,0.06,0.07,0.07,0.07,0.07,0.05,0.08,0.06,0.07,0.06,0.08,0.16,0.07,0.07,0.06,0.06,0.12,0.06,0.14,0.06,0.08,0.07,0.07,0.09,0.07,0.0,0.07,0.0,0.09,0.12,0.0,0.09,0.06,0.14,0.0,0.08,0.09,0.25,0.22,0.1,0.23,0.1,0.14,0.06,0.14,0.08,0.07,0.07,0.18,0.17,0.04,0.06,0.18,0.07,0.07,0.16,0.14,0.07,0.0,0.16,0.1,0.16,0.08,0.07,0.08,0.08,0.18,0.16,0.0,0.08,0.09,0.07,0.16,0.16,0.16,0.14,0.16,0.07,0.0,0.12,0.0,0.16,0.0,0.08,0.14,0.0,0.09,0.0,0.16,0.0,0.12,0.25,0.08,0.14,0.0,0.14,0.16,0.09,0.07,0.09,0.08,0.1,0.11,0.12,0.07,0.09,0.0,0.08,0.16,0.08,0.08,0.0,0.0,0.16,0.16,0.1,0.06,0.2,0.09,0.0,0.07,0.18,0.12,0.17,0.08,0.08,0.1,0.06,0.0,0.2,0.09,0.07,0.12,0.0,0.0,0.14,0.07,0.25,0.0,0.16,0.14,0.18,0.0
carciofi ripieni,0.24,0.14,0.06,0.0,0.2,0.14,0.06,0.24,0.0,0.0,0.1,0.12,0.0,0.08,0.2,0.18,0.12,0.22,0.72,1.0,0.34,0.0,0.2,0.06,0.08,0.0,0.09,0.14,0.24,0.22,0.14,0.0,0.22,0.16,0.12,0.14,0.08,0.0,0.0,0.0,0.1,0.14,0.0,0.18,0.07,0.09,0.1,0.07,0.16,0.07,0.14,0.0,0.12,0.12,0.06,0.1,0.04,0.06,0.06,0.2,0.2,0.12,0.07,0.2,0.16,0.14,0.0,0.14,0.12,0.24,0.22,0.12,0.16,0.0,0.36,0.29,0.18,0.18,0.0,0.05,0.06,0.06,0.06,0.05,0.06,0.12,0.12,0.12,0.04,0.14,0.17,0.12,0.06,0.14,0.26,0.06,0.06,0.1,0.11,0.16,0.1,0.12,0.1,0.14,0.12,0.12,0.08,0.06,0.0,0.12,0.06,0.0,0.16,0.0,0.16,0.11,0.18,0.0,0.22,0.24,0.22,0.18,0.09,0.2,0.09,0.18,0.1,0.18,0.14,0.06,0.06,0.08,0.14,0.04,0.14,0.16,0.12,0.06,0.14,0.0,0.06,0.0,0.14,0.18,0.22,0.06,0.12,0.07,0.14,0.08,0.22,0.0,0.2,0.08,0.06,0.22,0.22,0.22,0.25,0.18,0.12,0.06,0.16,0.07,0.0,0.06,0.14,0.18,0.0,0.0,0.12,0.24,0.09,0.16,0.29,0.07,0.18,0.07,0.18,0.2,0.08,0.06,0.08,0.07,0.18,0.14,0.16,0.12,0.16,0.06,0.07,0.14,0.14,0.06,0.06,0.07,0.22,0.22,0.18,0.1,0.09,0.16,0.06,0.18,0.16,0.16,0.14,0.07,0.14,0.18,0.05,0.14,0.24,0.08,0.12,0.1,0.0,0.09,0.18,0.12,0.22,0.0,0.2,0.12,0.24,0.0
carciofi ripieni al forno,0.21,0.12,0.1,0.0,0.18,0.13,0.06,0.21,0.0,0.0,0.09,0.1,0.0,0.07,0.18,0.48,0.7,0.76,0.13,0.34,1.0,0.0,0.18,0.06,0.07,0.0,0.08,0.12,0.21,0.26,0.12,0.0,0.2,0.14,0.16,0.12,0.07,0.08,0.0,0.0,0.09,0.2,0.0,0.16,0.06,0.08,0.09,0.13,0.14,0.13,0.12,0.0,0.11,0.17,0.06,0.09,0.04,0.06,0.06,0.24,0.18,0.11,0.06,0.18,0.19,0.2,0.0,0.12,0.11,0.21,0.2,0.1,0.14,0.0,0.32,0.32,0.16,0.17,0.02,0.04,0.06,0.05,0.06,0.04,0.06,0.11,0.11,0.1,0.04,0.12,0.2,0.16,0.05,0.12,0.24,0.06,0.06,0.1,0.1,0.14,0.08,0.11,0.1,0.18,0.17,0.11,0.14,0.06,0.0,0.11,0.06,0.0,0.14,0.0,0.14,0.1,0.17,0.0,0.2,0.21,0.26,0.22,0.08,0.18,0.08,0.21,0.14,0.17,0.12,0.06,0.06,0.07,0.18,0.04,0.16,0.14,0.1,0.06,0.12,0.0,0.06,0.0,0.13,0.16,0.2,0.06,0.11,0.13,0.13,0.07,0.2,0.0,0.24,0.14,0.06,0.2,0.2,0.2,0.22,0.16,0.11,0.05,0.14,0.06,0.06,0.06,0.12,0.17,0.0,0.0,0.16,0.26,0.08,0.14,0.26,0.06,0.17,0.1,0.17,0.24,0.07,0.06,0.07,0.06,0.24,0.12,0.14,0.11,0.21,0.06,0.06,0.13,0.12,0.12,0.11,0.06,0.2,0.2,0.16,0.09,0.08,0.14,0.1,0.16,0.14,0.19,0.13,0.06,0.13,0.16,0.04,0.12,0.21,0.07,0.11,0.14,0.0,0.08,0.17,0.11,0.26,0.0,0.18,0.17,0.21,0.0
cardi gratinati al parmigiano,0.0,0.0,0.0,0.0,0.0,0.0,0.08,0.0,0.0,0.0,0.0,0.0,0.06,0.0,0.0,0.0,0.0,0.0,0.09,0.0,0.0,1.0,0.08,0.08,0.0,0.0,0.0,0.08,0.0,0.09,0.0,0.0,0.0,0.0,0.0,0.0,0.1,0.0,0.0,0.0,0.0,0.0,0.08,0.0,0.0,0.11,0.0,0.18,0.0,0.09,0.0,0.0,0.0,0.08,0.08,0.06,0.0,0.0,0.0,0.0,0.0,0.16,0.0,0.0,0.06,0.09,0.09,0.12,0.08,0.0,0.0,0.08,0.0,0.0,0.0,0.0,0.0,0.0,0.04,0.0,0.08,0.0,0.0,0.0,0.0,0.0,0.0,0.0,0.0,0.0,0.0,0.0,0.07,0.0,0.0,0.0,0.0,0.06,0.0,0.0,0.0,0.0,0.0,0.0,0.0,0.0,0.0,0.0,0.0,0.0,0.0,0.2,0.06,0.0,0.0,0.0,0.0,0.0,0.0,0.0,0.0,0.0,0.0,0.0,0.0,0.0,0.0,0.0,0.0,0.0,0.0,0.0,0.0,0.05,0.06,0.0,0.0,0.32,0.12,0.15,0.08,0.0,0.09,0.0,0.0,0.17,0.08,0.09,0.0,0.2,0.0,0.0,0.08,0.1,0.0,0.0,0.0,0.0,0.0,0.06,0.08,0.0,0.06,0.0,0.09,0.08,0.0,0.0,0.0,0.1,0.08,0.0,0.0,0.06,0.0,0.0,0.0,0.0,0.0,0.0,0.2,0.16,0.1,0.18,0.0,0.0,0.0,0.08,0.0,0.08,0.0,0.0,0.0,0.0,0.0,0.0,0.0,0.0,0.0,0.0,0.22,0.0,0.08,0.0,0.06,0.0,0.0,0.0,0.09,0.0,0.06,0.0,0.08,0.0,0.08,0.0,0.0,0.0,0.08,0.0,0.0,0.0,0.08,0.08,0.0,0.0
cardoncelli fritti,0.08,0.14,0.19,0.0,0.07,0.0,0.06,0.08,0.0,0.0,0.0,0.06,0.0,0.0,0.07,0.06,0.1,0.16,0.0,0.2,0.18,0.08,1.0,0.06,0.0,0.0,0.0,0.22,0.08,0.23,0.07,0.0,0.08,0.08,0.06,0.07,0.0,0.0,0.0,0.0,0.0,0.08,0.0,0.12,0.0,0.1,0.05,0.08,0.08,0.08,0.07,0.0,0.0,0.26,0.0,0.16,0.05,0.0,0.0,0.07,0.07,0.14,0.0,0.07,0.06,0.08,0.08,0.2,0.14,0.08,0.0,0.25,0.06,0.0,0.23,0.16,0.06,0.0,0.0,0.0,0.0,0.06,0.07,0.0,0.0,0.06,0.06,0.06,0.0,0.07,0.12,0.06,0.0,0.07,0.14,0.0,0.0,0.06,0.06,0.06,0.05,0.06,0.06,0.07,0.06,0.06,0.0,0.0,0.0,0.06,0.06,0.08,0.12,0.0,0.08,0.06,0.06,0.0,0.16,0.17,0.08,0.06,0.0,0.07,0.0,0.06,0.06,0.06,0.07,0.0,0.0,0.0,0.0,0.0,0.14,0.0,0.06,0.12,0.1,0.06,0.06,0.0,0.08,0.1,0.08,0.14,0.14,0.08,0.08,0.0,0.08,0.0,0.22,0.08,0.0,0.08,0.08,0.08,0.14,0.04,0.06,0.06,0.17,0.0,0.0,0.07,0.07,0.06,0.0,0.0,0.19,0.2,0.19,0.12,0.16,0.0,0.06,0.12,0.06,0.07,0.17,0.14,0.08,0.16,0.1,0.05,0.0,0.14,0.08,0.22,0.0,0.0,0.07,0.07,0.06,0.16,0.08,0.08,0.1,0.0,0.1,0.08,0.12,0.12,0.0,0.0,0.05,0.0,0.08,0.1,0.0,0.14,0.19,0.0,0.06,0.06,0.0,0.1,0.2,0.06,0.08,0.06,0.14,0.0,0.08,0.0
"carote al latte, la ricetta per un contorno insolito",0.08,0.14,0.18,0.0,0.06,0.0,0.06,0.08,0.07,0.1,0.05,0.06,0.0,0.0,0.06,0.06,0.1,0.07,0.07,0.06,0.06,0.08,0.06,1.0,0.33,0.0,0.09,0.06,0.08,0.07,0.0,0.0,0.07,0.08,0.06,0.06,0.08,0.0,0.0,0.08,0.0,0.07,0.06,0.06,0.07,0.09,0.05,0.14,0.08,0.14,0.06,0.1,0.06,0.12,0.06,0.1,0.1,0.2,0.0,0.06,0.06,0.25,0.07,0.06,0.1,0.07,0.07,0.18,0.12,0.08,0.06,0.06,0.06,0.09,0.07,0.07,0.12,0.06,0.08,0.0,0.06,0.06,0.14,0.0,0.0,0.06,0.06,0.06,0.04,0.06,0.06,0.06,0.0,0.06,0.06,0.0,0.06,0.06,0.06,0.05,0.04,0.06,0.06,0.06,0.06,0.06,0.0,0.0,0.06,0.06,0.06,0.08,0.06,0.0,0.0,0.06,0.12,0.0,0.07,0.08,0.07,0.06,0.0,0.06,0.09,0.0,0.06,0.12,0.06,0.06,0.0,0.0,0.1,0.12,0.04,0.0,0.24,0.24,0.14,0.06,0.18,0.0,0.14,0.09,0.07,0.14,0.0,0.14,0.07,0.08,0.14,0.0,0.06,0.16,0.0,0.07,0.07,0.07,0.06,0.04,0.06,0.06,0.06,0.07,0.07,0.06,0.14,0.06,0.1,0.16,0.12,0.04,0.0,0.1,0.07,0.0,0.06,0.14,0.06,0.06,0.16,0.18,0.24,0.29,0.09,0.1,0.06,0.06,0.16,0.14,0.07,0.0,0.0,0.06,0.0,0.0,0.07,0.07,0.09,0.05,0.09,0.08,0.06,0.06,0.0,0.06,0.1,0.0,0.07,0.09,0.0,0.06,0.06,0.0,0.06,0.06,0.0,0.18,0.06,0.06,0.07,0.0,0.06,0.06,0.08,0.0
carote glassate al forno,0.1,0.08,0.0,0.06,0.08,0.0,0.08,0.1,0.0,0.0,0.06,0.08,0.06,0.2,0.08,0.08,0.04,0.09,0.09,0.08,0.07,0.0,0.0,0.33,1.0,0.0,0.11,0.0,0.1,0.09,0.0,0.0,0.09,0.0,0.08,0.08,0.2,0.0,0.0,0.1,0.06,0.09,0.08,0.08,0.09,0.0,0.06,0.0,0.2,0.0,0.0,0.0,0.08,0.0,0.0,0.0,0.0,0.0,0.0,0.08,0.08,0.0,0.0,0.08,0.14,0.09,0.0,0.06,0.0,0.1,0.07,0.0,0.06,0.0,0.09,0.09,0.08,0.08,0.04,0.0,0.08,0.0,0.08,0.06,0.08,0.08,0.08,0.08,0.11,0.08,0.07,0.08,0.14,0.08,0.08,0.08,0.08,0.06,0.07,0.06,0.06,0.08,0.06,0.08,0.08,0.08,0.1,0.16,0.14,0.08,0.08,0.0,0.06,0.0,0.1,0.07,0.08,0.0,0.0,0.1,0.09,0.08,0.11,0.08,0.11,0.08,0.06,0.08,0.0,0.0,0.08,0.1,0.06,0.0,0.06,0.1,0.32,0.0,0.06,0.08,0.0,0.09,0.09,0.11,0.09,0.0,0.08,0.0,0.09,0.0,0.09,0.08,0.08,0.0,0.08,0.09,0.09,0.09,0.08,0.11,0.08,0.0,0.06,0.0,0.0,0.0,0.08,0.08,0.0,0.0,0.0,0.06,0.0,0.06,0.09,0.09,0.08,0.0,0.08,0.08,0.0,0.0,0.0,0.0,0.11,0.06,0.06,0.08,0.1,0.0,0.09,0.18,0.0,0.0,0.0,0.0,0.09,0.09,0.12,0.06,0.0,0.1,0.0,0.08,0.14,0.06,0.06,0.09,0.09,0.0,0.06,0.0,0.08,0.1,0.0,0.06,0.0,0.0,0.08,0.08,0.09,0.08,0.08,0.08,0.1,0.11
castagne al sale in padella,0.0,0.0,0.0,0.0,0.0,0.0,0.0,0.0,0.14,0.2,0.0,0.0,0.0,0.0,0.0,0.0,0.0,0.0,0.0,0.0,0.0,0.0,0.0,0.0,0.0,1.0,0.42,0.0,0.0,0.0,0.0,0.0,0.0,0.0,0.0,0.0,0.0,0.18,0.0,0.0,0.0,0.0,0.0,0.0,0.0,0.0,0.0,0.0,0.0,0.0,0.0,0.2,0.12,0.0,0.0,0.0,0.0,0.0,0.0,0.0,0.0,0.0,0.0,0.0,0.0,0.0,0.0,0.0,0.0,0.0,0.0,0.0,0.0,0.0,0.0,0.0,0.0,0.0,0.12,0.0,0.0,0.0,0.0,0.0,0.0,0.0,0.0,0.0,0.34,0.0,0.0,0.0,0.0,0.0,0.0,0.0,0.0,0.0,0.0,0.0,0.0,0.0,0.0,0.0,0.0,0.0,0.0,0.0,0.27,0.0,0.0,0.0,0.0,0.0,0.0,0.0,0.0,0.0,0.0,0.0,0.0,0.0,0.0,0.0,0.0,0.0,0.0,0.0,0.0,0.12,0.0,0.0,0.0,0.0,0.0,0.0,0.0,0.0,0.0,0.0,0.0,0.0,0.0,0.0,0.0,0.0,0.0,0.0,0.0,0.0,0.0,0.0,0.0,0.0,0.0,0.0,0.0,0.0,0.0,0.0,0.0,0.0,0.0,0.0,0.0,0.0,0.0,0.0,0.2,0.16,0.0,0.0,0.0,0.0,0.0,0.0,0.0,0.0,0.0,0.0,0.0,0.0,0.0,0.0,0.0,0.0,0.0,0.0,0.0,0.0,0.0,0.0,0.0,0.0,0.12,0.0,0.0,0.0,0.0,0.0,0.0,0.0,0.0,0.0,0.0,0.0,0.0,0.14,0.0,0.0,0.0,0.0,0.0,0.0,0.0,0.0,0.16,0.0,0.0,0.0,0.0,0.0,0.0,0.12,0.0,0.0
castagne lesse,0.11,0.1,0.0,0.0,0.1,0.0,0.0,0.11,0.0,0.29,0.07,0.08,0.0,0.11,0.1,0.09,0.04,0.1,0.1,0.09,0.08,0.0,0.0,0.09,0.11,0.42,1.0,0.0,0.11,0.1,0.0,0.0,0.1,0.0,0.08,0.1,0.11,0.0,0.0,0.0,0.07,0.1,0.0,0.08,0.2,0.0,0.07,0.1,0.11,0.0,0.1,0.14,0.18,0.0,0.0,0.0,0.06,0.1,0.0,0.19,0.1,0.0,0.0,0.1,0.08,0.1,0.0,0.06,0.0,0.11,0.08,0.0,0.08,0.12,0.1,0.1,0.25,0.09,0.16,0.0,0.0,0.0,0.0,0.07,0.08,0.09,0.09,0.08,0.06,0.1,0.08,0.16,0.08,0.1,0.1,0.09,0.16,0.08,0.08,0.07,0.06,0.09,0.08,0.1,0.09,0.09,0.11,0.09,0.0,0.09,0.0,0.0,0.08,0.0,0.11,0.16,0.18,0.0,0.0,0.11,0.1,0.09,0.12,0.1,0.25,0.08,0.08,0.18,0.0,0.09,0.0,0.0,0.07,0.0,0.06,0.11,0.08,0.0,0.06,0.0,0.0,0.0,0.1,0.12,0.1,0.0,0.09,0.0,0.1,0.0,0.2,0.0,0.1,0.0,0.0,0.1,0.1,0.1,0.09,0.19,0.18,0.0,0.08,0.0,0.0,0.0,0.1,0.09,0.14,0.11,0.0,0.06,0.0,0.08,0.1,0.0,0.09,0.0,0.09,0.1,0.0,0.0,0.0,0.0,0.12,0.14,0.08,0.09,0.11,0.0,0.1,0.1,0.0,0.0,0.0,0.0,0.1,0.1,0.13,0.07,0.0,0.11,0.0,0.08,0.08,0.08,0.07,0.2,0.1,0.0,0.07,0.0,0.08,0.11,0.09,0.15,0.0,0.0,0.09,0.09,0.1,0.0,0.1,0.18,0.11,0.0
cavolfiore al forno,0.08,0.07,0.06,0.0,0.07,0.0,0.06,0.08,0.0,0.0,0.06,0.06,0.0,0.0,0.07,0.14,0.1,0.16,0.0,0.14,0.12,0.08,0.22,0.06,0.0,0.0,0.0,1.0,0.34,0.81,0.64,0.0,0.08,0.08,0.06,0.07,0.0,0.0,0.0,0.0,0.0,0.08,0.0,0.19,0.0,0.1,0.05,0.08,0.08,0.08,0.07,0.0,0.0,0.2,0.14,0.16,0.1,0.07,0.0,0.07,0.07,0.14,0.08,0.14,0.06,0.08,0.08,0.2,0.14,0.08,0.12,0.25,0.06,0.0,0.16,0.08,0.12,0.06,0.06,0.0,0.0,0.12,0.07,0.0,0.0,0.06,0.14,0.12,0.0,0.07,0.06,0.06,0.0,0.07,0.07,0.06,0.0,0.06,0.12,0.06,0.05,0.06,0.06,0.14,0.06,0.06,0.0,0.0,0.0,0.06,0.06,0.08,0.17,0.0,0.08,0.06,0.06,0.0,0.16,0.17,0.08,0.06,0.0,0.07,0.0,0.06,0.06,0.06,0.14,0.0,0.06,0.0,0.1,0.08,0.14,0.0,0.06,0.12,0.15,0.06,0.06,0.0,0.08,0.1,0.08,0.14,0.14,0.08,0.08,0.0,0.08,0.0,0.22,0.08,0.0,0.08,0.08,0.08,0.14,0.04,0.06,0.06,0.17,0.08,0.0,0.07,0.07,0.06,0.0,0.0,0.19,0.15,0.1,0.12,0.16,0.0,0.06,0.08,0.14,0.07,0.17,0.76,0.08,0.16,0.1,0.05,0.06,0.14,0.08,0.14,0.0,0.0,0.07,0.07,0.64,0.08,0.08,0.08,0.1,0.1,0.1,0.08,0.44,0.12,0.12,0.06,0.05,0.0,0.08,0.1,0.0,0.14,0.19,0.0,0.06,0.06,0.0,0.1,0.26,0.06,0.08,0.0,0.22,0.0,0.08,0.0
cavolfiore con olive in padella,0.3,0.17,0.08,0.0,0.26,0.09,0.0,0.42,0.0,0.0,0.13,0.15,0.0,0.1,0.26,0.24,0.16,0.18,0.18,0.24,0.21,0.0,0.08,0.08,0.1,0.0,0.11,0.34,1.0,0.44,0.34,0.0,0.28,0.2,0.15,0.17,0.18,0.0,0.0,0.0,0.13,0.18,0.0,0.15,0.09,0.11,0.12,0.09,0.2,0.09,0.17,0.0,0.29,0.08,0.08,0.06,0.06,0.08,0.08,0.38,0.36,0.16,0.09,0.26,0.2,0.18,0.0,0.18,0.08,0.3,0.21,0.08,0.27,0.0,0.28,0.28,0.35,0.24,0.04,0.06,0.08,0.07,0.08,0.06,0.08,0.16,0.16,0.24,0.06,0.17,0.14,0.15,0.14,0.17,0.26,0.24,0.08,0.14,0.14,0.28,0.12,0.24,0.14,0.17,0.16,0.16,0.1,0.08,0.0,0.22,0.08,0.0,0.2,0.0,0.1,0.14,0.24,0.0,0.18,0.2,0.28,0.24,0.11,0.26,0.11,0.15,0.14,0.36,0.17,0.08,0.08,0.1,0.18,0.05,0.22,0.32,0.15,0.08,0.18,0.0,0.08,0.0,0.18,0.22,0.28,0.08,0.08,0.09,0.18,0.1,0.28,0.0,0.17,0.1,0.08,0.28,0.28,0.28,0.24,0.22,0.16,0.07,0.2,0.09,0.0,0.08,0.17,0.24,0.0,0.0,0.08,0.18,0.0,0.26,0.28,0.09,0.36,0.09,0.24,0.26,0.1,0.32,0.1,0.09,0.22,0.18,0.2,0.16,0.2,0.08,0.09,0.29,0.08,0.08,0.24,0.0,0.28,0.28,0.23,0.12,0.11,0.2,0.28,0.15,0.14,0.2,0.18,0.09,0.18,0.22,0.06,0.08,0.22,0.1,0.16,0.14,0.0,0.11,0.16,0.16,0.28,0.0,0.26,0.29,0.3,0.0
cavolfiore gratinato,0.18,0.16,0.14,0.0,0.16,0.0,0.07,0.18,0.0,0.0,0.12,0.14,0.0,0.09,0.16,0.14,0.18,0.25,0.08,0.22,0.26,0.09,0.23,0.07,0.09,0.0,0.1,0.81,0.44,1.0,0.66,0.0,0.16,0.09,0.2,0.16,0.09,0.1,0.0,0.0,0.06,0.25,0.0,0.2,0.08,0.1,0.12,0.16,0.18,0.16,0.08,0.0,0.07,0.29,0.16,0.18,0.06,0.08,0.0,0.23,0.16,0.14,0.08,0.16,0.18,0.25,0.08,0.21,0.14,0.18,0.2,0.2,0.12,0.0,0.25,0.25,0.14,0.14,0.06,0.0,0.0,0.06,0.08,0.06,0.07,0.14,0.14,0.14,0.05,0.16,0.2,0.2,0.06,0.16,0.16,0.14,0.07,0.12,0.13,0.12,0.11,0.14,0.12,0.16,0.14,0.14,0.09,0.07,0.0,0.14,0.07,0.09,0.18,0.0,0.18,0.13,0.14,0.0,0.16,0.28,0.25,0.22,0.1,0.16,0.1,0.14,0.12,0.14,0.08,0.0,0.0,0.0,0.12,0.04,0.21,0.09,0.14,0.14,0.16,0.07,0.07,0.0,0.16,0.2,0.16,0.16,0.22,0.16,0.16,0.0,0.16,0.0,0.38,0.18,0.0,0.16,0.16,0.16,0.22,0.16,0.14,0.06,0.24,0.08,0.08,0.08,0.16,0.14,0.0,0.0,0.27,0.28,0.1,0.18,0.25,0.0,0.14,0.12,0.14,0.23,0.18,0.72,0.09,0.16,0.3,0.11,0.12,0.22,0.28,0.16,0.08,0.08,0.08,0.16,0.72,0.08,0.16,0.16,0.21,0.12,0.1,0.18,0.52,0.2,0.18,0.18,0.12,0.08,0.16,0.1,0.06,0.16,0.27,0.09,0.07,0.18,0.0,0.1,0.29,0.14,0.25,0.0,0.23,0.14,0.18,0.0
cavolfiore in padella,0.17,0.0,0.0,0.0,0.07,0.16,0.06,0.08,0.0,0.0,0.0,0.0,0.0,0.0,0.14,0.06,0.04,0.08,0.16,0.14,0.12,0.0,0.07,0.0,0.0,0.0,0.0,0.64,0.34,0.66,1.0,0.0,0.08,0.17,0.0,0.0,0.0,0.0,0.0,0.0,0.06,0.0,0.0,0.06,0.0,0.0,0.05,0.0,0.0,0.0,0.07,0.0,0.06,0.06,0.0,0.11,0.05,0.0,0.06,0.07,0.14,0.06,0.0,0.07,0.06,0.0,0.0,0.0,0.06,0.08,0.18,0.06,0.06,0.0,0.16,0.08,0.12,0.06,0.03,0.11,0.06,0.06,0.07,0.0,0.0,0.0,0.0,0.0,0.0,0.0,0.0,0.0,0.0,0.0,0.07,0.14,0.0,0.0,0.0,0.06,0.0,0.06,0.0,0.0,0.0,0.0,0.0,0.0,0.06,0.0,0.0,0.0,0.06,0.0,0.08,0.0,0.06,0.0,0.16,0.08,0.16,0.14,0.0,0.22,0.0,0.12,0.0,0.06,0.14,0.14,0.06,0.17,0.1,0.0,0.05,0.08,0.0,0.0,0.05,0.06,0.0,0.0,0.0,0.0,0.08,0.0,0.06,0.0,0.0,0.08,0.08,0.0,0.07,0.0,0.06,0.08,0.08,0.08,0.14,0.04,0.0,0.0,0.12,0.0,0.08,0.0,0.0,0.06,0.0,0.0,0.06,0.2,0.1,0.06,0.23,0.08,0.06,0.0,0.06,0.07,0.0,0.56,0.0,0.0,0.0,0.05,0.06,0.0,0.0,0.0,0.0,0.08,0.14,0.07,0.64,0.08,0.08,0.08,0.0,0.0,0.1,0.0,0.32,0.06,0.17,0.06,0.1,0.0,0.0,0.1,0.0,0.07,0.19,0.0,0.06,0.06,0.0,0.0,0.14,0.0,0.16,0.0,0.07,0.06,0.08,0.0
cavolo cappuccio all’orientale,0.0,0.0,0.0,0.0,0.0,0.0,0.0,0.0,0.0,0.0,0.0,0.0,0.0,0.1,0.0,0.0,0.0,0.0,0.0,0.0,0.0,0.0,0.0,0.0,0.0,0.0,0.0,0.0,0.0,0.0,0.0,1.0,0.0,0.0,0.0,0.0,0.0,0.0,0.0,0.0,0.0,0.0,0.0,0.0,0.09,0.0,0.0,0.0,0.0,0.0,0.0,0.0,0.0,0.0,0.0,0.0,0.0,0.0,0.0,0.0,0.0,0.0,0.09,0.0,0.0,0.0,0.0,0.0,0.0,0.0,0.0,0.0,0.0,0.0,0.0,0.0,0.0,0.0,0.0,0.13,0.0,0.0,0.0,0.0,0.0,0.0,0.0,0.0,0.0,0.0,0.0,0.0,0.0,0.0,0.0,0.0,0.08,0.0,0.0,0.0,0.0,0.0,0.0,0.0,0.0,0.0,0.0,0.0,0.0,0.0,0.0,0.0,0.0,0.0,0.0,0.0,0.0,0.0,0.0,0.0,0.0,0.0,0.0,0.0,0.0,0.0,0.0,0.0,0.08,0.0,0.0,0.0,0.0,0.0,0.0,0.0,0.0,0.0,0.0,0.0,0.0,0.0,0.0,0.0,0.0,0.0,0.0,0.0,0.0,0.0,0.0,0.0,0.0,0.0,0.0,0.0,0.0,0.0,0.0,0.0,0.0,0.0,0.0,0.0,0.0,0.0,0.0,0.0,0.0,0.0,0.0,0.0,0.0,0.0,0.0,0.0,0.0,0.0,0.0,0.0,0.0,0.0,0.0,0.0,0.0,0.0,0.0,0.0,0.0,0.0,0.0,0.0,0.0,0.0,0.0,0.0,0.0,0.0,0.0,0.0,0.0,0.0,0.0,0.0,0.0,0.0,0.0,0.0,0.0,0.0,0.0,0.0,0.0,0.0,0.0,0.0,0.0,0.0,0.0,0.0,0.0,0.0,0.0,0.0,0.0,0.0
cavolo cappuccio in umido alla siciliana,0.28,0.16,0.07,0.0,0.23,0.08,0.0,0.28,0.0,0.0,0.12,0.14,0.0,0.09,0.23,0.22,0.14,0.16,0.25,0.22,0.2,0.0,0.08,0.07,0.09,0.0,0.1,0.08,0.28,0.16,0.08,0.0,1.0,0.18,0.14,0.16,0.09,0.0,0.0,0.0,0.12,0.16,0.0,0.14,0.08,0.1,0.12,0.08,0.18,0.08,0.16,0.0,0.14,0.07,0.08,0.06,0.06,0.08,0.07,0.23,0.23,0.14,0.08,0.23,0.18,0.16,0.0,0.16,0.07,0.28,0.2,0.07,0.18,0.0,0.25,0.25,0.2,0.22,0.0,0.06,0.07,0.06,0.08,0.06,0.07,0.14,0.14,0.14,0.05,0.16,0.13,0.14,0.06,0.16,0.23,0.07,0.07,0.12,0.13,0.18,0.11,0.14,0.12,0.16,0.14,0.14,0.09,0.07,0.0,0.14,0.07,0.0,0.18,0.0,0.09,0.13,0.22,0.0,0.16,0.18,0.25,0.22,0.1,0.23,0.1,0.14,0.12,0.22,0.16,0.07,0.07,0.09,0.17,0.04,0.1,0.18,0.14,0.07,0.16,0.0,0.07,0.0,0.16,0.2,0.25,0.08,0.07,0.08,0.16,0.09,0.25,0.0,0.16,0.09,0.07,0.25,0.25,0.25,0.22,0.2,0.14,0.06,0.12,0.08,0.0,0.08,0.16,0.22,0.0,0.0,0.07,0.16,0.0,0.12,0.25,0.08,0.22,0.08,0.22,0.23,0.09,0.07,0.09,0.08,0.2,0.16,0.18,0.14,0.18,0.08,0.08,0.16,0.08,0.08,0.0,0.0,0.25,0.25,0.21,0.12,0.1,0.18,0.07,0.14,0.12,0.18,0.17,0.08,0.16,0.2,0.06,0.08,0.2,0.09,0.14,0.12,0.0,0.1,0.14,0.14,0.25,0.0,0.23,0.14,0.28,0.0
cavolo nero in padella,0.2,0.08,0.08,0.0,0.17,0.18,0.0,0.2,0.0,0.0,0.06,0.08,0.0,0.0,0.17,0.16,0.12,0.09,0.09,0.16,0.14,0.0,0.08,0.08,0.0,0.0,0.0,0.08,0.2,0.09,0.17,0.0,0.18,1.0,0.08,0.08,0.0,0.0,0.0,0.0,0.06,0.09,0.0,0.08,0.0,0.11,0.06,0.09,0.1,0.09,0.17,0.0,0.08,0.08,0.08,0.06,0.06,0.08,0.08,0.17,0.17,0.16,0.09,0.17,0.14,0.09,0.0,0.12,0.08,0.2,0.14,0.08,0.14,0.0,0.18,0.18,0.15,0.16,0.0,0.06,0.08,0.07,0.08,0.0,0.0,0.08,0.08,0.08,0.0,0.08,0.07,0.08,0.0,0.08,0.17,0.0,0.0,0.06,0.07,0.13,0.06,0.08,0.06,0.08,0.08,0.08,0.0,0.0,0.06,0.08,0.08,0.0,0.14,0.0,0.0,0.07,0.16,0.0,0.18,0.1,0.18,0.16,0.0,0.17,0.0,0.08,0.06,0.16,0.17,0.16,0.08,0.1,0.12,0.05,0.06,0.1,0.08,0.08,0.12,0.0,0.08,0.0,0.09,0.11,0.18,0.08,0.0,0.09,0.09,0.1,0.18,0.0,0.08,0.1,0.08,0.18,0.18,0.18,0.16,0.11,0.08,0.07,0.06,0.09,0.0,0.08,0.08,0.16,0.0,0.0,0.08,0.12,0.0,0.06,0.18,0.09,0.16,0.09,0.16,0.17,0.1,0.08,0.1,0.09,0.11,0.12,0.14,0.08,0.1,0.08,0.0,0.09,0.08,0.08,0.0,0.0,0.18,0.18,0.12,0.06,0.11,0.1,0.08,0.08,0.06,0.14,0.12,0.0,0.09,0.22,0.0,0.08,0.15,0.0,0.16,0.06,0.0,0.11,0.08,0.08,0.18,0.0,0.17,0.08,0.2,0.0
ceci in zimino la zuppa ligure per il pranzo di magro,0.15,0.12,0.11,0.0,0.12,0.0,0.0,0.15,0.0,0.0,0.14,0.11,0.08,0.08,0.12,0.12,0.15,0.14,0.07,0.12,0.16,0.0,0.06,0.06,0.08,0.0,0.08,0.06,0.15,0.2,0.0,0.0,0.14,0.08,1.0,0.12,0.08,0.08,0.0,0.0,0.05,0.2,0.0,0.11,0.07,0.08,0.09,0.14,0.15,0.14,0.06,0.0,0.06,0.12,0.06,0.05,0.09,0.06,0.0,0.19,0.12,0.06,0.07,0.12,0.15,0.2,0.0,0.13,0.06,0.15,0.1,0.06,0.1,0.0,0.14,0.2,0.11,0.12,0.08,0.05,0.0,0.06,0.06,0.05,0.11,0.12,0.18,0.11,0.04,0.12,0.16,0.16,0.06,0.12,0.12,0.06,0.11,0.2,0.16,0.1,0.09,0.12,0.1,0.12,0.12,0.12,0.08,0.06,0.0,0.12,0.06,0.0,0.1,0.0,0.08,0.16,0.12,0.0,0.07,0.15,0.2,0.18,0.08,0.12,0.08,0.06,0.1,0.12,0.06,0.0,0.0,0.0,0.09,0.04,0.17,0.08,0.11,0.06,0.09,0.0,0.06,0.0,0.2,0.16,0.14,0.06,0.06,0.2,0.14,0.0,0.14,0.0,0.19,0.15,0.0,0.14,0.14,0.14,0.12,0.12,0.12,0.06,0.1,0.07,0.07,0.19,0.12,0.12,0.0,0.0,0.11,0.14,0.0,0.1,0.14,0.0,0.12,0.1,0.12,0.19,0.08,0.06,0.08,0.07,0.25,0.09,0.1,0.12,0.22,0.06,0.07,0.07,0.0,0.12,0.06,0.0,0.14,0.14,0.17,0.09,0.0,0.15,0.11,0.11,0.05,0.15,0.09,0.07,0.14,0.08,0.04,0.06,0.11,0.08,0.06,0.15,0.0,0.08,0.12,0.12,0.2,0.0,0.12,0.12,0.15,0.0
cestini di zucchine e uova,0.17,0.14,0.06,0.05,0.14,0.0,0.0,0.17,0.0,0.0,0.11,0.12,0.04,0.08,0.14,0.14,0.2,0.16,0.08,0.14,0.12,0.0,0.07,0.06,0.08,0.0,0.1,0.07,0.17,0.16,0.0,0.0,0.16,0.08,0.12,1.0,0.08,0.0,0.0,0.0,0.06,0.16,0.0,0.12,0.08,0.1,0.1,0.08,0.17,0.08,0.07,0.0,0.06,0.06,0.07,0.11,0.05,0.07,0.0,0.14,0.14,0.06,0.08,0.14,0.12,0.16,0.08,0.14,0.14,0.17,0.12,0.06,0.17,0.0,0.16,0.16,0.12,0.14,0.0,0.06,0.0,0.06,0.07,0.11,0.06,0.14,0.14,0.12,0.1,0.14,0.12,0.12,0.06,0.14,0.14,0.06,0.06,0.12,0.12,0.11,0.1,0.3,0.12,0.14,0.14,0.14,0.08,0.06,0.06,0.14,0.06,0.0,0.12,0.0,0.08,0.12,0.14,0.0,0.08,0.17,0.16,0.14,0.1,0.14,0.1,0.06,0.17,0.14,0.07,0.0,0.06,0.0,0.1,0.04,0.14,0.08,0.12,0.06,0.15,0.0,0.06,0.0,0.16,0.19,0.16,0.07,0.06,0.08,0.16,0.0,0.16,0.07,0.14,0.08,0.0,0.16,0.16,0.16,0.14,0.14,0.14,0.06,0.12,0.08,0.0,0.07,0.14,0.14,0.0,0.0,0.12,0.15,0.0,0.17,0.16,0.0,0.14,0.12,0.14,0.14,0.08,0.06,0.08,0.08,0.19,0.1,0.12,0.14,0.17,0.07,0.08,0.08,0.0,0.07,0.06,0.0,0.16,0.16,0.2,0.16,0.0,0.17,0.12,0.12,0.06,0.17,0.1,0.08,0.16,0.1,0.05,0.14,0.12,0.08,0.06,0.12,0.0,0.44,0.14,0.14,0.16,0.0,0.14,0.3,0.17,0.0
cetrioli saltati alla menta,0.1,0.08,0.0,0.12,0.08,0.0,0.16,0.2,0.0,0.0,0.06,0.08,0.06,0.1,0.17,0.08,0.04,0.09,0.18,0.08,0.07,0.1,0.0,0.08,0.2,0.0,0.11,0.0,0.18,0.09,0.0,0.0,0.09,0.0,0.08,0.08,1.0,0.0,0.0,0.0,0.06,0.09,0.17,0.08,0.09,0.0,0.06,0.09,0.1,0.09,0.0,0.0,0.18,0.0,0.0,0.0,0.0,0.0,0.0,0.18,0.17,0.08,0.0,0.08,0.2,0.09,0.0,0.12,0.08,0.1,0.07,0.0,0.12,0.0,0.09,0.09,0.18,0.08,0.0,0.0,0.16,0.07,0.0,0.13,0.21,0.08,0.08,0.15,0.06,0.08,0.07,0.08,0.23,0.08,0.08,0.08,0.08,0.06,0.07,0.14,0.06,0.15,0.06,0.08,0.08,0.08,0.1,0.26,0.16,0.13,0.0,0.1,0.06,0.0,0.1,0.07,0.08,0.0,0.0,0.1,0.09,0.16,0.11,0.08,0.11,0.08,0.06,0.26,0.0,0.0,0.08,0.1,0.06,0.05,0.15,0.2,0.08,0.08,0.12,0.15,0.08,0.09,0.18,0.11,0.09,0.08,0.08,0.09,0.09,0.1,0.09,0.08,0.08,0.1,0.08,0.09,0.09,0.09,0.08,0.11,0.08,0.0,0.06,0.0,0.09,0.0,0.08,0.08,0.0,0.1,0.0,0.06,0.0,0.24,0.09,0.09,0.18,0.0,0.08,0.08,0.1,0.08,0.1,0.09,0.11,0.06,0.06,0.08,0.1,0.0,0.09,0.27,0.0,0.0,0.0,0.0,0.09,0.09,0.12,0.06,0.11,0.1,0.0,0.08,0.14,0.06,0.12,0.09,0.09,0.0,0.06,0.0,0.08,0.1,0.0,0.06,0.0,0.0,0.08,0.08,0.09,0.08,0.08,0.18,0.1,0.11
cetrioli sotto aceto,0.0,0.0,0.08,0.0,0.0,0.0,0.0,0.0,0.1,0.0,0.0,0.0,0.0,0.0,0.0,0.0,0.04,0.0,0.0,0.0,0.08,0.0,0.0,0.0,0.0,0.18,0.0,0.0,0.0,0.1,0.0,0.0,0.0,0.0,0.08,0.0,0.0,1.0,0.0,0.0,0.07,0.1,0.0,0.0,0.0,0.0,0.07,0.1,0.0,0.1,0.1,0.14,0.18,0.09,0.0,0.0,0.0,0.0,0.0,0.1,0.0,0.0,0.0,0.0,0.08,0.1,0.0,0.0,0.0,0.0,0.0,0.0,0.0,0.0,0.0,0.1,0.0,0.0,0.16,0.0,0.0,0.0,0.0,0.0,0.0,0.0,0.0,0.0,0.06,0.0,0.08,0.08,0.0,0.0,0.0,0.0,0.0,0.0,0.0,0.0,0.0,0.0,0.0,0.0,0.09,0.0,0.11,0.0,0.08,0.0,0.0,0.0,0.0,0.0,0.0,0.0,0.0,0.12,0.0,0.0,0.1,0.09,0.0,0.0,0.0,0.0,0.0,0.0,0.0,0.09,0.0,0.0,0.0,0.0,0.0,0.0,0.0,0.0,0.0,0.0,0.0,0.0,0.0,0.0,0.0,0.0,0.0,0.1,0.0,0.0,0.0,0.0,0.1,0.11,0.0,0.0,0.0,0.0,0.0,0.0,0.0,0.0,0.0,0.0,0.1,0.0,0.0,0.0,0.14,0.11,0.08,0.06,0.0,0.0,0.0,0.0,0.09,0.05,0.0,0.1,0.0,0.0,0.0,0.0,0.12,0.0,0.0,0.0,0.11,0.0,0.0,0.0,0.0,0.1,0.18,0.0,0.0,0.0,0.0,0.0,0.0,0.0,0.08,0.0,0.0,0.08,0.0,0.1,0.0,0.0,0.0,0.0,0.0,0.0,0.0,0.08,0.11,0.0,0.0,0.0,0.1,0.0,0.0,0.18,0.0,0.0
chips di patate,0.0,0.11,0.0,0.0,0.0,0.0,0.0,0.0,0.12,0.0,0.0,0.0,0.07,0.0,0.0,0.0,0.0,0.0,0.0,0.0,0.0,0.0,0.0,0.0,0.0,0.0,0.0,0.0,0.0,0.0,0.0,0.0,0.0,0.0,0.0,0.0,0.0,0.0,1.0,0.0,0.0,0.0,0.0,0.0,0.0,0.0,0.0,0.0,0.0,0.0,0.0,0.0,0.0,0.0,0.11,0.08,0.0,0.0,0.0,0.0,0.0,0.0,0.0,0.0,0.0,0.0,0.0,0.0,0.0,0.0,0.0,0.0,0.08,0.0,0.0,0.0,0.0,0.0,0.0,0.0,0.0,0.0,0.0,0.0,0.0,0.0,0.0,0.0,0.0,0.0,0.0,0.0,0.0,0.0,0.0,0.0,0.0,0.0,0.0,0.0,0.0,0.0,0.0,0.0,0.0,0.0,0.0,0.0,0.0,0.0,0.0,0.0,0.0,0.0,0.0,0.0,0.0,0.0,0.0,0.0,0.0,0.0,0.0,0.0,0.0,0.0,0.0,0.0,0.0,0.0,0.0,0.0,0.08,0.0,0.0,0.0,0.0,0.1,0.0,0.0,0.0,0.0,0.0,0.0,0.0,0.0,0.0,0.0,0.0,0.0,0.0,0.0,0.0,0.0,0.0,0.0,0.0,0.0,0.0,0.0,0.0,0.0,0.0,0.0,0.0,0.0,0.0,0.0,0.0,0.0,0.0,0.0,0.0,0.0,0.0,0.0,0.0,0.12,0.0,0.0,0.0,0.0,0.0,0.0,0.0,0.0,0.0,0.0,0.0,0.0,0.0,0.0,0.0,0.0,0.0,0.0,0.0,0.0,0.0,0.0,0.0,0.0,0.0,0.0,0.0,0.0,0.0,0.0,0.0,0.0,0.0,0.11,0.0,0.0,0.0,0.0,0.13,0.14,0.0,0.0,0.0,0.0,0.0,0.0,0.0,0.0
chips di verdure,0.0,0.0,0.0,0.0,0.0,0.0,0.0,0.0,0.0,0.0,0.0,0.08,0.0,0.0,0.0,0.0,0.0,0.0,0.0,0.0,0.0,0.0,0.0,0.08,0.1,0.0,0.0,0.0,0.0,0.0,0.0,0.0,0.0,0.0,0.0,0.0,0.0,0.0,0.0,1.0,0.0,0.0,0.0,0.0,0.0,0.0,0.0,0.0,0.0,0.0,0.0,0.0,0.0,0.0,0.0,0.0,0.0,0.0,0.0,0.0,0.0,0.0,0.0,0.0,0.0,0.0,0.0,0.0,0.0,0.0,0.0,0.08,0.0,0.0,0.0,0.0,0.0,0.0,0.0,0.0,0.0,0.0,0.08,0.0,0.0,0.0,0.0,0.0,0.06,0.0,0.0,0.0,0.0,0.0,0.0,0.0,0.0,0.0,0.0,0.0,0.12,0.0,0.0,0.0,0.0,0.0,0.0,0.0,0.06,0.0,0.0,0.0,0.06,0.0,0.1,0.0,0.0,0.0,0.09,0.1,0.09,0.08,0.11,0.08,0.11,0.08,0.06,0.0,0.08,0.08,0.08,0.1,0.0,0.0,0.0,0.0,0.08,0.08,0.06,0.0,0.0,0.0,0.09,0.0,0.0,0.0,0.08,0.0,0.0,0.0,0.0,0.0,0.0,0.1,0.0,0.0,0.0,0.0,0.0,0.0,0.0,0.0,0.0,0.0,0.0,0.0,0.0,0.08,0.0,0.0,0.0,0.0,0.0,0.0,0.0,0.0,0.0,0.0,0.0,0.0,0.0,0.0,0.0,0.09,0.0,0.0,0.0,0.0,0.0,0.08,0.0,0.0,0.0,0.0,0.0,0.0,0.0,0.09,0.0,0.0,0.0,0.0,0.0,0.0,0.0,0.0,0.12,0.0,0.0,0.0,0.0,0.0,0.0,0.0,0.0,0.0,0.1,0.0,0.08,0.08,0.09,0.0,0.08,0.0,0.1,0.11
chutney di melanzane,0.13,0.06,0.0,0.0,0.11,0.06,0.0,0.13,0.0,0.0,0.04,0.05,0.07,0.06,0.11,0.1,0.02,0.06,0.12,0.1,0.09,0.0,0.0,0.0,0.06,0.0,0.07,0.0,0.13,0.06,0.06,0.0,0.12,0.06,0.05,0.06,0.06,0.07,0.0,0.0,1.0,0.06,0.06,0.05,0.06,0.0,0.08,0.0,0.06,0.0,0.11,0.0,0.2,0.0,0.0,0.0,0.0,0.0,0.1,0.11,0.11,0.05,0.0,0.11,0.08,0.06,0.0,0.04,0.0,0.13,0.09,0.0,0.08,0.0,0.12,0.12,0.1,0.1,0.04,0.04,0.05,0.0,0.0,0.04,0.05,0.05,0.05,0.1,0.04,0.06,0.04,0.05,0.04,0.06,0.11,0.05,0.05,0.04,0.04,0.08,0.04,0.05,0.04,0.06,0.05,0.05,0.06,0.05,0.0,0.05,0.0,0.0,0.08,0.0,0.06,0.04,0.16,0.07,0.06,0.06,0.12,0.1,0.07,0.11,0.07,0.1,0.04,0.16,0.06,0.1,0.05,0.06,0.12,0.0,0.08,0.13,0.05,0.0,0.08,0.0,0.0,0.0,0.06,0.07,0.12,0.0,0.05,0.0,0.06,0.06,0.12,0.0,0.06,0.0,0.1,0.12,0.12,0.12,0.1,0.11,0.05,0.0,0.04,0.0,0.0,0.06,0.06,0.1,0.0,0.0,0.0,0.08,0.0,0.04,0.12,0.06,0.2,0.0,0.1,0.11,0.0,0.0,0.0,0.0,0.07,0.22,0.13,0.05,0.06,0.0,0.06,0.18,0.06,0.0,0.0,0.0,0.12,0.12,0.08,0.08,0.07,0.06,0.0,0.05,0.08,0.08,0.08,0.06,0.06,0.07,0.08,0.0,0.1,0.13,0.05,0.04,0.0,0.0,0.05,0.05,0.12,0.05,0.11,0.1,0.13,0.0
cipolle borettane in padella,0.18,0.16,0.14,0.0,0.16,0.0,0.0,0.18,0.0,0.0,0.12,0.14,0.0,0.09,0.16,0.14,0.18,0.16,0.08,0.14,0.2,0.0,0.08,0.07,0.09,0.0,0.1,0.08,0.18,0.25,0.0,0.0,0.16,0.09,0.2,0.16,0.09,0.1,0.0,0.0,0.06,1.0,0.0,0.2,0.08,0.1,0.17,0.16,0.18,0.25,0.08,0.0,0.07,0.14,0.08,0.06,0.06,0.08,0.0,0.23,0.16,0.07,0.08,0.16,0.18,0.25,0.0,0.16,0.07,0.18,0.13,0.07,0.12,0.0,0.16,0.25,0.14,0.14,0.04,0.0,0.0,0.06,0.08,0.06,0.07,0.14,0.22,0.14,0.1,0.16,0.2,0.2,0.06,0.16,0.16,0.07,0.07,0.12,0.13,0.12,0.11,0.14,0.12,0.16,0.14,0.14,0.09,0.14,0.0,0.14,0.07,0.0,0.12,0.0,0.09,0.13,0.14,0.1,0.08,0.18,0.25,0.22,0.1,0.16,0.1,0.07,0.12,0.14,0.08,0.0,0.0,0.0,0.12,0.04,0.1,0.09,0.14,0.07,0.11,0.0,0.07,0.08,0.16,0.2,0.16,0.08,0.07,0.16,0.16,0.0,0.16,0.08,0.31,0.18,0.07,0.16,0.16,0.16,0.14,0.16,0.14,0.06,0.12,0.08,0.08,0.08,0.23,0.14,0.0,0.0,0.14,0.22,0.0,0.12,0.16,0.0,0.14,0.12,0.14,0.23,0.09,0.07,0.09,0.08,0.3,0.11,0.12,0.22,0.28,0.08,0.16,0.08,0.0,0.16,0.07,0.0,0.16,0.16,0.21,0.22,0.0,0.18,0.14,0.14,0.06,0.24,0.12,0.08,0.16,0.1,0.06,0.08,0.2,0.09,0.07,0.31,0.0,0.1,0.14,0.22,0.25,0.0,0.16,0.14,0.28,0.0
cipolle caramellate,0.0,0.0,0.0,0.05,0.0,0.0,0.14,0.0,0.0,0.0,0.0,0.0,0.04,0.0,0.0,0.0,0.0,0.0,0.08,0.0,0.0,0.08,0.0,0.06,0.08,0.0,0.0,0.0,0.0,0.0,0.0,0.0,0.0,0.0,0.0,0.0,0.17,0.0,0.0,0.0,0.06,0.0,1.0,0.0,0.0,0.0,0.0,0.08,0.58,0.08,0.07,0.0,0.0,0.0,0.0,0.0,0.0,0.0,0.0,0.0,0.0,0.06,0.0,0.0,0.12,0.0,0.0,0.05,0.06,0.0,0.0,0.0,0.0,0.0,0.0,0.0,0.0,0.0,0.03,0.0,0.2,0.0,0.0,0.0,0.0,0.0,0.0,0.0,0.0,0.0,0.0,0.0,0.12,0.0,0.0,0.0,0.0,0.0,0.0,0.0,0.0,0.0,0.0,0.0,0.0,0.0,0.0,0.06,0.06,0.0,0.0,0.08,0.0,0.0,0.0,0.0,0.0,0.0,0.0,0.0,0.0,0.0,0.0,0.0,0.0,0.0,0.0,0.06,0.0,0.06,0.06,0.08,0.0,0.04,0.0,0.0,0.0,0.06,0.05,0.19,0.06,0.16,0.08,0.0,0.0,0.07,0.32,0.08,0.08,0.08,0.0,0.14,0.0,0.08,0.12,0.0,0.0,0.0,0.0,0.04,0.0,0.0,0.0,0.0,0.08,0.0,0.0,0.0,0.0,0.08,0.0,0.0,0.0,0.06,0.0,0.08,0.0,0.0,0.0,0.07,0.08,0.06,0.08,0.08,0.0,0.0,0.0,0.0,0.0,0.0,0.0,0.08,0.0,0.0,0.0,0.0,0.0,0.0,0.0,0.0,0.1,0.0,0.0,0.0,0.06,0.0,0.0,0.0,0.0,0.0,0.05,0.0,0.0,0.0,0.0,0.0,0.0,0.0,0.0,0.0,0.0,0.06,0.0,0.0,0.0,0.1
cipolle di tropea gratinate,0.15,0.12,0.06,0.0,0.12,0.0,0.06,0.15,0.0,0.0,0.1,0.11,0.0,0.08,0.12,0.18,0.12,0.2,0.07,0.18,0.16,0.0,0.12,0.06,0.08,0.0,0.08,0.19,0.15,0.2,0.06,0.0,0.14,0.08,0.11,0.12,0.08,0.0,0.0,0.0,0.05,0.2,0.0,1.0,0.07,0.08,0.09,0.07,0.15,0.07,0.06,0.0,0.06,0.12,0.06,0.1,0.09,0.06,0.0,0.12,0.12,0.06,0.07,0.19,0.1,0.14,0.0,0.17,0.12,0.15,0.16,0.16,0.1,0.0,0.2,0.14,0.11,0.12,0.0,0.0,0.0,0.1,0.06,0.05,0.06,0.12,0.18,0.11,0.08,0.12,0.1,0.11,0.06,0.12,0.12,0.06,0.06,0.1,0.16,0.14,0.09,0.12,0.1,0.19,0.12,0.12,0.08,0.06,0.0,0.12,0.06,0.0,0.15,0.0,0.15,0.1,0.12,0.08,0.14,0.22,0.14,0.12,0.08,0.12,0.08,0.11,0.1,0.12,0.06,0.0,0.0,0.0,0.09,0.08,0.13,0.08,0.11,0.06,0.14,0.0,0.06,0.07,0.14,0.25,0.14,0.06,0.12,0.07,0.14,0.0,0.14,0.06,0.25,0.08,0.11,0.14,0.14,0.14,0.18,0.12,0.12,0.06,0.15,0.07,0.0,0.06,0.19,0.12,0.0,0.0,0.11,0.22,0.08,0.15,0.2,0.0,0.12,0.06,0.18,0.12,0.08,0.12,0.08,0.07,0.16,0.09,0.15,0.18,0.15,0.06,0.14,0.07,0.06,0.06,0.06,0.07,0.2,0.14,0.17,0.18,0.0,0.15,0.06,0.16,0.1,0.15,0.09,0.07,0.14,0.16,0.04,0.12,0.22,0.08,0.06,0.15,0.0,0.08,0.24,0.12,0.14,0.0,0.19,0.06,0.22,0.0
cipolle in agrodolce con salsa di soia,0.09,0.08,0.0,0.0,0.08,0.0,0.0,0.09,0.0,0.12,0.06,0.07,0.0,0.18,0.08,0.07,0.04,0.08,0.08,0.07,0.06,0.0,0.0,0.07,0.09,0.0,0.2,0.0,0.09,0.08,0.0,0.09,0.08,0.0,0.07,0.08,0.09,0.0,0.0,0.0,0.06,0.08,0.0,0.07,1.0,0.0,0.06,0.0,0.09,0.0,0.0,0.12,0.14,0.0,0.0,0.0,0.06,0.08,0.0,0.08,0.08,0.0,0.0,0.08,0.06,0.08,0.0,0.06,0.0,0.09,0.06,0.0,0.06,0.1,0.08,0.08,0.14,0.07,0.06,0.06,0.0,0.0,0.0,0.06,0.07,0.07,0.07,0.07,0.05,0.08,0.06,0.07,0.06,0.08,0.08,0.07,0.14,0.12,0.06,0.06,0.06,0.07,0.06,0.08,0.07,0.07,0.09,0.07,0.0,0.07,0.0,0.0,0.06,0.0,0.09,0.13,0.14,0.0,0.0,0.09,0.08,0.07,0.1,0.08,0.2,0.07,0.06,0.14,0.0,0.07,0.0,0.0,0.06,0.0,0.06,0.09,0.07,0.0,0.06,0.0,0.0,0.0,0.08,0.1,0.08,0.0,0.07,0.0,0.08,0.0,0.16,0.0,0.08,0.0,0.0,0.08,0.08,0.08,0.07,0.1,0.07,0.0,0.06,0.0,0.0,0.0,0.08,0.07,0.12,0.09,0.0,0.06,0.0,0.06,0.08,0.0,0.07,0.0,0.07,0.08,0.0,0.0,0.0,0.0,0.1,0.11,0.06,0.07,0.09,0.0,0.08,0.08,0.0,0.0,0.0,0.0,0.08,0.08,0.1,0.06,0.0,0.09,0.0,0.07,0.06,0.06,0.06,0.08,0.08,0.0,0.06,0.0,0.07,0.09,0.0,0.06,0.0,0.0,0.07,0.07,0.08,0.0,0.08,0.14,0.09,0.0
cipolle rosse in agrodolce,0.11,0.1,0.08,0.0,0.1,0.0,0.0,0.11,0.0,0.0,0.14,0.16,0.12,0.0,0.1,0.09,0.14,0.1,0.0,0.09,0.08,0.11,0.1,0.09,0.0,0.0,0.0,0.1,0.11,0.1,0.0,0.0,0.1,0.11,0.08,0.1,0.0,0.0,0.0,0.0,0.0,0.1,0.0,0.08,0.0,1.0,0.07,0.2,0.11,0.2,0.1,0.0,0.0,0.09,0.1,0.07,0.06,0.1,0.0,0.1,0.1,0.09,0.1,0.1,0.08,0.1,0.0,0.13,0.09,0.11,0.08,0.08,0.08,0.0,0.1,0.1,0.08,0.09,0.12,0.07,0.0,0.08,0.1,0.0,0.0,0.09,0.09,0.08,0.0,0.1,0.08,0.08,0.08,0.1,0.1,0.0,0.0,0.15,0.08,0.07,0.06,0.09,0.08,0.1,0.09,0.09,0.0,0.0,0.0,0.09,0.08,0.0,0.08,0.0,0.0,0.08,0.09,0.75,0.1,0.11,0.1,0.09,0.0,0.1,0.0,0.0,0.08,0.09,0.1,0.0,0.0,0.0,0.07,0.06,0.06,0.0,0.08,0.08,0.06,0.0,0.08,0.0,0.1,0.12,0.1,0.1,0.0,0.1,0.1,0.11,0.1,0.0,0.1,0.11,0.0,0.1,0.1,0.1,0.09,0.19,0.26,0.16,0.08,0.1,0.0,0.1,0.1,0.09,0.0,0.0,0.08,0.06,0.0,0.08,0.1,0.0,0.09,0.15,0.09,0.1,0.11,0.09,0.11,0.1,0.12,0.14,0.08,0.09,0.11,0.1,0.0,0.0,0.0,0.1,0.0,0.0,0.1,0.1,0.13,0.07,0.0,0.11,0.08,0.08,0.0,0.08,0.07,0.0,0.1,0.12,0.0,0.1,0.08,0.0,0.26,0.08,0.0,0.12,0.09,0.18,0.1,0.0,0.1,0.09,0.11,0.0
"cipolle rosse ripiene di hummus, pomodori secchi e noci",0.12,0.1,0.04,0.07,0.1,0.0,0.0,0.12,0.0,0.0,0.08,0.09,0.0,0.06,0.16,0.1,0.12,0.12,0.12,0.1,0.09,0.0,0.05,0.05,0.06,0.0,0.07,0.05,0.12,0.12,0.05,0.0,0.12,0.06,0.09,0.1,0.06,0.07,0.0,0.0,0.08,0.17,0.0,0.09,0.06,0.07,1.0,0.06,0.12,0.12,0.1,0.0,0.1,0.05,0.05,0.08,0.08,0.05,0.0,0.1,0.16,0.05,0.06,0.1,0.08,0.12,0.0,0.1,0.05,0.12,0.13,0.04,0.08,0.0,0.12,0.12,0.14,0.1,0.0,0.0,0.0,0.09,0.1,0.04,0.04,0.1,0.14,0.09,0.04,0.1,0.09,0.09,0.04,0.1,0.1,0.05,0.19,0.18,0.09,0.08,0.08,0.14,0.08,0.1,0.1,0.1,0.06,0.14,0.0,0.1,0.04,0.0,0.08,0.0,0.06,0.09,0.1,0.07,0.06,0.12,0.17,0.14,0.07,0.16,0.07,0.04,0.08,0.1,0.05,0.0,0.0,0.06,0.16,0.03,0.07,0.06,0.09,0.04,0.08,0.04,0.04,0.0,0.12,0.14,0.12,0.05,0.05,0.06,0.12,0.0,0.12,0.0,0.1,0.06,0.0,0.12,0.12,0.12,0.1,0.1,0.1,0.04,0.12,0.06,0.06,0.05,0.1,0.1,0.0,0.0,0.04,0.11,0.0,0.08,0.17,0.0,0.14,0.06,0.1,0.1,0.06,0.05,0.06,0.06,0.14,0.08,0.08,0.1,0.12,0.05,0.06,0.06,0.0,0.1,0.0,0.06,0.12,0.12,0.14,0.12,0.0,0.12,0.04,0.09,0.08,0.08,0.12,0.06,0.12,0.07,0.04,0.05,0.14,0.06,0.05,0.16,0.0,0.07,0.14,0.14,0.17,0.05,0.1,0.05,0.12,0.0
cipolle stufate in padella,0.09,0.08,0.14,0.0,0.08,0.0,0.07,0.09,0.0,0.0,0.06,0.07,0.05,0.0,0.08,0.07,0.14,0.08,0.08,0.07,0.13,0.18,0.08,0.14,0.0,0.0,0.1,0.08,0.09,0.16,0.0,0.0,0.08,0.09,0.14,0.08,0.09,0.1,0.0,0.0,0.0,0.16,0.08,0.07,0.0,0.2,0.06,1.0,0.09,0.25,0.16,0.0,0.0,0.14,0.08,0.06,0.06,0.08,0.0,0.23,0.08,0.14,0.08,0.08,0.18,0.16,0.0,0.16,0.14,0.09,0.06,0.07,0.06,0.0,0.08,0.16,0.14,0.07,0.14,0.0,0.07,0.06,0.08,0.0,0.0,0.07,0.07,0.07,0.0,0.08,0.13,0.2,0.06,0.08,0.08,0.0,0.0,0.12,0.06,0.06,0.06,0.07,0.06,0.08,0.07,0.07,0.0,0.0,0.0,0.07,0.07,0.09,0.06,0.0,0.0,0.13,0.07,0.0,0.08,0.09,0.16,0.14,0.0,0.08,0.0,0.0,0.06,0.07,0.08,0.0,0.0,0.0,0.06,0.09,0.06,0.0,0.07,0.14,0.11,0.07,0.14,0.0,0.16,0.1,0.08,0.16,0.0,0.25,0.08,0.18,0.08,0.0,0.16,0.28,0.0,0.08,0.08,0.08,0.07,0.16,0.22,0.06,0.06,0.08,0.16,0.08,0.08,0.07,0.0,0.09,0.14,0.11,0.0,0.12,0.08,0.0,0.07,0.12,0.07,0.16,0.18,0.14,0.18,0.16,0.2,0.06,0.06,0.07,0.18,0.08,0.0,0.0,0.0,0.16,0.07,0.0,0.08,0.08,0.1,0.06,0.1,0.09,0.14,0.07,0.0,0.12,0.06,0.08,0.08,0.1,0.0,0.08,0.07,0.0,0.22,0.18,0.0,0.1,0.07,0.07,0.16,0.0,0.08,0.14,0.09,0.0
cipolline al forno,0.2,0.17,0.08,0.0,0.17,0.0,0.0,0.2,0.0,0.0,0.13,0.15,0.0,0.2,0.17,0.16,0.16,0.18,0.09,0.16,0.14,0.0,0.08,0.08,0.2,0.0,0.11,0.08,0.2,0.18,0.0,0.0,0.18,0.1,0.15,0.17,0.1,0.0,0.0,0.0,0.06,0.18,0.58,0.15,0.09,0.11,0.12,0.09,1.0,0.09,0.08,0.0,0.08,0.08,0.08,0.06,0.06,0.08,0.0,0.17,0.17,0.08,0.09,0.17,0.14,0.18,0.0,0.18,0.08,0.2,0.14,0.08,0.14,0.0,0.18,0.18,0.15,0.16,0.0,0.0,0.0,0.07,0.08,0.06,0.08,0.16,0.16,0.15,0.06,0.17,0.14,0.15,0.07,0.17,0.17,0.08,0.08,0.14,0.14,0.13,0.12,0.16,0.14,0.17,0.16,0.16,0.1,0.08,0.0,0.16,0.15,0.0,0.14,0.0,0.1,0.14,0.16,0.0,0.09,0.2,0.18,0.16,0.11,0.17,0.11,0.08,0.14,0.16,0.08,0.0,0.0,0.0,0.12,0.05,0.12,0.1,0.15,0.08,0.12,0.0,0.08,0.0,0.18,0.22,0.18,0.08,0.41,0.09,0.28,0.0,0.18,0.0,0.17,0.1,0.0,0.18,0.18,0.18,0.16,0.17,0.16,0.07,0.14,0.09,0.0,0.08,0.17,0.16,0.0,0.0,0.08,0.12,0.0,0.14,0.18,0.0,0.16,0.09,0.16,0.17,0.1,0.08,0.1,0.09,0.22,0.12,0.14,0.16,0.2,0.08,0.09,0.09,0.0,0.08,0.0,0.0,0.18,0.18,0.23,0.12,0.0,0.2,0.08,0.15,0.06,0.14,0.12,0.09,0.18,0.11,0.06,0.08,0.15,0.1,0.08,0.14,0.0,0.11,0.16,0.16,0.18,0.0,0.17,0.08,0.2,0.0
cipolline in agrodolce,0.09,0.08,0.14,0.0,0.08,0.0,0.07,0.09,0.0,0.0,0.12,0.14,0.05,0.0,0.08,0.07,0.14,0.08,0.08,0.07,0.13,0.09,0.08,0.14,0.0,0.0,0.0,0.08,0.09,0.16,0.0,0.0,0.08,0.09,0.14,0.08,0.09,0.1,0.0,0.0,0.0,0.25,0.08,0.07,0.0,0.2,0.12,0.25,0.09,1.0,0.08,0.0,0.0,0.14,0.08,0.06,0.06,0.08,0.0,0.16,0.08,0.14,0.08,0.08,0.18,0.16,0.0,0.16,0.14,0.09,0.06,0.07,0.06,0.0,0.08,0.16,0.07,0.07,0.1,0.06,0.07,0.06,0.08,0.0,0.0,0.07,0.14,0.07,0.0,0.08,0.13,0.14,0.0,0.08,0.08,0.0,0.0,0.06,0.06,0.06,0.06,0.07,0.06,0.08,0.07,0.07,0.0,0.07,0.0,0.07,0.07,0.09,0.06,0.0,0.0,0.06,0.07,0.1,0.08,0.09,0.16,0.14,0.0,0.08,0.0,0.0,0.06,0.07,0.08,0.0,0.0,0.0,0.06,0.09,0.06,0.0,0.07,0.14,0.11,0.07,0.14,0.0,0.16,0.1,0.08,0.16,0.0,0.25,0.08,0.09,0.08,0.0,0.16,0.28,0.0,0.08,0.08,0.08,0.07,0.1,0.14,0.13,0.06,0.08,0.16,0.08,0.08,0.07,0.0,0.09,0.14,0.11,0.0,0.12,0.08,0.0,0.07,0.16,0.07,0.16,0.18,0.14,0.18,0.16,0.2,0.11,0.06,0.07,0.18,0.08,0.0,0.0,0.0,0.16,0.07,0.0,0.08,0.08,0.1,0.12,0.1,0.09,0.14,0.07,0.0,0.12,0.06,0.0,0.08,0.1,0.0,0.08,0.07,0.0,0.14,0.18,0.0,0.1,0.07,0.22,0.16,0.0,0.08,0.07,0.09,0.0
come fare i funghi porcini sottolio in tre mosse,0.17,0.07,0.06,0.0,0.14,0.08,0.0,0.17,0.0,0.0,0.06,0.06,0.0,0.0,0.14,0.14,0.1,0.08,0.08,0.14,0.12,0.0,0.07,0.06,0.0,0.0,0.1,0.07,0.17,0.08,0.07,0.0,0.16,0.17,0.06,0.07,0.0,0.1,0.0,0.0,0.11,0.08,0.07,0.06,0.0,0.1,0.1,0.16,0.08,0.08,1.0,0.0,0.14,0.06,0.07,0.06,0.05,0.07,0.06,0.22,0.14,0.14,0.08,0.14,0.12,0.08,0.0,0.1,0.06,0.17,0.12,0.06,0.12,0.0,0.16,0.16,0.25,0.14,0.1,0.06,0.06,0.06,0.07,0.0,0.0,0.06,0.06,0.06,0.0,0.07,0.06,0.12,0.0,0.07,0.14,0.0,0.0,0.06,0.06,0.11,0.05,0.06,0.06,0.07,0.06,0.06,0.0,0.0,0.0,0.06,0.06,0.0,0.12,0.0,0.0,0.12,0.14,0.1,0.16,0.08,0.16,0.14,0.0,0.14,0.0,0.06,0.06,0.14,0.14,0.06,0.06,0.08,0.1,0.04,0.05,0.08,0.06,0.06,0.1,0.0,0.06,0.0,0.08,0.1,0.16,0.07,0.0,0.08,0.08,0.08,0.16,0.0,0.07,0.08,0.06,0.16,0.16,0.16,0.14,0.14,0.14,0.06,0.06,0.08,0.0,0.07,0.07,0.14,0.0,0.0,0.06,0.1,0.0,0.06,0.16,0.08,0.2,0.08,0.14,0.14,0.08,0.06,0.08,0.08,0.1,0.1,0.12,0.06,0.08,0.07,0.0,0.08,0.07,0.07,0.0,0.0,0.16,0.16,0.1,0.05,0.1,0.08,0.06,0.06,0.06,0.12,0.1,0.08,0.08,0.19,0.0,0.07,0.12,0.0,0.2,0.12,0.0,0.1,0.06,0.06,0.16,0.0,0.14,0.06,0.17,0.0
come fare la polenta in casa e ottenere la giusta consistenza,0.0,0.0,0.0,0.0,0.0,0.0,0.0,0.0,0.12,0.0,0.0,0.0,0.0,0.0,0.0,0.0,0.0,0.0,0.0,0.0,0.0,0.0,0.0,0.1,0.0,0.2,0.14,0.0,0.0,0.0,0.0,0.0,0.0,0.0,0.0,0.0,0.0,0.14,0.0,0.0,0.0,0.0,0.0,0.0,0.12,0.0,0.0,0.0,0.0,0.0,0.0,1.0,0.2,0.0,0.0,0.0,0.08,0.0,0.0,0.0,0.0,0.0,0.0,0.0,0.0,0.0,0.0,0.0,0.0,0.0,0.0,0.0,0.0,0.0,0.0,0.0,0.1,0.0,0.0,0.0,0.0,0.0,0.0,0.0,0.0,0.0,0.0,0.0,0.07,0.0,0.0,0.0,0.0,0.0,0.0,0.0,0.1,0.0,0.0,0.0,0.0,0.0,0.0,0.0,0.0,0.0,0.0,0.0,0.08,0.0,0.0,0.0,0.0,0.0,0.0,0.0,0.1,0.0,0.0,0.0,0.0,0.0,0.0,0.0,0.14,0.0,0.0,0.1,0.0,0.2,0.0,0.0,0.0,0.0,0.0,0.0,0.0,0.0,0.0,0.0,0.0,0.0,0.0,0.0,0.0,0.0,0.0,0.0,0.0,0.0,0.12,0.0,0.0,0.0,0.0,0.0,0.0,0.0,0.0,0.0,0.0,0.0,0.0,0.0,0.0,0.0,0.0,0.0,0.34,0.26,0.0,0.0,0.0,0.0,0.0,0.0,0.0,0.12,0.0,0.0,0.0,0.0,0.0,0.0,0.0,0.08,0.0,0.0,0.0,0.0,0.0,0.0,0.0,0.0,0.1,0.0,0.0,0.0,0.0,0.0,0.0,0.0,0.0,0.0,0.0,0.0,0.0,0.12,0.0,0.0,0.0,0.0,0.0,0.0,0.0,0.0,0.13,0.0,0.0,0.0,0.0,0.0,0.0,0.2,0.0,0.0
conserva di fagiolini sott’olio,0.16,0.06,0.0,0.0,0.14,0.07,0.0,0.32,0.07,0.1,0.05,0.06,0.04,0.08,0.14,0.12,0.03,0.07,0.14,0.12,0.11,0.0,0.0,0.06,0.08,0.12,0.18,0.0,0.29,0.07,0.06,0.0,0.14,0.08,0.06,0.06,0.18,0.18,0.0,0.0,0.2,0.07,0.0,0.06,0.14,0.0,0.1,0.0,0.08,0.0,0.14,0.2,1.0,0.0,0.0,0.0,0.04,0.06,0.12,0.3,0.54,0.38,0.0,0.14,0.1,0.07,0.0,0.04,0.0,0.16,0.11,0.0,0.19,0.09,0.14,0.14,0.34,0.12,0.14,0.05,0.06,0.0,0.0,0.05,0.06,0.06,0.06,0.37,0.14,0.06,0.06,0.06,0.06,0.06,0.14,0.06,0.12,0.06,0.06,0.2,0.1,0.16,0.06,0.06,0.06,0.06,0.08,0.06,0.06,0.12,0.0,0.0,0.1,0.0,0.08,0.06,0.18,0.09,0.07,0.08,0.14,0.12,0.09,0.14,0.18,0.12,0.06,0.42,0.06,0.31,0.06,0.08,0.1,0.0,0.17,0.32,0.06,0.0,0.1,0.0,0.0,0.0,0.07,0.09,0.14,0.0,0.06,0.0,0.07,0.08,0.22,0.0,0.06,0.0,0.06,0.14,0.14,0.14,0.12,0.14,0.06,0.0,0.06,0.0,0.0,0.0,0.06,0.18,0.2,0.16,0.0,0.1,0.0,0.6,0.14,0.07,0.48,0.0,0.12,0.14,0.0,0.0,0.0,0.0,0.09,0.14,0.16,0.06,0.08,0.0,0.07,0.34,0.06,0.0,0.06,0.0,0.14,0.14,0.09,0.14,0.09,0.08,0.0,0.06,0.1,0.1,0.1,0.14,0.07,0.09,0.05,0.0,0.12,0.08,0.06,0.06,0.08,0.0,0.06,0.06,0.14,0.0,0.14,0.42,0.16,0.0
crocchette di patate,0.08,0.14,0.18,0.0,0.06,0.0,0.06,0.08,0.0,0.0,0.05,0.06,0.0,0.0,0.06,0.06,0.12,0.14,0.0,0.12,0.17,0.08,0.26,0.12,0.0,0.0,0.0,0.2,0.08,0.29,0.06,0.0,0.07,0.08,0.12,0.06,0.0,0.09,0.0,0.0,0.0,0.14,0.0,0.12,0.0,0.09,0.05,0.14,0.08,0.14,0.06,0.0,0.0,1.0,0.26,0.16,0.04,0.06,0.0,0.14,0.06,0.12,0.07,0.06,0.1,0.14,0.07,0.18,0.12,0.08,0.11,0.24,0.06,0.0,0.14,0.14,0.06,0.06,0.03,0.0,0.0,0.06,0.06,0.0,0.0,0.06,0.06,0.06,0.0,0.06,0.11,0.12,0.0,0.06,0.06,0.0,0.0,0.06,0.06,0.05,0.04,0.06,0.06,0.06,0.06,0.06,0.0,0.0,0.0,0.06,0.06,0.08,0.1,0.0,0.08,0.06,0.06,0.0,0.14,0.16,0.14,0.12,0.0,0.06,0.0,0.06,0.06,0.06,0.06,0.0,0.0,0.0,0.05,0.04,0.14,0.0,0.06,0.12,0.1,0.06,0.06,0.0,0.07,0.09,0.07,0.14,0.12,0.14,0.07,0.0,0.07,0.0,0.26,0.16,0.0,0.07,0.07,0.07,0.12,0.04,0.06,0.06,0.16,0.07,0.07,0.06,0.06,0.06,0.0,0.0,0.24,0.24,0.18,0.1,0.14,0.0,0.06,0.14,0.06,0.14,0.16,0.12,0.08,0.22,0.18,0.04,0.06,0.12,0.16,0.2,0.0,0.0,0.06,0.14,0.12,0.14,0.07,0.07,0.09,0.05,0.09,0.08,0.18,0.12,0.1,0.1,0.05,0.0,0.07,0.09,0.0,0.14,0.18,0.0,0.06,0.1,0.0,0.09,0.18,0.06,0.14,0.06,0.14,0.06,0.08,0.0
crocchette di riso,0.08,0.22,0.12,0.0,0.07,0.0,0.0,0.08,0.08,0.0,0.0,0.06,0.0,0.0,0.07,0.06,0.1,0.08,0.0,0.06,0.06,0.08,0.0,0.06,0.0,0.0,0.0,0.14,0.08,0.16,0.0,0.0,0.08,0.08,0.06,0.07,0.0,0.0,0.11,0.0,0.0,0.08,0.0,0.06,0.0,0.1,0.05,0.08,0.08,0.08,0.07,0.0,0.0,0.26,1.0,0.22,0.05,0.0,0.0,0.07,0.07,0.14,0.0,0.07,0.06,0.08,0.08,0.24,0.06,0.08,0.0,0.19,0.12,0.0,0.08,0.08,0.06,0.0,0.0,0.0,0.06,0.06,0.07,0.0,0.0,0.06,0.06,0.06,0.0,0.07,0.06,0.06,0.0,0.07,0.07,0.0,0.0,0.06,0.06,0.06,0.05,0.06,0.06,0.07,0.06,0.06,0.0,0.0,0.0,0.06,0.06,0.08,0.12,0.0,0.0,0.06,0.06,0.0,0.08,0.08,0.08,0.06,0.0,0.07,0.0,0.0,0.06,0.06,0.07,0.0,0.0,0.0,0.0,0.0,0.1,0.0,0.06,0.19,0.15,0.06,0.06,0.0,0.08,0.1,0.08,0.14,0.06,0.08,0.08,0.0,0.08,0.0,0.14,0.08,0.0,0.08,0.08,0.08,0.06,0.04,0.06,0.06,0.12,0.0,0.0,0.07,0.07,0.06,0.0,0.0,0.12,0.1,0.1,0.12,0.08,0.0,0.06,0.19,0.06,0.07,0.17,0.14,0.17,0.16,0.1,0.05,0.0,0.14,0.08,0.22,0.0,0.0,0.0,0.07,0.0,0.08,0.08,0.08,0.1,0.0,0.1,0.08,0.12,0.06,0.0,0.0,0.05,0.0,0.08,0.1,0.0,0.22,0.12,0.0,0.06,0.06,0.08,0.19,0.14,0.06,0.08,0.06,0.14,0.0,0.08,0.0
"crocchette di zucca e ricotta, un secondo vegetariano con una consistenza perfetta",0.06,0.11,0.1,0.04,0.06,0.06,0.05,0.06,0.12,0.0,0.04,0.05,0.04,0.0,0.11,0.05,0.16,0.12,0.06,0.1,0.09,0.06,0.16,0.1,0.0,0.0,0.0,0.16,0.06,0.18,0.11,0.0,0.06,0.06,0.05,0.11,0.0,0.0,0.08,0.0,0.0,0.06,0.0,0.1,0.0,0.07,0.08,0.06,0.06,0.06,0.06,0.0,0.0,0.16,0.22,1.0,0.08,0.11,0.0,0.06,0.11,0.16,0.06,0.06,0.04,0.06,0.4,0.18,0.16,0.06,0.18,0.14,0.13,0.0,0.12,0.06,0.1,0.05,0.0,0.0,0.05,0.09,0.11,0.0,0.0,0.05,0.05,0.05,0.0,0.06,0.04,0.05,0.0,0.06,0.06,0.0,0.0,0.04,0.04,0.04,0.08,0.1,0.04,0.06,0.05,0.05,0.0,0.0,0.08,0.05,0.05,0.06,0.08,0.0,0.06,0.04,0.05,0.0,0.12,0.13,0.12,0.1,0.0,0.11,0.0,0.05,0.08,0.05,0.06,0.0,0.05,0.06,0.16,0.03,0.15,0.0,0.05,0.19,0.16,0.14,0.05,0.06,0.06,0.07,0.06,0.16,0.1,0.06,0.06,0.0,0.06,0.06,0.16,0.06,0.05,0.06,0.06,0.06,0.1,0.04,0.05,0.04,0.18,0.06,0.06,0.06,0.11,0.1,0.0,0.0,0.19,0.2,0.72,0.18,0.18,0.0,0.05,0.2,0.1,0.06,0.13,0.1,0.13,0.12,0.07,0.04,0.08,0.16,0.06,0.16,0.06,0.0,0.06,0.11,0.1,0.06,0.06,0.06,0.08,0.08,0.07,0.06,0.14,0.1,0.13,0.04,0.12,0.0,0.06,0.07,0.0,0.28,0.49,0.19,0.26,0.26,0.06,0.22,0.2,0.05,0.12,0.0,0.11,0.0,0.06,0.0
dhal di lenticchie,0.06,0.05,0.04,0.0,0.05,0.0,0.0,0.06,0.0,0.08,0.04,0.04,0.04,0.0,0.1,0.1,0.1,0.06,0.06,0.04,0.04,0.0,0.05,0.1,0.0,0.0,0.06,0.1,0.06,0.06,0.05,0.0,0.06,0.06,0.09,0.05,0.0,0.0,0.0,0.0,0.0,0.06,0.0,0.09,0.06,0.06,0.08,0.06,0.06,0.06,0.05,0.08,0.04,0.04,0.05,0.08,1.0,0.1,0.04,0.05,0.1,0.04,0.06,0.1,0.04,0.06,0.0,0.1,0.04,0.06,0.08,0.09,0.04,0.06,0.06,0.06,0.14,0.04,0.06,0.04,0.0,0.12,0.1,0.0,0.0,0.04,0.1,0.04,0.0,0.05,0.04,0.04,0.0,0.05,0.05,0.0,0.04,0.04,0.12,0.04,0.04,0.1,0.04,0.1,0.04,0.04,0.0,0.0,0.0,0.04,0.04,0.0,0.08,0.0,0.0,0.08,0.1,0.0,0.06,0.06,0.11,0.1,0.0,0.1,0.06,0.0,0.04,0.1,0.05,0.04,0.04,0.12,0.08,0.06,0.07,0.0,0.04,0.04,0.07,0.04,0.04,0.0,0.06,0.06,0.06,0.05,0.0,0.06,0.06,0.0,0.11,0.0,0.05,0.06,0.04,0.06,0.06,0.06,0.04,0.04,0.04,0.04,0.08,0.06,0.06,0.1,0.05,0.04,0.08,0.06,0.04,0.07,0.0,0.04,0.11,0.06,0.04,0.06,0.1,0.05,0.06,0.1,0.06,0.06,0.06,0.07,0.04,0.04,0.06,0.05,0.0,0.0,0.0,0.1,0.0,0.0,0.06,0.06,0.07,0.08,0.0,0.06,0.04,0.04,0.04,0.04,0.08,0.0,0.06,0.06,0.04,0.05,0.09,0.0,0.04,0.08,0.0,0.06,0.14,0.04,0.11,0.0,0.1,0.04,0.06,0.06
"dhal puri, la piadina ripiena di mauritius",0.08,0.07,0.12,0.0,0.07,0.0,0.0,0.08,0.08,0.0,0.0,0.06,0.0,0.0,0.07,0.06,0.1,0.08,0.0,0.06,0.06,0.0,0.0,0.2,0.0,0.0,0.1,0.07,0.08,0.08,0.0,0.0,0.08,0.08,0.06,0.07,0.0,0.0,0.0,0.0,0.0,0.08,0.0,0.06,0.08,0.1,0.05,0.08,0.08,0.08,0.07,0.0,0.06,0.06,0.0,0.11,0.1,1.0,0.0,0.07,0.07,0.14,0.0,0.07,0.06,0.08,0.08,0.1,0.06,0.08,0.0,0.06,0.06,0.0,0.08,0.08,0.12,0.0,0.0,0.0,0.0,0.06,0.07,0.0,0.0,0.06,0.06,0.06,0.0,0.07,0.06,0.06,0.0,0.07,0.07,0.0,0.06,0.06,0.06,0.06,0.05,0.06,0.06,0.07,0.06,0.06,0.0,0.0,0.0,0.06,0.06,0.0,0.06,0.0,0.0,0.06,0.14,0.0,0.08,0.08,0.08,0.06,0.0,0.07,0.1,0.0,0.06,0.14,0.07,0.06,0.0,0.0,0.0,0.0,0.05,0.0,0.06,0.12,0.05,0.0,0.06,0.0,0.08,0.1,0.08,0.07,0.0,0.08,0.08,0.0,0.16,0.0,0.07,0.08,0.0,0.08,0.08,0.08,0.06,0.04,0.06,0.06,0.06,0.0,0.0,0.07,0.14,0.06,0.11,0.08,0.06,0.05,0.0,0.06,0.08,0.0,0.06,0.15,0.06,0.07,0.08,0.06,0.08,0.08,0.1,0.1,0.0,0.06,0.08,0.14,0.0,0.0,0.0,0.07,0.0,0.0,0.08,0.08,0.1,0.0,0.0,0.08,0.06,0.06,0.0,0.0,0.05,0.0,0.08,0.1,0.05,0.07,0.06,0.0,0.06,0.06,0.0,0.19,0.06,0.06,0.08,0.0,0.07,0.06,0.08,0.0
fagioli alla messicana,0.08,0.0,0.0,0.0,0.06,0.07,0.0,0.08,0.0,0.0,0.0,0.0,0.04,0.0,0.06,0.06,0.0,0.0,0.07,0.06,0.06,0.0,0.0,0.0,0.0,0.0,0.0,0.0,0.08,0.0,0.06,0.0,0.07,0.08,0.0,0.0,0.0,0.0,0.0,0.0,0.1,0.0,0.0,0.0,0.0,0.0,0.0,0.0,0.0,0.0,0.06,0.0,0.12,0.0,0.0,0.0,0.04,0.0,1.0,0.06,0.06,0.06,0.0,0.06,0.05,0.0,0.0,0.0,0.0,0.08,0.06,0.0,0.05,0.0,0.07,0.07,0.06,0.06,0.0,0.05,0.06,0.0,0.0,0.0,0.0,0.0,0.0,0.0,0.0,0.0,0.0,0.0,0.0,0.0,0.06,0.0,0.0,0.0,0.0,0.05,0.0,0.0,0.0,0.0,0.0,0.0,0.0,0.0,0.0,0.0,0.0,0.0,0.05,0.0,0.0,0.06,0.06,0.0,0.07,0.0,0.07,0.06,0.0,0.06,0.0,0.06,0.0,0.12,0.06,0.12,0.28,0.15,0.04,0.0,0.0,0.08,0.0,0.0,0.04,0.0,0.0,0.0,0.0,0.0,0.07,0.0,0.0,0.0,0.0,0.08,0.07,0.0,0.0,0.0,0.11,0.07,0.07,0.07,0.06,0.04,0.0,0.0,0.0,0.0,0.0,0.0,0.0,0.06,0.0,0.0,0.0,0.04,0.0,0.0,0.07,0.14,0.12,0.0,0.06,0.06,0.0,0.0,0.0,0.0,0.0,0.04,0.05,0.0,0.0,0.0,0.0,0.14,0.06,0.0,0.0,0.0,0.07,0.07,0.0,0.04,0.08,0.0,0.0,0.0,0.05,0.05,0.04,0.0,0.0,0.08,0.0,0.0,0.06,0.0,0.06,0.0,0.0,0.0,0.0,0.0,0.07,0.0,0.06,0.06,0.08,0.08
fagioli all’uccelletto,0.26,0.14,0.12,0.0,0.22,0.08,0.0,0.42,0.0,0.0,0.11,0.19,0.0,0.08,0.22,0.2,0.17,0.16,0.16,0.2,0.24,0.0,0.07,0.06,0.08,0.0,0.19,0.07,0.38,0.23,0.07,0.0,0.23,0.17,0.19,0.14,0.18,0.1,0.0,0.0,0.11,0.23,0.0,0.12,0.08,0.1,0.1,0.23,0.17,0.16,0.22,0.0,0.3,0.14,0.07,0.06,0.05,0.07,0.06,1.0,0.34,0.14,0.08,0.22,0.23,0.23,0.0,0.14,0.06,0.26,0.18,0.06,0.26,0.0,0.23,0.31,0.42,0.2,0.1,0.06,0.06,0.06,0.07,0.06,0.06,0.14,0.14,0.22,0.04,0.14,0.18,0.25,0.06,0.14,0.22,0.06,0.06,0.12,0.12,0.26,0.1,0.24,0.12,0.14,0.14,0.14,0.08,0.06,0.0,0.2,0.06,0.0,0.23,0.0,0.08,0.18,0.26,0.0,0.16,0.17,0.31,0.26,0.1,0.22,0.1,0.12,0.12,0.36,0.14,0.06,0.06,0.08,0.16,0.04,0.22,0.34,0.12,0.06,0.15,0.0,0.06,0.0,0.16,0.19,0.23,0.07,0.06,0.16,0.16,0.08,0.23,0.0,0.22,0.17,0.06,0.23,0.23,0.23,0.2,0.24,0.2,0.12,0.12,0.08,0.08,0.14,0.14,0.2,0.0,0.0,0.12,0.2,0.0,0.28,0.23,0.08,0.36,0.12,0.2,0.28,0.08,0.06,0.08,0.08,0.28,0.15,0.17,0.14,0.26,0.07,0.08,0.28,0.07,0.14,0.06,0.0,0.23,0.23,0.2,0.1,0.1,0.17,0.12,0.12,0.12,0.23,0.16,0.16,0.16,0.19,0.05,0.07,0.19,0.08,0.2,0.23,0.0,0.1,0.14,0.14,0.31,0.0,0.22,0.36,0.26,0.0
fagiolini e patate: la ricetta di un contorno classico in versione pro,0.26,0.14,0.06,0.0,0.22,0.08,0.0,0.38,0.0,0.0,0.11,0.12,0.0,0.08,0.28,0.2,0.17,0.16,0.23,0.2,0.18,0.0,0.07,0.06,0.08,0.0,0.1,0.07,0.36,0.16,0.14,0.0,0.23,0.17,0.12,0.14,0.17,0.0,0.0,0.0,0.11,0.16,0.0,0.12,0.08,0.1,0.16,0.08,0.17,0.08,0.14,0.0,0.54,0.06,0.07,0.11,0.1,0.07,0.06,0.34,1.0,0.36,0.08,0.22,0.17,0.16,0.0,0.14,0.06,0.26,0.24,0.06,0.24,0.0,0.23,0.23,0.38,0.26,0.03,0.06,0.06,0.12,0.14,0.06,0.06,0.14,0.14,0.39,0.1,0.14,0.12,0.12,0.06,0.14,0.22,0.06,0.06,0.12,0.12,0.25,0.1,0.29,0.12,0.14,0.14,0.14,0.08,0.06,0.0,0.19,0.06,0.0,0.17,0.0,0.08,0.12,0.2,0.0,0.16,0.26,0.31,0.26,0.1,0.28,0.1,0.12,0.12,0.32,0.14,0.06,0.06,0.17,0.21,0.04,0.2,0.3,0.12,0.06,0.15,0.06,0.06,0.0,0.16,0.19,0.31,0.07,0.06,0.08,0.16,0.08,0.23,0.0,0.14,0.08,0.06,0.23,0.23,0.23,0.2,0.19,0.14,0.06,0.17,0.08,0.08,0.07,0.14,0.2,0.0,0.0,0.06,0.2,0.0,0.5,0.31,0.08,0.32,0.08,0.2,0.22,0.08,0.06,0.08,0.08,0.19,0.15,0.17,0.14,0.17,0.07,0.08,0.26,0.07,0.14,0.0,0.0,0.23,0.23,0.2,0.1,0.1,0.17,0.06,0.12,0.17,0.17,0.21,0.08,0.16,0.19,0.05,0.07,0.25,0.08,0.14,0.17,0.0,0.1,0.2,0.14,0.31,0.0,0.22,0.26,0.26,0.0
fagiolini gratinati,0.16,0.14,0.18,0.0,0.14,0.07,0.06,0.16,0.07,0.0,0.05,0.06,0.0,0.0,0.14,0.12,0.1,0.07,0.14,0.12,0.11,0.16,0.14,0.25,0.0,0.0,0.0,0.14,0.16,0.14,0.06,0.0,0.14,0.16,0.06,0.06,0.08,0.0,0.0,0.0,0.05,0.07,0.06,0.06,0.0,0.09,0.05,0.14,0.08,0.14,0.14,0.0,0.38,0.12,0.14,0.16,0.04,0.14,0.06,0.14,0.36,1.0,0.07,0.14,0.16,0.07,0.14,0.23,0.12,0.16,0.11,0.12,0.1,0.0,0.14,0.14,0.12,0.12,0.03,0.05,0.12,0.06,0.06,0.0,0.0,0.06,0.06,0.24,0.04,0.06,0.06,0.06,0.0,0.06,0.14,0.0,0.0,0.06,0.06,0.1,0.04,0.06,0.06,0.06,0.06,0.06,0.0,0.0,0.0,0.06,0.06,0.16,0.16,0.0,0.0,0.06,0.12,0.0,0.14,0.08,0.14,0.12,0.0,0.14,0.0,0.06,0.06,0.12,0.14,0.06,0.06,0.08,0.14,0.08,0.09,0.08,0.06,0.3,0.24,0.12,0.18,0.0,0.14,0.09,0.14,0.2,0.06,0.14,0.07,0.16,0.14,0.0,0.14,0.16,0.06,0.14,0.14,0.14,0.12,0.09,0.06,0.06,0.1,0.07,0.07,0.06,0.14,0.12,0.0,0.08,0.18,0.1,0.0,0.41,0.14,0.07,0.12,0.14,0.12,0.14,0.24,0.25,0.24,0.29,0.09,0.1,0.1,0.12,0.08,0.2,0.0,0.07,0.06,0.06,0.0,0.0,0.14,0.14,0.09,0.05,0.26,0.08,0.12,0.06,0.1,0.1,0.1,0.0,0.07,0.18,0.0,0.06,0.18,0.0,0.12,0.06,0.0,0.18,0.12,0.06,0.14,0.0,0.2,0.06,0.16,0.0
farofa,0.09,0.08,0.07,0.0,0.08,0.0,0.0,0.09,0.0,0.0,0.0,0.07,0.0,0.0,0.08,0.07,0.11,0.08,0.0,0.07,0.06,0.0,0.0,0.07,0.0,0.0,0.0,0.08,0.09,0.08,0.0,0.09,0.08,0.09,0.07,0.08,0.0,0.0,0.0,0.0,0.0,0.08,0.0,0.07,0.0,0.1,0.06,0.08,0.09,0.08,0.08,0.0,0.0,0.07,0.0,0.06,0.06,0.0,0.0,0.08,0.08,0.07,1.0,0.08,0.06,0.08,0.0,0.1,0.07,0.09,0.0,0.07,0.06,0.0,0.08,0.08,0.07,0.0,0.0,0.06,0.0,0.06,0.08,0.0,0.0,0.07,0.07,0.07,0.0,0.08,0.06,0.07,0.0,0.08,0.08,0.0,0.07,0.06,0.06,0.06,0.06,0.07,0.06,0.08,0.07,0.07,0.0,0.0,0.0,0.07,0.07,0.0,0.06,0.0,0.0,0.13,0.07,0.0,0.08,0.09,0.08,0.07,0.0,0.08,0.0,0.0,0.06,0.07,0.16,0.0,0.0,0.0,0.0,0.0,0.06,0.0,0.07,0.07,0.06,0.0,0.07,0.0,0.08,0.1,0.08,0.08,0.0,0.08,0.08,0.0,0.08,0.0,0.08,0.09,0.0,0.08,0.08,0.08,0.07,0.1,0.07,0.06,0.06,0.0,0.08,0.08,0.08,0.07,0.0,0.0,0.07,0.06,0.0,0.12,0.08,0.0,0.07,0.08,0.07,0.08,0.09,0.07,0.09,0.08,0.1,0.06,0.0,0.07,0.09,0.08,0.0,0.0,0.0,0.08,0.0,0.0,0.08,0.08,0.1,0.0,0.0,0.09,0.07,0.07,0.0,0.0,0.06,0.0,0.16,0.1,0.0,0.08,0.07,0.0,0.07,0.06,0.0,0.1,0.07,0.07,0.08,0.0,0.08,0.0,0.09,0.0
fava greca,0.26,0.22,0.06,0.0,0.22,0.08,0.0,0.26,0.0,0.0,0.16,0.12,0.0,0.08,0.22,0.26,0.14,0.16,0.16,0.2,0.18,0.0,0.07,0.06,0.08,0.0,0.1,0.14,0.26,0.16,0.07,0.0,0.23,0.17,0.12,0.14,0.08,0.0,0.0,0.0,0.11,0.16,0.0,0.19,0.08,0.1,0.1,0.08,0.17,0.08,0.14,0.0,0.14,0.06,0.07,0.06,0.1,0.07,0.06,0.22,0.22,0.14,0.08,1.0,0.17,0.16,0.0,0.2,0.06,0.26,0.18,0.12,0.17,0.0,0.23,0.23,0.19,0.2,0.0,0.06,0.06,0.12,0.07,0.06,0.06,0.14,0.2,0.12,0.04,0.14,0.12,0.12,0.06,0.14,0.28,0.06,0.06,0.12,0.18,0.16,0.15,0.2,0.12,0.22,0.14,0.14,0.08,0.06,0.0,0.14,0.06,0.0,0.23,0.0,0.08,0.12,0.2,0.0,0.16,0.17,0.23,0.2,0.1,0.22,0.1,0.12,0.12,0.2,0.14,0.06,0.06,0.08,0.16,0.08,0.1,0.17,0.12,0.06,0.2,0.0,0.06,0.0,0.16,0.19,0.23,0.07,0.06,0.08,0.16,0.08,0.23,0.0,0.14,0.08,0.06,0.23,0.23,0.23,0.2,0.19,0.14,0.06,0.17,0.08,0.0,0.07,0.14,0.2,0.0,0.0,0.06,0.15,0.0,0.12,0.23,0.08,0.2,0.08,0.26,0.22,0.08,0.14,0.08,0.08,0.19,0.15,0.17,0.14,0.17,0.07,0.08,0.16,0.14,0.07,0.0,0.0,0.23,0.23,0.2,0.16,0.1,0.17,0.06,0.12,0.12,0.17,0.16,0.08,0.16,0.19,0.1,0.07,0.19,0.08,0.14,0.12,0.0,0.1,0.2,0.2,0.23,0.0,0.28,0.14,0.26,0.0
finocchi in padella,0.2,0.12,0.1,0.04,0.17,0.06,0.1,0.2,0.0,0.0,0.08,0.1,0.04,0.06,0.17,0.16,0.14,0.12,0.18,0.16,0.19,0.06,0.06,0.1,0.14,0.0,0.08,0.06,0.2,0.18,0.06,0.0,0.18,0.14,0.15,0.12,0.2,0.08,0.0,0.0,0.08,0.18,0.12,0.1,0.06,0.08,0.08,0.18,0.14,0.18,0.12,0.0,0.1,0.1,0.06,0.04,0.04,0.06,0.05,0.23,0.17,0.16,0.06,0.17,1.0,0.18,0.0,0.16,0.1,0.2,0.14,0.05,0.14,0.0,0.18,0.24,0.15,0.16,0.08,0.04,0.16,0.05,0.06,0.04,0.05,0.1,0.1,0.1,0.04,0.12,0.14,0.15,0.1,0.12,0.17,0.06,0.15,0.09,0.1,0.13,0.08,0.1,0.09,0.12,0.1,0.1,0.06,0.1,0.04,0.1,0.05,0.06,0.14,0.0,0.06,0.1,0.16,0.0,0.18,0.14,0.24,0.22,0.08,0.17,0.08,0.1,0.09,0.16,0.12,0.06,0.1,0.14,0.12,0.06,0.08,0.14,0.1,0.1,0.16,0.1,0.1,0.06,0.18,0.15,0.18,0.12,0.06,0.18,0.12,0.14,0.18,0.06,0.17,0.2,0.1,0.18,0.18,0.18,0.16,0.15,0.1,0.05,0.09,0.06,0.12,0.06,0.12,0.16,0.0,0.06,0.1,0.16,0.0,0.14,0.18,0.12,0.16,0.09,0.16,0.23,0.77,0.1,0.14,0.12,0.22,0.16,0.14,0.1,0.2,0.06,0.06,0.18,0.06,0.12,0.06,0.62,0.18,0.18,0.16,0.08,0.15,0.14,0.1,0.1,0.14,0.18,0.12,0.06,0.12,0.15,0.04,0.06,0.15,0.06,0.1,0.14,0.06,0.08,0.1,0.1,0.24,0.06,0.17,0.16,0.2,0.08
fiori di zucca in padella,0.18,0.16,0.14,0.0,0.16,0.0,0.0,0.18,0.0,0.0,0.18,0.14,0.0,0.09,0.16,0.14,0.18,0.16,0.08,0.14,0.2,0.09,0.08,0.07,0.09,0.0,0.1,0.08,0.18,0.25,0.0,0.0,0.16,0.09,0.2,0.16,0.09,0.1,0.0,0.0,0.06,0.25,0.0,0.14,0.08,0.1,0.12,0.16,0.18,0.16,0.08,0.0,0.07,0.14,0.08,0.06,0.06,0.08,0.0,0.23,0.16,0.07,0.08,0.16,0.18,1.0,0.34,0.16,0.07,0.18,0.13,0.07,0.12,0.0,0.16,0.25,0.14,0.14,0.04,0.0,0.0,0.13,0.08,0.06,0.07,0.14,0.14,0.14,0.05,0.16,0.2,0.2,0.06,0.16,0.16,0.07,0.07,0.12,0.13,0.12,0.11,0.14,0.12,0.16,0.14,0.14,0.09,0.07,0.0,0.22,0.07,0.0,0.12,0.0,0.09,0.13,0.14,0.0,0.08,0.18,0.25,0.22,0.1,0.16,0.1,0.07,0.12,0.14,0.08,0.0,0.0,0.0,0.12,0.04,0.1,0.09,0.14,0.07,0.11,0.0,0.07,0.0,0.16,0.2,0.16,0.08,0.07,0.16,0.16,0.0,0.16,0.0,0.23,0.18,0.0,0.16,0.16,0.16,0.14,0.2,0.14,0.06,0.12,0.08,0.08,0.16,0.16,0.14,0.0,0.0,0.14,0.16,0.0,0.12,0.16,0.0,0.14,0.12,0.14,0.23,0.09,0.07,0.09,0.08,0.3,0.16,0.12,0.14,0.28,0.08,0.08,0.08,0.0,0.16,0.07,0.0,0.16,0.16,0.21,0.12,0.0,0.18,0.14,0.45,0.06,0.18,0.12,0.08,0.25,0.1,0.12,0.08,0.14,0.09,0.07,0.18,0.0,0.1,0.14,0.14,0.25,0.0,0.16,0.14,0.18,0.0
fiori di zucca ripieni di ricotta,0.0,0.0,0.07,0.06,0.0,0.0,0.0,0.0,0.08,0.0,0.0,0.0,0.0,0.0,0.0,0.0,0.08,0.0,0.0,0.0,0.0,0.09,0.08,0.07,0.0,0.0,0.0,0.08,0.0,0.08,0.0,0.0,0.0,0.0,0.0,0.08,0.0,0.0,0.0,0.0,0.0,0.0,0.0,0.0,0.0,0.0,0.0,0.0,0.0,0.0,0.0,0.0,0.0,0.07,0.08,0.4,0.0,0.08,0.0,0.0,0.0,0.14,0.0,0.0,0.0,0.34,1.0,0.1,0.07,0.0,0.06,0.07,0.06,0.0,0.0,0.0,0.0,0.0,0.0,0.0,0.0,0.0,0.0,0.0,0.0,0.0,0.0,0.0,0.0,0.0,0.0,0.0,0.0,0.0,0.0,0.0,0.0,0.0,0.0,0.0,0.0,0.0,0.0,0.0,0.0,0.0,0.0,0.0,0.06,0.0,0.0,0.09,0.06,0.0,0.0,0.0,0.0,0.0,0.0,0.0,0.0,0.0,0.0,0.0,0.0,0.0,0.06,0.0,0.0,0.0,0.0,0.0,0.06,0.0,0.1,0.0,0.0,0.14,0.11,0.07,0.0,0.0,0.0,0.0,0.0,0.08,0.07,0.0,0.0,0.0,0.0,0.08,0.08,0.0,0.0,0.0,0.0,0.0,0.0,0.0,0.0,0.0,0.06,0.0,0.0,0.0,0.08,0.0,0.0,0.0,0.14,0.06,0.26,0.06,0.0,0.0,0.0,0.12,0.0,0.0,0.09,0.07,0.0,0.08,0.0,0.0,0.0,0.07,0.0,0.16,0.0,0.0,0.0,0.0,0.07,0.0,0.0,0.0,0.0,0.0,0.1,0.0,0.14,0.24,0.06,0.0,0.0,0.0,0.0,0.0,0.0,0.08,0.07,0.0,0.0,0.0,0.0,0.1,0.07,0.0,0.0,0.0,0.08,0.0,0.0,0.0
flan di piselli,0.18,0.24,0.17,0.0,0.14,0.0,0.09,0.18,0.0,0.0,0.11,0.13,0.0,0.06,0.14,0.18,0.21,0.16,0.1,0.14,0.12,0.12,0.2,0.18,0.06,0.0,0.06,0.2,0.18,0.21,0.0,0.0,0.16,0.12,0.13,0.14,0.12,0.0,0.0,0.0,0.04,0.16,0.05,0.17,0.06,0.13,0.1,0.16,0.18,0.16,0.1,0.0,0.04,0.18,0.24,0.18,0.1,0.1,0.0,0.14,0.14,0.23,0.1,0.2,0.16,0.16,0.1,1.0,0.18,0.18,0.16,0.26,0.16,0.0,0.16,0.16,0.13,0.14,0.0,0.0,0.09,0.12,0.1,0.04,0.04,0.14,0.18,0.13,0.06,0.14,0.12,0.13,0.04,0.14,0.14,0.04,0.04,0.12,0.16,0.11,0.1,0.14,0.12,0.2,0.14,0.14,0.06,0.04,0.04,0.14,0.08,0.12,0.2,0.0,0.06,0.12,0.14,0.0,0.1,0.18,0.16,0.14,0.06,0.14,0.06,0.04,0.12,0.14,0.1,0.0,0.0,0.0,0.1,0.12,0.14,0.06,0.13,0.22,0.28,0.08,0.17,0.0,0.21,0.2,0.16,0.2,0.09,0.16,0.16,0.06,0.16,0.0,0.2,0.18,0.0,0.16,0.16,0.16,0.14,0.13,0.14,0.08,0.16,0.1,0.06,0.1,0.14,0.14,0.0,0.06,0.17,0.14,0.13,0.2,0.16,0.0,0.14,0.13,0.18,0.14,0.23,0.28,0.29,0.26,0.2,0.14,0.12,0.18,0.18,0.2,0.06,0.06,0.0,0.1,0.04,0.06,0.16,0.16,0.2,0.14,0.13,0.18,0.13,0.13,0.08,0.12,0.1,0.06,0.16,0.13,0.04,0.14,0.17,0.06,0.09,0.12,0.0,0.13,0.23,0.14,0.16,0.04,0.24,0.04,0.18,0.0
flan di spinaci,0.08,0.06,0.06,0.09,0.06,0.0,0.31,0.08,0.0,0.0,0.05,0.06,0.0,0.0,0.06,0.06,0.26,0.22,0.07,0.12,0.11,0.08,0.14,0.12,0.0,0.0,0.0,0.14,0.08,0.14,0.06,0.0,0.07,0.08,0.06,0.14,0.08,0.0,0.0,0.0,0.0,0.07,0.06,0.12,0.0,0.09,0.05,0.14,0.08,0.14,0.06,0.0,0.0,0.12,0.06,0.16,0.04,0.06,0.0,0.06,0.06,0.12,0.07,0.06,0.1,0.07,0.07,0.18,1.0,0.08,0.11,0.18,0.16,0.0,0.14,0.07,0.06,0.06,0.0,0.0,0.06,0.06,0.06,0.0,0.0,0.06,0.06,0.06,0.0,0.06,0.06,0.06,0.0,0.06,0.06,0.0,0.0,0.06,0.06,0.05,0.04,0.06,0.06,0.06,0.06,0.06,0.0,0.0,0.06,0.06,0.06,0.08,0.06,0.0,0.08,0.06,0.06,0.0,0.14,0.16,0.07,0.06,0.0,0.06,0.0,0.06,0.1,0.06,0.06,0.0,0.0,0.0,0.05,0.08,0.14,0.0,0.29,0.12,0.14,0.06,0.12,0.0,0.14,0.09,0.07,0.14,0.06,0.14,0.07,0.08,0.07,0.14,0.14,0.16,0.0,0.07,0.07,0.07,0.12,0.04,0.06,0.06,0.1,0.07,0.07,0.06,0.06,0.06,0.0,0.08,0.18,0.24,0.09,0.22,0.14,0.0,0.06,0.14,0.06,0.06,0.16,0.12,0.16,0.14,0.09,0.04,0.06,0.06,0.08,0.06,0.0,0.0,0.06,0.06,0.12,0.07,0.07,0.07,0.09,0.05,0.09,0.08,0.12,0.12,0.06,0.06,0.05,0.0,0.07,0.09,0.0,0.2,0.12,0.0,0.06,0.06,0.0,0.09,0.12,0.06,0.07,0.0,0.06,0.0,0.08,0.0
friarielli,0.3,0.17,0.08,0.0,0.26,0.09,0.0,0.4,0.0,0.0,0.13,0.15,0.0,0.1,0.26,0.24,0.16,0.18,0.18,0.24,0.21,0.0,0.08,0.08,0.1,0.0,0.11,0.08,0.3,0.18,0.08,0.0,0.28,0.2,0.15,0.17,0.1,0.0,0.0,0.0,0.13,0.18,0.0,0.15,0.09,0.11,0.12,0.09,0.2,0.09,0.17,0.0,0.16,0.08,0.08,0.06,0.06,0.08,0.08,0.26,0.26,0.16,0.09,0.26,0.2,0.18,0.0,0.18,0.08,1.0,0.21,0.08,0.2,0.0,0.28,0.28,0.22,0.24,0.0,0.06,0.08,0.07,0.08,0.06,0.08,0.16,0.16,0.15,0.06,0.17,0.14,0.15,0.07,0.17,0.26,0.08,0.08,0.14,0.14,0.2,0.12,0.24,0.14,0.17,0.16,0.16,0.1,0.08,0.0,0.16,0.08,0.0,0.2,0.0,0.1,0.14,0.24,0.0,0.18,0.2,0.28,0.24,0.11,0.26,0.11,0.15,0.14,0.24,0.17,0.08,0.08,0.1,0.18,0.05,0.12,0.2,0.15,0.08,0.18,0.0,0.08,0.0,0.18,0.22,0.28,0.08,0.08,0.09,0.18,0.1,0.28,0.0,0.17,0.1,0.08,0.28,0.28,0.28,0.24,0.22,0.16,0.07,0.14,0.09,0.0,0.08,0.17,0.24,0.0,0.0,0.08,0.18,0.0,0.14,0.28,0.09,0.24,0.09,0.24,0.26,0.1,0.08,0.1,0.09,0.22,0.18,0.2,0.16,0.2,0.08,0.09,0.18,0.08,0.08,0.0,0.0,0.28,0.28,0.23,0.12,0.11,0.2,0.08,0.15,0.14,0.2,0.18,0.09,0.18,0.22,0.06,0.08,0.22,0.1,0.24,0.14,0.0,0.11,0.16,0.16,0.28,0.0,0.26,0.16,0.3,0.0
friggitelli ripieni,0.21,0.12,0.06,0.0,0.18,0.06,0.06,0.21,0.0,0.0,0.0,0.1,0.0,0.07,0.24,0.17,0.14,0.2,0.2,0.22,0.2,0.0,0.0,0.06,0.07,0.0,0.08,0.12,0.21,0.2,0.18,0.0,0.2,0.14,0.1,0.12,0.07,0.0,0.0,0.0,0.09,0.13,0.0,0.16,0.06,0.08,0.13,0.06,0.14,0.06,0.12,0.0,0.11,0.11,0.0,0.18,0.08,0.0,0.06,0.18,0.24,0.11,0.0,0.18,0.14,0.13,0.06,0.16,0.11,0.21,1.0,0.1,0.14,0.0,0.26,0.2,0.21,0.0,0.0,0.04,0.06,0.1,0.12,0.04,0.06,0.11,0.11,0.1,0.04,0.12,0.1,0.1,0.05,0.12,0.18,0.0,0.06,0.1,0.1,0.14,0.08,0.17,0.1,0.12,0.11,0.11,0.07,0.06,0.0,0.11,0.06,0.0,0.14,0.0,0.14,0.1,0.17,0.0,0.2,0.21,0.26,0.22,0.08,0.24,0.08,0.16,0.1,0.17,0.12,0.06,0.06,0.14,0.0,0.0,0.12,0.14,0.1,0.06,0.12,0.06,0.06,0.0,0.13,0.16,0.2,0.06,0.11,0.06,0.13,0.07,0.2,0.0,0.18,0.07,0.06,0.2,0.2,0.2,0.22,0.16,0.11,0.05,0.19,0.0,0.06,0.06,0.12,0.17,0.0,0.0,0.1,0.26,0.16,0.14,0.32,0.06,0.17,0.06,0.17,0.18,0.07,0.06,0.07,0.06,0.16,0.12,0.0,0.11,0.14,0.06,0.0,0.13,0.12,0.12,0.06,0.06,0.2,0.2,0.16,0.0,0.08,0.14,0.06,0.21,0.0,0.0,0.18,0.06,0.13,0.16,0.04,0.12,0.26,0.07,0.11,0.14,0.0,0.08,0.22,0.11,0.26,0.0,0.18,0.11,0.21,0.0
frittelle di patate lesse,0.08,0.12,0.11,0.0,0.06,0.0,0.12,0.08,0.0,0.0,0.05,0.06,0.0,0.0,0.06,0.12,0.15,0.14,0.0,0.12,0.1,0.08,0.25,0.06,0.0,0.0,0.0,0.25,0.08,0.2,0.06,0.0,0.07,0.08,0.06,0.06,0.0,0.0,0.0,0.08,0.0,0.07,0.0,0.16,0.0,0.08,0.04,0.07,0.08,0.07,0.06,0.0,0.0,0.24,0.19,0.14,0.09,0.06,0.0,0.06,0.06,0.12,0.07,0.12,0.05,0.07,0.07,0.26,0.18,0.08,0.1,1.0,0.1,0.0,0.14,0.07,0.06,0.06,0.0,0.0,0.0,0.1,0.06,0.0,0.0,0.06,0.12,0.06,0.0,0.06,0.06,0.06,0.0,0.06,0.06,0.0,0.0,0.05,0.1,0.05,0.04,0.06,0.05,0.12,0.06,0.06,0.0,0.0,0.0,0.06,0.06,0.08,0.15,0.08,0.08,0.06,0.06,0.0,0.14,0.15,0.07,0.06,0.0,0.06,0.0,0.06,0.05,0.06,0.06,0.0,0.0,0.0,0.04,0.08,0.13,0.0,0.06,0.11,0.14,0.06,0.06,0.0,0.7,0.08,0.07,0.12,0.42,0.07,0.07,0.0,0.07,0.0,0.19,0.65,0.0,0.07,0.07,0.07,0.12,0.04,0.06,0.06,0.15,0.07,0.0,0.06,0.06,0.06,0.0,0.0,0.16,0.18,0.16,0.1,0.14,0.0,0.06,0.1,0.12,0.06,0.15,0.18,0.08,0.7,0.08,0.04,0.05,0.12,0.08,0.19,0.0,0.0,0.06,0.06,0.12,0.2,0.07,0.07,0.08,0.09,0.08,0.08,0.11,0.11,0.1,0.05,0.04,0.0,0.07,0.08,0.0,0.12,0.16,0.0,0.06,0.05,0.0,0.08,0.24,0.06,0.07,0.06,0.19,0.0,0.08,0.0
frittelle di zucca e rosmarino con salsa aioli,0.2,0.23,0.05,0.04,0.17,0.06,0.06,0.29,0.13,0.0,0.08,0.1,0.04,0.06,0.17,0.16,0.22,0.12,0.12,0.16,0.14,0.0,0.06,0.06,0.06,0.0,0.08,0.06,0.27,0.12,0.06,0.0,0.18,0.14,0.1,0.17,0.12,0.0,0.08,0.0,0.08,0.12,0.0,0.1,0.06,0.08,0.08,0.06,0.14,0.06,0.12,0.0,0.19,0.06,0.12,0.13,0.04,0.06,0.05,0.26,0.24,0.1,0.06,0.17,0.14,0.12,0.06,0.16,0.16,0.2,0.14,0.1,1.0,0.0,0.18,0.18,0.24,0.16,0.0,0.04,0.06,0.11,0.22,0.04,0.05,0.16,0.19,0.24,0.04,0.2,0.18,0.16,0.05,0.18,0.26,0.06,0.05,0.14,0.16,0.28,0.18,0.25,0.18,0.18,0.19,0.16,0.06,0.06,0.04,0.2,0.17,0.0,0.14,0.0,0.06,0.1,0.16,0.0,0.12,0.14,0.18,0.16,0.08,0.17,0.08,0.1,0.14,0.24,0.12,0.06,0.05,0.06,0.16,0.04,0.18,0.22,0.1,0.1,0.16,0.0,0.05,0.0,0.12,0.15,0.18,0.06,0.06,0.06,0.12,0.06,0.18,0.06,0.12,0.06,0.05,0.18,0.18,0.18,0.16,0.15,0.1,0.05,0.09,0.06,0.0,0.06,0.12,0.16,0.0,0.0,0.1,0.16,0.0,0.22,0.18,0.06,0.24,0.15,0.16,0.17,0.06,0.06,0.06,0.06,0.15,0.12,0.14,0.1,0.14,0.06,0.06,0.2,0.06,0.06,0.06,0.0,0.18,0.18,0.16,0.08,0.08,0.14,0.18,0.1,0.09,0.14,0.12,0.06,0.12,0.15,0.04,0.17,0.15,0.06,0.1,0.09,0.06,0.15,0.1,0.1,0.18,0.0,0.17,0.19,0.2,0.0
fufu,0.0,0.0,0.0,0.0,0.0,0.0,0.0,0.0,0.0,0.0,0.0,0.0,0.0,0.0,0.0,0.0,0.0,0.0,0.0,0.0,0.0,0.0,0.0,0.09,0.0,0.0,0.12,0.0,0.0,0.0,0.0,0.0,0.0,0.0,0.0,0.0,0.0,0.0,0.0,0.0,0.0,0.0,0.0,0.0,0.1,0.0,0.0,0.0,0.0,0.0,0.0,0.0,0.09,0.0,0.0,0.0,0.06,0.0,0.0,0.0,0.0,0.0,0.0,0.0,0.0,0.0,0.0,0.0,0.0,0.0,0.0,0.0,0.0,1.0,0.0,0.0,0.08,0.0,0.0,0.0,0.0,0.0,0.0,0.0,0.0,0.0,0.0,0.0,0.0,0.0,0.0,0.0,0.0,0.0,0.0,0.0,0.08,0.0,0.0,0.0,0.0,0.0,0.0,0.0,0.0,0.0,0.0,0.0,0.0,0.0,0.0,0.0,0.0,0.0,0.0,0.0,0.09,0.0,0.0,0.0,0.0,0.0,0.0,0.0,0.12,0.0,0.0,0.09,0.0,0.09,0.0,0.0,0.0,0.0,0.0,0.0,0.0,0.0,0.0,0.0,0.0,0.0,0.0,0.0,0.0,0.0,0.0,0.0,0.0,0.0,0.1,0.0,0.0,0.0,0.0,0.0,0.0,0.0,0.0,0.0,0.0,0.0,0.0,0.0,0.0,0.0,0.0,0.0,0.14,0.11,0.0,0.0,0.0,0.0,0.0,0.0,0.0,0.0,0.0,0.0,0.0,0.0,0.0,0.0,0.0,0.06,0.0,0.0,0.0,0.0,0.0,0.0,0.0,0.0,0.0,0.0,0.0,0.0,0.0,0.0,0.0,0.0,0.0,0.0,0.0,0.0,0.0,0.0,0.0,0.0,0.0,0.0,0.0,0.0,0.0,0.0,0.0,0.0,0.0,0.0,0.0,0.0,0.0,0.09,0.0,0.0
"funghi gratinati al forno, la ricetta per un contorno autunnale",0.28,0.16,0.07,0.0,0.23,0.08,0.07,0.28,0.0,0.0,0.12,0.14,0.0,0.09,0.23,0.22,0.14,0.25,0.16,0.36,0.32,0.0,0.23,0.07,0.09,0.0,0.1,0.16,0.28,0.25,0.16,0.0,0.25,0.18,0.14,0.16,0.09,0.0,0.0,0.0,0.12,0.16,0.0,0.2,0.08,0.1,0.12,0.08,0.18,0.08,0.16,0.0,0.14,0.14,0.08,0.12,0.06,0.08,0.07,0.23,0.23,0.14,0.08,0.23,0.18,0.16,0.0,0.16,0.14,0.28,0.26,0.14,0.18,0.0,1.0,0.92,0.2,0.22,0.0,0.06,0.07,0.06,0.08,0.06,0.07,0.14,0.14,0.14,0.05,0.16,0.2,0.14,0.06,0.16,0.31,0.07,0.07,0.12,0.13,0.18,0.11,0.14,0.12,0.16,0.14,0.14,0.09,0.07,0.0,0.14,0.07,0.0,0.18,0.0,0.18,0.13,0.22,0.0,0.25,0.28,0.25,0.22,0.1,0.23,0.1,0.2,0.12,0.22,0.16,0.07,0.07,0.09,0.17,0.04,0.16,0.18,0.14,0.07,0.16,0.0,0.07,0.0,0.16,0.2,0.25,0.08,0.14,0.08,0.16,0.09,0.25,0.0,0.23,0.09,0.07,0.25,0.25,0.25,0.29,0.2,0.14,0.06,0.18,0.08,0.0,0.08,0.16,0.22,0.0,0.0,0.14,0.28,0.1,0.18,0.34,0.08,0.22,0.08,0.22,0.23,0.09,0.07,0.09,0.08,0.2,0.16,0.18,0.14,0.18,0.08,0.08,0.16,0.16,0.08,0.07,0.08,0.25,0.25,0.21,0.12,0.1,0.18,0.07,0.2,0.18,0.18,0.17,0.08,0.16,0.2,0.06,0.16,0.27,0.09,0.14,0.12,0.0,0.1,0.22,0.14,0.25,0.0,0.23,0.14,0.28,0.0
funghi pleurotus in padella,0.28,0.16,0.14,0.0,0.23,0.08,0.0,0.28,0.0,0.0,0.12,0.14,0.0,0.09,0.23,0.22,0.18,0.16,0.16,0.29,0.32,0.0,0.16,0.07,0.09,0.0,0.1,0.08,0.28,0.25,0.08,0.0,0.25,0.18,0.2,0.16,0.09,0.1,0.0,0.0,0.12,0.25,0.0,0.14,0.08,0.1,0.12,0.16,0.18,0.16,0.16,0.0,0.14,0.14,0.08,0.06,0.06,0.08,0.07,0.31,0.23,0.14,0.08,0.23,0.24,0.25,0.0,0.16,0.07,0.28,0.2,0.07,0.18,0.0,0.92,1.0,0.2,0.22,0.04,0.06,0.07,0.06,0.08,0.06,0.07,0.14,0.14,0.14,0.05,0.16,0.26,0.2,0.06,0.16,0.31,0.07,0.07,0.12,0.13,0.18,0.11,0.14,0.12,0.16,0.14,0.14,0.09,0.07,0.0,0.14,0.07,0.0,0.18,0.0,0.09,0.13,0.22,0.0,0.16,0.18,0.34,0.29,0.1,0.23,0.1,0.14,0.12,0.22,0.16,0.07,0.07,0.09,0.17,0.04,0.1,0.18,0.14,0.07,0.16,0.0,0.07,0.0,0.16,0.2,0.25,0.08,0.07,0.16,0.16,0.09,0.25,0.0,0.23,0.18,0.07,0.25,0.25,0.25,0.22,0.2,0.14,0.06,0.12,0.08,0.08,0.08,0.16,0.22,0.0,0.0,0.14,0.22,0.0,0.12,0.25,0.08,0.22,0.12,0.22,0.31,0.09,0.07,0.09,0.08,0.3,0.16,0.18,0.14,0.28,0.08,0.08,0.16,0.08,0.16,0.07,0.0,0.25,0.25,0.21,0.12,0.1,0.18,0.14,0.14,0.12,0.24,0.17,0.08,0.16,0.2,0.06,0.08,0.2,0.09,0.14,0.18,0.0,0.1,0.14,0.14,0.34,0.0,0.23,0.22,0.28,0.0
funghi sott’olio,0.22,0.12,0.06,0.0,0.19,0.07,0.0,0.39,0.0,0.1,0.1,0.11,0.0,0.08,0.25,0.18,0.15,0.14,0.2,0.18,0.16,0.0,0.06,0.12,0.08,0.0,0.25,0.12,0.35,0.14,0.12,0.0,0.2,0.15,0.11,0.12,0.18,0.0,0.0,0.0,0.1,0.14,0.0,0.11,0.14,0.08,0.14,0.14,0.15,0.07,0.25,0.1,0.34,0.06,0.06,0.1,0.14,0.12,0.06,0.42,0.38,0.12,0.07,0.19,0.15,0.14,0.0,0.13,0.06,0.22,0.21,0.06,0.24,0.08,0.2,0.2,1.0,0.18,0.14,0.05,0.06,0.1,0.12,0.05,0.06,0.12,0.12,0.26,0.04,0.12,0.1,0.16,0.06,0.12,0.19,0.06,0.11,0.1,0.1,0.24,0.09,0.28,0.1,0.12,0.12,0.12,0.08,0.06,0.0,0.18,0.06,0.0,0.15,0.0,0.08,0.16,0.24,0.0,0.14,0.15,0.27,0.24,0.08,0.25,0.16,0.11,0.1,0.4,0.19,0.12,0.11,0.15,0.18,0.04,0.21,0.32,0.11,0.06,0.14,0.06,0.06,0.0,0.14,0.16,0.2,0.06,0.06,0.07,0.14,0.08,0.27,0.0,0.12,0.08,0.06,0.2,0.2,0.2,0.18,0.21,0.18,0.06,0.15,0.07,0.07,0.06,0.12,0.18,0.1,0.08,0.06,0.18,0.0,0.26,0.27,0.07,0.34,0.06,0.18,0.19,0.08,0.06,0.08,0.07,0.16,0.18,0.15,0.12,0.15,0.06,0.07,0.26,0.06,0.12,0.0,0.0,0.2,0.2,0.17,0.09,0.08,0.15,0.06,0.11,0.15,0.15,0.18,0.14,0.14,0.16,0.04,0.06,0.22,0.08,0.18,0.2,0.0,0.08,0.18,0.12,0.27,0.0,0.19,0.34,0.22,0.0
funghi trifolati,0.24,0.14,0.06,0.0,0.2,0.07,0.0,0.24,0.0,0.0,0.0,0.12,0.0,0.08,0.2,0.25,0.12,0.14,0.14,0.18,0.17,0.0,0.0,0.06,0.08,0.0,0.09,0.06,0.24,0.14,0.06,0.0,0.22,0.16,0.12,0.14,0.08,0.0,0.0,0.0,0.1,0.14,0.0,0.12,0.07,0.09,0.1,0.07,0.16,0.07,0.14,0.0,0.12,0.06,0.0,0.05,0.04,0.0,0.06,0.2,0.26,0.12,0.0,0.2,0.16,0.14,0.0,0.14,0.06,0.24,0.0,0.06,0.16,0.0,0.22,0.22,0.18,1.0,0.0,0.05,0.06,0.06,0.06,0.05,0.06,0.12,0.12,0.12,0.04,0.14,0.11,0.12,0.06,0.14,0.2,0.0,0.06,0.1,0.11,0.16,0.1,0.12,0.1,0.14,0.12,0.12,0.08,0.06,0.0,0.12,0.06,0.0,0.16,0.0,0.08,0.11,0.18,0.0,0.14,0.24,0.22,0.18,0.09,0.2,0.09,0.12,0.16,0.18,0.14,0.06,0.06,0.08,0.0,0.0,0.09,0.16,0.12,0.06,0.14,0.0,0.06,0.0,0.14,0.18,0.29,0.06,0.06,0.07,0.14,0.08,0.29,0.0,0.14,0.08,0.06,0.22,0.22,0.22,0.25,0.18,0.12,0.06,0.1,0.0,0.0,0.06,0.14,0.18,0.0,0.0,0.12,0.14,0.0,0.1,0.22,0.07,0.18,0.07,0.18,0.2,0.08,0.06,0.08,0.07,0.18,0.14,0.0,0.12,0.16,0.06,0.0,0.14,0.06,0.06,0.0,0.0,0.22,0.22,0.23,0.0,0.09,0.16,0.06,0.12,0.0,0.0,0.14,0.07,0.14,0.18,0.05,0.06,0.18,0.08,0.12,0.1,0.0,0.09,0.12,0.12,0.22,0.0,0.2,0.12,0.24,0.0
giardiniera,0.0,0.0,0.02,0.0,0.0,0.0,0.0,0.0,0.06,0.0,0.0,0.06,0.0,0.0,0.0,0.0,0.02,0.0,0.0,0.0,0.02,0.04,0.0,0.08,0.04,0.12,0.16,0.06,0.04,0.06,0.03,0.0,0.0,0.0,0.08,0.0,0.0,0.16,0.0,0.0,0.04,0.04,0.03,0.0,0.06,0.12,0.0,0.14,0.0,0.1,0.1,0.0,0.14,0.03,0.0,0.0,0.06,0.0,0.0,0.1,0.03,0.03,0.0,0.0,0.08,0.04,0.0,0.0,0.0,0.0,0.0,0.0,0.0,0.0,0.0,0.04,0.14,0.0,1.0,0.07,0.0,0.0,0.1,0.0,0.02,0.0,0.03,0.11,0.08,0.0,0.02,0.08,0.02,0.0,0.0,0.0,0.11,0.05,0.02,0.0,0.06,0.0,0.0,0.0,0.03,0.0,0.04,0.0,0.08,0.0,0.0,0.0,0.0,0.0,0.0,0.08,0.12,0.08,0.0,0.0,0.04,0.03,0.0,0.0,0.08,0.0,0.0,0.06,0.03,0.12,0.02,0.0,0.0,0.0,0.08,0.0,0.02,0.0,0.0,0.0,0.0,0.0,0.0,0.0,0.0,0.0,0.0,0.04,0.1,0.04,0.06,0.0,0.03,0.04,0.0,0.0,0.0,0.0,0.0,0.16,0.23,0.13,0.0,0.0,0.04,0.12,0.0,0.0,0.19,0.14,0.02,0.02,0.0,0.02,0.0,0.0,0.0,0.05,0.0,0.03,0.04,0.03,0.0,0.0,0.04,0.09,0.0,0.0,0.04,0.0,0.0,0.0,0.0,0.03,0.12,0.04,0.0,0.0,0.0,0.0,0.0,0.0,0.06,0.0,0.0,0.0,0.0,0.14,0.0,0.0,0.0,0.0,0.0,0.08,0.14,0.08,0.08,0.0,0.0,0.06,0.04,0.0,0.0,0.18,0.0,0.0
"goma wakame, la ricetta del contorno a base di alghe giapponesi",0.13,0.0,0.0,0.0,0.06,0.06,0.0,0.06,0.0,0.0,0.04,0.1,0.07,0.06,0.06,0.05,0.0,0.0,0.06,0.05,0.04,0.0,0.0,0.0,0.0,0.0,0.0,0.0,0.06,0.0,0.11,0.13,0.06,0.06,0.05,0.06,0.0,0.0,0.0,0.0,0.04,0.0,0.0,0.0,0.06,0.07,0.0,0.0,0.0,0.06,0.06,0.0,0.05,0.0,0.0,0.0,0.04,0.0,0.05,0.06,0.06,0.05,0.06,0.06,0.04,0.0,0.0,0.0,0.0,0.06,0.04,0.0,0.04,0.0,0.06,0.06,0.05,0.05,0.07,1.0,0.05,0.0,0.0,0.0,0.0,0.0,0.0,0.0,0.0,0.0,0.04,0.05,0.0,0.0,0.06,0.0,0.0,0.0,0.04,0.04,0.0,0.0,0.0,0.0,0.0,0.0,0.0,0.0,0.0,0.0,0.0,0.0,0.04,0.0,0.0,0.04,0.05,0.07,0.06,0.0,0.06,0.05,0.0,0.11,0.0,0.05,0.0,0.05,0.11,0.05,0.05,0.06,0.04,0.0,0.04,0.06,0.0,0.0,0.04,0.0,0.05,0.0,0.0,0.0,0.06,0.0,0.0,0.0,0.0,0.06,0.06,0.0,0.0,0.0,0.05,0.06,0.06,0.06,0.05,0.07,0.05,0.04,0.0,0.06,0.0,0.06,0.0,0.05,0.0,0.0,0.0,0.04,0.0,0.0,0.06,0.06,0.05,0.03,0.05,0.06,0.0,0.0,0.0,0.0,0.0,0.08,0.04,0.0,0.0,0.0,0.0,0.06,0.06,0.0,0.0,0.0,0.06,0.06,0.0,0.0,0.07,0.06,0.05,0.0,0.04,0.04,0.04,0.0,0.0,0.07,0.0,0.0,0.05,0.0,0.1,0.0,0.0,0.0,0.0,0.05,0.06,0.0,0.06,0.05,0.06,0.07
gratin di patate,0.08,0.0,0.0,0.04,0.06,0.07,0.12,0.08,0.0,0.0,0.0,0.0,0.04,0.0,0.06,0.38,0.0,0.0,0.14,0.06,0.06,0.08,0.0,0.06,0.08,0.0,0.0,0.0,0.08,0.0,0.06,0.0,0.07,0.08,0.0,0.0,0.16,0.0,0.0,0.0,0.05,0.0,0.2,0.0,0.0,0.0,0.0,0.07,0.0,0.07,0.06,0.0,0.06,0.0,0.06,0.05,0.0,0.0,0.06,0.06,0.06,0.12,0.0,0.06,0.16,0.0,0.0,0.09,0.06,0.08,0.06,0.0,0.06,0.0,0.07,0.07,0.06,0.06,0.0,0.05,1.0,0.0,0.0,0.0,0.0,0.0,0.0,0.0,0.0,0.0,0.0,0.0,0.11,0.23,0.38,0.0,0.0,0.0,0.0,0.05,0.0,0.0,0.0,0.0,0.0,0.0,0.0,0.06,0.1,0.0,0.0,0.08,0.06,0.0,0.0,0.0,0.06,0.0,0.07,0.0,0.07,0.06,0.0,0.06,0.0,0.06,0.0,0.06,0.06,0.06,0.12,0.16,0.05,0.04,0.0,0.08,0.0,0.06,0.14,0.74,0.06,0.14,0.07,0.34,0.64,0.06,0.0,0.07,0.24,0.16,0.07,0.45,0.56,0.08,0.74,0.07,0.07,0.07,0.06,0.04,0.0,0.18,0.0,0.0,0.07,0.0,0.56,0.06,0.0,0.08,0.0,0.6,0.0,0.16,0.07,0.14,0.06,0.0,0.06,0.06,0.08,0.12,0.74,0.07,0.0,0.04,0.06,0.31,0.58,0.32,0.0,0.14,0.06,0.0,0.06,0.0,0.4,0.07,0.0,0.0,0.18,0.0,0.0,0.31,0.1,0.06,0.05,0.0,0.0,0.09,0.0,0.06,0.06,0.24,0.06,0.0,0.0,0.0,0.0,0.0,0.07,0.06,0.06,0.06,0.08,0.09
insalata anguria feta e olive,0.07,0.06,0.06,0.0,0.06,0.0,0.0,0.07,0.0,0.0,0.09,0.06,0.04,0.0,0.18,0.11,0.14,0.06,0.06,0.06,0.05,0.0,0.06,0.06,0.0,0.0,0.0,0.12,0.07,0.06,0.06,0.0,0.06,0.07,0.06,0.06,0.07,0.0,0.0,0.0,0.0,0.06,0.0,0.1,0.0,0.08,0.09,0.06,0.07,0.06,0.06,0.0,0.0,0.06,0.06,0.09,0.12,0.06,0.0,0.06,0.12,0.06,0.06,0.12,0.05,0.13,0.0,0.12,0.06,0.07,0.1,0.1,0.11,0.0,0.06,0.06,0.1,0.06,0.0,0.0,0.0,1.0,0.22,0.04,0.1,0.42,0.2,0.25,0.04,0.15,0.14,0.12,0.0,0.13,0.15,0.0,0.0,0.15,0.17,0.1,0.18,0.17,0.14,0.19,0.31,0.24,0.16,0.0,0.0,0.16,0.12,0.0,0.1,0.0,0.0,0.05,0.06,0.0,0.06,0.07,0.13,0.17,0.0,0.12,0.0,0.0,0.05,0.11,0.06,0.0,0.0,0.07,0.09,0.07,0.04,0.0,0.06,0.06,0.08,0.06,0.06,0.0,0.06,0.08,0.06,0.06,0.0,0.06,0.06,0.0,0.06,0.0,0.06,0.07,0.0,0.06,0.06,0.13,0.06,0.08,0.06,0.05,0.1,0.06,0.06,0.06,0.06,0.06,0.0,0.0,0.06,0.08,0.0,0.05,0.13,0.0,0.06,0.06,0.11,0.06,0.07,0.11,0.07,0.06,0.08,0.08,0.05,0.06,0.07,0.06,0.0,0.0,0.0,0.12,0.0,0.0,0.06,0.06,0.08,0.09,0.0,0.07,0.14,0.06,0.05,0.05,0.13,0.0,0.06,0.08,0.0,0.06,0.1,0.0,0.06,0.1,0.0,0.08,0.17,0.06,0.13,0.0,0.12,0.0,0.07,0.0
insalata capricciosa,0.08,0.07,0.06,0.0,0.07,0.0,0.0,0.08,0.0,0.0,0.06,0.06,0.0,0.0,0.14,0.06,0.14,0.08,0.08,0.06,0.06,0.0,0.07,0.14,0.08,0.0,0.0,0.07,0.08,0.08,0.07,0.0,0.08,0.08,0.06,0.07,0.0,0.0,0.0,0.08,0.0,0.08,0.0,0.06,0.0,0.1,0.1,0.08,0.08,0.08,0.07,0.0,0.0,0.06,0.07,0.11,0.1,0.07,0.0,0.07,0.14,0.06,0.08,0.07,0.06,0.08,0.0,0.1,0.06,0.08,0.12,0.06,0.22,0.0,0.08,0.08,0.12,0.06,0.1,0.0,0.0,0.22,1.0,0.0,0.0,0.19,0.32,0.19,0.04,0.4,0.31,0.19,0.0,0.31,0.32,0.0,0.0,0.14,0.22,0.18,0.6,0.26,0.3,0.24,0.32,0.16,0.0,0.0,0.12,0.14,0.29,0.0,0.06,0.0,0.0,0.06,0.06,0.0,0.08,0.08,0.16,0.14,0.0,0.14,0.0,0.0,0.06,0.06,0.07,0.0,0.0,0.08,0.1,0.04,0.05,0.0,0.12,0.06,0.05,0.06,0.06,0.0,0.08,0.1,0.08,0.07,0.0,0.08,0.16,0.0,0.08,0.0,0.07,0.08,0.0,0.08,0.08,0.08,0.06,0.1,0.14,0.12,0.12,0.08,0.08,0.07,0.07,0.06,0.0,0.0,0.06,0.1,0.0,0.06,0.16,0.0,0.06,0.08,0.06,0.07,0.08,0.06,0.08,0.08,0.1,0.05,0.06,0.06,0.08,0.07,0.0,0.0,0.0,0.14,0.0,0.0,0.08,0.08,0.1,0.1,0.0,0.08,0.32,0.06,0.06,0.06,0.1,0.0,0.08,0.1,0.0,0.07,0.12,0.0,0.06,0.12,0.0,0.1,0.14,0.06,0.16,0.0,0.07,0.0,0.08,0.0
insalata con avocado,0.06,0.06,0.0,0.0,0.06,0.0,0.0,0.06,0.0,0.0,0.08,0.05,0.04,0.13,0.16,0.1,0.05,0.06,0.06,0.05,0.04,0.0,0.0,0.0,0.06,0.0,0.07,0.0,0.06,0.06,0.0,0.0,0.06,0.0,0.05,0.11,0.13,0.0,0.0,0.0,0.04,0.06,0.0,0.05,0.06,0.0,0.04,0.0,0.06,0.0,0.0,0.0,0.05,0.0,0.0,0.0,0.0,0.0,0.0,0.06,0.06,0.0,0.0,0.06,0.04,0.06,0.0,0.04,0.0,0.06,0.04,0.0,0.04,0.0,0.06,0.06,0.05,0.05,0.0,0.0,0.0,0.04,0.0,1.0,0.1,0.1,0.05,0.05,0.07,0.11,0.09,0.1,0.04,0.29,0.06,0.05,0.05,0.04,0.09,0.04,0.08,0.16,0.04,0.06,0.05,0.05,0.06,0.1,0.04,0.05,0.0,0.0,0.04,0.0,0.06,0.04,0.05,0.0,0.0,0.06,0.06,0.16,0.07,0.11,0.07,0.05,0.08,0.1,0.0,0.0,0.0,0.0,0.04,0.0,0.04,0.06,0.1,0.0,0.04,0.0,0.0,0.0,0.06,0.07,0.06,0.0,0.05,0.0,0.06,0.0,0.06,0.0,0.06,0.0,0.0,0.06,0.06,0.12,0.05,0.07,0.05,0.04,0.08,0.0,0.0,0.0,0.06,0.1,0.0,0.0,0.0,0.04,0.0,0.04,0.06,0.0,0.1,0.0,0.05,0.06,0.0,0.0,0.0,0.0,0.07,0.08,0.04,0.05,0.06,0.0,0.06,0.06,0.0,0.0,0.0,0.0,0.06,0.06,0.08,0.08,0.0,0.06,0.0,0.05,0.04,0.08,0.12,0.12,0.06,0.0,0.04,0.0,0.05,0.06,0.0,0.04,0.0,0.07,0.05,0.05,0.06,0.0,0.06,0.1,0.06,0.0
"insalata con bottarga di muggine, sedano, lamponi e menta",0.08,0.06,0.0,0.0,0.06,0.07,0.0,0.08,0.0,0.0,0.1,0.06,0.04,0.08,0.12,0.06,0.06,0.07,0.07,0.06,0.06,0.0,0.0,0.0,0.08,0.0,0.08,0.0,0.08,0.07,0.0,0.0,0.07,0.0,0.11,0.06,0.21,0.0,0.0,0.0,0.05,0.07,0.0,0.06,0.07,0.0,0.04,0.0,0.08,0.0,0.0,0.0,0.06,0.0,0.0,0.0,0.0,0.0,0.0,0.06,0.06,0.0,0.0,0.06,0.05,0.07,0.0,0.04,0.0,0.08,0.06,0.0,0.05,0.0,0.07,0.07,0.06,0.06,0.02,0.0,0.0,0.1,0.0,0.1,1.0,0.06,0.12,0.06,0.08,0.06,0.06,0.06,0.06,0.06,0.06,0.06,0.18,0.2,0.06,0.05,0.09,0.06,0.05,0.06,0.06,0.18,0.08,0.06,0.0,0.06,0.0,0.0,0.05,0.0,0.08,0.06,0.06,0.0,0.0,0.08,0.07,0.12,0.08,0.06,0.08,0.06,0.05,0.12,0.0,0.0,0.0,0.0,0.04,0.0,0.08,0.08,0.06,0.0,0.04,0.0,0.0,0.0,0.07,0.08,0.07,0.0,0.06,0.0,0.07,0.0,0.07,0.0,0.06,0.0,0.0,0.07,0.07,0.14,0.06,0.08,0.06,0.0,0.05,0.0,0.0,0.06,0.06,0.06,0.0,0.0,0.0,0.04,0.0,0.05,0.07,0.0,0.06,0.0,0.06,0.06,0.0,0.0,0.0,0.0,0.08,0.04,0.05,0.06,0.08,0.0,0.07,0.07,0.0,0.0,0.0,0.0,0.07,0.07,0.08,0.04,0.0,0.08,0.0,0.06,0.05,0.05,0.09,0.07,0.07,0.0,0.04,0.0,0.06,0.08,0.0,0.05,0.0,0.0,0.06,0.06,0.07,0.0,0.06,0.06,0.08,0.0
"insalata di anguria, rucola e feta",0.16,0.14,0.06,0.0,0.14,0.0,0.0,0.16,0.0,0.0,0.1,0.12,0.0,0.08,0.2,0.18,0.16,0.14,0.07,0.12,0.11,0.0,0.06,0.06,0.08,0.0,0.09,0.06,0.16,0.14,0.0,0.0,0.14,0.08,0.12,0.14,0.08,0.0,0.0,0.0,0.05,0.14,0.0,0.12,0.07,0.09,0.1,0.07,0.16,0.07,0.06,0.0,0.06,0.06,0.06,0.05,0.04,0.06,0.0,0.14,0.14,0.06,0.07,0.14,0.1,0.14,0.0,0.14,0.06,0.16,0.11,0.06,0.16,0.0,0.14,0.14,0.12,0.12,0.0,0.0,0.0,0.42,0.19,0.1,0.06,1.0,0.22,0.34,0.04,0.3,0.27,0.24,0.06,0.29,0.24,0.06,0.06,0.16,0.26,0.17,0.22,0.26,0.2,0.22,0.5,0.33,0.26,0.12,0.06,0.24,0.15,0.0,0.1,0.0,0.08,0.11,0.12,0.0,0.07,0.16,0.14,0.18,0.09,0.2,0.09,0.12,0.1,0.12,0.06,0.0,0.0,0.0,0.1,0.04,0.09,0.08,0.12,0.06,0.1,0.0,0.06,0.0,0.14,0.18,0.14,0.06,0.06,0.07,0.14,0.0,0.14,0.0,0.14,0.08,0.0,0.14,0.14,0.14,0.12,0.14,0.12,0.06,0.1,0.07,0.0,0.06,0.14,0.12,0.0,0.0,0.06,0.1,0.0,0.1,0.14,0.0,0.12,0.07,0.12,0.14,0.08,0.06,0.08,0.07,0.18,0.14,0.1,0.12,0.16,0.06,0.07,0.07,0.06,0.06,0.0,0.0,0.14,0.14,0.18,0.1,0.0,0.16,0.16,0.12,0.06,0.16,0.1,0.14,0.14,0.09,0.05,0.06,0.12,0.08,0.06,0.1,0.0,0.09,0.12,0.12,0.14,0.0,0.14,0.06,0.16,0.0
insalata di carciofi crudi,0.16,0.14,0.06,0.0,0.14,0.0,0.0,0.16,0.0,0.0,0.16,0.12,0.04,0.08,0.14,0.18,0.12,0.14,0.07,0.12,0.11,0.0,0.06,0.06,0.08,0.0,0.09,0.14,0.16,0.14,0.0,0.0,0.14,0.08,0.18,0.14,0.08,0.0,0.0,0.0,0.05,0.22,0.0,0.18,0.07,0.09,0.14,0.07,0.16,0.14,0.06,0.0,0.06,0.06,0.06,0.05,0.1,0.06,0.0,0.14,0.14,0.06,0.07,0.2,0.1,0.14,0.0,0.18,0.06,0.16,0.11,0.12,0.19,0.0,0.14,0.14,0.12,0.12,0.03,0.0,0.0,0.2,0.32,0.05,0.12,0.22,1.0,0.22,0.04,0.3,0.28,0.22,0.06,0.26,0.3,0.06,0.12,0.23,0.3,0.2,0.34,0.22,0.27,0.32,0.29,0.21,0.08,0.12,0.0,0.18,0.18,0.0,0.16,0.0,0.08,0.11,0.12,0.0,0.07,0.16,0.14,0.12,0.09,0.14,0.09,0.06,0.1,0.12,0.06,0.0,0.0,0.0,0.1,0.08,0.14,0.08,0.12,0.06,0.14,0.0,0.06,0.0,0.14,0.18,0.14,0.06,0.06,0.07,0.14,0.0,0.14,0.0,0.14,0.08,0.0,0.14,0.14,0.14,0.12,0.14,0.12,0.06,0.1,0.07,0.0,0.14,0.14,0.12,0.0,0.0,0.06,0.1,0.0,0.1,0.14,0.0,0.12,0.07,0.18,0.14,0.08,0.12,0.08,0.07,0.18,0.1,0.1,0.12,0.16,0.06,0.07,0.07,0.0,0.06,0.0,0.0,0.14,0.14,0.18,0.2,0.0,0.16,0.22,0.12,0.06,0.1,0.1,0.07,0.14,0.09,0.05,0.06,0.12,0.08,0.06,0.16,0.0,0.09,0.18,0.18,0.14,0.0,0.2,0.06,0.16,0.0
insalata di fagiolini e feta,0.15,0.12,0.06,0.0,0.12,0.0,0.0,0.25,0.0,0.0,0.14,0.11,0.08,0.08,0.12,0.12,0.12,0.2,0.07,0.12,0.1,0.0,0.06,0.06,0.08,0.0,0.08,0.12,0.24,0.14,0.0,0.0,0.14,0.08,0.11,0.12,0.15,0.0,0.0,0.0,0.1,0.14,0.0,0.11,0.07,0.08,0.09,0.07,0.15,0.07,0.06,0.0,0.37,0.06,0.06,0.05,0.04,0.06,0.0,0.22,0.39,0.24,0.07,0.12,0.1,0.14,0.0,0.13,0.06,0.15,0.1,0.06,0.24,0.0,0.14,0.14,0.26,0.12,0.11,0.0,0.0,0.25,0.19,0.05,0.06,0.34,0.22,1.0,0.08,0.22,0.2,0.18,0.06,0.28,0.22,0.06,0.06,0.16,0.19,0.26,0.22,0.29,0.2,0.21,0.42,0.32,0.25,0.06,0.0,0.23,0.14,0.0,0.1,0.0,0.08,0.1,0.18,0.0,0.07,0.15,0.14,0.12,0.08,0.12,0.08,0.06,0.1,0.22,0.12,0.0,0.06,0.0,0.14,0.04,0.22,0.18,0.11,0.06,0.09,0.0,0.11,0.0,0.14,0.16,0.14,0.06,0.06,0.07,0.14,0.0,0.14,0.0,0.12,0.08,0.0,0.14,0.14,0.14,0.12,0.12,0.12,0.06,0.1,0.07,0.0,0.12,0.12,0.12,0.0,0.0,0.06,0.09,0.0,0.4,0.14,0.0,0.22,0.06,0.12,0.12,0.08,0.06,0.08,0.07,0.16,0.14,0.15,0.12,0.15,0.06,0.07,0.16,0.0,0.06,0.0,0.0,0.14,0.14,0.17,0.09,0.0,0.15,0.16,0.16,0.05,0.1,0.09,0.07,0.14,0.08,0.04,0.06,0.11,0.15,0.06,0.1,0.0,0.08,0.12,0.12,0.14,0.0,0.12,0.16,0.15,0.0
insalata di frutta e verdura,0.06,0.04,0.0,0.0,0.04,0.0,0.0,0.06,0.05,0.0,0.04,0.04,0.03,0.06,0.04,0.04,0.04,0.05,0.05,0.04,0.04,0.0,0.0,0.04,0.11,0.34,0.06,0.0,0.06,0.05,0.0,0.0,0.05,0.0,0.04,0.1,0.06,0.06,0.0,0.06,0.04,0.1,0.0,0.08,0.05,0.0,0.04,0.0,0.06,0.0,0.0,0.07,0.14,0.0,0.0,0.0,0.0,0.0,0.0,0.04,0.1,0.04,0.0,0.04,0.04,0.05,0.0,0.06,0.0,0.06,0.04,0.0,0.04,0.0,0.05,0.05,0.04,0.04,0.08,0.0,0.0,0.04,0.04,0.07,0.08,0.04,0.04,0.08,1.0,0.04,0.04,0.04,0.04,0.04,0.04,0.04,0.04,0.08,0.04,0.04,0.06,0.09,0.12,0.04,0.04,0.04,0.06,0.04,0.36,0.04,0.0,0.0,0.04,0.0,0.06,0.04,0.04,0.06,0.0,0.06,0.05,0.04,0.06,0.04,0.06,0.04,0.04,0.04,0.0,0.04,0.0,0.0,0.04,0.0,0.03,0.06,0.08,0.0,0.04,0.0,0.0,0.05,0.05,0.06,0.05,0.0,0.04,0.0,0.05,0.0,0.05,0.04,0.1,0.0,0.04,0.05,0.05,0.1,0.04,0.06,0.04,0.0,0.04,0.0,0.0,0.0,0.1,0.04,0.07,0.06,0.0,0.06,0.0,0.08,0.05,0.0,0.04,0.0,0.04,0.04,0.0,0.0,0.0,0.0,0.06,0.04,0.04,0.09,0.06,0.0,0.1,0.05,0.0,0.0,0.04,0.0,0.05,0.05,0.06,0.1,0.0,0.06,0.0,0.04,0.04,0.12,0.04,0.1,0.05,0.0,0.04,0.0,0.08,0.06,0.0,0.08,0.06,0.06,0.04,0.04,0.05,0.0,0.04,0.14,0.11,0.0
"insalata di indivia, per mangiare le verdure crude anche d’inverno",0.17,0.14,0.06,0.0,0.14,0.0,0.0,0.17,0.0,0.0,0.11,0.12,0.0,0.08,0.22,0.2,0.17,0.16,0.08,0.14,0.12,0.0,0.07,0.06,0.08,0.0,0.1,0.07,0.17,0.16,0.0,0.0,0.16,0.08,0.12,0.14,0.08,0.0,0.0,0.0,0.06,0.16,0.0,0.12,0.08,0.1,0.1,0.08,0.17,0.08,0.07,0.0,0.06,0.06,0.07,0.06,0.05,0.07,0.0,0.14,0.14,0.06,0.08,0.14,0.12,0.16,0.0,0.14,0.06,0.17,0.12,0.06,0.2,0.0,0.16,0.16,0.12,0.14,0.0,0.0,0.0,0.15,0.4,0.11,0.06,0.3,0.3,0.22,0.04,1.0,0.34,0.29,0.06,0.41,0.31,0.06,0.06,0.18,0.3,0.21,0.35,0.3,0.34,0.27,0.3,0.22,0.08,0.14,0.12,0.2,0.32,0.0,0.12,0.0,0.08,0.12,0.14,0.0,0.08,0.17,0.16,0.2,0.1,0.22,0.1,0.06,0.12,0.14,0.07,0.0,0.0,0.0,0.1,0.04,0.1,0.08,0.12,0.06,0.1,0.0,0.06,0.0,0.16,0.19,0.16,0.07,0.06,0.08,0.16,0.0,0.16,0.0,0.14,0.08,0.0,0.16,0.16,0.16,0.14,0.14,0.14,0.06,0.12,0.08,0.0,0.07,0.14,0.14,0.0,0.0,0.06,0.1,0.0,0.12,0.16,0.0,0.14,0.08,0.14,0.14,0.08,0.06,0.08,0.08,0.19,0.15,0.12,0.14,0.17,0.07,0.08,0.08,0.0,0.07,0.0,0.0,0.16,0.16,0.2,0.1,0.0,0.17,0.23,0.12,0.06,0.12,0.1,0.16,0.23,0.1,0.05,0.07,0.12,0.08,0.06,0.12,0.0,0.1,0.14,0.14,0.16,0.0,0.14,0.06,0.17,0.0
insalata di lenticchie,0.14,0.12,0.1,0.0,0.12,0.0,0.0,0.14,0.0,0.0,0.09,0.16,0.0,0.07,0.18,0.17,0.17,0.13,0.06,0.17,0.2,0.0,0.12,0.06,0.07,0.0,0.08,0.06,0.14,0.2,0.0,0.0,0.13,0.07,0.16,0.12,0.07,0.08,0.0,0.0,0.04,0.2,0.0,0.1,0.06,0.08,0.09,0.13,0.14,0.13,0.06,0.0,0.06,0.11,0.06,0.04,0.04,0.06,0.0,0.18,0.12,0.06,0.06,0.12,0.14,0.2,0.0,0.12,0.06,0.14,0.1,0.06,0.18,0.0,0.2,0.26,0.1,0.11,0.02,0.04,0.0,0.14,0.31,0.09,0.06,0.27,0.28,0.2,0.04,0.34,1.0,0.67,0.1,0.3,0.34,0.06,0.06,0.16,0.28,0.19,0.34,0.27,0.31,0.24,0.28,0.26,0.07,0.11,0.05,0.23,0.18,0.0,0.1,0.0,0.07,0.1,0.11,0.0,0.06,0.14,0.2,0.22,0.08,0.18,0.08,0.1,0.1,0.11,0.06,0.0,0.06,0.0,0.09,0.04,0.08,0.07,0.1,0.06,0.08,0.0,0.1,0.0,0.13,0.16,0.13,0.06,0.06,0.13,0.13,0.0,0.13,0.0,0.18,0.14,0.0,0.13,0.13,0.13,0.11,0.12,0.11,0.05,0.1,0.06,0.06,0.06,0.12,0.11,0.0,0.0,0.1,0.12,0.0,0.1,0.13,0.06,0.11,0.1,0.11,0.18,0.07,0.06,0.07,0.06,0.24,0.12,0.1,0.11,0.21,0.06,0.06,0.06,0.0,0.12,0.06,0.0,0.13,0.2,0.2,0.13,0.0,0.21,0.32,0.1,0.1,0.14,0.09,0.13,0.13,0.08,0.04,0.06,0.1,0.07,0.06,0.14,0.0,0.08,0.17,0.11,0.2,0.0,0.12,0.11,0.14,0.08
insalata di lenticchie pomodori e cipollotti,0.15,0.12,0.11,0.0,0.12,0.0,0.0,0.15,0.0,0.0,0.1,0.16,0.0,0.08,0.19,0.18,0.18,0.14,0.07,0.12,0.16,0.0,0.06,0.06,0.08,0.0,0.16,0.06,0.15,0.2,0.0,0.0,0.14,0.08,0.16,0.12,0.08,0.08,0.0,0.0,0.05,0.2,0.0,0.11,0.07,0.08,0.09,0.2,0.15,0.14,0.12,0.0,0.06,0.12,0.06,0.05,0.04,0.06,0.0,0.25,0.12,0.06,0.07,0.12,0.15,0.2,0.0,0.13,0.06,0.15,0.1,0.06,0.16,0.0,0.14,0.2,0.16,0.12,0.08,0.05,0.0,0.12,0.19,0.1,0.06,0.24,0.22,0.18,0.04,0.29,0.67,1.0,0.1,0.28,0.22,0.06,0.06,0.16,0.24,0.16,0.22,0.24,0.25,0.21,0.22,0.32,0.08,0.12,0.05,0.28,0.14,0.0,0.1,0.0,0.08,0.16,0.12,0.0,0.07,0.15,0.2,0.24,0.08,0.19,0.08,0.11,0.1,0.12,0.06,0.0,0.06,0.0,0.09,0.04,0.08,0.08,0.11,0.06,0.09,0.0,0.11,0.0,0.14,0.16,0.14,0.06,0.06,0.14,0.14,0.0,0.14,0.0,0.19,0.15,0.0,0.14,0.14,0.14,0.12,0.16,0.18,0.06,0.1,0.07,0.07,0.06,0.12,0.12,0.0,0.0,0.11,0.14,0.0,0.1,0.14,0.07,0.12,0.1,0.12,0.19,0.08,0.06,0.08,0.07,0.25,0.14,0.1,0.12,0.22,0.06,0.07,0.07,0.0,0.12,0.06,0.0,0.14,0.2,0.32,0.14,0.0,0.22,0.26,0.11,0.1,0.15,0.09,0.2,0.14,0.08,0.04,0.06,0.11,0.08,0.12,0.2,0.0,0.08,0.18,0.12,0.2,0.0,0.12,0.12,0.15,0.08
insalata di melone,0.07,0.06,0.0,0.11,0.06,0.0,0.06,0.07,0.0,0.0,0.04,0.06,0.08,0.07,0.06,0.06,0.03,0.06,0.06,0.06,0.05,0.07,0.0,0.0,0.14,0.0,0.08,0.0,0.14,0.06,0.0,0.0,0.06,0.0,0.06,0.06,0.23,0.0,0.0,0.0,0.04,0.06,0.12,0.06,0.06,0.08,0.04,0.06,0.07,0.0,0.0,0.0,0.06,0.0,0.0,0.0,0.0,0.0,0.0,0.06,0.06,0.0,0.0,0.06,0.1,0.06,0.0,0.04,0.0,0.07,0.05,0.0,0.05,0.0,0.06,0.06,0.06,0.06,0.02,0.0,0.11,0.0,0.0,0.04,0.06,0.06,0.06,0.06,0.04,0.06,0.1,0.1,1.0,0.06,0.06,0.17,0.06,0.1,0.05,0.04,0.04,0.06,0.1,0.06,0.06,0.11,0.26,0.24,0.18,0.11,0.0,0.0,0.05,0.0,0.07,0.05,0.06,0.0,0.0,0.07,0.06,0.06,0.08,0.06,0.08,0.06,0.05,0.06,0.0,0.0,0.06,0.07,0.04,0.0,0.04,0.07,0.06,0.0,0.04,0.1,0.0,0.13,0.06,0.08,0.06,0.0,0.06,0.0,0.06,0.07,0.06,0.12,0.06,0.0,0.1,0.06,0.06,0.06,0.06,0.12,0.11,0.0,0.1,0.0,0.0,0.0,0.06,0.06,0.0,0.0,0.0,0.04,0.0,0.05,0.06,0.06,0.06,0.0,0.06,0.06,0.0,0.0,0.0,0.0,0.08,0.04,0.05,0.06,0.07,0.0,0.06,0.13,0.0,0.0,0.0,0.0,0.06,0.13,0.12,0.09,0.0,0.07,0.0,0.06,0.14,0.05,0.04,0.06,0.06,0.0,0.04,0.0,0.06,0.07,0.06,0.05,0.0,0.0,0.06,0.06,0.06,0.06,0.06,0.11,0.07,0.08
insalata di patate e avocado alla messicana,0.17,0.14,0.06,0.0,0.14,0.0,0.0,0.17,0.0,0.0,0.11,0.12,0.0,0.08,0.22,0.39,0.17,0.23,0.08,0.14,0.12,0.0,0.07,0.06,0.08,0.0,0.1,0.07,0.17,0.16,0.0,0.0,0.16,0.08,0.12,0.14,0.08,0.0,0.0,0.0,0.06,0.16,0.0,0.12,0.08,0.1,0.1,0.08,0.17,0.08,0.07,0.0,0.06,0.06,0.07,0.06,0.05,0.07,0.0,0.14,0.14,0.06,0.08,0.14,0.12,0.16,0.0,0.14,0.06,0.17,0.12,0.06,0.18,0.0,0.16,0.16,0.12,0.14,0.0,0.0,0.23,0.13,0.31,0.29,0.06,0.29,0.26,0.28,0.04,0.41,0.3,0.28,0.06,1.0,0.55,0.06,0.06,0.18,0.28,0.2,0.26,0.29,0.24,0.24,0.26,0.2,0.08,0.14,0.17,0.19,0.16,0.0,0.12,0.0,0.08,0.12,0.14,0.0,0.08,0.17,0.16,0.2,0.1,0.22,0.1,0.06,0.12,0.14,0.07,0.0,0.0,0.0,0.1,0.04,0.1,0.08,0.12,0.06,0.1,0.23,0.12,0.0,0.16,0.41,0.4,0.07,0.06,0.08,0.33,0.0,0.16,0.2,0.38,0.08,0.23,0.16,0.16,0.16,0.14,0.14,0.14,0.2,0.12,0.08,0.0,0.07,0.38,0.14,0.0,0.0,0.06,0.32,0.0,0.17,0.16,0.0,0.14,0.08,0.14,0.14,0.08,0.14,0.34,0.08,0.19,0.2,0.12,0.32,0.42,0.27,0.08,0.08,0.0,0.07,0.06,0.0,0.36,0.16,0.2,0.1,0.0,0.17,0.19,0.38,0.06,0.12,0.1,0.16,0.16,0.1,0.05,0.07,0.12,0.27,0.06,0.12,0.0,0.1,0.14,0.14,0.16,0.0,0.14,0.06,0.17,0.0
insalata di patate lesse alle erbe,0.26,0.14,0.06,0.0,0.22,0.08,0.0,0.26,0.0,0.0,0.16,0.12,0.0,0.08,0.22,0.43,0.14,0.16,0.16,0.26,0.24,0.0,0.14,0.06,0.08,0.0,0.1,0.07,0.26,0.16,0.07,0.0,0.23,0.17,0.12,0.14,0.08,0.0,0.0,0.0,0.11,0.16,0.0,0.12,0.08,0.1,0.1,0.08,0.17,0.08,0.14,0.0,0.14,0.06,0.07,0.06,0.05,0.07,0.06,0.22,0.22,0.14,0.08,0.28,0.17,0.16,0.0,0.14,0.06,0.26,0.18,0.06,0.26,0.0,0.31,0.31,0.19,0.2,0.0,0.06,0.38,0.15,0.32,0.06,0.06,0.24,0.3,0.22,0.04,0.31,0.34,0.22,0.06,0.55,1.0,0.06,0.06,0.18,0.24,0.26,0.4,0.3,0.28,0.27,0.3,0.29,0.08,0.06,0.06,0.2,0.19,0.0,0.23,0.1,0.08,0.12,0.2,0.0,0.16,0.17,0.23,0.2,0.19,0.22,0.1,0.12,0.12,0.2,0.14,0.06,0.06,0.08,0.16,0.04,0.1,0.17,0.12,0.06,0.15,0.32,0.06,0.0,0.16,0.45,0.56,0.07,0.06,0.08,0.36,0.08,0.23,0.24,0.46,0.08,0.38,0.23,0.31,0.23,0.2,0.19,0.14,0.22,0.17,0.08,0.0,0.07,0.46,0.2,0.0,0.0,0.06,0.45,0.0,0.17,0.23,0.08,0.2,0.08,0.2,0.22,0.08,0.14,0.42,0.08,0.19,0.15,0.17,0.36,0.5,0.31,0.08,0.16,0.14,0.07,0.06,0.0,0.48,0.23,0.2,0.1,0.1,0.17,0.23,0.36,0.12,0.17,0.16,0.08,0.16,0.19,0.05,0.07,0.19,0.3,0.14,0.12,0.0,0.1,0.14,0.14,0.23,0.0,0.22,0.14,0.26,0.0
insalata di rinforzo napoletana,0.08,0.06,0.0,0.0,0.06,0.0,0.0,0.08,0.0,0.0,0.0,0.06,0.0,0.08,0.06,0.06,0.03,0.07,0.07,0.06,0.06,0.0,0.0,0.0,0.08,0.0,0.09,0.06,0.24,0.14,0.14,0.0,0.07,0.0,0.06,0.06,0.08,0.0,0.0,0.0,0.05,0.07,0.0,0.06,0.07,0.0,0.05,0.0,0.08,0.0,0.0,0.0,0.06,0.0,0.0,0.0,0.0,0.0,0.0,0.06,0.06,0.0,0.0,0.06,0.06,0.07,0.0,0.04,0.0,0.08,0.0,0.0,0.06,0.0,0.07,0.07,0.06,0.0,0.0,0.0,0.0,0.0,0.0,0.05,0.06,0.06,0.06,0.06,0.04,0.06,0.06,0.06,0.17,0.06,0.06,1.0,0.06,0.06,0.06,0.05,0.04,0.06,0.06,0.06,0.06,0.06,0.08,0.06,0.0,0.06,0.0,0.0,0.06,0.0,0.08,0.06,0.06,0.0,0.0,0.08,0.07,0.06,0.09,0.06,0.09,0.06,0.06,0.06,0.0,0.0,0.0,0.0,0.0,0.0,0.04,0.08,0.06,0.0,0.04,0.0,0.0,0.0,0.07,0.09,0.07,0.0,0.06,0.0,0.07,0.0,0.07,0.0,0.06,0.0,0.0,0.07,0.07,0.07,0.06,0.09,0.06,0.0,0.1,0.0,0.0,0.0,0.06,0.06,0.0,0.0,0.0,0.04,0.0,0.06,0.07,0.0,0.06,0.0,0.06,0.06,0.0,0.06,0.0,0.0,0.09,0.04,0.0,0.06,0.08,0.0,0.0,0.07,0.0,0.0,0.06,0.0,0.07,0.07,0.09,0.0,0.0,0.08,0.06,0.06,0.0,0.0,0.05,0.07,0.07,0.0,0.05,0.0,0.06,0.08,0.0,0.06,0.0,0.0,0.06,0.06,0.07,0.0,0.06,0.06,0.08,0.0
insalata di sedano noci e formaggio,0.08,0.06,0.0,0.0,0.06,0.0,0.0,0.08,0.0,0.1,0.1,0.06,0.04,0.08,0.06,0.06,0.03,0.07,0.07,0.06,0.06,0.0,0.0,0.06,0.08,0.0,0.16,0.0,0.08,0.07,0.0,0.08,0.07,0.0,0.11,0.06,0.08,0.0,0.0,0.0,0.05,0.07,0.0,0.06,0.14,0.0,0.19,0.0,0.08,0.0,0.0,0.1,0.12,0.0,0.0,0.0,0.04,0.06,0.0,0.06,0.06,0.0,0.07,0.06,0.15,0.07,0.0,0.04,0.0,0.08,0.06,0.0,0.05,0.08,0.07,0.07,0.11,0.06,0.11,0.0,0.0,0.0,0.0,0.05,0.18,0.06,0.12,0.06,0.04,0.06,0.06,0.06,0.06,0.06,0.06,0.06,1.0,0.3,0.06,0.05,0.04,0.06,0.05,0.06,0.06,0.06,0.08,0.12,0.0,0.06,0.0,0.0,0.05,0.0,0.08,0.06,0.12,0.0,0.0,0.08,0.07,0.06,0.08,0.06,0.16,0.06,0.05,0.12,0.06,0.06,0.0,0.0,0.04,0.0,0.08,0.08,0.06,0.0,0.04,0.0,0.0,0.0,0.07,0.08,0.07,0.0,0.06,0.0,0.07,0.0,0.14,0.0,0.06,0.0,0.0,0.07,0.07,0.07,0.06,0.08,0.06,0.0,0.05,0.0,0.0,0.06,0.06,0.06,0.1,0.08,0.0,0.04,0.0,0.05,0.07,0.0,0.06,0.0,0.06,0.06,0.08,0.0,0.0,0.0,0.08,0.09,0.05,0.06,0.08,0.0,0.07,0.07,0.0,0.0,0.0,0.07,0.07,0.07,0.08,0.04,0.0,0.08,0.0,0.06,0.05,0.05,0.04,0.07,0.07,0.0,0.04,0.0,0.06,0.08,0.0,0.05,0.0,0.0,0.06,0.06,0.07,0.0,0.06,0.12,0.08,0.0
"insalata di sedano, mele, formaggio e vinaigrette alle noci",0.14,0.12,0.05,0.0,0.12,0.0,0.0,0.14,0.0,0.0,0.13,0.1,0.08,0.06,0.12,0.1,0.14,0.12,0.06,0.1,0.1,0.06,0.06,0.06,0.06,0.0,0.08,0.06,0.14,0.12,0.0,0.0,0.12,0.06,0.2,0.12,0.06,0.0,0.0,0.0,0.04,0.12,0.0,0.1,0.12,0.15,0.18,0.12,0.14,0.06,0.06,0.0,0.06,0.06,0.06,0.04,0.04,0.06,0.0,0.12,0.12,0.06,0.06,0.12,0.09,0.12,0.0,0.12,0.06,0.14,0.1,0.05,0.14,0.0,0.12,0.12,0.1,0.1,0.05,0.0,0.0,0.15,0.14,0.04,0.2,0.16,0.23,0.16,0.08,0.18,0.16,0.16,0.1,0.18,0.18,0.06,0.3,1.0,0.16,0.14,0.2,0.16,0.16,0.18,0.18,0.16,0.06,0.1,0.0,0.14,0.11,0.0,0.09,0.0,0.06,0.1,0.1,0.0,0.06,0.14,0.12,0.1,0.08,0.12,0.08,0.05,0.09,0.1,0.06,0.0,0.0,0.0,0.08,0.04,0.12,0.06,0.1,0.05,0.08,0.0,0.05,0.0,0.12,0.15,0.12,0.06,0.06,0.06,0.12,0.06,0.12,0.0,0.12,0.06,0.0,0.12,0.12,0.18,0.1,0.15,0.16,0.05,0.09,0.06,0.0,0.12,0.12,0.1,0.0,0.0,0.05,0.08,0.0,0.09,0.12,0.0,0.1,0.06,0.1,0.12,0.06,0.06,0.06,0.06,0.15,0.18,0.09,0.1,0.14,0.06,0.06,0.06,0.0,0.06,0.0,0.0,0.12,0.12,0.16,0.08,0.0,0.14,0.12,0.1,0.04,0.09,0.08,0.06,0.12,0.08,0.04,0.06,0.1,0.06,0.1,0.09,0.0,0.08,0.1,0.1,0.12,0.0,0.12,0.1,0.14,0.0
"insalata di spinacini, soia e pomodorini",0.14,0.12,0.06,0.0,0.12,0.0,0.0,0.14,0.0,0.0,0.09,0.1,0.08,0.07,0.18,0.22,0.14,0.13,0.06,0.11,0.1,0.0,0.06,0.06,0.07,0.0,0.08,0.12,0.14,0.13,0.0,0.0,0.13,0.07,0.16,0.12,0.07,0.0,0.0,0.0,0.04,0.13,0.0,0.16,0.06,0.08,0.09,0.06,0.14,0.06,0.06,0.0,0.06,0.06,0.06,0.04,0.12,0.06,0.0,0.12,0.12,0.06,0.06,0.18,0.1,0.13,0.0,0.16,0.06,0.14,0.1,0.1,0.16,0.0,0.13,0.13,0.1,0.11,0.02,0.04,0.0,0.17,0.22,0.09,0.06,0.26,0.3,0.19,0.04,0.3,0.28,0.24,0.05,0.28,0.24,0.06,0.06,0.16,1.0,0.18,0.25,0.26,0.22,0.28,0.24,0.18,0.07,0.11,0.05,0.16,0.16,0.0,0.14,0.0,0.07,0.15,0.11,0.0,0.06,0.14,0.13,0.17,0.29,0.18,0.08,0.06,0.1,0.11,0.06,0.0,0.0,0.0,0.09,0.07,0.12,0.07,0.1,0.06,0.12,0.0,0.06,0.0,0.13,0.16,0.13,0.06,0.06,0.06,0.13,0.0,0.13,0.0,0.12,0.07,0.0,0.13,0.13,0.13,0.11,0.12,0.11,0.05,0.1,0.06,0.0,0.12,0.12,0.11,0.0,0.0,0.06,0.08,0.0,0.1,0.13,0.15,0.11,0.06,0.17,0.12,0.07,0.11,0.07,0.06,0.16,0.12,0.1,0.11,0.14,0.06,0.06,0.06,0.0,0.06,0.0,0.0,0.13,0.13,0.16,0.13,0.0,0.14,0.18,0.1,0.05,0.14,0.09,0.13,0.13,0.08,0.04,0.06,0.1,0.07,0.06,0.1,0.0,0.08,0.17,0.11,0.13,0.0,0.18,0.06,0.14,0.0
insalata di tonno e fagioli,0.2,0.11,0.05,0.0,0.16,0.06,0.0,0.3,0.0,0.0,0.08,0.1,0.0,0.06,0.16,0.16,0.1,0.12,0.12,0.16,0.14,0.0,0.06,0.05,0.06,0.0,0.07,0.06,0.28,0.12,0.06,0.0,0.18,0.13,0.1,0.11,0.14,0.0,0.0,0.0,0.08,0.12,0.0,0.14,0.06,0.07,0.08,0.06,0.13,0.06,0.11,0.0,0.2,0.05,0.06,0.04,0.04,0.06,0.05,0.26,0.25,0.1,0.06,0.16,0.13,0.12,0.0,0.11,0.05,0.2,0.14,0.05,0.28,0.0,0.18,0.18,0.24,0.16,0.0,0.04,0.05,0.1,0.18,0.04,0.05,0.17,0.2,0.26,0.04,0.21,0.19,0.16,0.04,0.2,0.26,0.05,0.05,0.14,0.18,1.0,0.2,0.45,0.18,0.2,0.2,0.16,0.06,0.05,0.0,0.34,0.14,0.0,0.13,0.0,0.06,0.09,0.16,0.0,0.12,0.13,0.18,0.16,0.07,0.16,0.07,0.1,0.08,0.26,0.11,0.05,0.05,0.06,0.12,0.1,0.16,0.23,0.1,0.05,0.12,0.0,0.05,0.0,0.12,0.14,0.18,0.06,0.05,0.06,0.12,0.06,0.18,0.0,0.11,0.06,0.05,0.18,0.18,0.18,0.16,0.14,0.1,0.16,0.23,0.06,0.0,0.06,0.11,0.16,0.0,0.0,0.05,0.12,0.0,0.18,0.18,0.06,0.26,0.06,0.16,0.16,0.06,0.05,0.06,0.06,0.14,0.12,0.13,0.1,0.13,0.06,0.06,0.2,0.06,0.06,0.0,0.0,0.18,0.18,0.15,0.08,0.07,0.13,0.15,0.1,0.08,0.13,0.12,0.12,0.12,0.14,0.04,0.06,0.14,0.06,0.1,0.08,0.0,0.07,0.1,0.1,0.18,0.0,0.16,0.2,0.2,0.0
insalata di verdure grigliate,0.12,0.1,0.04,0.0,0.1,0.06,0.0,0.12,0.0,0.0,0.2,0.14,0.04,0.06,0.1,0.1,0.12,0.11,0.06,0.1,0.08,0.0,0.05,0.04,0.06,0.0,0.06,0.05,0.12,0.11,0.0,0.0,0.11,0.06,0.09,0.1,0.06,0.0,0.0,0.12,0.04,0.11,0.0,0.09,0.06,0.06,0.08,0.06,0.12,0.06,0.05,0.0,0.1,0.04,0.05,0.08,0.04,0.05,0.0,0.1,0.1,0.04,0.06,0.15,0.08,0.11,0.0,0.1,0.04,0.12,0.08,0.04,0.18,0.0,0.11,0.11,0.09,0.1,0.06,0.0,0.0,0.18,0.6,0.08,0.09,0.22,0.34,0.22,0.06,0.35,0.34,0.22,0.04,0.26,0.4,0.04,0.04,0.2,0.25,0.2,1.0,0.26,0.33,0.26,0.34,0.2,0.06,0.04,0.0,0.16,0.21,0.0,0.12,0.0,0.12,0.08,0.1,0.0,0.11,0.18,0.16,0.14,0.14,0.15,0.14,0.09,0.16,0.1,0.1,0.1,0.09,0.06,0.11,0.03,0.07,0.06,0.14,0.09,0.1,0.04,0.04,0.06,0.11,0.14,0.11,0.05,0.04,0.06,0.22,0.0,0.11,0.0,0.1,0.06,0.04,0.11,0.11,0.22,0.1,0.16,0.19,0.17,0.16,0.06,0.0,0.05,0.1,0.28,0.0,0.0,0.04,0.07,0.0,0.08,0.11,0.0,0.19,0.06,0.14,0.1,0.06,0.04,0.06,0.06,0.14,0.07,0.24,0.14,0.12,0.1,0.11,0.06,0.05,0.05,0.0,0.0,0.11,0.16,0.14,0.26,0.0,0.12,0.3,0.09,0.12,0.16,0.22,0.06,0.11,0.06,0.04,0.05,0.09,0.06,0.04,0.08,0.06,0.06,0.14,0.14,0.16,0.0,0.15,0.04,0.18,0.06
insalata di zucchine e tonno sott’olio di lidia bastianich,0.16,0.14,0.06,0.0,0.14,0.0,0.0,0.34,0.0,0.0,0.16,0.12,0.04,0.08,0.26,0.18,0.19,0.14,0.14,0.12,0.11,0.0,0.06,0.06,0.08,0.0,0.09,0.06,0.24,0.14,0.06,0.0,0.14,0.08,0.12,0.3,0.15,0.0,0.0,0.0,0.05,0.14,0.0,0.12,0.07,0.09,0.14,0.07,0.16,0.07,0.06,0.0,0.16,0.06,0.06,0.1,0.1,0.06,0.0,0.24,0.29,0.06,0.07,0.2,0.1,0.14,0.0,0.14,0.06,0.24,0.17,0.06,0.25,0.0,0.14,0.14,0.28,0.12,0.0,0.0,0.0,0.17,0.26,0.16,0.06,0.26,0.22,0.29,0.09,0.3,0.27,0.24,0.06,0.29,0.3,0.06,0.06,0.16,0.26,0.45,0.26,1.0,0.2,0.22,0.22,0.18,0.08,0.12,0.06,0.38,0.15,0.0,0.1,0.0,0.08,0.11,0.12,0.0,0.07,0.16,0.22,0.25,0.09,0.26,0.09,0.06,0.1,0.22,0.06,0.0,0.0,0.08,0.14,0.04,0.18,0.18,0.12,0.06,0.1,0.06,0.06,0.0,0.14,0.18,0.14,0.06,0.06,0.07,0.14,0.0,0.14,0.0,0.14,0.08,0.0,0.14,0.14,0.14,0.12,0.14,0.12,0.18,0.36,0.07,0.07,0.06,0.14,0.12,0.0,0.0,0.06,0.14,0.0,0.2,0.22,0.0,0.22,0.07,0.12,0.14,0.08,0.06,0.08,0.07,0.18,0.14,0.1,0.12,0.16,0.06,0.07,0.16,0.06,0.14,0.0,0.0,0.14,0.14,0.18,0.14,0.0,0.16,0.16,0.12,0.1,0.16,0.14,0.14,0.14,0.09,0.05,0.06,0.18,0.08,0.12,0.16,0.0,0.3,0.18,0.12,0.22,0.0,0.14,0.38,0.16,0.0
insalata estiva con frutta fresca,0.14,0.12,0.05,0.0,0.12,0.0,0.0,0.14,0.0,0.0,0.08,0.1,0.0,0.06,0.12,0.1,0.11,0.12,0.06,0.1,0.1,0.0,0.06,0.06,0.06,0.0,0.08,0.06,0.14,0.12,0.0,0.0,0.12,0.06,0.1,0.12,0.06,0.0,0.0,0.0,0.04,0.12,0.0,0.1,0.06,0.08,0.08,0.06,0.14,0.06,0.06,0.0,0.06,0.06,0.06,0.04,0.04,0.06,0.0,0.12,0.12,0.06,0.06,0.12,0.09,0.12,0.0,0.12,0.06,0.14,0.1,0.05,0.18,0.0,0.12,0.12,0.1,0.1,0.0,0.0,0.0,0.14,0.3,0.04,0.05,0.2,0.27,0.2,0.12,0.34,0.31,0.25,0.1,0.24,0.28,0.06,0.05,0.16,0.22,0.18,0.33,0.2,1.0,0.24,0.27,0.24,0.06,0.27,0.0,0.22,0.22,0.0,0.09,0.0,0.06,0.1,0.1,0.0,0.06,0.14,0.12,0.1,0.08,0.12,0.08,0.05,0.09,0.1,0.06,0.0,0.0,0.0,0.08,0.04,0.08,0.06,0.1,0.05,0.08,0.0,0.05,0.0,0.12,0.15,0.12,0.06,0.06,0.06,0.12,0.0,0.12,0.0,0.12,0.06,0.0,0.12,0.12,0.12,0.1,0.12,0.1,0.05,0.09,0.06,0.0,0.06,0.12,0.1,0.0,0.0,0.05,0.08,0.0,0.09,0.12,0.0,0.1,0.06,0.1,0.12,0.06,0.06,0.06,0.06,0.15,0.08,0.09,0.1,0.14,0.06,0.06,0.06,0.0,0.06,0.0,0.0,0.12,0.18,0.2,0.12,0.0,0.14,0.22,0.1,0.09,0.09,0.08,0.06,0.18,0.08,0.04,0.06,0.1,0.06,0.06,0.09,0.0,0.08,0.1,0.1,0.12,0.0,0.12,0.06,0.14,0.0
insalata fave e pecorino,0.17,0.14,0.06,0.0,0.14,0.0,0.0,0.17,0.0,0.0,0.11,0.12,0.0,0.08,0.14,0.2,0.14,0.16,0.08,0.14,0.18,0.0,0.07,0.06,0.08,0.0,0.1,0.14,0.17,0.16,0.0,0.0,0.16,0.08,0.12,0.14,0.08,0.0,0.0,0.0,0.06,0.16,0.0,0.19,0.08,0.1,0.1,0.08,0.17,0.08,0.07,0.0,0.06,0.06,0.07,0.06,0.1,0.07,0.0,0.14,0.14,0.06,0.08,0.22,0.12,0.16,0.0,0.2,0.06,0.17,0.12,0.12,0.18,0.0,0.16,0.16,0.12,0.14,0.0,0.0,0.0,0.19,0.24,0.06,0.06,0.22,0.32,0.21,0.04,0.27,0.24,0.21,0.06,0.24,0.27,0.06,0.06,0.18,0.28,0.2,0.26,0.22,0.24,1.0,0.32,0.2,0.17,0.06,0.0,0.19,0.16,0.0,0.17,0.0,0.08,0.12,0.14,0.0,0.08,0.17,0.16,0.14,0.1,0.14,0.1,0.12,0.12,0.14,0.07,0.0,0.0,0.0,0.1,0.08,0.1,0.08,0.12,0.06,0.15,0.0,0.06,0.0,0.16,0.19,0.16,0.07,0.06,0.08,0.16,0.0,0.16,0.0,0.14,0.08,0.0,0.16,0.16,0.16,0.14,0.14,0.14,0.06,0.12,0.08,0.0,0.07,0.14,0.14,0.0,0.0,0.06,0.1,0.0,0.12,0.16,0.0,0.14,0.08,0.2,0.14,0.08,0.14,0.08,0.08,0.19,0.1,0.12,0.14,0.17,0.07,0.08,0.08,0.0,0.07,0.0,0.0,0.16,0.16,0.2,0.16,0.0,0.17,0.19,0.12,0.06,0.12,0.1,0.08,0.16,0.1,0.05,0.07,0.12,0.08,0.06,0.12,0.0,0.1,0.2,0.14,0.16,0.0,0.22,0.06,0.17,0.0
insalata greca con feta,0.16,0.14,0.06,0.0,0.14,0.0,0.0,0.16,0.0,0.0,0.1,0.12,0.0,0.08,0.14,0.12,0.12,0.14,0.07,0.12,0.17,0.0,0.06,0.06,0.08,0.0,0.09,0.06,0.16,0.14,0.0,0.0,0.14,0.08,0.12,0.14,0.08,0.09,0.0,0.0,0.05,0.14,0.0,0.12,0.07,0.09,0.1,0.07,0.16,0.07,0.06,0.0,0.06,0.06,0.06,0.05,0.04,0.06,0.0,0.14,0.14,0.06,0.07,0.14,0.1,0.14,0.0,0.14,0.06,0.16,0.11,0.06,0.19,0.0,0.14,0.14,0.12,0.12,0.03,0.0,0.0,0.31,0.32,0.05,0.06,0.5,0.29,0.42,0.04,0.3,0.28,0.22,0.06,0.26,0.3,0.06,0.06,0.18,0.24,0.2,0.34,0.22,0.27,0.32,1.0,0.38,0.48,0.06,0.0,0.18,0.18,0.0,0.1,0.0,0.08,0.11,0.12,0.0,0.07,0.16,0.14,0.12,0.09,0.14,0.09,0.12,0.1,0.12,0.06,0.0,0.0,0.0,0.1,0.04,0.09,0.08,0.12,0.06,0.1,0.0,0.06,0.0,0.14,0.18,0.14,0.06,0.06,0.07,0.14,0.0,0.14,0.0,0.14,0.08,0.0,0.14,0.14,0.14,0.12,0.14,0.12,0.06,0.1,0.07,0.0,0.06,0.14,0.12,0.0,0.0,0.06,0.1,0.0,0.1,0.14,0.0,0.12,0.07,0.12,0.14,0.08,0.06,0.08,0.07,0.18,0.1,0.1,0.12,0.16,0.06,0.07,0.07,0.0,0.06,0.0,0.0,0.14,0.14,0.18,0.1,0.0,0.16,0.22,0.12,0.06,0.16,0.1,0.07,0.14,0.09,0.05,0.06,0.12,0.08,0.06,0.1,0.0,0.09,0.12,0.12,0.14,0.0,0.14,0.06,0.16,0.0
insalata melanzane feta e pomodorini,0.16,0.14,0.06,0.0,0.14,0.0,0.0,0.16,0.0,0.0,0.1,0.12,0.0,0.08,0.14,0.12,0.12,0.14,0.07,0.12,0.11,0.0,0.06,0.06,0.08,0.0,0.09,0.06,0.16,0.14,0.0,0.0,0.14,0.08,0.12,0.14,0.08,0.0,0.0,0.0,0.05,0.14,0.0,0.12,0.07,0.09,0.1,0.07,0.16,0.07,0.06,0.0,0.06,0.06,0.06,0.05,0.04,0.06,0.0,0.14,0.14,0.06,0.07,0.14,0.1,0.14,0.0,0.14,0.06,0.16,0.11,0.06,0.16,0.0,0.14,0.14,0.12,0.12,0.0,0.0,0.0,0.24,0.16,0.05,0.18,0.33,0.21,0.32,0.04,0.22,0.26,0.32,0.11,0.2,0.29,0.06,0.06,0.16,0.18,0.16,0.2,0.18,0.24,0.2,0.38,1.0,0.24,0.06,0.0,0.29,0.13,0.0,0.16,0.09,0.08,0.11,0.12,0.0,0.07,0.16,0.14,0.12,0.18,0.14,0.09,0.06,0.1,0.12,0.06,0.0,0.0,0.0,0.1,0.04,0.09,0.08,0.12,0.06,0.1,0.0,0.06,0.0,0.14,0.18,0.14,0.06,0.06,0.07,0.14,0.0,0.14,0.0,0.14,0.08,0.0,0.14,0.22,0.14,0.12,0.14,0.12,0.06,0.1,0.07,0.0,0.06,0.14,0.12,0.0,0.0,0.06,0.1,0.0,0.1,0.14,0.0,0.12,0.07,0.12,0.14,0.08,0.06,0.08,0.07,0.18,0.1,0.1,0.12,0.16,0.06,0.07,0.07,0.0,0.06,0.0,0.0,0.14,0.22,0.32,0.14,0.0,0.16,0.15,0.12,0.1,0.1,0.1,0.07,0.14,0.09,0.05,0.06,0.12,0.08,0.06,0.1,0.0,0.09,0.12,0.12,0.14,0.0,0.14,0.06,0.16,0.0
insalata melone e feta,0.1,0.08,0.0,0.0,0.08,0.0,0.0,0.1,0.0,0.0,0.06,0.08,0.0,0.1,0.08,0.08,0.04,0.09,0.09,0.08,0.14,0.0,0.0,0.0,0.1,0.0,0.11,0.0,0.1,0.09,0.0,0.0,0.09,0.0,0.08,0.08,0.1,0.11,0.0,0.0,0.06,0.09,0.0,0.08,0.09,0.0,0.06,0.0,0.1,0.0,0.0,0.0,0.08,0.0,0.0,0.0,0.0,0.0,0.0,0.08,0.08,0.0,0.0,0.08,0.06,0.09,0.0,0.06,0.0,0.1,0.07,0.0,0.06,0.0,0.09,0.09,0.08,0.08,0.04,0.0,0.0,0.16,0.0,0.06,0.08,0.26,0.08,0.25,0.06,0.08,0.07,0.08,0.26,0.08,0.08,0.08,0.08,0.06,0.07,0.06,0.06,0.08,0.06,0.17,0.48,0.24,1.0,0.08,0.0,0.08,0.0,0.0,0.06,0.0,0.1,0.07,0.08,0.0,0.0,0.1,0.09,0.08,0.11,0.08,0.11,0.15,0.06,0.08,0.0,0.0,0.0,0.0,0.06,0.0,0.06,0.1,0.08,0.0,0.06,0.0,0.0,0.0,0.09,0.11,0.09,0.0,0.08,0.0,0.09,0.0,0.09,0.0,0.08,0.0,0.0,0.09,0.09,0.09,0.08,0.11,0.08,0.0,0.06,0.0,0.0,0.0,0.08,0.08,0.0,0.0,0.0,0.06,0.0,0.06,0.09,0.0,0.08,0.0,0.08,0.08,0.0,0.0,0.0,0.0,0.11,0.06,0.06,0.08,0.1,0.0,0.09,0.09,0.0,0.0,0.0,0.0,0.09,0.09,0.12,0.06,0.0,0.1,0.0,0.08,0.06,0.06,0.06,0.09,0.09,0.0,0.06,0.0,0.08,0.1,0.0,0.06,0.0,0.0,0.08,0.08,0.09,0.0,0.08,0.08,0.1,0.0
insalata natalizia,0.08,0.06,0.0,0.13,0.06,0.0,0.06,0.08,0.0,0.0,0.05,0.06,0.04,0.08,0.14,0.12,0.06,0.07,0.07,0.06,0.06,0.0,0.0,0.0,0.16,0.0,0.09,0.0,0.08,0.07,0.0,0.0,0.07,0.0,0.06,0.06,0.26,0.0,0.0,0.0,0.05,0.14,0.06,0.06,0.07,0.0,0.14,0.0,0.08,0.07,0.0,0.0,0.06,0.0,0.0,0.0,0.0,0.0,0.0,0.06,0.06,0.0,0.0,0.06,0.1,0.07,0.0,0.04,0.0,0.08,0.06,0.0,0.06,0.0,0.07,0.07,0.06,0.06,0.0,0.0,0.06,0.0,0.0,0.1,0.06,0.12,0.12,0.06,0.04,0.14,0.11,0.12,0.24,0.14,0.06,0.06,0.12,0.1,0.11,0.05,0.04,0.12,0.27,0.06,0.06,0.06,0.08,1.0,0.27,0.06,0.0,0.0,0.06,0.0,0.08,0.06,0.06,0.0,0.0,0.08,0.07,0.12,0.09,0.14,0.09,0.06,0.06,0.06,0.0,0.0,0.06,0.08,0.05,0.0,0.04,0.08,0.06,0.0,0.04,0.06,0.0,0.07,0.07,0.09,0.07,0.0,0.06,0.0,0.07,0.0,0.07,0.06,0.06,0.0,0.06,0.07,0.07,0.07,0.06,0.09,0.06,0.0,0.06,0.0,0.0,0.0,0.06,0.06,0.0,0.0,0.0,0.04,0.0,0.06,0.07,0.07,0.06,0.0,0.06,0.06,0.0,0.0,0.0,0.0,0.09,0.1,0.06,0.06,0.08,0.0,0.07,0.14,0.0,0.0,0.0,0.0,0.07,0.07,0.09,0.1,0.0,0.08,0.0,0.06,0.1,0.06,0.05,0.14,0.07,0.0,0.05,0.0,0.06,0.08,0.0,0.16,0.0,0.0,0.06,0.12,0.07,0.06,0.06,0.06,0.08,0.09
insalata russa,0.0,0.0,0.0,0.16,0.0,0.06,0.06,0.0,0.06,0.0,0.0,0.0,0.04,0.0,0.06,0.1,0.08,0.0,0.0,0.0,0.0,0.0,0.0,0.06,0.14,0.27,0.0,0.0,0.0,0.0,0.06,0.0,0.0,0.06,0.0,0.06,0.16,0.08,0.0,0.06,0.0,0.0,0.06,0.0,0.0,0.0,0.0,0.0,0.0,0.0,0.0,0.08,0.06,0.0,0.0,0.08,0.0,0.0,0.0,0.0,0.0,0.0,0.0,0.0,0.04,0.0,0.06,0.04,0.06,0.0,0.0,0.0,0.04,0.0,0.0,0.0,0.0,0.0,0.08,0.0,0.1,0.0,0.12,0.04,0.0,0.06,0.0,0.0,0.36,0.12,0.05,0.05,0.18,0.17,0.06,0.0,0.0,0.0,0.05,0.0,0.0,0.06,0.0,0.0,0.0,0.0,0.0,0.27,1.0,0.0,0.0,0.0,0.0,0.0,0.0,0.0,0.0,0.0,0.0,0.0,0.0,0.06,0.0,0.06,0.0,0.0,0.04,0.0,0.0,0.1,0.05,0.06,0.0,0.0,0.04,0.0,0.05,0.0,0.04,0.1,0.0,0.06,0.0,0.08,0.06,0.06,0.0,0.0,0.06,0.0,0.0,0.17,0.06,0.0,0.1,0.0,0.0,0.0,0.0,0.0,0.0,0.05,0.0,0.0,0.0,0.0,0.06,0.0,0.08,0.06,0.05,0.08,0.0,0.09,0.0,0.06,0.0,0.03,0.0,0.0,0.0,0.06,0.06,0.0,0.0,0.04,0.0,0.06,0.06,0.06,0.0,0.06,0.0,0.0,0.16,0.0,0.06,0.0,0.0,0.0,0.0,0.0,0.05,0.05,0.04,0.0,0.0,0.12,0.0,0.0,0.0,0.06,0.0,0.06,0.0,0.0,0.06,0.0,0.0,0.0,0.0,0.06,0.0,0.06,0.0,0.08
insalata tonno olive pomodori e cipolle,0.16,0.14,0.06,0.0,0.14,0.0,0.0,0.22,0.0,0.0,0.16,0.12,0.0,0.08,0.14,0.12,0.12,0.14,0.07,0.12,0.11,0.0,0.06,0.06,0.08,0.0,0.09,0.06,0.22,0.14,0.0,0.0,0.14,0.08,0.12,0.14,0.13,0.0,0.0,0.0,0.05,0.14,0.0,0.12,0.07,0.09,0.1,0.07,0.16,0.07,0.06,0.0,0.12,0.06,0.06,0.05,0.04,0.06,0.0,0.2,0.19,0.06,0.07,0.14,0.1,0.22,0.0,0.14,0.06,0.16,0.11,0.06,0.2,0.0,0.14,0.14,0.18,0.12,0.0,0.0,0.0,0.16,0.14,0.05,0.06,0.24,0.18,0.23,0.04,0.2,0.23,0.28,0.11,0.19,0.2,0.06,0.06,0.14,0.16,0.34,0.16,0.38,0.22,0.19,0.18,0.29,0.08,0.06,0.0,1.0,0.12,0.0,0.1,0.0,0.08,0.11,0.12,0.0,0.07,0.16,0.14,0.12,0.09,0.14,0.09,0.12,0.1,0.18,0.06,0.0,0.0,0.0,0.1,0.04,0.14,0.14,0.12,0.06,0.1,0.0,0.06,0.0,0.14,0.18,0.14,0.06,0.06,0.07,0.14,0.0,0.14,0.0,0.14,0.08,0.0,0.14,0.14,0.14,0.12,0.18,0.12,0.16,0.22,0.07,0.0,0.06,0.14,0.12,0.0,0.0,0.06,0.1,0.0,0.16,0.14,0.0,0.18,0.07,0.12,0.14,0.08,0.06,0.08,0.07,0.18,0.14,0.1,0.12,0.16,0.06,0.07,0.12,0.06,0.06,0.0,0.0,0.14,0.22,0.29,0.14,0.0,0.16,0.12,0.12,0.1,0.1,0.1,0.07,0.14,0.09,0.05,0.06,0.12,0.08,0.06,0.1,0.0,0.09,0.12,0.12,0.14,0.0,0.14,0.12,0.16,0.0
"insalata waldorf, il contorno a base di sedano rapa e maionese inventato a new york",0.08,0.06,0.06,0.0,0.06,0.0,0.0,0.08,0.0,0.0,0.05,0.06,0.0,0.08,0.06,0.06,0.09,0.07,0.0,0.06,0.06,0.0,0.06,0.06,0.08,0.0,0.0,0.06,0.08,0.07,0.0,0.0,0.07,0.08,0.06,0.06,0.0,0.0,0.0,0.0,0.0,0.07,0.0,0.06,0.0,0.08,0.04,0.07,0.15,0.07,0.06,0.0,0.0,0.06,0.06,0.05,0.04,0.06,0.0,0.06,0.06,0.06,0.07,0.06,0.05,0.07,0.0,0.08,0.06,0.08,0.06,0.06,0.17,0.0,0.07,0.07,0.06,0.06,0.0,0.0,0.0,0.12,0.29,0.0,0.0,0.15,0.18,0.14,0.0,0.32,0.18,0.14,0.0,0.16,0.19,0.0,0.0,0.11,0.16,0.14,0.21,0.15,0.22,0.16,0.18,0.13,0.0,0.0,0.0,0.12,1.0,0.0,0.05,0.0,0.0,0.06,0.06,0.0,0.07,0.08,0.07,0.06,0.0,0.06,0.0,0.0,0.05,0.06,0.06,0.0,0.0,0.0,0.04,0.04,0.04,0.0,0.11,0.06,0.04,0.0,0.06,0.0,0.07,0.08,0.07,0.06,0.0,0.07,0.07,0.0,0.07,0.0,0.06,0.08,0.0,0.07,0.07,0.07,0.06,0.04,0.06,0.06,0.05,0.07,0.0,0.06,0.12,0.06,0.0,0.0,0.06,0.04,0.0,0.05,0.07,0.0,0.06,0.06,0.06,0.06,0.08,0.06,0.08,0.07,0.08,0.04,0.05,0.06,0.08,0.06,0.0,0.0,0.0,0.06,0.0,0.0,0.07,0.07,0.08,0.04,0.0,0.08,0.18,0.06,0.0,0.05,0.04,0.0,0.14,0.08,0.0,0.06,0.06,0.0,0.06,0.05,0.0,0.08,0.06,0.06,0.07,0.0,0.06,0.0,0.08,0.0
involtini di asparagi e prosciutto,0.0,0.0,0.0,0.0,0.0,0.0,0.08,0.0,0.0,0.0,0.0,0.0,0.0,0.0,0.0,0.0,0.0,0.0,0.09,0.0,0.0,0.2,0.08,0.08,0.0,0.0,0.0,0.08,0.0,0.09,0.0,0.0,0.0,0.0,0.0,0.0,0.1,0.0,0.0,0.0,0.0,0.0,0.08,0.0,0.0,0.0,0.0,0.09,0.0,0.09,0.0,0.0,0.0,0.08,0.08,0.06,0.0,0.0,0.0,0.0,0.0,0.16,0.0,0.0,0.06,0.0,0.09,0.12,0.08,0.0,0.0,0.08,0.0,0.0,0.0,0.0,0.0,0.0,0.0,0.0,0.08,0.0,0.0,0.0,0.0,0.0,0.0,0.0,0.0,0.0,0.0,0.0,0.0,0.0,0.0,0.0,0.0,0.0,0.0,0.0,0.0,0.0,0.0,0.0,0.0,0.0,0.0,0.0,0.0,0.0,0.0,1.0,0.3,0.0,0.0,0.0,0.0,0.0,0.0,0.0,0.0,0.0,0.0,0.0,0.0,0.0,0.0,0.0,0.0,0.0,0.0,0.0,0.0,0.05,0.06,0.0,0.0,0.22,0.18,0.15,0.08,0.0,0.09,0.0,0.0,0.17,0.08,0.09,0.0,0.1,0.0,0.0,0.08,0.1,0.0,0.0,0.0,0.0,0.0,0.0,0.0,0.0,0.06,0.0,0.09,0.0,0.0,0.0,0.0,0.1,0.08,0.0,0.0,0.06,0.0,0.0,0.0,0.0,0.0,0.0,0.2,0.16,0.1,0.18,0.0,0.0,0.0,0.08,0.0,0.08,0.0,0.0,0.0,0.0,0.0,0.0,0.0,0.0,0.0,0.0,0.22,0.0,0.08,0.0,0.06,0.0,0.0,0.0,0.0,0.0,0.0,0.0,0.08,0.0,0.0,0.0,0.0,0.0,0.08,0.0,0.0,0.0,0.08,0.0,0.0,0.0
involtini di melanzane al forno con prosciutto e formaggio,0.2,0.12,0.05,0.0,0.17,0.06,0.0,0.2,0.0,0.0,0.13,0.36,0.04,0.06,0.17,0.22,0.11,0.12,0.12,0.16,0.14,0.06,0.12,0.06,0.06,0.0,0.08,0.17,0.2,0.18,0.06,0.0,0.18,0.14,0.1,0.12,0.06,0.0,0.0,0.06,0.08,0.12,0.0,0.15,0.06,0.08,0.08,0.06,0.14,0.06,0.12,0.0,0.1,0.1,0.12,0.08,0.08,0.06,0.05,0.23,0.17,0.16,0.06,0.23,0.14,0.12,0.06,0.2,0.06,0.2,0.14,0.15,0.14,0.0,0.18,0.18,0.15,0.16,0.0,0.04,0.06,0.1,0.06,0.04,0.05,0.1,0.16,0.1,0.04,0.12,0.1,0.1,0.05,0.12,0.23,0.06,0.05,0.09,0.14,0.13,0.12,0.1,0.09,0.17,0.1,0.16,0.06,0.06,0.0,0.1,0.05,0.3,1.0,0.08,0.06,0.1,0.22,0.0,0.44,0.45,0.5,0.46,0.39,0.48,0.32,0.15,0.38,0.16,0.34,0.27,0.26,0.38,0.16,0.06,0.12,0.14,0.1,0.15,0.24,0.05,0.05,0.0,0.12,0.15,0.18,0.12,0.1,0.06,0.12,0.06,0.18,0.0,0.17,0.06,0.05,0.18,0.24,0.18,0.16,0.15,0.1,0.1,0.14,0.06,0.0,0.12,0.12,0.46,0.0,0.0,0.1,0.12,0.0,0.09,0.18,0.06,0.16,0.06,0.22,0.17,0.14,0.16,0.06,0.12,0.15,0.12,0.18,0.16,0.14,0.12,0.06,0.12,0.06,0.06,0.0,0.0,0.18,0.18,0.16,0.16,0.15,0.14,0.1,0.1,0.18,0.18,0.16,0.06,0.12,0.15,0.04,0.06,0.2,0.06,0.1,0.09,0.0,0.08,0.22,0.1,0.18,0.0,0.28,0.1,0.2,0.0
involtini di melanzane con prosciutto e mozzarella,0.0,0.0,0.0,0.0,0.0,0.0,0.0,0.0,0.0,0.0,0.0,0.0,0.0,0.0,0.0,0.0,0.0,0.0,0.0,0.0,0.0,0.0,0.0,0.0,0.0,0.0,0.0,0.0,0.0,0.0,0.0,0.0,0.0,0.0,0.0,0.0,0.0,0.0,0.0,0.0,0.0,0.0,0.0,0.0,0.0,0.0,0.0,0.0,0.0,0.0,0.0,0.0,0.0,0.0,0.0,0.0,0.0,0.0,0.0,0.0,0.0,0.0,0.0,0.0,0.0,0.0,0.0,0.0,0.0,0.0,0.0,0.08,0.0,0.0,0.0,0.0,0.0,0.0,0.0,0.0,0.0,0.0,0.0,0.0,0.0,0.0,0.0,0.0,0.0,0.0,0.0,0.0,0.0,0.0,0.1,0.0,0.0,0.0,0.0,0.0,0.0,0.0,0.0,0.0,0.0,0.09,0.0,0.0,0.0,0.0,0.0,0.0,0.08,1.0,0.0,0.0,0.0,0.0,0.0,0.0,0.0,0.0,0.12,0.0,0.0,0.0,0.0,0.0,0.0,0.0,0.0,0.0,0.0,0.0,0.0,0.0,0.0,0.0,0.0,0.0,0.0,0.0,0.0,0.0,0.0,0.0,0.0,0.0,0.0,0.0,0.0,0.0,0.0,0.0,0.0,0.0,0.1,0.0,0.0,0.0,0.0,0.0,0.0,0.0,0.0,0.0,0.0,0.0,0.0,0.0,0.0,0.0,0.0,0.0,0.0,0.0,0.0,0.0,0.0,0.0,0.0,0.0,0.0,0.0,0.0,0.0,0.0,0.0,0.0,0.0,0.0,0.0,0.0,0.0,0.09,0.1,0.0,0.0,0.0,0.0,0.0,0.0,0.0,0.0,0.0,0.0,0.0,0.0,0.0,0.0,0.0,0.0,0.0,0.0,0.0,0.0,0.0,0.0,0.0,0.0,0.0,0.0,0.0,0.0,0.0,0.0
involtini di zucchine al forno con prosciutto e mozzarella,0.1,0.08,0.0,0.0,0.08,0.0,0.08,0.1,0.0,0.0,0.06,0.08,0.0,0.1,0.08,0.08,0.04,0.18,0.09,0.16,0.14,0.0,0.08,0.0,0.1,0.0,0.11,0.08,0.1,0.18,0.08,0.0,0.09,0.0,0.08,0.08,0.1,0.0,0.0,0.1,0.06,0.09,0.0,0.15,0.09,0.0,0.06,0.0,0.1,0.0,0.0,0.0,0.08,0.08,0.0,0.06,0.0,0.0,0.0,0.08,0.08,0.0,0.0,0.08,0.06,0.09,0.0,0.06,0.08,0.1,0.14,0.08,0.06,0.0,0.18,0.09,0.08,0.08,0.0,0.0,0.0,0.0,0.0,0.06,0.08,0.08,0.08,0.08,0.06,0.08,0.07,0.08,0.07,0.08,0.08,0.08,0.08,0.06,0.07,0.06,0.12,0.08,0.06,0.08,0.08,0.08,0.1,0.08,0.0,0.08,0.0,0.0,0.06,0.0,1.0,0.07,0.08,0.0,0.09,0.2,0.09,0.08,0.11,0.08,0.11,0.15,0.06,0.08,0.0,0.0,0.0,0.0,0.06,0.0,0.12,0.1,0.08,0.24,0.37,0.0,0.0,0.0,0.09,0.11,0.09,0.08,0.16,0.0,0.09,0.0,0.09,0.0,0.17,0.0,0.0,0.09,0.09,0.09,0.16,0.11,0.08,0.0,0.14,0.0,0.0,0.0,0.08,0.08,0.0,0.0,0.08,0.18,0.11,0.14,0.18,0.0,0.08,0.0,0.08,0.08,0.0,0.0,0.0,0.0,0.11,0.06,0.14,0.08,0.1,0.25,0.09,0.09,0.08,0.0,0.08,0.09,0.09,0.44,0.12,0.06,0.0,0.1,0.0,0.15,0.2,0.06,0.12,0.09,0.09,0.0,0.06,0.08,0.15,0.1,0.0,0.06,0.35,0.0,0.48,0.32,0.44,0.0,0.42,0.08,0.45,0.36
lenticchie in umido,0.14,0.12,0.06,0.0,0.12,0.0,0.0,0.14,0.0,0.0,0.09,0.1,0.04,0.07,0.12,0.11,0.12,0.13,0.06,0.11,0.1,0.0,0.06,0.06,0.07,0.0,0.16,0.06,0.14,0.13,0.0,0.0,0.13,0.07,0.16,0.12,0.07,0.0,0.0,0.0,0.04,0.13,0.0,0.1,0.13,0.08,0.09,0.13,0.14,0.06,0.12,0.0,0.06,0.06,0.06,0.04,0.08,0.06,0.06,0.18,0.12,0.06,0.13,0.12,0.1,0.13,0.0,0.12,0.06,0.14,0.1,0.06,0.1,0.0,0.13,0.13,0.16,0.11,0.08,0.04,0.0,0.05,0.06,0.04,0.06,0.11,0.11,0.1,0.04,0.12,0.1,0.16,0.05,0.12,0.12,0.06,0.06,0.1,0.15,0.09,0.08,0.11,0.1,0.12,0.11,0.11,0.07,0.06,0.0,0.11,0.06,0.0,0.1,0.0,0.07,1.0,0.11,0.0,0.06,0.14,0.13,0.11,0.08,0.12,0.08,0.1,0.1,0.11,0.06,0.0,0.0,0.0,0.09,0.04,0.12,0.07,0.1,0.06,0.08,0.0,0.06,0.0,0.13,0.16,0.13,0.06,0.06,0.06,0.13,0.0,0.13,0.0,0.12,0.07,0.0,0.13,0.13,0.13,0.11,0.2,0.17,0.05,0.1,0.06,0.06,0.12,0.12,0.11,0.0,0.0,0.06,0.08,0.0,0.14,0.13,0.0,0.11,0.06,0.11,0.12,0.07,0.06,0.07,0.06,0.16,0.08,0.1,0.11,0.14,0.06,0.06,0.06,0.0,0.06,0.0,0.0,0.13,0.13,0.16,0.09,0.0,0.14,0.06,0.1,0.05,0.14,0.09,0.13,0.2,0.08,0.04,0.06,0.1,0.07,0.11,0.14,0.0,0.08,0.11,0.11,0.13,0.0,0.12,0.06,0.14,0.0
lenticchie semplicissime,0.24,0.14,0.06,0.0,0.2,0.07,0.0,0.24,0.0,0.1,0.1,0.18,0.04,0.08,0.2,0.18,0.12,0.14,0.14,0.18,0.17,0.0,0.06,0.12,0.08,0.0,0.18,0.06,0.24,0.14,0.06,0.0,0.22,0.16,0.12,0.14,0.08,0.0,0.0,0.0,0.16,0.14,0.0,0.12,0.14,0.09,0.1,0.07,0.16,0.07,0.14,0.1,0.18,0.06,0.06,0.05,0.1,0.14,0.06,0.26,0.2,0.12,0.07,0.2,0.16,0.14,0.0,0.14,0.06,0.24,0.17,0.06,0.16,0.09,0.22,0.22,0.24,0.18,0.12,0.05,0.06,0.06,0.06,0.05,0.06,0.12,0.12,0.18,0.04,0.14,0.11,0.12,0.06,0.14,0.2,0.06,0.12,0.1,0.11,0.16,0.1,0.12,0.1,0.14,0.12,0.12,0.08,0.06,0.0,0.12,0.06,0.0,0.22,0.0,0.08,0.11,1.0,0.0,0.14,0.16,0.22,0.18,0.09,0.2,0.18,0.12,0.1,0.25,0.14,0.12,0.06,0.08,0.2,0.04,0.14,0.16,0.12,0.06,0.14,0.0,0.06,0.0,0.14,0.18,0.22,0.06,0.06,0.07,0.14,0.08,0.29,0.0,0.14,0.08,0.06,0.22,0.22,0.22,0.18,0.18,0.12,0.11,0.1,0.07,0.0,0.2,0.14,0.18,0.1,0.08,0.06,0.14,0.0,0.1,0.22,0.07,0.18,0.07,0.18,0.2,0.08,0.06,0.08,0.07,0.18,0.19,0.22,0.12,0.16,0.06,0.07,0.14,0.06,0.06,0.0,0.0,0.22,0.22,0.18,0.1,0.09,0.16,0.06,0.12,0.1,0.16,0.14,0.07,0.14,0.18,0.05,0.06,0.18,0.16,0.12,0.1,0.0,0.09,0.12,0.12,0.22,0.0,0.2,0.18,0.24,0.0
"marmellata di cipolle con il bimby, per una consistenza perfetta",0.0,0.0,0.0,0.0,0.0,0.0,0.0,0.0,0.0,0.0,0.07,0.08,0.06,0.0,0.0,0.0,0.0,0.0,0.0,0.0,0.0,0.0,0.0,0.0,0.0,0.0,0.0,0.0,0.0,0.0,0.0,0.0,0.0,0.0,0.0,0.0,0.0,0.12,0.0,0.0,0.07,0.1,0.0,0.08,0.0,0.75,0.07,0.0,0.0,0.1,0.1,0.0,0.09,0.0,0.0,0.0,0.0,0.0,0.0,0.0,0.0,0.0,0.0,0.0,0.0,0.0,0.0,0.0,0.0,0.0,0.0,0.0,0.0,0.0,0.0,0.0,0.0,0.0,0.08,0.07,0.0,0.0,0.0,0.0,0.0,0.0,0.0,0.0,0.06,0.0,0.0,0.0,0.0,0.0,0.0,0.0,0.0,0.0,0.0,0.0,0.0,0.0,0.0,0.0,0.0,0.0,0.0,0.0,0.0,0.0,0.0,0.0,0.0,0.0,0.0,0.0,0.0,1.0,0.0,0.0,0.0,0.0,0.0,0.0,0.0,0.0,0.0,0.0,0.0,0.0,0.0,0.0,0.0,0.0,0.0,0.0,0.0,0.0,0.0,0.0,0.0,0.1,0.0,0.0,0.0,0.0,0.0,0.0,0.0,0.0,0.0,0.1,0.1,0.0,0.08,0.0,0.0,0.0,0.0,0.06,0.09,0.08,0.0,0.0,0.0,0.0,0.1,0.0,0.0,0.0,0.0,0.06,0.0,0.0,0.0,0.0,0.09,0.05,0.0,0.0,0.0,0.0,0.0,0.0,0.0,0.06,0.0,0.09,0.0,0.0,0.1,0.0,0.0,0.0,0.0,0.0,0.0,0.0,0.0,0.07,0.0,0.0,0.0,0.0,0.0,0.08,0.0,0.0,0.0,0.0,0.0,0.0,0.08,0.0,0.09,0.08,0.0,0.0,0.0,0.09,0.0,0.0,0.0,0.0,0.11,0.0
melanzane al forno gratinate,0.18,0.08,0.07,0.0,0.16,0.08,0.07,0.18,0.0,0.0,0.12,0.38,0.05,0.0,0.16,0.14,0.11,0.16,0.08,0.22,0.2,0.0,0.16,0.07,0.0,0.0,0.0,0.16,0.18,0.16,0.16,0.0,0.16,0.18,0.07,0.08,0.0,0.0,0.0,0.09,0.06,0.08,0.0,0.14,0.0,0.1,0.06,0.08,0.09,0.08,0.16,0.0,0.07,0.14,0.08,0.12,0.06,0.08,0.07,0.16,0.16,0.14,0.08,0.16,0.18,0.08,0.0,0.1,0.14,0.18,0.2,0.14,0.12,0.0,0.25,0.16,0.14,0.14,0.0,0.06,0.07,0.06,0.08,0.0,0.0,0.07,0.07,0.07,0.0,0.08,0.06,0.07,0.0,0.08,0.16,0.0,0.0,0.06,0.06,0.12,0.11,0.07,0.06,0.08,0.07,0.07,0.0,0.0,0.0,0.07,0.07,0.0,0.44,0.0,0.09,0.06,0.14,0.0,1.0,0.78,0.75,0.72,0.35,0.73,0.35,0.2,0.62,0.14,0.48,0.4,0.38,0.68,0.17,0.04,0.1,0.09,0.07,0.07,0.11,0.0,0.07,0.0,0.08,0.1,0.16,0.08,0.07,0.08,0.08,0.09,0.16,0.0,0.16,0.09,0.07,0.16,0.16,0.16,0.22,0.1,0.07,0.13,0.12,0.08,0.0,0.08,0.08,0.72,0.0,0.0,0.14,0.22,0.1,0.12,0.25,0.08,0.14,0.08,0.14,0.16,0.09,0.07,0.09,0.08,0.1,0.16,0.18,0.07,0.09,0.08,0.0,0.08,0.16,0.08,0.07,0.08,0.16,0.16,0.1,0.12,0.1,0.09,0.07,0.14,0.18,0.18,0.17,0.0,0.08,0.2,0.0,0.16,0.2,0.0,0.14,0.06,0.09,0.1,0.14,0.07,0.16,0.0,0.16,0.07,0.18,0.0
melanzane al forno veloci,0.2,0.17,0.08,0.0,0.17,0.0,0.08,0.2,0.0,0.0,0.2,0.48,0.06,0.1,0.17,0.16,0.16,0.28,0.09,0.24,0.21,0.0,0.17,0.08,0.1,0.0,0.11,0.17,0.2,0.28,0.08,0.0,0.18,0.1,0.15,0.17,0.1,0.0,0.0,0.1,0.06,0.18,0.0,0.22,0.09,0.11,0.12,0.09,0.2,0.09,0.08,0.0,0.08,0.16,0.08,0.13,0.06,0.08,0.0,0.17,0.26,0.08,0.09,0.17,0.14,0.18,0.0,0.18,0.16,0.2,0.21,0.15,0.14,0.0,0.28,0.18,0.15,0.24,0.0,0.0,0.0,0.07,0.08,0.06,0.08,0.16,0.16,0.15,0.06,0.17,0.14,0.15,0.07,0.17,0.17,0.08,0.08,0.14,0.14,0.13,0.18,0.16,0.14,0.17,0.16,0.16,0.1,0.08,0.0,0.16,0.08,0.0,0.45,0.0,0.2,0.14,0.16,0.0,0.78,1.0,0.78,0.74,0.48,0.76,0.48,0.22,0.7,0.16,0.42,0.33,0.32,0.6,0.18,0.05,0.18,0.1,0.15,0.08,0.12,0.0,0.08,0.0,0.18,0.22,0.28,0.08,0.16,0.09,0.18,0.0,0.18,0.0,0.26,0.1,0.0,0.18,0.18,0.18,0.24,0.17,0.16,0.07,0.2,0.09,0.0,0.08,0.17,0.74,0.0,0.0,0.15,0.24,0.11,0.2,0.28,0.0,0.16,0.09,0.16,0.17,0.1,0.08,0.1,0.09,0.22,0.12,0.2,0.16,0.2,0.08,0.09,0.09,0.08,0.08,0.08,0.09,0.18,0.18,0.23,0.18,0.0,0.2,0.08,0.22,0.2,0.2,0.18,0.09,0.18,0.11,0.06,0.17,0.22,0.1,0.08,0.14,0.0,0.11,0.24,0.16,0.18,0.0,0.17,0.08,0.2,0.0
melanzane al funghetto,0.28,0.16,0.14,0.0,0.23,0.08,0.0,0.28,0.0,0.0,0.18,0.45,0.05,0.09,0.31,0.22,0.22,0.16,0.25,0.22,0.26,0.0,0.08,0.07,0.09,0.0,0.1,0.08,0.28,0.25,0.16,0.0,0.25,0.18,0.2,0.16,0.09,0.1,0.0,0.09,0.12,0.25,0.0,0.14,0.08,0.1,0.17,0.16,0.18,0.16,0.16,0.0,0.14,0.14,0.08,0.12,0.11,0.08,0.07,0.31,0.31,0.14,0.08,0.23,0.24,0.25,0.0,0.16,0.07,0.28,0.26,0.07,0.18,0.0,0.25,0.34,0.27,0.22,0.04,0.06,0.07,0.13,0.16,0.06,0.07,0.14,0.14,0.14,0.05,0.16,0.2,0.2,0.06,0.16,0.23,0.07,0.07,0.12,0.13,0.18,0.16,0.22,0.12,0.16,0.14,0.14,0.09,0.07,0.0,0.14,0.07,0.0,0.5,0.0,0.09,0.13,0.22,0.0,0.75,0.78,1.0,0.94,0.45,0.88,0.45,0.2,0.68,0.22,0.48,0.4,0.38,0.78,0.28,0.04,0.1,0.18,0.14,0.07,0.16,0.07,0.07,0.0,0.16,0.2,0.25,0.08,0.07,0.16,0.16,0.09,0.25,0.0,0.23,0.18,0.07,0.25,0.25,0.25,0.22,0.2,0.14,0.06,0.18,0.08,0.16,0.08,0.16,0.79,0.0,0.0,0.14,0.28,0.0,0.12,0.34,0.08,0.22,0.12,0.22,0.31,0.09,0.07,0.09,0.08,0.3,0.16,0.24,0.14,0.28,0.08,0.08,0.16,0.08,0.23,0.07,0.0,0.25,0.25,0.21,0.17,0.1,0.18,0.14,0.14,0.24,0.31,0.28,0.08,0.16,0.2,0.06,0.08,0.27,0.09,0.14,0.24,0.0,0.1,0.22,0.14,0.42,0.0,0.23,0.22,0.28,0.0
melanzane al vapore,0.24,0.14,0.12,0.0,0.2,0.07,0.0,0.24,0.0,0.0,0.16,0.42,0.04,0.08,0.4,0.25,0.22,0.14,0.22,0.18,0.22,0.0,0.06,0.06,0.08,0.0,0.09,0.06,0.24,0.22,0.14,0.0,0.22,0.16,0.18,0.14,0.16,0.09,0.0,0.08,0.1,0.22,0.0,0.12,0.07,0.09,0.14,0.14,0.16,0.14,0.14,0.0,0.12,0.12,0.06,0.1,0.1,0.06,0.06,0.26,0.26,0.12,0.07,0.2,0.22,0.22,0.0,0.14,0.06,0.24,0.22,0.06,0.16,0.0,0.22,0.29,0.24,0.18,0.03,0.05,0.06,0.17,0.14,0.16,0.12,0.18,0.12,0.12,0.04,0.2,0.22,0.24,0.06,0.2,0.2,0.06,0.06,0.1,0.17,0.16,0.14,0.25,0.1,0.14,0.12,0.12,0.08,0.12,0.06,0.12,0.06,0.0,0.46,0.0,0.08,0.11,0.18,0.0,0.72,0.74,0.94,1.0,0.42,0.9,0.42,0.18,0.66,0.25,0.45,0.38,0.37,0.74,0.24,0.04,0.09,0.16,0.12,0.06,0.14,0.06,0.06,0.0,0.14,0.18,0.22,0.06,0.06,0.14,0.14,0.08,0.22,0.0,0.2,0.16,0.06,0.22,0.22,0.22,0.18,0.18,0.12,0.06,0.16,0.07,0.14,0.06,0.14,0.75,0.0,0.0,0.12,0.24,0.0,0.1,0.29,0.07,0.18,0.1,0.18,0.26,0.08,0.06,0.08,0.07,0.26,0.19,0.22,0.12,0.24,0.06,0.07,0.14,0.06,0.2,0.06,0.0,0.22,0.22,0.18,0.14,0.09,0.16,0.12,0.12,0.22,0.26,0.3,0.14,0.14,0.18,0.05,0.06,0.24,0.08,0.12,0.22,0.0,0.09,0.18,0.12,0.36,0.0,0.2,0.18,0.24,0.0
melanzane e pomodorini al forno,0.11,0.1,0.0,0.0,0.1,0.0,0.0,0.11,0.0,0.0,0.14,0.33,0.12,0.11,0.1,0.09,0.04,0.1,0.1,0.09,0.08,0.0,0.0,0.0,0.11,0.0,0.12,0.0,0.11,0.1,0.0,0.0,0.1,0.0,0.08,0.1,0.11,0.0,0.0,0.11,0.07,0.1,0.0,0.08,0.1,0.0,0.07,0.0,0.11,0.0,0.0,0.0,0.09,0.0,0.0,0.0,0.0,0.0,0.0,0.1,0.1,0.0,0.0,0.1,0.08,0.1,0.0,0.06,0.0,0.11,0.08,0.0,0.08,0.0,0.1,0.1,0.08,0.09,0.0,0.0,0.0,0.0,0.0,0.07,0.08,0.09,0.09,0.08,0.06,0.1,0.08,0.08,0.08,0.1,0.19,0.09,0.08,0.08,0.29,0.07,0.14,0.09,0.08,0.1,0.09,0.18,0.11,0.09,0.0,0.09,0.0,0.0,0.39,0.12,0.11,0.08,0.09,0.0,0.35,0.48,0.45,0.42,1.0,0.44,0.42,0.16,0.4,0.09,0.26,0.26,0.25,0.36,0.14,0.0,0.06,0.11,0.08,0.0,0.06,0.0,0.0,0.0,0.1,0.12,0.1,0.0,0.09,0.0,0.1,0.0,0.1,0.0,0.1,0.0,0.0,0.1,0.2,0.1,0.09,0.12,0.09,0.0,0.08,0.0,0.0,0.0,0.1,0.42,0.0,0.0,0.0,0.06,0.0,0.08,0.1,0.2,0.09,0.0,0.09,0.1,0.0,0.0,0.0,0.0,0.12,0.06,0.15,0.09,0.11,0.0,0.1,0.1,0.0,0.0,0.0,0.0,0.1,0.1,0.13,0.14,0.0,0.11,0.0,0.08,0.15,0.22,0.14,0.1,0.1,0.0,0.07,0.0,0.08,0.11,0.0,0.08,0.0,0.0,0.09,0.09,0.1,0.0,0.1,0.09,0.11,0.0
melanzane grigliate,0.34,0.14,0.06,0.0,0.22,0.08,0.0,0.26,0.0,0.0,0.16,0.44,0.04,0.08,0.36,0.26,0.2,0.16,0.23,0.2,0.18,0.0,0.07,0.06,0.08,0.0,0.1,0.07,0.26,0.16,0.22,0.0,0.23,0.17,0.12,0.14,0.08,0.0,0.0,0.08,0.11,0.16,0.0,0.12,0.08,0.1,0.16,0.08,0.17,0.08,0.14,0.0,0.14,0.06,0.07,0.11,0.1,0.07,0.06,0.22,0.28,0.14,0.08,0.22,0.17,0.16,0.0,0.14,0.06,0.26,0.24,0.06,0.17,0.0,0.23,0.23,0.25,0.2,0.0,0.11,0.06,0.12,0.14,0.11,0.06,0.2,0.14,0.12,0.04,0.22,0.18,0.19,0.06,0.22,0.22,0.06,0.06,0.12,0.18,0.16,0.15,0.26,0.12,0.14,0.14,0.14,0.08,0.14,0.06,0.14,0.06,0.0,0.48,0.0,0.08,0.12,0.2,0.0,0.73,0.76,0.88,0.9,0.44,1.0,0.44,0.19,0.67,0.2,0.53,0.38,0.38,0.76,0.26,0.04,0.1,0.17,0.12,0.06,0.15,0.06,0.06,0.0,0.16,0.19,0.23,0.07,0.06,0.08,0.16,0.08,0.23,0.0,0.14,0.08,0.06,0.23,0.23,0.23,0.2,0.19,0.14,0.06,0.17,0.08,0.08,0.07,0.14,0.76,0.0,0.0,0.06,0.2,0.0,0.12,0.31,0.08,0.2,0.08,0.2,0.22,0.08,0.06,0.08,0.08,0.19,0.2,0.23,0.14,0.17,0.07,0.08,0.16,0.07,0.14,0.0,0.0,0.23,0.23,0.2,0.16,0.1,0.17,0.06,0.12,0.23,0.23,0.26,0.16,0.16,0.19,0.05,0.07,0.25,0.08,0.14,0.17,0.0,0.1,0.2,0.14,0.31,0.0,0.22,0.14,0.26,0.0
melanzane in padella al pomodoro,0.11,0.1,0.0,0.0,0.1,0.0,0.0,0.11,0.0,0.14,0.14,0.33,0.06,0.11,0.1,0.09,0.04,0.1,0.1,0.09,0.08,0.0,0.0,0.09,0.11,0.0,0.25,0.0,0.11,0.1,0.0,0.0,0.1,0.0,0.08,0.1,0.11,0.0,0.0,0.11,0.07,0.1,0.0,0.08,0.2,0.0,0.07,0.0,0.11,0.0,0.0,0.14,0.18,0.0,0.0,0.0,0.06,0.1,0.0,0.1,0.1,0.0,0.0,0.1,0.08,0.1,0.0,0.06,0.0,0.11,0.08,0.0,0.08,0.12,0.1,0.1,0.16,0.09,0.08,0.0,0.0,0.0,0.0,0.07,0.08,0.09,0.09,0.08,0.06,0.1,0.08,0.08,0.08,0.1,0.1,0.09,0.16,0.08,0.08,0.07,0.14,0.09,0.08,0.1,0.09,0.09,0.11,0.09,0.0,0.09,0.0,0.0,0.32,0.0,0.11,0.08,0.18,0.0,0.35,0.48,0.45,0.42,0.42,0.44,1.0,0.16,0.4,0.18,0.26,0.34,0.25,0.36,0.14,0.0,0.06,0.11,0.08,0.0,0.06,0.0,0.0,0.0,0.1,0.12,0.1,0.0,0.09,0.0,0.1,0.0,0.2,0.0,0.1,0.0,0.0,0.1,0.1,0.1,0.09,0.12,0.09,0.0,0.08,0.0,0.0,0.0,0.1,0.42,0.14,0.11,0.0,0.06,0.0,0.08,0.1,0.0,0.09,0.0,0.09,0.1,0.0,0.0,0.0,0.0,0.12,0.14,0.15,0.09,0.11,0.0,0.1,0.1,0.0,0.0,0.0,0.0,0.1,0.1,0.13,0.14,0.0,0.11,0.0,0.08,0.15,0.15,0.14,0.1,0.1,0.0,0.07,0.0,0.08,0.11,0.0,0.08,0.0,0.0,0.09,0.09,0.1,0.0,0.1,0.18,0.11,0.0
melanzane ripiene,0.15,0.06,0.0,0.0,0.12,0.07,0.06,0.15,0.0,0.0,0.1,0.11,0.04,0.08,0.12,0.12,0.03,0.14,0.14,0.18,0.21,0.0,0.06,0.0,0.08,0.0,0.08,0.06,0.15,0.14,0.12,0.0,0.14,0.08,0.06,0.06,0.08,0.0,0.0,0.08,0.1,0.07,0.0,0.11,0.07,0.0,0.04,0.0,0.08,0.0,0.06,0.0,0.12,0.06,0.0,0.05,0.0,0.0,0.06,0.12,0.12,0.06,0.0,0.12,0.1,0.07,0.0,0.04,0.06,0.15,0.16,0.06,0.1,0.0,0.2,0.14,0.11,0.12,0.0,0.05,0.06,0.0,0.0,0.05,0.06,0.12,0.06,0.06,0.04,0.06,0.1,0.11,0.06,0.06,0.12,0.06,0.06,0.05,0.06,0.1,0.09,0.06,0.05,0.12,0.12,0.06,0.15,0.06,0.0,0.12,0.0,0.0,0.15,0.0,0.15,0.1,0.12,0.0,0.2,0.22,0.2,0.18,0.16,0.19,0.16,1.0,0.1,0.12,0.12,0.12,0.16,0.15,0.14,0.0,0.08,0.15,0.06,0.0,0.09,0.0,0.0,0.0,0.07,0.08,0.14,0.0,0.12,0.0,0.07,0.08,0.14,0.0,0.12,0.0,0.06,0.14,0.14,0.14,0.18,0.12,0.06,0.0,0.1,0.0,0.0,0.0,0.06,0.18,0.0,0.0,0.06,0.18,0.08,0.1,0.2,0.14,0.12,0.0,0.12,0.12,0.0,0.0,0.0,0.0,0.08,0.09,0.15,0.06,0.08,0.0,0.07,0.14,0.19,0.0,0.06,0.07,0.14,0.14,0.08,0.09,0.08,0.08,0.0,0.11,0.2,0.15,0.14,0.07,0.07,0.08,0.04,0.06,0.16,0.08,0.06,0.05,0.0,0.0,0.18,0.06,0.14,0.0,0.12,0.12,0.15,0.0
melanzane ripiene pugliesi,0.14,0.12,0.05,0.04,0.12,0.0,0.0,0.14,0.0,0.0,0.18,0.4,0.04,0.06,0.12,0.16,0.16,0.12,0.06,0.1,0.14,0.0,0.06,0.06,0.06,0.0,0.08,0.06,0.14,0.12,0.0,0.0,0.12,0.06,0.1,0.17,0.06,0.0,0.0,0.06,0.04,0.12,0.0,0.1,0.06,0.08,0.08,0.06,0.14,0.06,0.06,0.0,0.06,0.06,0.06,0.08,0.04,0.06,0.0,0.12,0.12,0.06,0.06,0.12,0.09,0.12,0.06,0.12,0.1,0.14,0.1,0.05,0.14,0.0,0.12,0.12,0.1,0.16,0.0,0.0,0.0,0.05,0.06,0.08,0.05,0.1,0.1,0.1,0.04,0.12,0.1,0.1,0.05,0.12,0.12,0.06,0.05,0.09,0.1,0.08,0.16,0.1,0.09,0.12,0.1,0.1,0.06,0.06,0.04,0.1,0.05,0.0,0.38,0.0,0.06,0.1,0.1,0.0,0.62,0.7,0.68,0.66,0.4,0.67,0.4,0.1,1.0,0.1,0.36,0.3,0.3,0.56,0.16,0.04,0.16,0.06,0.15,0.05,0.12,0.0,0.05,0.0,0.12,0.15,0.12,0.06,0.06,0.06,0.12,0.0,0.18,0.06,0.12,0.06,0.0,0.12,0.12,0.18,0.16,0.12,0.1,0.1,0.14,0.06,0.0,0.06,0.12,0.72,0.0,0.0,0.15,0.12,0.0,0.14,0.12,0.0,0.16,0.09,0.1,0.12,0.06,0.06,0.06,0.06,0.15,0.08,0.14,0.1,0.14,0.06,0.06,0.06,0.0,0.06,0.06,0.0,0.12,0.12,0.2,0.12,0.0,0.14,0.1,0.1,0.09,0.14,0.16,0.06,0.12,0.08,0.04,0.12,0.1,0.06,0.06,0.09,0.0,0.08,0.1,0.1,0.12,0.0,0.12,0.06,0.14,0.0
melanzane sott’olio,0.24,0.14,0.06,0.0,0.2,0.07,0.0,0.4,0.0,0.1,0.1,0.12,0.04,0.08,0.26,0.18,0.12,0.14,0.14,0.18,0.17,0.0,0.06,0.12,0.08,0.0,0.18,0.06,0.36,0.14,0.06,0.0,0.22,0.16,0.12,0.14,0.26,0.0,0.0,0.0,0.16,0.14,0.06,0.12,0.14,0.09,0.1,0.07,0.16,0.07,0.14,0.1,0.42,0.06,0.06,0.05,0.1,0.14,0.12,0.36,0.32,0.12,0.07,0.2,0.16,0.14,0.0,0.14,0.06,0.24,0.17,0.06,0.24,0.09,0.22,0.22,0.4,0.18,0.06,0.05,0.06,0.11,0.06,0.1,0.12,0.12,0.12,0.22,0.04,0.14,0.11,0.12,0.06,0.14,0.2,0.06,0.12,0.1,0.11,0.26,0.1,0.22,0.1,0.14,0.12,0.12,0.08,0.06,0.0,0.18,0.06,0.0,0.16,0.0,0.08,0.11,0.25,0.0,0.14,0.16,0.22,0.25,0.09,0.2,0.18,0.12,0.1,1.0,0.14,0.25,0.06,0.08,0.14,0.04,0.22,0.32,0.12,0.06,0.14,0.0,0.06,0.0,0.14,0.18,0.22,0.06,0.06,0.07,0.14,0.08,0.29,0.0,0.14,0.08,0.06,0.22,0.22,0.22,0.18,0.22,0.12,0.06,0.1,0.07,0.0,0.06,0.14,0.18,0.1,0.08,0.06,0.14,0.0,0.27,0.22,0.07,0.42,0.07,0.18,0.26,0.08,0.06,0.08,0.07,0.18,0.19,0.16,0.12,0.16,0.06,0.07,0.34,0.06,0.06,0.0,0.0,0.22,0.22,0.18,0.14,0.09,0.16,0.06,0.12,0.1,0.16,0.2,0.07,0.14,0.18,0.05,0.06,0.18,0.08,0.12,0.1,0.0,0.09,0.12,0.12,0.22,0.0,0.2,0.35,0.24,0.0
melanzane sott’olio a crudo,0.26,0.07,0.06,0.0,0.14,0.08,0.0,0.17,0.0,0.0,0.11,0.29,0.04,0.0,0.14,0.14,0.1,0.08,0.08,0.14,0.12,0.0,0.07,0.06,0.0,0.0,0.0,0.14,0.17,0.08,0.14,0.08,0.16,0.17,0.06,0.07,0.0,0.0,0.0,0.08,0.06,0.08,0.0,0.06,0.0,0.1,0.05,0.08,0.08,0.08,0.14,0.0,0.06,0.06,0.07,0.06,0.05,0.07,0.06,0.14,0.14,0.14,0.16,0.14,0.12,0.08,0.0,0.1,0.06,0.17,0.12,0.06,0.12,0.0,0.16,0.16,0.19,0.14,0.03,0.11,0.06,0.06,0.07,0.0,0.0,0.06,0.06,0.12,0.0,0.07,0.06,0.06,0.0,0.07,0.14,0.0,0.06,0.06,0.06,0.11,0.1,0.06,0.06,0.07,0.06,0.06,0.0,0.0,0.0,0.06,0.06,0.0,0.34,0.0,0.0,0.06,0.14,0.0,0.48,0.42,0.48,0.45,0.26,0.53,0.26,0.12,0.36,0.14,1.0,0.3,0.36,0.42,0.16,0.04,0.05,0.08,0.06,0.06,0.1,0.0,0.06,0.0,0.08,0.1,0.16,0.07,0.0,0.08,0.08,0.08,0.16,0.0,0.07,0.08,0.06,0.16,0.16,0.16,0.14,0.1,0.06,0.06,0.06,0.08,0.0,0.07,0.07,0.45,0.0,0.0,0.06,0.1,0.0,0.06,0.16,0.16,0.14,0.08,0.14,0.14,0.08,0.06,0.08,0.08,0.1,0.1,0.17,0.06,0.08,0.07,0.0,0.08,0.07,0.07,0.0,0.0,0.16,0.16,0.1,0.1,0.1,0.08,0.06,0.06,0.12,0.17,0.16,0.0,0.08,0.19,0.0,0.07,0.12,0.0,0.14,0.06,0.0,0.1,0.06,0.06,0.16,0.0,0.14,0.06,0.17,0.0
melanzane sott’olio fatte in casa,0.08,0.0,0.0,0.0,0.06,0.31,0.0,0.08,0.07,0.1,0.05,0.22,0.09,0.0,0.06,0.06,0.0,0.0,0.07,0.06,0.06,0.0,0.0,0.06,0.0,0.12,0.09,0.0,0.08,0.0,0.14,0.0,0.07,0.16,0.0,0.0,0.0,0.09,0.0,0.08,0.1,0.0,0.06,0.0,0.07,0.0,0.0,0.0,0.0,0.0,0.06,0.2,0.31,0.0,0.0,0.0,0.04,0.06,0.12,0.06,0.06,0.06,0.0,0.06,0.06,0.0,0.0,0.0,0.0,0.08,0.06,0.0,0.06,0.09,0.07,0.07,0.12,0.06,0.12,0.05,0.06,0.0,0.0,0.0,0.0,0.0,0.0,0.0,0.04,0.0,0.0,0.0,0.0,0.0,0.06,0.0,0.06,0.0,0.0,0.05,0.1,0.0,0.0,0.0,0.0,0.0,0.0,0.0,0.1,0.0,0.0,0.0,0.27,0.0,0.0,0.0,0.12,0.0,0.4,0.33,0.4,0.38,0.26,0.38,0.34,0.12,0.3,0.25,0.3,1.0,0.29,0.41,0.1,0.0,0.0,0.08,0.0,0.0,0.04,0.0,0.0,0.0,0.0,0.0,0.07,0.0,0.0,0.0,0.0,0.08,0.14,0.0,0.0,0.0,0.06,0.07,0.07,0.07,0.06,0.09,0.0,0.0,0.0,0.0,0.0,0.0,0.0,0.44,0.2,0.16,0.0,0.04,0.0,0.0,0.07,0.07,0.18,0.0,0.06,0.14,0.0,0.0,0.0,0.0,0.0,0.1,0.16,0.0,0.0,0.0,0.0,0.14,0.06,0.0,0.06,0.0,0.07,0.07,0.0,0.14,0.09,0.0,0.0,0.0,0.1,0.1,0.1,0.07,0.0,0.09,0.0,0.0,0.06,0.0,0.06,0.0,0.08,0.0,0.0,0.0,0.07,0.0,0.06,0.18,0.08,0.0
melanzane sott’olio senza cottura,0.08,0.0,0.0,0.04,0.06,0.14,0.06,0.08,0.0,0.0,0.05,0.22,0.08,0.0,0.06,0.06,0.0,0.0,0.07,0.06,0.06,0.0,0.0,0.0,0.08,0.0,0.0,0.06,0.08,0.0,0.06,0.0,0.07,0.08,0.0,0.06,0.08,0.0,0.0,0.08,0.05,0.0,0.06,0.0,0.0,0.0,0.0,0.0,0.0,0.0,0.06,0.0,0.06,0.0,0.0,0.05,0.04,0.0,0.28,0.06,0.06,0.06,0.0,0.06,0.1,0.0,0.0,0.0,0.0,0.08,0.06,0.0,0.05,0.0,0.07,0.07,0.11,0.06,0.02,0.05,0.12,0.0,0.0,0.0,0.0,0.0,0.0,0.06,0.0,0.0,0.06,0.06,0.06,0.0,0.06,0.0,0.0,0.0,0.0,0.05,0.09,0.0,0.0,0.0,0.0,0.0,0.0,0.06,0.05,0.0,0.0,0.0,0.26,0.0,0.0,0.0,0.06,0.0,0.38,0.32,0.38,0.37,0.25,0.38,0.25,0.16,0.3,0.06,0.36,0.29,1.0,0.55,0.09,0.0,0.0,0.08,0.0,0.0,0.04,0.11,0.0,0.14,0.0,0.0,0.07,0.0,0.0,0.0,0.0,0.08,0.07,0.06,0.0,0.0,0.22,0.07,0.07,0.07,0.06,0.04,0.0,0.0,0.0,0.0,0.0,0.0,0.0,0.42,0.0,0.0,0.0,0.04,0.0,0.0,0.07,0.27,0.06,0.0,0.12,0.06,0.0,0.0,0.0,0.0,0.0,0.04,0.15,0.06,0.0,0.0,0.07,0.14,0.06,0.0,0.0,0.0,0.07,0.07,0.0,0.09,0.08,0.0,0.0,0.0,0.15,0.1,0.14,0.0,0.0,0.08,0.0,0.0,0.06,0.0,0.06,0.0,0.0,0.0,0.06,0.0,0.07,0.06,0.06,0.06,0.08,0.16
melanzane trifolate con il bimby,0.1,0.0,0.0,0.06,0.08,0.09,0.08,0.1,0.0,0.0,0.06,0.32,0.11,0.0,0.17,0.08,0.04,0.0,0.18,0.08,0.07,0.0,0.0,0.0,0.1,0.0,0.0,0.0,0.1,0.0,0.17,0.0,0.09,0.1,0.0,0.0,0.1,0.0,0.0,0.1,0.06,0.0,0.08,0.0,0.0,0.0,0.06,0.0,0.0,0.0,0.08,0.0,0.08,0.0,0.0,0.06,0.12,0.0,0.15,0.08,0.17,0.08,0.0,0.08,0.14,0.0,0.0,0.0,0.0,0.1,0.14,0.0,0.06,0.0,0.09,0.09,0.15,0.08,0.0,0.06,0.16,0.07,0.08,0.0,0.0,0.0,0.0,0.0,0.0,0.0,0.0,0.0,0.07,0.0,0.08,0.0,0.0,0.0,0.0,0.06,0.06,0.08,0.0,0.0,0.0,0.0,0.0,0.08,0.06,0.0,0.0,0.0,0.38,0.0,0.0,0.0,0.08,0.0,0.68,0.6,0.78,0.74,0.36,0.76,0.36,0.15,0.56,0.08,0.42,0.41,0.55,1.0,0.18,0.0,0.0,0.1,0.0,0.0,0.06,0.15,0.0,0.09,0.0,0.0,0.09,0.0,0.0,0.0,0.0,0.1,0.09,0.08,0.0,0.0,0.22,0.09,0.09,0.09,0.08,0.06,0.0,0.0,0.06,0.0,0.09,0.0,0.0,0.66,0.0,0.0,0.0,0.12,0.0,0.0,0.18,0.28,0.08,0.0,0.08,0.08,0.0,0.0,0.0,0.0,0.0,0.06,0.14,0.0,0.0,0.0,0.0,0.18,0.08,0.08,0.0,0.0,0.09,0.09,0.0,0.06,0.11,0.0,0.0,0.0,0.27,0.14,0.18,0.0,0.0,0.11,0.0,0.0,0.15,0.0,0.08,0.06,0.0,0.0,0.08,0.0,0.18,0.08,0.08,0.08,0.1,0.22
moussaka,0.18,0.16,0.09,0.0,0.16,0.06,0.0,0.18,0.12,0.0,0.0,0.14,0.0,0.06,0.21,0.14,0.12,0.12,0.17,0.14,0.18,0.0,0.0,0.1,0.06,0.0,0.07,0.1,0.18,0.12,0.1,0.0,0.17,0.12,0.09,0.1,0.06,0.0,0.08,0.0,0.12,0.12,0.0,0.09,0.06,0.07,0.16,0.06,0.12,0.06,0.1,0.0,0.1,0.05,0.0,0.16,0.08,0.0,0.04,0.16,0.21,0.14,0.0,0.16,0.12,0.12,0.06,0.1,0.05,0.18,0.0,0.04,0.16,0.0,0.17,0.17,0.18,0.0,0.0,0.04,0.05,0.09,0.1,0.04,0.04,0.1,0.1,0.14,0.04,0.1,0.09,0.09,0.04,0.1,0.16,0.0,0.04,0.08,0.09,0.12,0.11,0.14,0.08,0.1,0.1,0.1,0.06,0.05,0.0,0.1,0.04,0.0,0.16,0.0,0.06,0.09,0.2,0.0,0.17,0.18,0.28,0.24,0.14,0.26,0.14,0.14,0.16,0.14,0.16,0.1,0.09,0.18,1.0,0.0,0.14,0.12,0.09,0.14,0.11,0.04,0.04,0.0,0.12,0.14,0.17,0.05,0.05,0.06,0.12,0.06,0.17,0.0,0.1,0.06,0.04,0.17,0.17,0.17,0.14,0.14,0.1,0.04,0.16,0.0,0.06,0.1,0.16,0.2,0.0,0.0,0.04,0.15,0.0,0.08,0.28,0.06,0.14,0.16,0.14,0.16,0.06,0.05,0.06,0.06,0.14,0.11,0.0,0.1,0.12,0.1,0.0,0.12,0.05,0.1,0.0,0.0,0.17,0.17,0.14,0.0,0.07,0.12,0.04,0.09,0.0,0.0,0.19,0.06,0.12,0.14,0.04,0.1,0.18,0.12,0.1,0.12,0.06,0.21,0.14,0.1,0.22,0.0,0.16,0.1,0.18,0.0
obazda classico,0.05,0.04,0.04,0.0,0.04,0.0,0.04,0.05,0.0,0.0,0.0,0.04,0.0,0.0,0.04,0.08,0.06,0.04,0.04,0.04,0.04,0.05,0.0,0.12,0.0,0.0,0.0,0.08,0.05,0.04,0.0,0.0,0.04,0.05,0.04,0.04,0.05,0.0,0.0,0.0,0.0,0.04,0.04,0.08,0.0,0.06,0.03,0.09,0.05,0.09,0.04,0.0,0.0,0.04,0.0,0.03,0.06,0.0,0.0,0.04,0.04,0.08,0.0,0.08,0.06,0.04,0.0,0.12,0.08,0.05,0.0,0.08,0.04,0.0,0.04,0.04,0.04,0.0,0.0,0.0,0.04,0.07,0.04,0.0,0.0,0.04,0.08,0.04,0.0,0.04,0.04,0.04,0.0,0.04,0.04,0.0,0.0,0.04,0.07,0.1,0.03,0.04,0.04,0.08,0.04,0.04,0.0,0.0,0.0,0.04,0.04,0.05,0.06,0.0,0.0,0.04,0.04,0.0,0.04,0.05,0.04,0.04,0.0,0.04,0.0,0.0,0.04,0.04,0.04,0.0,0.0,0.0,0.0,1.0,0.03,0.0,0.04,0.08,0.09,0.04,0.08,0.0,0.09,0.06,0.04,0.08,0.0,0.09,0.04,0.05,0.04,0.0,0.04,0.1,0.0,0.04,0.04,0.04,0.04,0.03,0.04,0.04,0.04,0.0,0.04,0.04,0.04,0.04,0.0,0.05,0.04,0.03,0.0,0.06,0.04,0.0,0.04,0.04,0.08,0.04,0.1,0.12,0.1,0.09,0.06,0.03,0.0,0.04,0.1,0.04,0.0,0.0,0.0,0.04,0.0,0.0,0.04,0.04,0.06,0.0,0.06,0.05,0.04,0.04,0.0,0.0,0.06,0.0,0.04,0.06,0.0,0.04,0.04,0.0,0.04,0.04,0.0,0.06,0.08,0.04,0.04,0.0,0.08,0.0,0.05,0.0
olive ascolane,0.12,0.1,0.04,0.04,0.1,0.0,0.04,0.24,0.0,0.0,0.11,0.08,0.1,0.06,0.1,0.09,0.14,0.16,0.06,0.14,0.16,0.06,0.14,0.04,0.06,0.0,0.06,0.14,0.22,0.21,0.05,0.0,0.1,0.06,0.17,0.14,0.15,0.0,0.0,0.0,0.08,0.1,0.0,0.13,0.06,0.06,0.07,0.06,0.12,0.06,0.05,0.0,0.17,0.14,0.1,0.15,0.07,0.05,0.0,0.22,0.2,0.09,0.06,0.1,0.08,0.1,0.1,0.14,0.14,0.12,0.12,0.13,0.18,0.0,0.16,0.1,0.21,0.09,0.08,0.04,0.0,0.04,0.05,0.04,0.08,0.09,0.14,0.22,0.03,0.1,0.08,0.08,0.04,0.1,0.1,0.04,0.08,0.12,0.12,0.16,0.07,0.18,0.08,0.1,0.09,0.09,0.06,0.04,0.04,0.14,0.04,0.06,0.12,0.0,0.12,0.12,0.14,0.0,0.1,0.18,0.1,0.09,0.06,0.1,0.06,0.08,0.16,0.22,0.05,0.0,0.0,0.0,0.14,0.03,1.0,0.18,0.08,0.08,0.14,0.04,0.04,0.0,0.1,0.13,0.1,0.1,0.14,0.06,0.1,0.0,0.1,0.05,0.2,0.06,0.0,0.1,0.1,0.1,0.14,0.1,0.09,0.04,0.16,0.06,0.0,0.2,0.1,0.09,0.0,0.0,0.17,0.18,0.06,0.28,0.16,0.0,0.22,0.08,0.09,0.1,0.12,0.14,0.06,0.1,0.13,0.07,0.12,0.14,0.12,0.14,0.06,0.16,0.05,0.05,0.09,0.06,0.1,0.1,0.14,0.07,0.06,0.12,0.13,0.13,0.12,0.08,0.07,0.06,0.1,0.06,0.04,0.14,0.17,0.12,0.04,0.08,0.0,0.06,0.18,0.09,0.1,0.0,0.14,0.17,0.12,0.0
olive nere condite,0.2,0.08,0.0,0.0,0.17,0.09,0.0,0.36,0.0,0.0,0.06,0.08,0.0,0.1,0.17,0.16,0.04,0.09,0.18,0.16,0.14,0.0,0.0,0.0,0.1,0.0,0.11,0.0,0.32,0.09,0.08,0.0,0.18,0.1,0.08,0.08,0.2,0.0,0.0,0.0,0.13,0.09,0.0,0.08,0.09,0.0,0.06,0.0,0.1,0.0,0.08,0.0,0.32,0.0,0.0,0.0,0.0,0.0,0.08,0.34,0.3,0.08,0.0,0.17,0.14,0.09,0.0,0.06,0.0,0.2,0.14,0.0,0.22,0.0,0.18,0.18,0.32,0.16,0.0,0.06,0.08,0.0,0.0,0.06,0.08,0.08,0.08,0.18,0.06,0.08,0.07,0.08,0.07,0.08,0.17,0.08,0.08,0.06,0.07,0.23,0.06,0.18,0.06,0.08,0.08,0.08,0.1,0.08,0.0,0.14,0.0,0.0,0.14,0.0,0.1,0.07,0.16,0.0,0.09,0.1,0.18,0.16,0.11,0.17,0.11,0.15,0.06,0.32,0.08,0.08,0.08,0.1,0.12,0.0,0.18,1.0,0.08,0.0,0.12,0.0,0.0,0.0,0.09,0.11,0.18,0.0,0.08,0.0,0.09,0.1,0.18,0.0,0.08,0.0,0.08,0.18,0.18,0.18,0.16,0.17,0.08,0.0,0.06,0.0,0.0,0.0,0.08,0.16,0.0,0.0,0.0,0.12,0.0,0.23,0.18,0.09,0.32,0.0,0.16,0.17,0.0,0.0,0.0,0.0,0.11,0.12,0.14,0.08,0.1,0.0,0.09,0.31,0.08,0.0,0.0,0.0,0.18,0.18,0.12,0.06,0.11,0.1,0.0,0.08,0.14,0.14,0.12,0.09,0.09,0.11,0.06,0.0,0.15,0.1,0.08,0.06,0.0,0.0,0.08,0.08,0.18,0.0,0.17,0.32,0.2,0.0
parmigiana di carote spinaci e toma allo zenzero,0.15,0.12,0.06,0.0,0.12,0.0,0.0,0.15,0.0,0.0,0.14,0.11,0.0,0.08,0.12,0.12,0.12,0.14,0.07,0.12,0.1,0.0,0.06,0.24,0.32,0.0,0.08,0.06,0.15,0.14,0.0,0.0,0.14,0.08,0.11,0.12,0.08,0.0,0.0,0.08,0.05,0.14,0.0,0.11,0.07,0.08,0.09,0.07,0.15,0.07,0.06,0.0,0.06,0.06,0.06,0.05,0.04,0.06,0.0,0.12,0.12,0.06,0.07,0.12,0.1,0.14,0.0,0.13,0.29,0.15,0.1,0.06,0.1,0.0,0.14,0.14,0.11,0.12,0.02,0.0,0.0,0.06,0.12,0.1,0.06,0.12,0.12,0.11,0.08,0.12,0.1,0.11,0.06,0.12,0.12,0.06,0.06,0.1,0.1,0.1,0.14,0.12,0.1,0.12,0.12,0.12,0.08,0.06,0.05,0.12,0.11,0.0,0.1,0.0,0.08,0.1,0.12,0.0,0.07,0.15,0.14,0.12,0.08,0.12,0.08,0.06,0.15,0.12,0.06,0.0,0.0,0.0,0.09,0.04,0.08,0.08,1.0,0.06,0.09,0.0,0.06,0.0,0.14,0.16,0.14,0.06,0.06,0.07,0.14,0.0,0.14,0.0,0.12,0.08,0.0,0.14,0.14,0.2,0.12,0.12,0.12,0.1,0.15,0.07,0.0,0.06,0.19,0.18,0.0,0.0,0.06,0.09,0.0,0.1,0.14,0.0,0.18,0.06,0.12,0.12,0.08,0.06,0.08,0.07,0.16,0.09,0.1,0.12,0.15,0.06,0.07,0.07,0.0,0.06,0.0,0.0,0.14,0.14,0.17,0.09,0.0,0.15,0.06,0.11,0.05,0.1,0.14,0.07,0.14,0.08,0.04,0.06,0.11,0.08,0.06,0.15,0.0,0.08,0.12,0.12,0.14,0.0,0.12,0.06,0.15,0.0
parmigiana di zucchine bianca,0.08,0.19,0.16,0.0,0.06,0.0,0.06,0.08,0.14,0.0,0.05,0.06,0.04,0.0,0.06,0.06,0.09,0.07,0.07,0.06,0.06,0.32,0.12,0.24,0.0,0.0,0.0,0.12,0.08,0.14,0.0,0.0,0.07,0.08,0.06,0.06,0.08,0.0,0.1,0.08,0.0,0.07,0.06,0.06,0.0,0.08,0.04,0.14,0.08,0.14,0.06,0.0,0.0,0.12,0.19,0.19,0.04,0.12,0.0,0.06,0.06,0.3,0.07,0.06,0.1,0.07,0.14,0.22,0.12,0.08,0.06,0.11,0.1,0.0,0.07,0.07,0.06,0.06,0.0,0.0,0.06,0.06,0.06,0.0,0.0,0.06,0.06,0.06,0.0,0.06,0.06,0.06,0.0,0.06,0.06,0.0,0.0,0.05,0.06,0.05,0.09,0.06,0.05,0.06,0.06,0.06,0.0,0.0,0.0,0.06,0.06,0.22,0.15,0.0,0.24,0.06,0.06,0.0,0.07,0.08,0.07,0.06,0.0,0.06,0.0,0.0,0.05,0.06,0.06,0.0,0.0,0.0,0.14,0.08,0.08,0.0,0.06,1.0,0.52,0.11,0.16,0.0,0.14,0.08,0.07,0.19,0.06,0.14,0.07,0.08,0.07,0.0,0.12,0.15,0.0,0.07,0.07,0.07,0.06,0.04,0.06,0.06,0.1,0.07,0.07,0.06,0.12,0.06,0.0,0.08,0.16,0.04,0.0,0.1,0.07,0.0,0.06,0.2,0.06,0.06,0.22,0.24,0.22,0.27,0.08,0.04,0.1,0.12,0.08,0.42,0.0,0.0,0.0,0.06,0.0,0.0,0.07,0.38,0.08,0.04,0.16,0.08,0.11,0.06,0.1,0.05,0.09,0.0,0.07,0.08,0.0,0.12,0.11,0.0,0.06,0.05,0.4,0.25,0.42,0.29,0.38,0.0,0.44,0.0,0.4,0.34
pasticcio di zucchine,0.18,0.15,0.09,0.04,0.15,0.06,0.04,0.18,0.0,0.0,0.08,0.09,0.0,0.06,0.15,0.19,0.14,0.11,0.16,0.14,0.12,0.12,0.1,0.14,0.06,0.0,0.06,0.15,0.18,0.16,0.05,0.0,0.16,0.12,0.09,0.15,0.12,0.0,0.0,0.06,0.08,0.11,0.05,0.14,0.06,0.06,0.08,0.11,0.12,0.11,0.1,0.0,0.1,0.1,0.15,0.16,0.07,0.05,0.04,0.15,0.15,0.24,0.06,0.2,0.16,0.11,0.11,0.28,0.14,0.18,0.12,0.14,0.16,0.0,0.16,0.16,0.14,0.14,0.0,0.04,0.14,0.08,0.05,0.04,0.04,0.1,0.14,0.09,0.04,0.1,0.08,0.09,0.04,0.1,0.15,0.04,0.04,0.08,0.12,0.12,0.1,0.1,0.08,0.15,0.1,0.1,0.06,0.04,0.04,0.1,0.04,0.18,0.24,0.0,0.37,0.08,0.14,0.0,0.11,0.12,0.16,0.14,0.06,0.15,0.06,0.09,0.12,0.14,0.1,0.04,0.04,0.06,0.11,0.09,0.14,0.12,0.09,0.52,1.0,0.09,0.18,0.0,0.16,0.14,0.16,0.15,0.1,0.11,0.11,0.12,0.16,0.05,0.15,0.12,0.04,0.16,0.16,0.16,0.14,0.14,0.1,0.04,0.12,0.06,0.06,0.05,0.1,0.14,0.0,0.06,0.18,0.14,0.0,0.2,0.16,0.06,0.14,0.08,0.19,0.15,0.24,0.24,0.24,0.22,0.14,0.1,0.16,0.14,0.12,0.4,0.06,0.11,0.05,0.05,0.04,0.0,0.16,0.72,0.14,0.11,0.2,0.12,0.14,0.09,0.16,0.12,0.15,0.06,0.11,0.14,0.04,0.15,0.18,0.06,0.1,0.08,0.56,0.06,0.74,0.39,0.72,0.0,0.8,0.1,0.74,0.56
patate a fisarmonica,0.0,0.0,0.0,0.04,0.0,0.07,0.12,0.0,0.0,0.0,0.0,0.0,0.04,0.0,0.06,0.31,0.03,0.0,0.14,0.0,0.0,0.15,0.06,0.06,0.08,0.0,0.0,0.06,0.0,0.07,0.06,0.0,0.0,0.0,0.0,0.0,0.15,0.0,0.0,0.0,0.0,0.0,0.19,0.0,0.0,0.0,0.04,0.07,0.0,0.07,0.0,0.0,0.0,0.06,0.06,0.14,0.04,0.0,0.0,0.0,0.06,0.12,0.0,0.0,0.1,0.0,0.07,0.08,0.06,0.0,0.06,0.06,0.0,0.0,0.0,0.0,0.06,0.0,0.0,0.0,0.74,0.06,0.06,0.0,0.0,0.0,0.0,0.0,0.0,0.0,0.0,0.0,0.1,0.23,0.32,0.0,0.0,0.0,0.0,0.0,0.04,0.06,0.0,0.0,0.0,0.0,0.0,0.06,0.1,0.0,0.0,0.15,0.05,0.0,0.0,0.0,0.0,0.0,0.0,0.0,0.07,0.06,0.0,0.06,0.0,0.0,0.0,0.0,0.0,0.0,0.11,0.15,0.04,0.04,0.04,0.0,0.0,0.11,0.09,1.0,0.06,0.2,0.07,0.34,0.57,0.12,0.06,0.07,0.24,0.08,0.0,0.44,0.62,0.08,0.72,0.0,0.0,0.0,0.0,0.0,0.0,0.18,0.1,0.0,0.14,0.0,0.56,0.06,0.0,0.08,0.06,0.59,0.0,0.1,0.07,0.07,0.0,0.0,0.06,0.0,0.15,0.18,0.65,0.14,0.0,0.0,0.05,0.42,0.57,0.38,0.07,0.07,0.0,0.06,0.06,0.0,0.32,0.0,0.0,0.04,0.16,0.0,0.06,0.3,0.15,0.0,0.09,0.0,0.0,0.0,0.0,0.0,0.11,0.24,0.0,0.05,0.0,0.0,0.12,0.0,0.07,0.06,0.06,0.0,0.0,0.08
patate al forno ripiene,0.08,0.12,0.11,0.0,0.06,0.0,0.06,0.08,0.0,0.0,0.05,0.11,0.0,0.0,0.06,0.06,0.09,0.14,0.07,0.06,0.06,0.08,0.06,0.18,0.0,0.0,0.0,0.06,0.08,0.07,0.0,0.0,0.07,0.08,0.06,0.06,0.08,0.0,0.0,0.0,0.0,0.07,0.06,0.06,0.0,0.08,0.04,0.14,0.08,0.14,0.06,0.0,0.0,0.06,0.06,0.05,0.04,0.06,0.0,0.06,0.06,0.18,0.07,0.06,0.1,0.07,0.0,0.17,0.12,0.08,0.06,0.06,0.05,0.0,0.07,0.07,0.06,0.06,0.0,0.05,0.06,0.06,0.06,0.0,0.0,0.06,0.06,0.11,0.0,0.06,0.1,0.11,0.0,0.12,0.06,0.0,0.0,0.05,0.06,0.05,0.04,0.06,0.05,0.06,0.06,0.06,0.0,0.0,0.0,0.06,0.06,0.08,0.05,0.0,0.0,0.06,0.06,0.0,0.07,0.08,0.07,0.06,0.0,0.06,0.0,0.0,0.05,0.06,0.06,0.0,0.0,0.0,0.04,0.08,0.04,0.0,0.06,0.16,0.18,0.06,1.0,0.0,0.14,0.08,0.07,0.12,0.0,0.14,0.07,0.08,0.07,0.0,0.06,0.15,0.0,0.07,0.07,0.07,0.06,0.04,0.06,0.06,0.05,0.07,0.07,0.06,0.06,0.06,0.0,0.08,0.11,0.04,0.0,0.1,0.07,0.0,0.06,0.06,0.06,0.06,0.15,0.18,0.22,0.2,0.08,0.09,0.05,0.06,0.08,0.06,0.0,0.0,0.0,0.06,0.0,0.0,0.07,0.07,0.08,0.04,0.08,0.15,0.11,0.11,0.0,0.05,0.04,0.0,0.07,0.08,0.0,0.06,0.06,0.0,0.06,0.05,0.0,0.08,0.06,0.06,0.07,0.0,0.06,0.0,0.08,0.08
patate al forno senza olio,0.0,0.0,0.0,0.06,0.0,0.08,0.07,0.0,0.0,0.0,0.0,0.0,0.05,0.0,0.0,0.0,0.0,0.0,0.0,0.0,0.0,0.0,0.0,0.0,0.09,0.0,0.0,0.0,0.0,0.0,0.0,0.0,0.0,0.0,0.0,0.0,0.09,0.0,0.0,0.0,0.0,0.08,0.16,0.07,0.0,0.0,0.0,0.0,0.0,0.0,0.0,0.0,0.0,0.0,0.0,0.06,0.0,0.0,0.0,0.0,0.0,0.0,0.0,0.0,0.06,0.0,0.0,0.0,0.0,0.0,0.0,0.0,0.0,0.0,0.0,0.0,0.0,0.0,0.0,0.0,0.14,0.0,0.0,0.0,0.0,0.0,0.0,0.0,0.05,0.0,0.0,0.0,0.13,0.0,0.0,0.0,0.0,0.0,0.0,0.0,0.06,0.0,0.0,0.0,0.0,0.0,0.0,0.07,0.06,0.0,0.0,0.0,0.0,0.0,0.0,0.0,0.0,0.1,0.0,0.0,0.0,0.0,0.0,0.0,0.0,0.0,0.0,0.0,0.0,0.0,0.14,0.09,0.0,0.0,0.0,0.0,0.0,0.0,0.0,0.2,0.0,1.0,0.0,0.0,0.0,0.0,0.0,0.0,0.0,0.0,0.0,0.23,0.08,0.0,0.27,0.0,0.0,0.0,0.0,0.0,0.0,0.0,0.0,0.0,0.0,0.0,0.08,0.07,0.0,0.0,0.0,0.06,0.0,0.06,0.0,0.08,0.0,0.0,0.07,0.0,0.0,0.0,0.0,0.0,0.0,0.0,0.06,0.14,0.0,0.0,0.16,0.08,0.0,0.0,0.0,0.0,0.0,0.0,0.0,0.12,0.0,0.0,0.0,0.0,0.06,0.06,0.06,0.0,0.0,0.0,0.0,0.0,0.07,0.0,0.0,0.06,0.0,0.0,0.0,0.0,0.0,0.07,0.0,0.0,0.09,0.1
patate alla lionese,0.18,0.16,0.07,0.0,0.16,0.0,0.07,0.18,0.0,0.0,0.12,0.14,0.0,0.09,0.16,0.14,0.14,0.16,0.16,0.14,0.13,0.09,0.08,0.14,0.09,0.0,0.1,0.08,0.18,0.16,0.0,0.0,0.16,0.09,0.2,0.16,0.18,0.0,0.0,0.09,0.06,0.16,0.08,0.14,0.08,0.1,0.12,0.16,0.18,0.16,0.08,0.0,0.07,0.07,0.08,0.06,0.06,0.08,0.0,0.16,0.16,0.14,0.08,0.16,0.18,0.16,0.0,0.21,0.14,0.18,0.13,0.7,0.12,0.0,0.16,0.16,0.14,0.14,0.0,0.0,0.07,0.06,0.08,0.06,0.07,0.14,0.14,0.14,0.05,0.16,0.13,0.14,0.06,0.16,0.16,0.07,0.07,0.12,0.13,0.12,0.11,0.14,0.12,0.16,0.14,0.14,0.09,0.07,0.0,0.14,0.07,0.09,0.12,0.0,0.09,0.13,0.14,0.0,0.08,0.18,0.16,0.14,0.1,0.16,0.1,0.07,0.12,0.14,0.08,0.0,0.0,0.0,0.12,0.09,0.1,0.09,0.14,0.14,0.16,0.07,0.14,0.0,1.0,0.2,0.16,0.16,0.4,0.25,0.16,0.09,0.16,0.0,0.16,0.78,0.0,0.16,0.16,0.16,0.14,0.16,0.14,0.06,0.12,0.08,0.08,0.08,0.16,0.14,0.0,0.09,0.07,0.11,0.0,0.18,0.16,0.0,0.14,0.08,0.14,0.16,0.18,0.14,0.18,0.75,0.2,0.11,0.12,0.14,0.18,0.08,0.08,0.08,0.0,0.08,0.0,0.0,0.16,0.16,0.21,0.12,0.1,0.18,0.07,0.14,0.06,0.12,0.12,0.08,0.16,0.1,0.06,0.08,0.14,0.09,0.07,0.12,0.0,0.1,0.14,0.14,0.16,0.0,0.16,0.07,0.18,0.0
patate alla paprika,0.22,0.19,0.08,0.0,0.19,0.0,0.0,0.22,0.0,0.0,0.14,0.16,0.0,0.11,0.19,0.43,0.18,0.2,0.1,0.18,0.16,0.0,0.1,0.09,0.11,0.0,0.12,0.1,0.22,0.2,0.0,0.0,0.2,0.11,0.16,0.19,0.11,0.0,0.0,0.0,0.07,0.2,0.0,0.25,0.1,0.12,0.14,0.1,0.22,0.1,0.1,0.0,0.09,0.09,0.1,0.07,0.06,0.1,0.0,0.19,0.19,0.09,0.1,0.19,0.15,0.2,0.0,0.2,0.09,0.22,0.16,0.08,0.15,0.0,0.2,0.2,0.16,0.18,0.0,0.0,0.34,0.08,0.1,0.07,0.08,0.18,0.18,0.16,0.06,0.19,0.16,0.16,0.08,0.41,0.45,0.09,0.08,0.15,0.16,0.14,0.14,0.18,0.15,0.19,0.18,0.18,0.11,0.09,0.08,0.18,0.08,0.0,0.15,0.0,0.11,0.16,0.18,0.0,0.1,0.22,0.2,0.18,0.12,0.19,0.12,0.08,0.15,0.18,0.1,0.0,0.0,0.0,0.14,0.06,0.13,0.11,0.16,0.08,0.14,0.34,0.08,0.0,0.2,1.0,0.55,0.1,0.09,0.1,0.43,0.0,0.2,0.26,0.53,0.11,0.42,0.2,0.2,0.2,0.18,0.19,0.18,0.26,0.15,0.1,0.0,0.1,0.53,0.18,0.0,0.0,0.08,0.45,0.0,0.22,0.2,0.0,0.18,0.1,0.18,0.19,0.11,0.18,0.48,0.1,0.25,0.14,0.15,0.43,0.58,0.36,0.1,0.1,0.0,0.1,0.09,0.0,0.91,0.2,0.26,0.14,0.0,0.22,0.08,0.42,0.08,0.15,0.14,0.1,0.2,0.12,0.07,0.1,0.16,0.35,0.09,0.15,0.0,0.12,0.18,0.18,0.2,0.0,0.19,0.09,0.22,0.0
patate bollite,0.28,0.16,0.07,0.0,0.23,0.08,0.0,0.28,0.0,0.0,0.12,0.14,0.0,0.09,0.23,0.54,0.14,0.16,0.16,0.22,0.2,0.0,0.08,0.07,0.09,0.0,0.1,0.08,0.28,0.16,0.08,0.0,0.25,0.18,0.14,0.16,0.09,0.0,0.0,0.0,0.12,0.16,0.0,0.14,0.08,0.1,0.12,0.08,0.18,0.08,0.16,0.0,0.14,0.07,0.08,0.06,0.06,0.08,0.07,0.23,0.31,0.14,0.08,0.23,0.18,0.16,0.0,0.16,0.07,0.28,0.2,0.07,0.18,0.0,0.25,0.25,0.2,0.29,0.0,0.06,0.64,0.06,0.08,0.06,0.07,0.14,0.14,0.14,0.05,0.16,0.13,0.14,0.06,0.4,0.56,0.07,0.07,0.12,0.13,0.18,0.11,0.14,0.12,0.16,0.14,0.14,0.09,0.07,0.06,0.14,0.07,0.0,0.18,0.0,0.09,0.13,0.22,0.0,0.16,0.28,0.25,0.22,0.1,0.23,0.1,0.14,0.12,0.22,0.16,0.07,0.07,0.09,0.17,0.04,0.1,0.18,0.14,0.07,0.16,0.57,0.07,0.0,0.16,0.55,1.0,0.08,0.07,0.08,0.42,0.09,0.25,0.32,0.73,0.09,0.64,0.25,0.25,0.25,0.22,0.2,0.14,0.26,0.12,0.08,0.0,0.08,0.73,0.22,0.0,0.0,0.07,0.72,0.0,0.18,0.25,0.08,0.22,0.08,0.22,0.23,0.09,0.14,0.68,0.08,0.2,0.16,0.18,0.46,0.78,0.4,0.08,0.16,0.08,0.08,0.07,0.0,0.58,0.25,0.21,0.12,0.1,0.18,0.07,0.45,0.12,0.18,0.17,0.08,0.16,0.2,0.06,0.08,0.2,0.35,0.14,0.12,0.0,0.1,0.14,0.14,0.25,0.0,0.23,0.14,0.28,0.0
patate duchessa ripiene,0.08,0.07,0.06,0.0,0.07,0.0,0.06,0.08,0.0,0.0,0.06,0.06,0.0,0.0,0.07,0.06,0.1,0.08,0.08,0.06,0.06,0.17,0.14,0.14,0.0,0.0,0.0,0.14,0.08,0.16,0.0,0.0,0.08,0.08,0.06,0.07,0.08,0.0,0.0,0.0,0.0,0.08,0.07,0.06,0.0,0.1,0.05,0.16,0.08,0.16,0.07,0.0,0.0,0.14,0.14,0.16,0.05,0.07,0.0,0.07,0.07,0.2,0.08,0.07,0.12,0.08,0.08,0.2,0.14,0.08,0.06,0.12,0.06,0.0,0.08,0.08,0.06,0.06,0.0,0.0,0.06,0.06,0.07,0.0,0.0,0.06,0.06,0.06,0.0,0.07,0.06,0.06,0.0,0.07,0.07,0.0,0.0,0.06,0.06,0.06,0.05,0.06,0.06,0.07,0.06,0.06,0.0,0.0,0.06,0.06,0.06,0.17,0.12,0.0,0.08,0.06,0.06,0.0,0.08,0.08,0.08,0.06,0.0,0.07,0.0,0.0,0.06,0.06,0.07,0.0,0.0,0.0,0.05,0.08,0.1,0.0,0.06,0.19,0.15,0.12,0.12,0.0,0.16,0.1,0.08,1.0,0.06,0.16,0.08,0.08,0.08,0.0,0.14,0.17,0.0,0.08,0.08,0.08,0.06,0.04,0.06,0.06,0.12,0.08,0.08,0.07,0.07,0.06,0.0,0.08,0.12,0.05,0.0,0.12,0.08,0.0,0.06,0.08,0.06,0.07,0.26,0.2,0.17,0.23,0.1,0.05,0.06,0.14,0.08,0.14,0.0,0.0,0.0,0.07,0.0,0.0,0.08,0.08,0.1,0.05,0.19,0.08,0.12,0.06,0.06,0.06,0.05,0.0,0.08,0.1,0.0,0.07,0.12,0.0,0.06,0.06,0.0,0.1,0.14,0.06,0.08,0.0,0.14,0.0,0.08,0.0
patate e cipolle gratinate al forno,0.08,0.06,0.0,0.0,0.06,0.0,0.06,0.08,0.0,0.0,0.05,0.06,0.0,0.08,0.06,0.06,0.03,0.14,0.07,0.12,0.11,0.08,0.14,0.0,0.08,0.0,0.09,0.14,0.08,0.22,0.06,0.0,0.07,0.0,0.06,0.06,0.08,0.0,0.0,0.08,0.05,0.07,0.32,0.12,0.07,0.0,0.05,0.0,0.41,0.0,0.0,0.0,0.06,0.12,0.06,0.1,0.0,0.0,0.0,0.06,0.06,0.06,0.0,0.06,0.06,0.07,0.07,0.09,0.06,0.08,0.11,0.42,0.06,0.0,0.14,0.07,0.06,0.06,0.0,0.0,0.0,0.0,0.0,0.05,0.06,0.06,0.06,0.06,0.04,0.06,0.06,0.06,0.06,0.06,0.06,0.06,0.06,0.06,0.06,0.05,0.04,0.06,0.06,0.06,0.06,0.06,0.08,0.06,0.0,0.06,0.0,0.08,0.1,0.0,0.16,0.06,0.06,0.0,0.07,0.16,0.07,0.06,0.09,0.06,0.09,0.12,0.06,0.06,0.0,0.0,0.0,0.0,0.05,0.0,0.14,0.08,0.06,0.06,0.1,0.06,0.0,0.0,0.4,0.09,0.07,0.06,1.0,0.0,0.14,0.0,0.07,0.0,0.2,0.33,0.0,0.07,0.07,0.07,0.12,0.09,0.06,0.0,0.16,0.0,0.0,0.0,0.06,0.06,0.0,0.0,0.12,0.14,0.09,0.1,0.14,0.0,0.06,0.0,0.06,0.06,0.08,0.06,0.0,0.4,0.09,0.04,0.06,0.12,0.08,0.06,0.07,0.07,0.06,0.0,0.06,0.07,0.07,0.07,0.09,0.05,0.09,0.08,0.12,0.18,0.16,0.06,0.05,0.07,0.07,0.0,0.05,0.06,0.18,0.08,0.0,0.06,0.0,0.0,0.18,0.06,0.07,0.0,0.14,0.06,0.08,0.0
patate e cipolle in padella,0.09,0.08,0.14,0.0,0.08,0.0,0.07,0.09,0.0,0.0,0.06,0.07,0.0,0.0,0.08,0.07,0.14,0.08,0.08,0.07,0.13,0.09,0.08,0.14,0.0,0.0,0.0,0.08,0.09,0.16,0.0,0.0,0.08,0.09,0.2,0.08,0.09,0.1,0.0,0.0,0.0,0.16,0.08,0.07,0.0,0.1,0.06,0.25,0.09,0.25,0.08,0.0,0.0,0.14,0.08,0.06,0.06,0.08,0.0,0.16,0.08,0.14,0.08,0.08,0.18,0.16,0.0,0.16,0.14,0.09,0.06,0.07,0.06,0.0,0.08,0.16,0.07,0.07,0.04,0.0,0.07,0.06,0.08,0.0,0.0,0.07,0.07,0.07,0.0,0.08,0.13,0.14,0.0,0.08,0.08,0.0,0.0,0.06,0.06,0.06,0.06,0.07,0.06,0.08,0.07,0.07,0.0,0.0,0.0,0.07,0.07,0.09,0.06,0.0,0.0,0.06,0.07,0.0,0.08,0.09,0.16,0.14,0.0,0.08,0.0,0.0,0.06,0.07,0.08,0.0,0.0,0.0,0.06,0.09,0.06,0.0,0.07,0.14,0.11,0.07,0.14,0.0,0.25,0.1,0.08,0.16,0.0,1.0,0.08,0.09,0.08,0.0,0.16,0.28,0.0,0.08,0.08,0.08,0.07,0.05,0.07,0.06,0.06,0.08,0.16,0.08,0.08,0.07,0.0,0.09,0.14,0.11,0.0,0.12,0.08,0.0,0.07,0.12,0.07,0.16,0.18,0.14,0.18,0.16,0.2,0.06,0.06,0.07,0.18,0.08,0.0,0.0,0.0,0.16,0.07,0.0,0.08,0.08,0.1,0.06,0.1,0.09,0.14,0.07,0.0,0.12,0.06,0.0,0.08,0.1,0.0,0.08,0.07,0.0,0.07,0.12,0.0,0.1,0.07,0.07,0.16,0.0,0.08,0.07,0.09,0.0
patate e peperoni al forno,0.18,0.16,0.07,0.0,0.16,0.0,0.0,0.18,0.0,0.0,0.12,0.14,0.0,0.09,0.16,0.34,0.14,0.16,0.08,0.14,0.13,0.0,0.08,0.07,0.09,0.0,0.1,0.08,0.18,0.16,0.0,0.0,0.16,0.09,0.14,0.16,0.09,0.0,0.0,0.0,0.06,0.16,0.08,0.14,0.08,0.1,0.12,0.08,0.28,0.08,0.08,0.0,0.07,0.07,0.08,0.06,0.06,0.08,0.0,0.16,0.16,0.07,0.08,0.16,0.12,0.16,0.0,0.16,0.07,0.18,0.13,0.07,0.12,0.0,0.16,0.16,0.14,0.14,0.1,0.0,0.24,0.06,0.16,0.06,0.07,0.14,0.14,0.14,0.05,0.16,0.13,0.14,0.06,0.33,0.36,0.07,0.07,0.12,0.13,0.12,0.22,0.14,0.12,0.16,0.14,0.14,0.09,0.07,0.06,0.14,0.07,0.0,0.12,0.0,0.09,0.13,0.14,0.0,0.08,0.18,0.16,0.14,0.1,0.16,0.1,0.07,0.12,0.14,0.08,0.0,0.0,0.0,0.12,0.04,0.1,0.09,0.14,0.07,0.11,0.24,0.07,0.0,0.16,0.43,0.42,0.08,0.14,0.08,1.0,0.0,0.16,0.2,0.4,0.09,0.24,0.16,0.16,0.16,0.14,0.26,0.62,0.64,0.12,0.08,0.0,0.08,0.4,0.14,0.0,0.0,0.07,0.33,0.0,0.18,0.16,0.0,0.14,0.08,0.14,0.16,0.09,0.14,0.35,0.08,0.2,0.11,0.12,0.34,0.44,0.28,0.08,0.08,0.0,0.08,0.07,0.0,0.38,0.16,0.21,0.22,0.0,0.18,0.07,0.33,0.06,0.18,0.12,0.08,0.16,0.1,0.06,0.08,0.14,0.29,0.07,0.12,0.0,0.1,0.14,0.14,0.16,0.0,0.16,0.07,0.18,0.0
patate in padella,0.1,0.0,0.0,0.0,0.08,0.09,0.08,0.1,0.0,0.0,0.0,0.0,0.06,0.0,0.08,0.08,0.0,0.0,0.18,0.08,0.07,0.2,0.0,0.08,0.0,0.0,0.0,0.0,0.1,0.0,0.08,0.0,0.09,0.1,0.0,0.0,0.1,0.0,0.0,0.0,0.06,0.0,0.08,0.0,0.0,0.11,0.0,0.18,0.0,0.09,0.08,0.0,0.08,0.0,0.0,0.0,0.0,0.0,0.08,0.08,0.08,0.16,0.0,0.08,0.14,0.0,0.0,0.06,0.08,0.1,0.07,0.0,0.06,0.0,0.09,0.09,0.08,0.08,0.04,0.06,0.16,0.0,0.0,0.0,0.0,0.0,0.0,0.0,0.0,0.0,0.0,0.0,0.07,0.0,0.08,0.0,0.0,0.06,0.0,0.06,0.0,0.0,0.0,0.0,0.0,0.0,0.0,0.0,0.0,0.0,0.0,0.1,0.06,0.0,0.0,0.0,0.08,0.0,0.09,0.0,0.09,0.08,0.0,0.08,0.0,0.08,0.0,0.08,0.08,0.08,0.08,0.1,0.06,0.05,0.0,0.1,0.0,0.08,0.12,0.08,0.08,0.0,0.09,0.0,0.09,0.08,0.0,0.09,0.0,1.0,0.09,0.0,0.0,0.1,0.08,0.09,0.09,0.09,0.08,0.11,0.08,0.0,0.0,0.0,0.09,0.0,0.0,0.08,0.0,0.1,0.0,0.06,0.0,0.06,0.09,0.09,0.08,0.0,0.08,0.08,0.1,0.08,0.1,0.09,0.0,0.06,0.06,0.0,0.0,0.0,0.0,0.09,0.08,0.0,0.0,0.0,0.09,0.09,0.0,0.0,0.22,0.0,0.0,0.0,0.06,0.06,0.06,0.0,0.0,0.11,0.0,0.0,0.08,0.0,0.16,0.0,0.0,0.0,0.0,0.0,0.09,0.0,0.08,0.16,0.1,0.0
patate lesse gustose,0.28,0.16,0.07,0.0,0.23,0.08,0.0,0.28,0.0,0.12,0.12,0.14,0.0,0.09,0.23,0.29,0.14,0.16,0.16,0.22,0.2,0.0,0.08,0.14,0.09,0.0,0.2,0.08,0.28,0.16,0.08,0.0,0.25,0.18,0.14,0.16,0.09,0.0,0.0,0.0,0.12,0.16,0.0,0.14,0.16,0.1,0.12,0.08,0.18,0.08,0.16,0.12,0.22,0.07,0.08,0.06,0.11,0.16,0.07,0.23,0.23,0.14,0.08,0.23,0.18,0.16,0.0,0.16,0.07,0.28,0.2,0.07,0.18,0.1,0.25,0.25,0.27,0.29,0.06,0.06,0.07,0.06,0.08,0.06,0.07,0.14,0.14,0.14,0.05,0.16,0.13,0.14,0.06,0.16,0.23,0.07,0.14,0.12,0.13,0.18,0.11,0.14,0.12,0.16,0.14,0.14,0.09,0.07,0.0,0.14,0.07,0.0,0.18,0.0,0.09,0.13,0.29,0.0,0.16,0.18,0.25,0.22,0.1,0.23,0.2,0.14,0.18,0.29,0.16,0.14,0.07,0.09,0.17,0.04,0.1,0.18,0.14,0.07,0.16,0.0,0.07,0.0,0.16,0.2,0.25,0.08,0.07,0.08,0.16,0.09,1.0,0.0,0.16,0.09,0.07,0.25,0.25,0.25,0.29,0.2,0.14,0.06,0.12,0.08,0.0,0.08,0.16,0.22,0.12,0.09,0.14,0.16,0.0,0.12,0.25,0.08,0.22,0.08,0.22,0.23,0.09,0.07,0.09,0.08,0.2,0.22,0.18,0.14,0.18,0.08,0.08,0.16,0.08,0.08,0.0,0.0,0.25,0.25,0.26,0.12,0.1,0.18,0.07,0.14,0.12,0.18,0.17,0.08,0.16,0.2,0.06,0.08,0.2,0.09,0.14,0.12,0.0,0.1,0.14,0.14,0.25,0.0,0.23,0.22,0.28,0.0
patate ripiene formaggio e speck,0.0,0.0,0.0,0.1,0.0,0.0,0.2,0.0,0.0,0.0,0.0,0.0,0.04,0.0,0.0,0.23,0.1,0.08,0.0,0.0,0.0,0.0,0.0,0.0,0.08,0.0,0.0,0.0,0.0,0.0,0.0,0.0,0.0,0.0,0.0,0.07,0.08,0.0,0.0,0.0,0.0,0.08,0.14,0.06,0.0,0.0,0.0,0.0,0.0,0.0,0.0,0.0,0.0,0.0,0.0,0.06,0.0,0.0,0.0,0.0,0.0,0.0,0.0,0.0,0.06,0.0,0.08,0.0,0.14,0.0,0.0,0.0,0.06,0.0,0.0,0.0,0.0,0.0,0.0,0.0,0.45,0.0,0.0,0.0,0.0,0.0,0.0,0.0,0.04,0.0,0.0,0.0,0.12,0.2,0.24,0.0,0.0,0.0,0.0,0.0,0.0,0.0,0.0,0.0,0.0,0.0,0.0,0.06,0.17,0.0,0.0,0.0,0.0,0.0,0.0,0.0,0.0,0.1,0.0,0.0,0.0,0.0,0.0,0.0,0.0,0.0,0.06,0.0,0.0,0.0,0.06,0.08,0.0,0.0,0.05,0.0,0.0,0.0,0.05,0.44,0.0,0.23,0.0,0.26,0.32,0.0,0.0,0.0,0.2,0.0,0.0,1.0,0.4,0.0,0.5,0.0,0.0,0.0,0.0,0.0,0.0,0.16,0.0,0.0,0.0,0.0,0.4,0.0,0.0,0.0,0.06,0.45,0.0,0.12,0.0,0.08,0.0,0.04,0.0,0.0,0.0,0.06,0.34,0.0,0.0,0.0,0.0,0.7,0.34,0.24,0.08,0.08,0.0,0.0,0.14,0.0,0.24,0.0,0.0,0.05,0.0,0.0,0.06,0.23,0.06,0.06,0.0,0.0,0.0,0.0,0.0,0.07,0.06,0.21,0.0,0.06,0.0,0.0,0.0,0.0,0.0,0.06,0.0,0.0,0.08,0.1
patate sabbiose al forno,0.17,0.14,0.12,0.0,0.14,0.0,0.06,0.17,0.0,0.0,0.11,0.12,0.0,0.08,0.14,0.45,0.17,0.23,0.08,0.2,0.24,0.08,0.22,0.06,0.08,0.0,0.1,0.22,0.17,0.38,0.07,0.0,0.16,0.08,0.19,0.14,0.08,0.1,0.0,0.0,0.06,0.31,0.0,0.25,0.08,0.1,0.1,0.16,0.17,0.16,0.07,0.0,0.06,0.26,0.14,0.16,0.05,0.07,0.0,0.22,0.14,0.14,0.08,0.14,0.17,0.23,0.08,0.2,0.14,0.17,0.18,0.19,0.12,0.0,0.23,0.23,0.12,0.14,0.03,0.0,0.56,0.06,0.07,0.06,0.06,0.14,0.14,0.12,0.1,0.14,0.18,0.19,0.06,0.38,0.46,0.06,0.06,0.12,0.12,0.11,0.1,0.14,0.12,0.14,0.14,0.14,0.08,0.06,0.06,0.14,0.06,0.08,0.17,0.0,0.17,0.12,0.14,0.1,0.16,0.26,0.23,0.2,0.1,0.14,0.1,0.12,0.12,0.14,0.07,0.0,0.0,0.0,0.1,0.04,0.2,0.08,0.12,0.12,0.15,0.62,0.06,0.08,0.16,0.53,0.73,0.14,0.2,0.16,0.4,0.0,0.16,0.4,1.0,0.17,0.62,0.16,0.16,0.16,0.2,0.14,0.14,0.24,0.23,0.08,0.08,0.07,0.78,0.14,0.0,0.0,0.25,0.86,0.1,0.23,0.23,0.0,0.14,0.12,0.14,0.22,0.17,0.2,0.67,0.16,0.28,0.1,0.12,0.58,0.84,0.46,0.16,0.08,0.07,0.14,0.2,0.08,0.48,0.16,0.2,0.16,0.1,0.17,0.19,0.5,0.17,0.23,0.1,0.08,0.16,0.1,0.05,0.14,0.32,0.34,0.06,0.23,0.0,0.1,0.26,0.14,0.23,0.0,0.22,0.14,0.26,0.0
patate sauté,0.1,0.08,0.15,0.0,0.08,0.0,0.08,0.1,0.0,0.0,0.06,0.08,0.0,0.0,0.08,0.08,0.16,0.09,0.09,0.08,0.14,0.1,0.08,0.16,0.0,0.0,0.0,0.08,0.1,0.18,0.0,0.0,0.09,0.1,0.15,0.08,0.1,0.11,0.0,0.1,0.0,0.18,0.08,0.08,0.0,0.11,0.06,0.28,0.1,0.28,0.08,0.0,0.0,0.16,0.08,0.06,0.06,0.08,0.0,0.17,0.08,0.16,0.09,0.08,0.2,0.18,0.0,0.18,0.16,0.1,0.07,0.65,0.06,0.0,0.09,0.18,0.08,0.08,0.04,0.0,0.08,0.07,0.08,0.0,0.0,0.08,0.08,0.08,0.0,0.08,0.14,0.15,0.0,0.08,0.08,0.0,0.0,0.06,0.07,0.06,0.06,0.08,0.06,0.08,0.08,0.08,0.0,0.0,0.0,0.08,0.08,0.1,0.06,0.0,0.0,0.07,0.08,0.0,0.09,0.1,0.18,0.16,0.0,0.08,0.0,0.0,0.06,0.08,0.08,0.0,0.0,0.0,0.06,0.1,0.06,0.0,0.08,0.15,0.12,0.08,0.15,0.0,0.78,0.11,0.09,0.17,0.33,0.28,0.09,0.1,0.09,0.0,0.17,1.0,0.0,0.09,0.09,0.09,0.08,0.06,0.08,0.07,0.06,0.09,0.18,0.08,0.08,0.08,0.0,0.1,0.15,0.12,0.0,0.14,0.09,0.0,0.08,0.14,0.08,0.17,0.2,0.16,0.2,0.78,0.22,0.06,0.06,0.08,0.2,0.08,0.0,0.0,0.0,0.17,0.08,0.0,0.09,0.09,0.12,0.06,0.11,0.1,0.15,0.08,0.0,0.14,0.06,0.0,0.09,0.11,0.0,0.08,0.08,0.1,0.08,0.14,0.0,0.11,0.08,0.08,0.18,0.0,0.08,0.08,0.1,0.0
patate speziate al forno,0.08,0.0,0.0,0.04,0.06,0.14,0.06,0.08,0.0,0.0,0.0,0.0,0.04,0.0,0.06,0.37,0.0,0.0,0.07,0.06,0.06,0.0,0.0,0.0,0.08,0.0,0.0,0.0,0.08,0.0,0.06,0.0,0.07,0.08,0.0,0.0,0.08,0.0,0.0,0.0,0.1,0.07,0.12,0.11,0.0,0.0,0.0,0.0,0.0,0.0,0.06,0.0,0.06,0.0,0.0,0.05,0.04,0.0,0.11,0.06,0.06,0.06,0.0,0.06,0.1,0.0,0.0,0.0,0.0,0.08,0.06,0.0,0.05,0.0,0.07,0.07,0.06,0.06,0.0,0.05,0.74,0.0,0.0,0.0,0.0,0.0,0.0,0.0,0.04,0.0,0.0,0.0,0.1,0.23,0.38,0.0,0.0,0.0,0.0,0.05,0.04,0.0,0.0,0.0,0.0,0.0,0.0,0.06,0.1,0.0,0.0,0.0,0.05,0.0,0.0,0.0,0.06,0.08,0.07,0.0,0.07,0.06,0.0,0.06,0.0,0.06,0.0,0.06,0.06,0.06,0.22,0.22,0.04,0.0,0.0,0.08,0.0,0.0,0.04,0.72,0.0,0.27,0.0,0.42,0.64,0.0,0.0,0.0,0.24,0.08,0.07,0.5,0.62,0.0,1.0,0.07,0.07,0.07,0.06,0.04,0.0,0.18,0.0,0.0,0.0,0.0,0.62,0.12,0.0,0.0,0.0,0.64,0.0,0.05,0.07,0.2,0.06,0.0,0.12,0.06,0.0,0.06,0.57,0.0,0.0,0.04,0.1,0.42,0.57,0.32,0.14,0.14,0.06,0.0,0.06,0.0,0.45,0.07,0.0,0.09,0.08,0.0,0.0,0.3,0.1,0.1,0.09,0.0,0.0,0.08,0.0,0.0,0.11,0.24,0.06,0.05,0.0,0.0,0.0,0.0,0.07,0.12,0.06,0.06,0.15,0.16
peperoni al forno,0.28,0.16,0.07,0.0,0.23,0.08,0.0,0.28,0.0,0.0,0.12,0.14,0.0,0.09,0.23,0.22,0.14,0.16,0.16,0.22,0.2,0.0,0.08,0.07,0.09,0.0,0.1,0.08,0.28,0.16,0.08,0.0,0.25,0.18,0.14,0.16,0.09,0.0,0.0,0.0,0.12,0.16,0.0,0.14,0.08,0.1,0.12,0.08,0.18,0.08,0.16,0.0,0.14,0.07,0.08,0.06,0.06,0.08,0.07,0.23,0.23,0.14,0.08,0.23,0.18,0.16,0.0,0.16,0.07,0.28,0.2,0.07,0.18,0.0,0.25,0.25,0.2,0.22,0.0,0.06,0.07,0.06,0.08,0.06,0.07,0.14,0.14,0.14,0.05,0.16,0.13,0.14,0.06,0.16,0.23,0.07,0.07,0.12,0.13,0.18,0.11,0.14,0.12,0.16,0.14,0.14,0.09,0.07,0.0,0.14,0.07,0.0,0.18,0.0,0.09,0.13,0.22,0.0,0.16,0.18,0.25,0.22,0.1,0.23,0.1,0.14,0.12,0.22,0.16,0.07,0.07,0.09,0.17,0.04,0.1,0.18,0.14,0.07,0.16,0.0,0.07,0.0,0.16,0.2,0.25,0.08,0.07,0.08,0.16,0.09,0.25,0.0,0.16,0.09,0.07,1.0,0.34,0.25,0.22,0.76,0.14,0.06,0.12,0.08,0.0,0.08,0.16,0.22,0.0,0.0,0.07,0.16,0.0,0.12,0.25,0.08,0.22,0.08,0.22,0.23,0.09,0.07,0.09,0.08,0.2,0.16,0.18,0.14,0.18,0.08,0.08,0.16,0.08,0.08,0.0,0.0,0.25,0.25,0.21,0.12,0.1,0.18,0.07,0.14,0.12,0.18,0.17,0.08,0.16,0.2,0.06,0.08,0.2,0.09,0.14,0.12,0.0,0.1,0.14,0.22,0.25,0.0,0.23,0.14,0.28,0.0
peperoni arrostiti in friggitrice ad aria,0.28,0.16,0.07,0.0,0.23,0.08,0.0,0.28,0.0,0.0,0.12,0.14,0.0,0.09,0.23,0.22,0.14,0.16,0.16,0.22,0.2,0.0,0.08,0.07,0.09,0.0,0.1,0.08,0.28,0.16,0.08,0.0,0.25,0.18,0.14,0.16,0.09,0.0,0.0,0.0,0.12,0.16,0.0,0.14,0.08,0.1,0.12,0.08,0.18,0.08,0.16,0.0,0.14,0.07,0.08,0.06,0.06,0.08,0.07,0.23,0.23,0.14,0.08,0.23,0.18,0.16,0.0,0.16,0.07,0.28,0.2,0.07,0.18,0.0,0.25,0.25,0.2,0.22,0.0,0.06,0.07,0.06,0.08,0.06,0.07,0.14,0.14,0.14,0.05,0.16,0.13,0.14,0.06,0.16,0.31,0.07,0.07,0.12,0.13,0.18,0.11,0.14,0.12,0.16,0.14,0.22,0.09,0.07,0.0,0.14,0.07,0.0,0.24,0.1,0.09,0.13,0.22,0.0,0.16,0.18,0.25,0.22,0.2,0.23,0.1,0.14,0.12,0.22,0.16,0.07,0.07,0.09,0.17,0.04,0.1,0.18,0.14,0.07,0.16,0.0,0.07,0.0,0.16,0.2,0.25,0.08,0.07,0.08,0.16,0.09,0.25,0.0,0.16,0.09,0.07,0.34,1.0,0.84,0.22,0.2,0.14,0.06,0.12,0.08,0.0,0.08,0.16,0.22,0.0,0.0,0.07,0.16,0.0,0.12,0.25,0.08,0.22,0.08,0.22,0.23,0.09,0.07,0.09,0.08,0.2,0.16,0.18,0.14,0.18,0.08,0.08,0.16,0.08,0.08,0.0,0.0,0.25,0.25,0.21,0.12,0.1,0.18,0.07,0.14,0.12,0.18,0.17,0.08,0.16,0.2,0.06,0.08,0.2,0.09,0.14,0.12,0.0,0.1,0.14,0.14,0.25,0.0,0.23,0.14,0.28,0.0
peperoni arrosto,0.28,0.16,0.07,0.0,0.23,0.08,0.0,0.28,0.0,0.0,0.18,0.14,0.0,0.09,0.23,0.22,0.18,0.16,0.16,0.22,0.2,0.0,0.08,0.07,0.09,0.0,0.1,0.08,0.28,0.16,0.08,0.0,0.25,0.18,0.14,0.16,0.09,0.0,0.0,0.0,0.12,0.16,0.0,0.14,0.08,0.1,0.12,0.08,0.18,0.08,0.16,0.0,0.14,0.07,0.08,0.06,0.06,0.08,0.07,0.23,0.23,0.14,0.08,0.23,0.18,0.16,0.0,0.16,0.07,0.28,0.2,0.07,0.18,0.0,0.25,0.25,0.2,0.22,0.0,0.06,0.07,0.13,0.08,0.12,0.14,0.14,0.14,0.14,0.1,0.16,0.13,0.14,0.06,0.16,0.23,0.07,0.07,0.18,0.13,0.18,0.22,0.14,0.12,0.16,0.14,0.14,0.09,0.07,0.0,0.14,0.07,0.0,0.18,0.0,0.09,0.13,0.22,0.0,0.16,0.18,0.25,0.22,0.1,0.23,0.1,0.14,0.18,0.22,0.16,0.07,0.07,0.09,0.17,0.04,0.1,0.18,0.2,0.07,0.16,0.0,0.07,0.0,0.16,0.2,0.25,0.08,0.07,0.08,0.16,0.09,0.25,0.0,0.16,0.09,0.07,0.25,0.84,1.0,0.22,0.2,0.14,0.13,0.18,0.08,0.0,0.08,0.16,0.29,0.0,0.0,0.07,0.16,0.0,0.12,0.25,0.08,0.29,0.08,0.22,0.23,0.09,0.07,0.09,0.08,0.2,0.16,0.18,0.14,0.18,0.08,0.08,0.16,0.08,0.08,0.0,0.0,0.25,0.25,0.21,0.12,0.1,0.18,0.07,0.14,0.12,0.18,0.22,0.08,0.16,0.2,0.06,0.08,0.2,0.09,0.14,0.12,0.0,0.1,0.14,0.14,0.25,0.0,0.23,0.14,0.28,0.0
peperoni gratinati,0.24,0.14,0.06,0.0,0.2,0.07,0.06,0.24,0.0,0.0,0.1,0.12,0.0,0.08,0.2,0.25,0.12,0.22,0.14,0.25,0.22,0.0,0.14,0.06,0.08,0.0,0.09,0.14,0.24,0.22,0.14,0.0,0.22,0.16,0.12,0.14,0.08,0.0,0.0,0.0,0.1,0.14,0.0,0.18,0.07,0.09,0.1,0.07,0.16,0.07,0.14,0.0,0.12,0.12,0.06,0.1,0.04,0.06,0.06,0.2,0.2,0.12,0.07,0.2,0.16,0.14,0.0,0.14,0.12,0.24,0.22,0.12,0.16,0.0,0.29,0.22,0.18,0.25,0.0,0.05,0.06,0.06,0.06,0.05,0.06,0.12,0.12,0.12,0.04,0.14,0.11,0.12,0.06,0.14,0.2,0.06,0.06,0.1,0.11,0.16,0.1,0.12,0.1,0.14,0.12,0.12,0.08,0.06,0.0,0.12,0.06,0.0,0.16,0.0,0.16,0.11,0.18,0.0,0.22,0.24,0.22,0.18,0.09,0.2,0.09,0.18,0.16,0.18,0.14,0.06,0.06,0.08,0.14,0.04,0.14,0.16,0.12,0.06,0.14,0.0,0.06,0.0,0.14,0.18,0.22,0.06,0.12,0.07,0.14,0.08,0.29,0.0,0.2,0.08,0.06,0.22,0.22,0.22,1.0,0.18,0.12,0.06,0.16,0.07,0.0,0.06,0.14,0.18,0.0,0.0,0.18,0.24,0.09,0.16,0.29,0.07,0.18,0.07,0.18,0.2,0.08,0.06,0.08,0.07,0.18,0.14,0.16,0.12,0.16,0.06,0.07,0.14,0.14,0.06,0.06,0.07,0.22,0.22,0.23,0.1,0.09,0.16,0.06,0.18,0.16,0.16,0.14,0.07,0.14,0.18,0.05,0.14,0.24,0.08,0.12,0.1,0.0,0.09,0.18,0.12,0.22,0.0,0.2,0.12,0.24,0.0
peperoni in agrodolce,0.22,0.14,0.04,0.0,0.19,0.05,0.0,0.22,0.0,0.0,0.18,0.16,0.06,0.11,0.19,0.18,0.11,0.16,0.16,0.18,0.16,0.06,0.04,0.04,0.11,0.0,0.19,0.04,0.22,0.16,0.04,0.0,0.2,0.11,0.12,0.14,0.11,0.0,0.0,0.0,0.11,0.16,0.04,0.12,0.1,0.19,0.1,0.16,0.17,0.1,0.14,0.0,0.14,0.04,0.04,0.04,0.04,0.04,0.04,0.24,0.19,0.09,0.1,0.19,0.15,0.2,0.0,0.13,0.04,0.22,0.16,0.04,0.15,0.0,0.2,0.2,0.21,0.18,0.16,0.07,0.04,0.08,0.1,0.07,0.08,0.14,0.14,0.12,0.06,0.14,0.12,0.16,0.12,0.14,0.19,0.09,0.08,0.15,0.12,0.14,0.16,0.14,0.12,0.14,0.14,0.14,0.11,0.09,0.0,0.18,0.04,0.0,0.15,0.0,0.11,0.2,0.18,0.06,0.1,0.17,0.2,0.18,0.12,0.19,0.12,0.12,0.12,0.22,0.1,0.09,0.04,0.06,0.14,0.03,0.1,0.17,0.12,0.04,0.14,0.0,0.04,0.0,0.16,0.19,0.2,0.04,0.09,0.05,0.26,0.11,0.2,0.0,0.14,0.06,0.04,0.76,0.2,0.2,0.18,1.0,0.36,0.16,0.12,0.05,0.05,0.04,0.14,0.18,0.0,0.0,0.04,0.14,0.0,0.15,0.2,0.05,0.18,0.08,0.18,0.24,0.06,0.04,0.06,0.05,0.19,0.2,0.15,0.14,0.17,0.04,0.1,0.16,0.04,0.04,0.0,0.0,0.2,0.2,0.2,0.18,0.06,0.17,0.04,0.12,0.12,0.22,0.14,0.16,0.2,0.12,0.07,0.04,0.16,0.11,0.22,0.15,0.0,0.06,0.14,0.18,0.2,0.0,0.19,0.18,0.22,0.0
peperoni in padella,0.16,0.14,0.06,0.0,0.14,0.0,0.0,0.16,0.0,0.0,0.16,0.18,0.09,0.08,0.14,0.12,0.12,0.14,0.07,0.12,0.11,0.08,0.06,0.06,0.08,0.0,0.18,0.06,0.16,0.14,0.0,0.0,0.14,0.08,0.12,0.14,0.08,0.0,0.0,0.0,0.05,0.14,0.0,0.12,0.07,0.26,0.1,0.22,0.16,0.14,0.14,0.0,0.06,0.06,0.06,0.05,0.04,0.06,0.0,0.2,0.14,0.06,0.07,0.14,0.1,0.14,0.0,0.14,0.06,0.16,0.11,0.06,0.1,0.0,0.14,0.14,0.18,0.12,0.23,0.05,0.0,0.06,0.14,0.05,0.06,0.12,0.12,0.12,0.04,0.14,0.11,0.18,0.11,0.14,0.14,0.06,0.06,0.16,0.11,0.1,0.19,0.12,0.1,0.14,0.12,0.12,0.08,0.06,0.0,0.12,0.06,0.0,0.1,0.0,0.08,0.17,0.12,0.09,0.07,0.16,0.14,0.12,0.09,0.14,0.09,0.06,0.1,0.12,0.06,0.0,0.0,0.0,0.1,0.04,0.09,0.08,0.12,0.06,0.1,0.0,0.06,0.0,0.14,0.18,0.14,0.06,0.06,0.07,0.62,0.08,0.14,0.0,0.14,0.08,0.0,0.14,0.14,0.14,0.12,0.36,1.0,0.48,0.1,0.07,0.0,0.06,0.14,0.12,0.0,0.0,0.06,0.1,0.0,0.1,0.14,0.0,0.12,0.1,0.12,0.14,0.08,0.06,0.08,0.07,0.18,0.14,0.1,0.12,0.16,0.06,0.07,0.07,0.0,0.06,0.0,0.0,0.14,0.14,0.18,0.2,0.0,0.16,0.06,0.12,0.06,0.16,0.1,0.14,0.14,0.09,0.05,0.06,0.12,0.08,0.25,0.16,0.0,0.09,0.12,0.18,0.14,0.0,0.14,0.12,0.16,0.0
peperoni in padella con patate e tonno,0.07,0.06,0.06,0.0,0.06,0.0,0.0,0.07,0.0,0.0,0.14,0.16,0.04,0.0,0.06,0.21,0.08,0.06,0.0,0.06,0.05,0.0,0.06,0.06,0.0,0.0,0.0,0.06,0.07,0.06,0.0,0.0,0.06,0.07,0.06,0.06,0.0,0.0,0.0,0.0,0.0,0.06,0.0,0.06,0.0,0.16,0.04,0.06,0.07,0.13,0.06,0.0,0.0,0.06,0.06,0.04,0.04,0.06,0.0,0.12,0.06,0.06,0.06,0.06,0.05,0.06,0.0,0.08,0.06,0.07,0.05,0.06,0.05,0.0,0.06,0.06,0.06,0.06,0.13,0.04,0.18,0.05,0.12,0.04,0.0,0.06,0.06,0.06,0.0,0.06,0.05,0.06,0.0,0.2,0.22,0.0,0.0,0.05,0.05,0.16,0.17,0.18,0.05,0.06,0.06,0.06,0.0,0.0,0.05,0.16,0.06,0.0,0.1,0.0,0.0,0.05,0.11,0.08,0.13,0.07,0.06,0.06,0.0,0.06,0.0,0.0,0.1,0.06,0.06,0.0,0.0,0.0,0.04,0.04,0.04,0.0,0.1,0.06,0.04,0.18,0.06,0.0,0.06,0.26,0.26,0.06,0.0,0.06,0.64,0.0,0.06,0.16,0.24,0.07,0.18,0.06,0.06,0.13,0.06,0.16,0.48,1.0,0.24,0.06,0.0,0.12,0.24,0.11,0.0,0.0,0.06,0.21,0.0,0.1,0.06,0.0,0.11,0.1,0.06,0.06,0.07,0.11,0.26,0.06,0.08,0.08,0.05,0.21,0.26,0.22,0.0,0.0,0.0,0.06,0.06,0.0,0.23,0.06,0.12,0.13,0.0,0.07,0.06,0.2,0.0,0.1,0.09,0.0,0.06,0.08,0.0,0.06,0.06,0.16,0.11,0.05,0.0,0.08,0.06,0.11,0.06,0.0,0.06,0.0,0.07,0.0
peperoni ripieni di tonno,0.14,0.12,0.05,0.0,0.12,0.0,0.06,0.14,0.0,0.0,0.18,0.32,0.04,0.06,0.17,0.1,0.14,0.18,0.12,0.16,0.14,0.06,0.17,0.06,0.06,0.0,0.08,0.17,0.2,0.24,0.12,0.0,0.12,0.06,0.1,0.12,0.06,0.0,0.0,0.0,0.04,0.12,0.0,0.15,0.06,0.08,0.12,0.06,0.14,0.06,0.06,0.0,0.06,0.16,0.12,0.18,0.08,0.06,0.0,0.12,0.17,0.1,0.06,0.17,0.09,0.12,0.06,0.16,0.1,0.14,0.19,0.15,0.09,0.0,0.18,0.12,0.15,0.1,0.0,0.0,0.0,0.1,0.12,0.08,0.05,0.1,0.1,0.1,0.04,0.12,0.1,0.1,0.1,0.12,0.17,0.1,0.05,0.09,0.1,0.23,0.16,0.36,0.09,0.12,0.1,0.1,0.06,0.06,0.0,0.22,0.05,0.06,0.14,0.0,0.14,0.1,0.1,0.0,0.12,0.2,0.18,0.16,0.08,0.17,0.08,0.1,0.14,0.1,0.06,0.0,0.0,0.06,0.16,0.04,0.16,0.06,0.15,0.1,0.12,0.1,0.05,0.0,0.12,0.15,0.12,0.12,0.16,0.06,0.12,0.0,0.12,0.0,0.23,0.06,0.0,0.12,0.12,0.18,0.16,0.12,0.1,0.24,1.0,0.06,0.06,0.06,0.12,0.16,0.0,0.0,0.15,0.2,0.08,0.14,0.31,0.0,0.16,0.06,0.1,0.12,0.14,0.1,0.06,0.12,0.15,0.08,0.18,0.16,0.14,0.12,0.06,0.06,0.12,0.12,0.06,0.06,0.12,0.12,0.16,0.08,0.08,0.14,0.1,0.15,0.22,0.09,0.21,0.06,0.12,0.08,0.04,0.12,0.25,0.06,0.06,0.14,0.0,0.08,0.26,0.1,0.18,0.0,0.17,0.06,0.14,0.0
pico de gallo,0.09,0.08,0.07,0.0,0.08,0.0,0.0,0.09,0.0,0.0,0.0,0.07,0.0,0.0,0.08,0.07,0.11,0.08,0.0,0.07,0.06,0.0,0.0,0.07,0.0,0.0,0.0,0.08,0.09,0.08,0.0,0.0,0.08,0.09,0.07,0.08,0.0,0.0,0.0,0.0,0.0,0.08,0.0,0.07,0.0,0.1,0.06,0.08,0.09,0.08,0.08,0.0,0.0,0.07,0.0,0.06,0.06,0.0,0.0,0.08,0.08,0.07,0.0,0.08,0.06,0.08,0.0,0.1,0.07,0.09,0.0,0.07,0.06,0.0,0.08,0.08,0.07,0.0,0.0,0.06,0.0,0.06,0.08,0.0,0.0,0.07,0.07,0.07,0.0,0.08,0.06,0.07,0.0,0.08,0.08,0.0,0.0,0.06,0.06,0.06,0.06,0.07,0.06,0.08,0.07,0.07,0.0,0.0,0.0,0.07,0.07,0.0,0.06,0.0,0.0,0.06,0.07,0.0,0.08,0.09,0.08,0.07,0.0,0.08,0.0,0.0,0.06,0.07,0.08,0.0,0.0,0.0,0.0,0.0,0.06,0.0,0.07,0.07,0.06,0.0,0.07,0.0,0.08,0.1,0.08,0.08,0.0,0.08,0.08,0.0,0.08,0.0,0.08,0.09,0.0,0.08,0.08,0.08,0.07,0.05,0.07,0.06,0.06,1.0,0.0,0.08,0.08,0.07,0.0,0.0,0.07,0.06,0.0,0.06,0.08,0.0,0.07,0.08,0.07,0.08,0.09,0.07,0.09,0.08,0.1,0.06,0.0,0.07,0.09,0.08,0.0,0.0,0.0,0.08,0.0,0.0,0.08,0.08,0.1,0.0,0.0,0.09,0.07,0.07,0.0,0.0,0.06,0.0,0.08,0.1,0.06,0.08,0.07,0.0,0.07,0.06,0.0,0.1,0.07,0.07,0.08,0.0,0.08,0.0,0.09,0.0
piselli in padella,0.0,0.0,0.07,0.0,0.0,0.0,0.07,0.0,0.0,0.0,0.0,0.0,0.0,0.0,0.08,0.0,0.08,0.0,0.16,0.0,0.06,0.09,0.0,0.07,0.0,0.0,0.0,0.0,0.0,0.08,0.08,0.0,0.0,0.0,0.07,0.0,0.09,0.1,0.0,0.0,0.0,0.08,0.08,0.0,0.0,0.0,0.06,0.16,0.0,0.16,0.0,0.0,0.0,0.07,0.0,0.06,0.06,0.0,0.0,0.08,0.08,0.07,0.08,0.0,0.12,0.08,0.0,0.06,0.07,0.0,0.06,0.0,0.0,0.0,0.0,0.08,0.07,0.0,0.04,0.0,0.07,0.06,0.08,0.0,0.0,0.0,0.0,0.0,0.0,0.0,0.06,0.07,0.0,0.0,0.0,0.0,0.0,0.0,0.0,0.0,0.0,0.07,0.0,0.0,0.0,0.0,0.0,0.0,0.0,0.0,0.0,0.09,0.0,0.0,0.0,0.06,0.0,0.0,0.0,0.0,0.16,0.14,0.0,0.08,0.0,0.0,0.0,0.0,0.0,0.0,0.0,0.09,0.06,0.04,0.0,0.0,0.0,0.07,0.06,0.14,0.07,0.0,0.08,0.0,0.0,0.08,0.0,0.16,0.0,0.09,0.0,0.0,0.08,0.18,0.0,0.0,0.0,0.0,0.0,0.05,0.0,0.0,0.06,0.0,1.0,0.0,0.0,0.0,0.0,0.09,0.07,0.11,0.0,0.12,0.08,0.0,0.0,0.04,0.0,0.08,0.09,0.07,0.09,0.08,0.1,0.0,0.0,0.0,0.09,0.0,0.0,0.0,0.0,0.16,0.07,0.0,0.0,0.0,0.0,0.0,0.1,0.0,0.07,0.0,0.06,0.12,0.06,0.0,0.08,0.0,0.0,0.0,0.07,0.0,0.0,0.12,0.0,0.0,0.07,0.0,0.16,0.0,0.0,0.07,0.0,0.0
piselli in umido,0.08,0.07,0.06,0.0,0.07,0.0,0.0,0.08,0.0,0.0,0.11,0.12,0.14,0.0,0.07,0.06,0.1,0.08,0.0,0.06,0.06,0.08,0.07,0.06,0.0,0.0,0.0,0.07,0.08,0.08,0.0,0.0,0.08,0.08,0.19,0.07,0.0,0.0,0.0,0.0,0.06,0.08,0.0,0.06,0.0,0.1,0.05,0.08,0.08,0.08,0.07,0.0,0.0,0.06,0.07,0.06,0.1,0.07,0.0,0.14,0.07,0.06,0.08,0.07,0.06,0.16,0.0,0.1,0.06,0.08,0.06,0.06,0.06,0.0,0.08,0.08,0.06,0.06,0.12,0.06,0.0,0.06,0.07,0.0,0.06,0.06,0.14,0.12,0.0,0.07,0.06,0.06,0.0,0.07,0.07,0.0,0.06,0.12,0.12,0.06,0.05,0.06,0.06,0.07,0.06,0.06,0.0,0.0,0.0,0.06,0.06,0.0,0.12,0.0,0.0,0.12,0.2,0.0,0.08,0.08,0.08,0.06,0.0,0.07,0.0,0.0,0.06,0.06,0.07,0.0,0.0,0.0,0.1,0.04,0.2,0.0,0.06,0.06,0.05,0.0,0.06,0.0,0.08,0.1,0.08,0.07,0.0,0.08,0.08,0.0,0.08,0.0,0.07,0.08,0.0,0.08,0.08,0.08,0.06,0.04,0.06,0.12,0.06,0.08,0.0,1.0,0.07,0.06,0.0,0.0,0.06,0.05,0.0,0.06,0.08,0.0,0.06,0.08,0.06,0.07,0.08,0.06,0.08,0.08,0.1,0.05,0.12,0.06,0.08,0.07,0.0,0.0,0.0,0.07,0.0,0.0,0.08,0.08,0.1,0.05,0.0,0.08,0.06,0.06,0.0,0.06,0.05,0.0,0.16,0.1,0.05,0.07,0.06,0.08,0.06,0.06,0.0,0.1,0.06,0.06,0.08,0.0,0.07,0.0,0.08,0.0
pizza di patate in padella,0.17,0.14,0.12,0.0,0.14,0.0,0.0,0.17,0.08,0.0,0.11,0.12,0.0,0.08,0.14,0.45,0.14,0.16,0.08,0.14,0.12,0.0,0.07,0.14,0.08,0.0,0.1,0.07,0.17,0.16,0.0,0.0,0.16,0.08,0.12,0.14,0.08,0.0,0.0,0.0,0.06,0.23,0.0,0.19,0.08,0.1,0.1,0.08,0.17,0.08,0.07,0.0,0.06,0.06,0.07,0.11,0.05,0.14,0.0,0.14,0.14,0.14,0.08,0.14,0.12,0.16,0.08,0.14,0.06,0.17,0.12,0.06,0.12,0.0,0.16,0.16,0.12,0.14,0.0,0.0,0.56,0.06,0.07,0.06,0.06,0.14,0.14,0.12,0.1,0.14,0.12,0.12,0.06,0.38,0.46,0.06,0.06,0.12,0.12,0.11,0.1,0.14,0.12,0.14,0.14,0.14,0.08,0.06,0.06,0.14,0.12,0.0,0.12,0.0,0.08,0.12,0.14,0.1,0.08,0.17,0.16,0.14,0.1,0.14,0.1,0.06,0.12,0.14,0.07,0.0,0.0,0.0,0.16,0.04,0.1,0.08,0.19,0.12,0.1,0.56,0.06,0.08,0.16,0.53,0.73,0.07,0.06,0.08,0.4,0.0,0.16,0.4,0.78,0.08,0.62,0.16,0.16,0.16,0.14,0.14,0.14,0.24,0.12,0.08,0.0,0.07,1.0,0.14,0.0,0.0,0.06,0.7,0.0,0.17,0.16,0.0,0.14,0.15,0.14,0.14,0.08,0.14,0.67,0.08,0.19,0.1,0.12,0.52,0.76,0.46,0.16,0.08,0.0,0.07,0.06,0.0,0.48,0.16,0.2,0.16,0.0,0.17,0.06,0.44,0.06,0.17,0.1,0.08,0.16,0.1,0.05,0.07,0.19,0.34,0.06,0.17,0.0,0.19,0.14,0.14,0.16,0.0,0.14,0.06,0.26,0.0
pizzette di melanzane,0.24,0.14,0.06,0.0,0.2,0.14,0.0,0.24,0.0,0.0,0.2,0.42,0.04,0.08,0.2,0.18,0.12,0.14,0.14,0.18,0.17,0.0,0.06,0.06,0.08,0.0,0.09,0.06,0.24,0.14,0.06,0.0,0.22,0.16,0.12,0.14,0.08,0.0,0.0,0.08,0.1,0.14,0.0,0.12,0.07,0.09,0.1,0.07,0.16,0.07,0.14,0.0,0.18,0.06,0.06,0.1,0.04,0.06,0.06,0.2,0.2,0.12,0.07,0.2,0.16,0.14,0.0,0.14,0.06,0.24,0.17,0.06,0.16,0.0,0.22,0.22,0.18,0.18,0.0,0.05,0.06,0.06,0.06,0.1,0.06,0.12,0.12,0.12,0.04,0.14,0.11,0.12,0.06,0.14,0.2,0.06,0.06,0.1,0.11,0.16,0.28,0.12,0.1,0.14,0.12,0.12,0.08,0.06,0.0,0.12,0.06,0.0,0.46,0.0,0.08,0.11,0.18,0.0,0.72,0.74,0.79,0.75,0.42,0.76,0.42,0.18,0.72,0.18,0.45,0.44,0.42,0.66,0.2,0.04,0.09,0.16,0.18,0.06,0.14,0.06,0.06,0.07,0.14,0.18,0.22,0.06,0.06,0.07,0.14,0.08,0.22,0.0,0.14,0.08,0.12,0.22,0.22,0.29,0.18,0.18,0.12,0.11,0.16,0.07,0.0,0.06,0.14,1.0,0.0,0.0,0.06,0.14,0.0,0.1,0.22,0.07,0.31,0.07,0.25,0.2,0.08,0.06,0.08,0.07,0.18,0.14,0.32,0.18,0.16,0.06,0.14,0.14,0.06,0.06,0.0,0.0,0.22,0.22,0.18,0.24,0.09,0.16,0.06,0.12,0.16,0.22,0.3,0.07,0.14,0.18,0.05,0.06,0.18,0.08,0.12,0.1,0.0,0.09,0.12,0.12,0.22,0.0,0.2,0.12,0.24,0.0
polenta in pentola a pressione,0.0,0.0,0.0,0.0,0.0,0.0,0.0,0.0,0.12,0.16,0.0,0.0,0.0,0.0,0.0,0.0,0.0,0.0,0.0,0.0,0.0,0.0,0.0,0.1,0.0,0.2,0.14,0.0,0.0,0.0,0.0,0.0,0.0,0.0,0.0,0.0,0.0,0.14,0.0,0.0,0.0,0.0,0.0,0.0,0.12,0.0,0.0,0.0,0.0,0.0,0.0,0.34,0.2,0.0,0.0,0.0,0.08,0.11,0.0,0.0,0.0,0.0,0.0,0.0,0.0,0.0,0.0,0.0,0.0,0.0,0.0,0.0,0.0,0.14,0.0,0.0,0.1,0.0,0.19,0.0,0.0,0.0,0.0,0.0,0.0,0.0,0.0,0.0,0.07,0.0,0.0,0.0,0.0,0.0,0.0,0.0,0.1,0.0,0.0,0.0,0.0,0.0,0.0,0.0,0.0,0.0,0.0,0.0,0.08,0.0,0.0,0.0,0.0,0.0,0.0,0.0,0.1,0.0,0.0,0.0,0.0,0.0,0.0,0.0,0.14,0.0,0.0,0.1,0.0,0.2,0.0,0.0,0.0,0.0,0.0,0.0,0.0,0.0,0.0,0.0,0.0,0.0,0.0,0.0,0.0,0.0,0.0,0.0,0.0,0.0,0.12,0.0,0.0,0.0,0.0,0.0,0.0,0.0,0.0,0.0,0.0,0.0,0.0,0.0,0.0,0.0,0.0,0.0,1.0,0.26,0.0,0.0,0.0,0.0,0.0,0.0,0.0,0.0,0.0,0.0,0.0,0.0,0.0,0.0,0.0,0.08,0.0,0.0,0.0,0.0,0.0,0.0,0.0,0.0,0.1,0.0,0.0,0.0,0.0,0.0,0.0,0.0,0.0,0.0,0.0,0.0,0.0,0.12,0.0,0.0,0.0,0.0,0.0,0.0,0.0,0.0,0.13,0.0,0.0,0.0,0.0,0.0,0.0,0.2,0.0,0.0
"polenta taragna, con formaggio filante e burro fuso",0.0,0.0,0.0,0.0,0.0,0.0,0.08,0.0,0.09,0.13,0.0,0.0,0.0,0.0,0.0,0.0,0.0,0.0,0.09,0.0,0.0,0.1,0.0,0.16,0.0,0.16,0.11,0.0,0.0,0.0,0.0,0.0,0.0,0.0,0.0,0.0,0.1,0.11,0.0,0.0,0.0,0.0,0.08,0.0,0.09,0.0,0.0,0.09,0.0,0.09,0.0,0.26,0.16,0.0,0.0,0.0,0.06,0.08,0.0,0.0,0.0,0.08,0.0,0.0,0.06,0.0,0.0,0.06,0.08,0.0,0.0,0.0,0.0,0.11,0.0,0.0,0.08,0.0,0.14,0.0,0.08,0.0,0.0,0.0,0.0,0.0,0.0,0.0,0.06,0.0,0.0,0.0,0.0,0.0,0.0,0.0,0.08,0.0,0.0,0.0,0.0,0.0,0.0,0.0,0.0,0.0,0.0,0.0,0.06,0.0,0.0,0.1,0.0,0.0,0.0,0.0,0.08,0.0,0.0,0.0,0.0,0.0,0.0,0.0,0.11,0.0,0.0,0.08,0.0,0.16,0.0,0.0,0.0,0.05,0.0,0.0,0.0,0.08,0.06,0.08,0.08,0.0,0.09,0.0,0.0,0.08,0.0,0.09,0.0,0.1,0.09,0.0,0.0,0.1,0.0,0.0,0.0,0.0,0.0,0.0,0.0,0.0,0.0,0.0,0.09,0.0,0.0,0.0,0.26,1.0,0.0,0.0,0.0,0.06,0.0,0.0,0.0,0.0,0.0,0.0,0.1,0.08,0.1,0.09,0.0,0.06,0.0,0.0,0.0,0.0,0.0,0.0,0.0,0.0,0.08,0.0,0.0,0.0,0.0,0.0,0.11,0.0,0.0,0.0,0.0,0.0,0.0,0.09,0.0,0.0,0.0,0.0,0.0,0.0,0.0,0.0,0.1,0.0,0.0,0.0,0.0,0.0,0.0,0.16,0.0,0.0
polpette di asparagi,0.08,0.12,0.16,0.04,0.06,0.0,0.06,0.08,0.0,0.0,0.05,0.06,0.0,0.0,0.06,0.12,0.18,0.14,0.0,0.12,0.16,0.08,0.19,0.12,0.0,0.0,0.0,0.19,0.08,0.27,0.06,0.0,0.07,0.08,0.11,0.12,0.0,0.08,0.0,0.0,0.0,0.14,0.0,0.11,0.0,0.08,0.04,0.14,0.08,0.14,0.06,0.0,0.0,0.24,0.12,0.19,0.04,0.06,0.0,0.12,0.06,0.18,0.07,0.06,0.1,0.14,0.14,0.17,0.18,0.08,0.1,0.16,0.1,0.0,0.14,0.14,0.06,0.12,0.02,0.0,0.0,0.06,0.06,0.0,0.0,0.06,0.06,0.06,0.0,0.06,0.1,0.11,0.0,0.06,0.06,0.0,0.0,0.05,0.06,0.05,0.04,0.06,0.05,0.06,0.06,0.06,0.0,0.0,0.05,0.06,0.06,0.08,0.1,0.0,0.08,0.06,0.06,0.0,0.14,0.15,0.14,0.12,0.0,0.06,0.0,0.06,0.15,0.06,0.06,0.0,0.0,0.0,0.04,0.04,0.17,0.0,0.06,0.16,0.18,0.06,0.11,0.0,0.07,0.08,0.07,0.12,0.12,0.14,0.07,0.0,0.14,0.06,0.25,0.15,0.0,0.07,0.07,0.07,0.18,0.04,0.06,0.06,0.15,0.07,0.07,0.06,0.06,0.06,0.0,0.0,1.0,0.22,0.08,0.15,0.14,0.0,0.06,0.14,0.06,0.12,0.15,0.18,0.15,0.2,0.16,0.04,0.05,0.12,0.15,0.12,0.0,0.0,0.06,0.12,0.18,0.07,0.07,0.07,0.13,0.04,0.08,0.08,0.22,0.11,0.1,0.1,0.04,0.0,0.07,0.08,0.0,0.19,0.16,0.0,0.06,0.1,0.0,0.08,0.18,0.06,0.14,0.0,0.12,0.06,0.08,0.0
"polpette di patate al forno, un degno sostituto della carne",0.18,0.15,0.14,0.04,0.15,0.06,0.14,0.18,0.0,0.0,0.08,0.09,0.0,0.06,0.2,0.44,0.22,0.28,0.16,0.24,0.26,0.0,0.2,0.04,0.06,0.0,0.06,0.15,0.18,0.28,0.2,0.0,0.16,0.12,0.14,0.15,0.06,0.06,0.0,0.0,0.08,0.22,0.0,0.22,0.06,0.06,0.11,0.11,0.12,0.11,0.1,0.0,0.1,0.24,0.1,0.2,0.07,0.05,0.04,0.2,0.2,0.1,0.06,0.15,0.16,0.16,0.06,0.14,0.24,0.18,0.26,0.18,0.16,0.0,0.28,0.22,0.18,0.14,0.02,0.04,0.6,0.08,0.1,0.04,0.04,0.1,0.1,0.09,0.06,0.1,0.12,0.14,0.04,0.32,0.45,0.04,0.04,0.08,0.08,0.12,0.07,0.14,0.08,0.1,0.1,0.1,0.06,0.04,0.08,0.1,0.04,0.0,0.12,0.0,0.18,0.08,0.14,0.06,0.22,0.24,0.28,0.24,0.06,0.2,0.06,0.18,0.12,0.14,0.1,0.04,0.04,0.12,0.15,0.03,0.18,0.12,0.09,0.04,0.14,0.59,0.04,0.06,0.11,0.45,0.72,0.05,0.14,0.11,0.33,0.06,0.16,0.45,0.86,0.12,0.64,0.16,0.16,0.16,0.24,0.14,0.1,0.21,0.2,0.06,0.11,0.05,0.7,0.14,0.0,0.0,0.22,1.0,0.2,0.24,0.32,0.06,0.14,0.14,0.14,0.2,0.06,0.1,0.62,0.06,0.2,0.1,0.12,0.44,0.74,0.4,0.11,0.11,0.15,0.15,0.24,0.16,0.47,0.16,0.14,0.11,0.06,0.12,0.14,0.48,0.2,0.2,0.15,0.06,0.11,0.14,0.04,0.2,0.31,0.29,0.1,0.2,0.0,0.06,0.24,0.1,0.28,0.04,0.15,0.14,0.24,0.0
polpette zucca e ricotta,0.0,0.1,0.08,0.0,0.0,0.0,0.09,0.0,0.0,0.0,0.0,0.0,0.0,0.0,0.0,0.0,0.0,0.1,0.0,0.09,0.08,0.0,0.19,0.0,0.0,0.0,0.0,0.1,0.0,0.1,0.1,0.0,0.0,0.0,0.0,0.0,0.0,0.0,0.0,0.0,0.0,0.0,0.0,0.08,0.0,0.0,0.0,0.0,0.0,0.0,0.0,0.0,0.0,0.18,0.1,0.72,0.0,0.0,0.0,0.0,0.0,0.0,0.0,0.0,0.0,0.0,0.26,0.13,0.09,0.0,0.16,0.16,0.0,0.0,0.1,0.0,0.0,0.0,0.0,0.0,0.0,0.0,0.0,0.0,0.0,0.0,0.0,0.0,0.0,0.0,0.0,0.0,0.0,0.0,0.0,0.0,0.0,0.0,0.0,0.0,0.0,0.0,0.0,0.0,0.0,0.0,0.0,0.0,0.0,0.0,0.0,0.0,0.0,0.0,0.11,0.0,0.0,0.0,0.1,0.11,0.0,0.0,0.0,0.0,0.0,0.08,0.0,0.0,0.0,0.0,0.0,0.0,0.0,0.0,0.06,0.0,0.0,0.0,0.0,0.0,0.0,0.0,0.0,0.0,0.0,0.0,0.09,0.0,0.0,0.0,0.0,0.0,0.1,0.0,0.0,0.0,0.0,0.0,0.09,0.0,0.0,0.0,0.08,0.0,0.0,0.0,0.0,0.0,0.0,0.0,0.08,0.2,1.0,0.08,0.1,0.0,0.0,0.05,0.0,0.0,0.0,0.0,0.0,0.0,0.0,0.0,0.0,0.0,0.0,0.1,0.0,0.0,0.1,0.0,0.09,0.2,0.0,0.0,0.0,0.0,0.0,0.0,0.0,0.08,0.08,0.0,0.0,0.0,0.0,0.0,0.0,0.1,0.42,0.24,0.26,0.2,0.0,0.0,0.09,0.0,0.0,0.09,0.0,0.0,0.0,0.0
polpettone di fagiolini,0.14,0.12,0.05,0.04,0.12,0.0,0.1,0.3,0.0,0.0,0.08,0.1,0.0,0.06,0.12,0.16,0.16,0.18,0.12,0.16,0.14,0.06,0.12,0.1,0.06,0.0,0.08,0.12,0.26,0.18,0.06,0.0,0.12,0.06,0.1,0.17,0.24,0.0,0.0,0.0,0.04,0.12,0.06,0.15,0.06,0.08,0.08,0.12,0.14,0.12,0.06,0.0,0.6,0.1,0.12,0.18,0.04,0.06,0.0,0.28,0.5,0.41,0.12,0.12,0.14,0.12,0.06,0.2,0.22,0.14,0.14,0.1,0.22,0.0,0.18,0.12,0.26,0.1,0.02,0.0,0.16,0.05,0.06,0.04,0.05,0.1,0.1,0.4,0.08,0.12,0.1,0.1,0.05,0.17,0.17,0.06,0.05,0.09,0.1,0.18,0.08,0.2,0.09,0.12,0.1,0.1,0.06,0.06,0.09,0.16,0.05,0.06,0.09,0.0,0.14,0.14,0.1,0.0,0.12,0.2,0.12,0.1,0.08,0.12,0.08,0.1,0.14,0.27,0.06,0.0,0.0,0.0,0.08,0.06,0.28,0.23,0.1,0.1,0.2,0.1,0.1,0.06,0.18,0.22,0.18,0.12,0.1,0.12,0.18,0.06,0.12,0.12,0.23,0.14,0.05,0.12,0.12,0.12,0.16,0.15,0.1,0.1,0.14,0.06,0.12,0.06,0.17,0.1,0.0,0.06,0.15,0.24,0.08,1.0,0.18,0.0,0.27,0.09,0.1,0.12,0.14,0.16,0.27,0.12,0.15,0.08,0.09,0.16,0.2,0.12,0.06,0.18,0.06,0.06,0.16,0.06,0.18,0.12,0.16,0.08,0.08,0.14,0.1,0.2,0.09,0.14,0.08,0.06,0.18,0.08,0.04,0.23,0.15,0.14,0.06,0.09,0.0,0.08,0.16,0.1,0.12,0.0,0.12,0.22,0.14,0.0
pomodori gratinati,0.28,0.16,0.07,0.0,0.23,0.08,0.07,0.28,0.0,0.0,0.12,0.14,0.0,0.09,0.31,0.22,0.18,0.25,0.25,0.29,0.26,0.0,0.16,0.07,0.09,0.0,0.1,0.16,0.28,0.25,0.23,0.0,0.25,0.18,0.14,0.16,0.09,0.0,0.0,0.0,0.12,0.16,0.0,0.2,0.08,0.1,0.17,0.08,0.18,0.08,0.16,0.0,0.14,0.14,0.08,0.18,0.11,0.08,0.07,0.23,0.31,0.14,0.08,0.23,0.18,0.16,0.0,0.16,0.14,0.28,0.32,0.14,0.18,0.0,0.34,0.25,0.27,0.22,0.0,0.06,0.07,0.13,0.16,0.06,0.07,0.14,0.14,0.14,0.05,0.16,0.13,0.14,0.06,0.16,0.23,0.07,0.07,0.12,0.13,0.18,0.11,0.22,0.12,0.16,0.14,0.14,0.09,0.07,0.0,0.14,0.07,0.0,0.18,0.0,0.18,0.13,0.22,0.0,0.25,0.28,0.34,0.29,0.1,0.31,0.1,0.2,0.12,0.22,0.16,0.07,0.07,0.18,0.28,0.04,0.16,0.18,0.14,0.07,0.16,0.07,0.07,0.0,0.16,0.2,0.25,0.08,0.14,0.08,0.16,0.09,0.25,0.0,0.23,0.09,0.07,0.25,0.25,0.25,0.29,0.2,0.14,0.06,0.31,0.08,0.08,0.08,0.16,0.22,0.0,0.0,0.14,0.32,0.1,0.18,1.0,0.08,0.22,0.08,0.22,0.23,0.09,0.07,0.09,0.08,0.2,0.16,0.24,0.14,0.18,0.08,0.08,0.16,0.16,0.16,0.07,0.08,0.25,0.25,0.21,0.12,0.1,0.18,0.07,0.2,0.24,0.18,0.22,0.08,0.16,0.2,0.06,0.16,0.34,0.09,0.14,0.18,0.0,0.1,0.29,0.14,0.34,0.0,0.23,0.14,0.28,0.0
pomodori in padella con aglio e origano,0.09,0.0,0.0,0.06,0.08,0.08,0.07,0.09,0.0,0.0,0.0,0.0,0.1,0.0,0.08,0.07,0.0,0.0,0.08,0.07,0.06,0.0,0.0,0.0,0.09,0.0,0.0,0.0,0.09,0.0,0.08,0.0,0.08,0.09,0.0,0.0,0.09,0.0,0.0,0.0,0.06,0.0,0.08,0.0,0.0,0.0,0.0,0.0,0.0,0.0,0.08,0.0,0.07,0.0,0.0,0.0,0.06,0.0,0.14,0.08,0.08,0.07,0.0,0.08,0.12,0.0,0.0,0.0,0.0,0.09,0.06,0.0,0.06,0.0,0.08,0.08,0.07,0.07,0.0,0.06,0.14,0.0,0.0,0.0,0.0,0.0,0.0,0.0,0.0,0.0,0.06,0.07,0.06,0.0,0.08,0.0,0.0,0.0,0.15,0.06,0.0,0.0,0.0,0.0,0.0,0.0,0.0,0.07,0.06,0.0,0.0,0.0,0.06,0.0,0.0,0.0,0.07,0.0,0.08,0.0,0.08,0.07,0.2,0.08,0.0,0.14,0.0,0.07,0.16,0.07,0.27,0.28,0.06,0.0,0.0,0.09,0.0,0.0,0.06,0.07,0.0,0.08,0.0,0.0,0.08,0.0,0.0,0.0,0.0,0.09,0.08,0.08,0.0,0.0,0.2,0.08,0.08,0.08,0.07,0.05,0.0,0.0,0.0,0.0,0.0,0.0,0.0,0.07,0.0,0.0,0.0,0.06,0.0,0.0,0.08,1.0,0.07,0.0,0.07,0.08,0.0,0.0,0.0,0.0,0.0,0.06,0.06,0.0,0.0,0.0,0.0,0.16,0.08,0.0,0.0,0.0,0.08,0.08,0.0,0.0,0.1,0.0,0.0,0.0,0.12,0.12,0.06,0.0,0.0,0.1,0.0,0.0,0.07,0.0,0.07,0.0,0.0,0.0,0.07,0.0,0.08,0.07,0.08,0.07,0.09,0.2
pomodori secchi sott’olio,0.24,0.14,0.06,0.0,0.2,0.07,0.0,0.4,0.0,0.0,0.16,0.12,0.04,0.08,0.2,0.18,0.12,0.14,0.14,0.18,0.17,0.0,0.06,0.06,0.08,0.0,0.09,0.06,0.36,0.14,0.06,0.0,0.22,0.16,0.12,0.14,0.18,0.09,0.0,0.0,0.2,0.14,0.0,0.12,0.07,0.09,0.14,0.07,0.16,0.07,0.2,0.0,0.48,0.06,0.06,0.05,0.04,0.06,0.12,0.36,0.32,0.12,0.07,0.2,0.16,0.14,0.0,0.14,0.06,0.24,0.17,0.06,0.24,0.0,0.22,0.22,0.34,0.18,0.0,0.05,0.06,0.06,0.06,0.1,0.06,0.12,0.12,0.22,0.04,0.14,0.11,0.12,0.06,0.14,0.2,0.06,0.06,0.1,0.11,0.26,0.19,0.22,0.1,0.14,0.12,0.12,0.08,0.06,0.0,0.18,0.06,0.0,0.16,0.0,0.08,0.11,0.18,0.09,0.14,0.16,0.22,0.18,0.09,0.2,0.09,0.12,0.16,0.42,0.14,0.18,0.06,0.08,0.14,0.04,0.22,0.32,0.18,0.06,0.14,0.0,0.06,0.0,0.14,0.18,0.22,0.06,0.06,0.07,0.14,0.08,0.22,0.0,0.14,0.08,0.06,0.22,0.22,0.29,0.18,0.18,0.12,0.11,0.16,0.07,0.0,0.06,0.14,0.31,0.0,0.0,0.06,0.14,0.0,0.27,0.22,0.07,1.0,0.07,0.18,0.2,0.08,0.06,0.08,0.07,0.18,0.14,0.22,0.12,0.16,0.06,0.07,0.34,0.06,0.06,0.0,0.0,0.22,0.22,0.18,0.2,0.09,0.16,0.06,0.12,0.1,0.16,0.2,0.07,0.14,0.18,0.05,0.06,0.18,0.08,0.12,0.1,0.0,0.09,0.12,0.12,0.22,0.0,0.2,0.29,0.24,0.0
pomodori verdi fritti,0.09,0.19,0.2,0.05,0.08,0.0,0.04,0.09,0.16,0.0,0.08,0.1,0.08,0.0,0.08,0.07,0.16,0.08,0.0,0.07,0.1,0.0,0.12,0.14,0.0,0.0,0.0,0.08,0.09,0.12,0.0,0.0,0.08,0.09,0.1,0.12,0.0,0.05,0.12,0.0,0.0,0.12,0.0,0.06,0.0,0.15,0.06,0.12,0.09,0.16,0.08,0.12,0.0,0.14,0.19,0.2,0.06,0.15,0.0,0.12,0.08,0.14,0.08,0.08,0.09,0.12,0.12,0.13,0.14,0.09,0.06,0.1,0.15,0.0,0.08,0.12,0.06,0.07,0.05,0.03,0.0,0.06,0.08,0.0,0.0,0.07,0.07,0.06,0.0,0.08,0.1,0.1,0.0,0.08,0.08,0.0,0.0,0.06,0.06,0.06,0.06,0.07,0.06,0.08,0.07,0.07,0.0,0.0,0.03,0.07,0.06,0.0,0.06,0.0,0.0,0.06,0.07,0.05,0.08,0.09,0.12,0.1,0.0,0.08,0.0,0.0,0.09,0.07,0.08,0.0,0.0,0.0,0.16,0.04,0.08,0.0,0.06,0.2,0.08,0.0,0.06,0.0,0.08,0.1,0.08,0.08,0.0,0.12,0.08,0.0,0.08,0.04,0.12,0.14,0.0,0.08,0.08,0.08,0.07,0.08,0.1,0.1,0.06,0.08,0.04,0.08,0.15,0.07,0.0,0.0,0.14,0.14,0.05,0.09,0.08,0.0,0.07,1.0,0.07,0.12,0.09,0.07,0.09,0.08,0.15,0.08,0.06,0.07,0.14,0.19,0.0,0.0,0.0,0.12,0.07,0.04,0.08,0.08,0.1,0.06,0.0,0.09,0.14,0.06,0.0,0.09,0.06,0.0,0.08,0.1,0.0,0.19,0.06,0.0,0.1,0.09,0.09,0.3,0.07,0.1,0.12,0.04,0.08,0.04,0.09,0.0
pomodorini confit,0.24,0.14,0.06,0.0,0.2,0.14,0.0,0.24,0.0,0.0,0.1,0.12,0.0,0.08,0.2,0.25,0.12,0.14,0.14,0.18,0.17,0.0,0.06,0.06,0.08,0.0,0.09,0.14,0.24,0.14,0.06,0.0,0.22,0.16,0.12,0.14,0.08,0.0,0.0,0.0,0.1,0.14,0.0,0.18,0.07,0.09,0.1,0.07,0.16,0.07,0.14,0.0,0.12,0.06,0.06,0.1,0.1,0.06,0.06,0.2,0.2,0.12,0.07,0.26,0.16,0.14,0.0,0.18,0.06,0.24,0.17,0.12,0.16,0.0,0.22,0.22,0.18,0.18,0.0,0.05,0.06,0.11,0.06,0.05,0.06,0.12,0.18,0.12,0.04,0.14,0.11,0.12,0.06,0.14,0.2,0.06,0.06,0.1,0.17,0.16,0.14,0.12,0.1,0.2,0.12,0.12,0.08,0.06,0.0,0.12,0.06,0.0,0.22,0.0,0.08,0.11,0.18,0.0,0.14,0.16,0.22,0.18,0.09,0.2,0.09,0.12,0.1,0.18,0.14,0.06,0.12,0.08,0.14,0.08,0.09,0.16,0.12,0.06,0.19,0.06,0.06,0.07,0.14,0.18,0.22,0.06,0.06,0.07,0.14,0.08,0.22,0.0,0.14,0.08,0.12,0.22,0.22,0.22,0.18,0.18,0.12,0.06,0.1,0.07,0.0,0.06,0.14,0.25,0.0,0.0,0.06,0.14,0.0,0.1,0.22,0.07,0.18,0.07,1.0,0.2,0.08,0.12,0.08,0.07,0.18,0.14,0.22,0.18,0.16,0.06,0.14,0.14,0.06,0.06,0.0,0.0,0.22,0.22,0.18,0.2,0.09,0.16,0.06,0.12,0.1,0.16,0.2,0.07,0.14,0.18,0.05,0.06,0.18,0.08,0.12,0.1,0.0,0.09,0.18,0.12,0.22,0.0,0.26,0.12,0.24,0.0
puntarelle alla romana,0.26,0.14,0.12,0.0,0.28,0.08,0.0,0.26,0.0,0.0,0.11,0.12,0.0,0.08,0.22,0.2,0.17,0.16,0.16,0.2,0.24,0.0,0.07,0.06,0.08,0.0,0.1,0.07,0.26,0.23,0.07,0.0,0.23,0.17,0.19,0.14,0.08,0.1,0.0,0.0,0.11,0.23,0.07,0.12,0.08,0.1,0.1,0.16,0.17,0.16,0.14,0.0,0.14,0.14,0.07,0.06,0.05,0.07,0.06,0.28,0.22,0.14,0.08,0.22,0.23,0.23,0.0,0.14,0.06,0.26,0.18,0.06,0.17,0.0,0.23,0.31,0.19,0.2,0.03,0.06,0.06,0.06,0.07,0.06,0.06,0.14,0.14,0.12,0.04,0.14,0.18,0.19,0.06,0.14,0.22,0.06,0.06,0.12,0.12,0.16,0.1,0.14,0.12,0.14,0.14,0.14,0.08,0.06,0.0,0.14,0.06,0.0,0.17,0.0,0.08,0.12,0.2,0.0,0.16,0.17,0.31,0.26,0.1,0.22,0.1,0.12,0.12,0.26,0.14,0.14,0.06,0.08,0.16,0.04,0.1,0.17,0.12,0.06,0.15,0.0,0.06,0.0,0.16,0.19,0.23,0.07,0.06,0.16,0.16,0.08,0.23,0.0,0.22,0.17,0.06,0.23,0.23,0.23,0.2,0.24,0.14,0.06,0.12,0.08,0.08,0.07,0.14,0.2,0.0,0.0,0.12,0.2,0.0,0.12,0.23,0.08,0.2,0.12,0.2,1.0,0.08,0.06,0.08,0.08,0.28,0.15,0.17,0.14,0.26,0.07,0.08,0.16,0.07,0.14,0.06,0.0,0.23,0.23,0.2,0.1,0.1,0.17,0.12,0.12,0.12,0.23,0.16,0.08,0.16,0.19,0.05,0.07,0.19,0.08,0.14,0.17,0.0,0.1,0.14,0.14,0.31,0.0,0.22,0.2,0.26,0.0
purea di finocchi,0.1,0.08,0.08,0.0,0.08,0.0,0.08,0.1,0.0,0.0,0.06,0.08,0.0,0.0,0.08,0.08,0.12,0.09,0.09,0.08,0.07,0.2,0.17,0.16,0.0,0.0,0.0,0.17,0.1,0.18,0.0,0.0,0.09,0.1,0.08,0.08,0.1,0.0,0.0,0.0,0.0,0.09,0.08,0.08,0.0,0.11,0.06,0.18,0.1,0.18,0.08,0.0,0.0,0.16,0.17,0.13,0.06,0.08,0.0,0.08,0.08,0.24,0.09,0.08,0.77,0.09,0.09,0.23,0.16,0.1,0.07,0.15,0.06,0.0,0.09,0.09,0.08,0.08,0.04,0.0,0.08,0.07,0.08,0.0,0.0,0.08,0.08,0.08,0.0,0.08,0.07,0.08,0.0,0.08,0.08,0.0,0.08,0.06,0.07,0.06,0.06,0.08,0.06,0.08,0.08,0.08,0.0,0.0,0.0,0.08,0.08,0.2,0.14,0.0,0.0,0.07,0.08,0.0,0.09,0.1,0.09,0.08,0.0,0.08,0.0,0.0,0.06,0.08,0.08,0.0,0.0,0.0,0.06,0.1,0.12,0.0,0.08,0.22,0.24,0.15,0.15,0.0,0.18,0.11,0.09,0.26,0.08,0.18,0.09,0.1,0.09,0.0,0.17,0.2,0.0,0.09,0.09,0.09,0.08,0.06,0.08,0.07,0.14,0.09,0.09,0.08,0.08,0.08,0.0,0.1,0.15,0.06,0.0,0.14,0.09,0.0,0.08,0.09,0.08,0.08,1.0,0.24,0.2,0.28,0.11,0.06,0.06,0.16,0.1,0.17,0.0,0.0,0.0,0.08,0.0,0.59,0.09,0.09,0.12,0.06,0.22,0.1,0.15,0.08,0.06,0.06,0.06,0.0,0.09,0.11,0.0,0.08,0.15,0.0,0.08,0.06,0.0,0.11,0.16,0.08,0.09,0.0,0.17,0.0,0.1,0.0
purè di cavolfiore,0.08,0.14,0.12,0.0,0.06,0.0,0.06,0.08,0.0,0.0,0.05,0.06,0.0,0.0,0.06,0.18,0.1,0.07,0.07,0.06,0.06,0.16,0.14,0.18,0.0,0.0,0.0,0.76,0.32,0.72,0.56,0.0,0.07,0.08,0.06,0.06,0.08,0.0,0.0,0.0,0.0,0.07,0.06,0.12,0.0,0.09,0.05,0.14,0.08,0.14,0.06,0.0,0.0,0.12,0.14,0.1,0.1,0.06,0.0,0.06,0.06,0.25,0.07,0.14,0.1,0.07,0.07,0.28,0.12,0.08,0.06,0.18,0.06,0.0,0.07,0.07,0.06,0.06,0.03,0.0,0.12,0.11,0.06,0.0,0.0,0.06,0.12,0.06,0.0,0.06,0.06,0.06,0.0,0.14,0.14,0.06,0.0,0.06,0.11,0.05,0.04,0.06,0.06,0.14,0.06,0.06,0.0,0.0,0.06,0.06,0.06,0.16,0.16,0.0,0.0,0.06,0.06,0.0,0.07,0.08,0.07,0.06,0.0,0.06,0.0,0.0,0.06,0.06,0.06,0.0,0.0,0.0,0.05,0.12,0.14,0.0,0.06,0.24,0.24,0.18,0.18,0.0,0.14,0.18,0.14,0.2,0.06,0.14,0.14,0.08,0.07,0.06,0.2,0.16,0.06,0.07,0.07,0.07,0.06,0.04,0.06,0.11,0.1,0.07,0.07,0.06,0.14,0.06,0.0,0.08,0.18,0.1,0.0,0.16,0.07,0.0,0.06,0.07,0.12,0.06,0.24,1.0,0.32,0.29,0.09,0.04,0.06,0.18,0.16,0.2,0.0,0.0,0.0,0.06,0.62,0.0,0.14,0.07,0.09,0.1,0.18,0.08,0.42,0.12,0.06,0.06,0.05,0.0,0.07,0.09,0.0,0.06,0.12,0.08,0.06,0.06,0.0,0.09,0.18,0.06,0.07,0.0,0.2,0.0,0.08,0.0
purè di patate,0.1,0.17,0.15,0.0,0.08,0.0,0.08,0.1,0.0,0.0,0.06,0.08,0.0,0.0,0.08,0.41,0.12,0.09,0.09,0.08,0.07,0.1,0.08,0.24,0.0,0.0,0.0,0.08,0.1,0.09,0.0,0.0,0.09,0.1,0.08,0.08,0.1,0.0,0.0,0.0,0.0,0.09,0.08,0.08,0.0,0.11,0.06,0.18,0.1,0.18,0.08,0.0,0.0,0.08,0.17,0.13,0.06,0.08,0.0,0.08,0.08,0.24,0.09,0.08,0.14,0.09,0.0,0.29,0.16,0.1,0.07,0.08,0.06,0.0,0.09,0.09,0.08,0.08,0.0,0.0,0.74,0.07,0.08,0.0,0.0,0.08,0.08,0.08,0.0,0.08,0.07,0.08,0.0,0.34,0.42,0.0,0.0,0.06,0.07,0.06,0.06,0.08,0.06,0.08,0.08,0.08,0.0,0.0,0.06,0.08,0.08,0.1,0.06,0.0,0.0,0.07,0.08,0.0,0.09,0.1,0.09,0.08,0.0,0.08,0.0,0.0,0.06,0.08,0.08,0.0,0.0,0.0,0.06,0.1,0.06,0.0,0.08,0.22,0.24,0.65,0.22,0.0,0.18,0.48,0.68,0.17,0.0,0.18,0.35,0.1,0.09,0.34,0.67,0.2,0.57,0.09,0.09,0.09,0.08,0.06,0.08,0.26,0.06,0.09,0.09,0.08,0.67,0.08,0.0,0.1,0.15,0.62,0.0,0.27,0.09,0.0,0.08,0.09,0.08,0.08,0.2,0.32,1.0,0.28,0.11,0.06,0.06,0.41,0.7,0.42,0.0,0.0,0.0,0.08,0.08,0.0,0.44,0.09,0.12,0.06,0.11,0.1,0.08,0.4,0.0,0.06,0.06,0.0,0.09,0.11,0.0,0.17,0.08,0.26,0.08,0.06,0.0,0.11,0.08,0.08,0.09,0.0,0.08,0.0,0.1,0.0
purè di patate col bimby,0.09,0.16,0.14,0.0,0.08,0.0,0.07,0.09,0.0,0.0,0.06,0.07,0.0,0.0,0.08,0.07,0.11,0.08,0.08,0.07,0.06,0.18,0.16,0.29,0.0,0.0,0.0,0.16,0.09,0.16,0.0,0.0,0.08,0.09,0.07,0.08,0.09,0.0,0.0,0.09,0.0,0.08,0.08,0.07,0.0,0.1,0.06,0.16,0.09,0.16,0.08,0.0,0.0,0.22,0.16,0.12,0.06,0.08,0.0,0.08,0.08,0.29,0.08,0.08,0.12,0.08,0.08,0.26,0.14,0.09,0.06,0.7,0.06,0.0,0.08,0.08,0.07,0.07,0.0,0.0,0.07,0.06,0.08,0.0,0.0,0.07,0.07,0.07,0.0,0.08,0.06,0.07,0.0,0.08,0.08,0.0,0.0,0.06,0.06,0.06,0.06,0.07,0.06,0.08,0.07,0.07,0.0,0.0,0.0,0.07,0.07,0.18,0.12,0.0,0.0,0.06,0.07,0.0,0.08,0.09,0.08,0.07,0.0,0.08,0.0,0.0,0.06,0.07,0.08,0.0,0.0,0.0,0.06,0.09,0.1,0.0,0.07,0.27,0.22,0.14,0.2,0.0,0.75,0.1,0.08,0.23,0.4,0.16,0.08,0.09,0.08,0.0,0.16,0.78,0.0,0.08,0.08,0.08,0.07,0.05,0.07,0.06,0.12,0.08,0.08,0.08,0.08,0.07,0.0,0.09,0.2,0.06,0.0,0.12,0.08,0.0,0.07,0.08,0.07,0.08,0.28,0.29,0.28,1.0,0.1,0.06,0.06,0.14,0.09,0.16,0.0,0.0,0.0,0.08,0.0,0.0,0.08,0.08,0.1,0.06,0.2,0.09,0.14,0.07,0.06,0.06,0.06,0.0,0.08,0.1,0.0,0.08,0.14,0.0,0.07,0.06,0.0,0.1,0.14,0.07,0.08,0.0,0.16,0.0,0.09,0.0
radicchio al forno,0.22,0.19,0.16,0.0,0.19,0.0,0.0,0.22,0.0,0.0,0.14,0.16,0.0,0.11,0.19,0.18,0.22,0.2,0.1,0.18,0.24,0.0,0.1,0.09,0.11,0.0,0.12,0.1,0.22,0.3,0.0,0.0,0.2,0.11,0.25,0.19,0.11,0.12,0.0,0.0,0.07,0.3,0.0,0.16,0.1,0.12,0.14,0.2,0.22,0.2,0.1,0.0,0.09,0.18,0.1,0.07,0.06,0.1,0.0,0.28,0.19,0.09,0.1,0.19,0.22,0.3,0.0,0.2,0.09,0.22,0.16,0.08,0.15,0.0,0.2,0.3,0.16,0.18,0.04,0.0,0.0,0.08,0.1,0.07,0.08,0.18,0.18,0.16,0.06,0.19,0.24,0.25,0.08,0.19,0.19,0.09,0.08,0.15,0.16,0.14,0.14,0.18,0.15,0.19,0.18,0.18,0.11,0.09,0.0,0.18,0.08,0.0,0.15,0.0,0.11,0.16,0.18,0.0,0.1,0.22,0.3,0.26,0.12,0.19,0.12,0.08,0.15,0.18,0.1,0.0,0.0,0.0,0.14,0.06,0.13,0.11,0.16,0.08,0.14,0.0,0.08,0.0,0.2,0.25,0.2,0.1,0.09,0.2,0.2,0.0,0.2,0.0,0.28,0.22,0.0,0.2,0.2,0.2,0.18,0.19,0.18,0.08,0.15,0.1,0.1,0.1,0.19,0.18,0.0,0.0,0.16,0.2,0.0,0.15,0.2,0.0,0.18,0.15,0.18,0.28,0.11,0.09,0.11,0.1,1.0,0.14,0.15,0.18,0.34,0.1,0.1,0.1,0.0,0.19,0.09,0.0,0.2,0.2,0.26,0.14,0.0,0.22,0.16,0.16,0.08,0.22,0.14,0.1,0.2,0.12,0.07,0.1,0.16,0.11,0.09,0.22,0.0,0.12,0.18,0.18,0.3,0.0,0.19,0.18,0.22,0.0
radicchio di chioggia igp marinato con gorgonzola e mele,0.18,0.1,0.04,0.0,0.15,0.06,0.0,0.18,0.0,0.08,0.16,0.14,0.04,0.06,0.2,0.19,0.12,0.16,0.11,0.14,0.12,0.0,0.05,0.1,0.06,0.0,0.14,0.05,0.18,0.11,0.05,0.0,0.16,0.12,0.09,0.1,0.06,0.0,0.0,0.0,0.22,0.11,0.0,0.09,0.11,0.14,0.08,0.06,0.12,0.11,0.1,0.08,0.14,0.04,0.05,0.04,0.07,0.1,0.04,0.15,0.15,0.1,0.06,0.15,0.16,0.16,0.0,0.14,0.04,0.18,0.12,0.04,0.12,0.06,0.16,0.16,0.18,0.14,0.09,0.08,0.04,0.08,0.05,0.08,0.04,0.14,0.1,0.14,0.04,0.15,0.12,0.14,0.04,0.2,0.15,0.04,0.09,0.18,0.12,0.12,0.07,0.14,0.08,0.1,0.1,0.1,0.06,0.1,0.04,0.14,0.04,0.0,0.12,0.0,0.06,0.08,0.19,0.06,0.16,0.12,0.16,0.19,0.06,0.2,0.14,0.09,0.08,0.19,0.1,0.1,0.04,0.06,0.11,0.03,0.07,0.12,0.09,0.04,0.1,0.0,0.09,0.0,0.11,0.14,0.16,0.05,0.04,0.06,0.11,0.06,0.22,0.0,0.1,0.06,0.04,0.16,0.16,0.16,0.14,0.2,0.14,0.08,0.08,0.06,0.0,0.05,0.1,0.14,0.08,0.06,0.04,0.1,0.0,0.08,0.16,0.06,0.14,0.08,0.14,0.15,0.06,0.04,0.06,0.06,0.14,1.0,0.12,0.1,0.12,0.05,0.06,0.11,0.05,0.05,0.04,0.0,0.16,0.16,0.14,0.08,0.06,0.12,0.04,0.14,0.08,0.12,0.11,0.11,0.11,0.14,0.04,0.05,0.14,0.06,0.14,0.08,0.06,0.06,0.1,0.14,0.16,0.0,0.15,0.14,0.18,0.0
ratatouille,0.2,0.12,0.05,0.0,0.17,0.12,0.0,0.2,0.0,0.0,0.0,0.2,0.0,0.06,0.17,0.16,0.11,0.12,0.12,0.16,0.14,0.0,0.0,0.06,0.06,0.0,0.08,0.06,0.2,0.12,0.06,0.0,0.18,0.14,0.1,0.12,0.06,0.0,0.0,0.0,0.13,0.12,0.0,0.15,0.06,0.08,0.08,0.06,0.14,0.06,0.12,0.0,0.16,0.06,0.0,0.08,0.04,0.0,0.05,0.17,0.17,0.1,0.0,0.17,0.14,0.12,0.0,0.12,0.06,0.2,0.0,0.05,0.14,0.0,0.18,0.18,0.15,0.0,0.0,0.04,0.06,0.05,0.06,0.04,0.05,0.1,0.1,0.15,0.04,0.12,0.1,0.1,0.05,0.12,0.17,0.0,0.05,0.09,0.1,0.13,0.24,0.1,0.09,0.12,0.1,0.1,0.06,0.06,0.0,0.1,0.05,0.0,0.18,0.0,0.14,0.1,0.22,0.0,0.18,0.2,0.24,0.22,0.15,0.23,0.15,0.15,0.14,0.16,0.17,0.16,0.15,0.14,0.0,0.0,0.12,0.14,0.1,0.1,0.16,0.05,0.05,0.06,0.12,0.15,0.18,0.06,0.06,0.06,0.12,0.06,0.18,0.0,0.12,0.06,0.1,0.18,0.18,0.18,0.16,0.15,0.1,0.05,0.18,0.0,0.0,0.12,0.12,0.32,0.0,0.0,0.05,0.12,0.0,0.09,0.24,0.06,0.22,0.06,0.22,0.17,0.06,0.06,0.06,0.06,0.15,0.12,1.0,0.16,0.14,0.12,0.0,0.12,0.06,0.06,0.0,0.0,0.18,0.24,0.16,0.0,0.08,0.14,0.05,0.1,0.0,0.0,0.3,0.06,0.12,0.22,0.04,0.06,0.15,0.14,0.1,0.09,0.06,0.08,0.16,0.16,0.24,0.0,0.23,0.1,0.27,0.08
rose di patate e speck,0.16,0.14,0.06,0.0,0.14,0.07,0.06,0.16,0.0,0.0,0.1,0.12,0.0,0.08,0.14,0.35,0.12,0.14,0.07,0.12,0.11,0.08,0.14,0.06,0.08,0.0,0.09,0.14,0.16,0.22,0.0,0.0,0.14,0.08,0.12,0.14,0.08,0.0,0.0,0.0,0.05,0.22,0.0,0.18,0.07,0.09,0.1,0.07,0.16,0.07,0.06,0.0,0.06,0.12,0.14,0.16,0.04,0.06,0.0,0.14,0.14,0.12,0.07,0.14,0.1,0.14,0.07,0.18,0.06,0.16,0.11,0.12,0.1,0.0,0.14,0.14,0.12,0.12,0.0,0.0,0.31,0.06,0.06,0.05,0.06,0.12,0.12,0.12,0.09,0.14,0.11,0.12,0.06,0.32,0.36,0.06,0.06,0.1,0.11,0.1,0.14,0.12,0.1,0.14,0.12,0.12,0.08,0.06,0.06,0.12,0.06,0.08,0.16,0.0,0.08,0.11,0.12,0.09,0.07,0.16,0.14,0.12,0.09,0.14,0.09,0.06,0.1,0.12,0.06,0.0,0.06,0.0,0.1,0.04,0.14,0.08,0.12,0.12,0.14,0.42,0.06,0.14,0.14,0.43,0.46,0.14,0.12,0.07,0.34,0.0,0.14,0.7,0.58,0.08,0.42,0.14,0.14,0.14,0.12,0.14,0.12,0.21,0.16,0.07,0.0,0.06,0.52,0.18,0.0,0.0,0.12,0.44,0.0,0.16,0.14,0.0,0.12,0.07,0.18,0.14,0.16,0.18,0.41,0.14,0.18,0.1,0.16,1.0,0.48,0.36,0.22,0.07,0.0,0.06,0.06,0.0,0.38,0.14,0.18,0.2,0.09,0.16,0.12,0.34,0.1,0.16,0.14,0.07,0.14,0.09,0.05,0.06,0.24,0.29,0.06,0.16,0.0,0.09,0.18,0.12,0.14,0.0,0.2,0.06,0.24,0.0
rosti di patate,0.2,0.17,0.15,0.0,0.17,0.0,0.0,0.2,0.0,0.0,0.13,0.15,0.0,0.1,0.17,0.48,0.2,0.18,0.09,0.16,0.21,0.0,0.08,0.16,0.1,0.0,0.11,0.08,0.2,0.28,0.0,0.0,0.18,0.1,0.22,0.17,0.1,0.11,0.0,0.0,0.06,0.28,0.0,0.15,0.09,0.11,0.12,0.18,0.2,0.18,0.08,0.0,0.08,0.16,0.08,0.06,0.06,0.08,0.0,0.26,0.17,0.08,0.09,0.17,0.2,0.28,0.0,0.18,0.08,0.2,0.14,0.08,0.14,0.0,0.18,0.28,0.15,0.16,0.04,0.0,0.58,0.07,0.08,0.06,0.08,0.16,0.16,0.15,0.06,0.17,0.21,0.22,0.07,0.42,0.5,0.08,0.08,0.14,0.14,0.13,0.12,0.16,0.14,0.17,0.16,0.16,0.1,0.08,0.06,0.16,0.08,0.0,0.14,0.0,0.1,0.14,0.16,0.0,0.09,0.2,0.28,0.24,0.11,0.17,0.11,0.08,0.14,0.16,0.08,0.0,0.0,0.0,0.12,0.1,0.12,0.1,0.15,0.08,0.12,0.57,0.08,0.0,0.18,0.58,0.78,0.08,0.08,0.18,0.44,0.0,0.18,0.34,0.84,0.2,0.57,0.18,0.18,0.18,0.16,0.17,0.16,0.26,0.14,0.09,0.09,0.08,0.76,0.16,0.0,0.0,0.15,0.74,0.0,0.2,0.18,0.0,0.16,0.14,0.16,0.26,0.1,0.16,0.7,0.09,0.34,0.12,0.14,0.48,1.0,0.42,0.18,0.09,0.0,0.17,0.16,0.0,0.52,0.18,0.23,0.12,0.0,0.2,0.15,0.48,0.06,0.2,0.18,0.09,0.18,0.11,0.06,0.08,0.15,0.36,0.08,0.2,0.0,0.11,0.16,0.16,0.28,0.0,0.17,0.16,0.2,0.0
rosti di patate e zucchine,0.08,0.14,0.19,0.0,0.07,0.0,0.0,0.08,0.08,0.0,0.06,0.06,0.0,0.0,0.07,0.3,0.1,0.08,0.0,0.06,0.06,0.08,0.22,0.14,0.0,0.0,0.0,0.14,0.08,0.16,0.0,0.0,0.08,0.08,0.06,0.07,0.0,0.0,0.0,0.08,0.0,0.08,0.0,0.06,0.0,0.1,0.05,0.08,0.08,0.08,0.07,0.0,0.0,0.2,0.22,0.16,0.05,0.14,0.0,0.07,0.07,0.2,0.08,0.07,0.06,0.08,0.16,0.2,0.06,0.08,0.06,0.19,0.06,0.0,0.08,0.08,0.06,0.06,0.0,0.0,0.32,0.06,0.07,0.0,0.0,0.06,0.06,0.06,0.0,0.07,0.06,0.06,0.0,0.27,0.31,0.0,0.0,0.06,0.06,0.06,0.1,0.06,0.06,0.07,0.06,0.06,0.0,0.0,0.06,0.06,0.06,0.08,0.12,0.0,0.25,0.06,0.06,0.0,0.08,0.08,0.08,0.06,0.0,0.07,0.0,0.0,0.06,0.06,0.07,0.0,0.0,0.0,0.1,0.04,0.14,0.0,0.06,0.42,0.4,0.38,0.06,0.0,0.08,0.36,0.4,0.14,0.06,0.08,0.28,0.0,0.08,0.24,0.46,0.08,0.32,0.08,0.08,0.08,0.06,0.04,0.06,0.22,0.12,0.08,0.0,0.07,0.46,0.06,0.0,0.0,0.12,0.4,0.1,0.12,0.08,0.0,0.06,0.19,0.06,0.07,0.17,0.2,0.42,0.16,0.1,0.05,0.12,0.36,0.42,1.0,0.0,0.0,0.0,0.07,0.06,0.08,0.32,0.4,0.1,0.05,0.1,0.08,0.12,0.29,0.12,0.06,0.1,0.0,0.08,0.1,0.0,0.07,0.12,0.21,0.06,0.06,0.34,0.19,0.45,0.3,0.4,0.06,0.46,0.0,0.42,0.34
rostkartoffeln,0.09,0.08,0.0,0.0,0.08,0.08,0.0,0.09,0.0,0.0,0.0,0.07,0.0,0.09,0.08,0.07,0.04,0.08,0.08,0.07,0.06,0.0,0.0,0.07,0.09,0.0,0.1,0.0,0.09,0.08,0.0,0.0,0.08,0.0,0.07,0.08,0.09,0.0,0.0,0.0,0.06,0.16,0.0,0.14,0.08,0.0,0.06,0.0,0.09,0.0,0.0,0.0,0.07,0.0,0.0,0.06,0.0,0.0,0.0,0.08,0.08,0.0,0.0,0.08,0.06,0.08,0.0,0.06,0.0,0.09,0.0,0.0,0.06,0.0,0.08,0.08,0.07,0.0,0.0,0.0,0.0,0.0,0.0,0.06,0.07,0.07,0.07,0.07,0.1,0.08,0.06,0.07,0.06,0.08,0.08,0.0,0.07,0.06,0.06,0.06,0.11,0.07,0.06,0.08,0.07,0.07,0.09,0.07,0.0,0.07,0.0,0.0,0.06,0.0,0.09,0.06,0.07,0.1,0.0,0.09,0.08,0.07,0.1,0.08,0.1,0.07,0.06,0.07,0.0,0.0,0.07,0.0,0.0,0.0,0.06,0.09,0.07,0.0,0.06,0.07,0.0,0.16,0.08,0.1,0.08,0.0,0.07,0.0,0.08,0.0,0.08,0.08,0.16,0.0,0.14,0.08,0.08,0.08,0.07,0.1,0.07,0.0,0.06,0.0,0.0,0.0,0.16,0.14,0.0,0.0,0.0,0.11,0.0,0.06,0.08,0.0,0.07,0.0,0.14,0.08,0.0,0.0,0.0,0.0,0.1,0.06,0.0,0.22,0.18,0.0,1.0,0.08,0.0,0.0,0.0,0.0,0.08,0.08,0.1,0.0,0.0,0.09,0.0,0.07,0.0,0.0,0.17,0.08,0.08,0.0,0.06,0.0,0.14,0.09,0.0,0.12,0.0,0.0,0.07,0.07,0.08,0.0,0.08,0.07,0.18,0.0
scarola e fagioli alla napoletana,0.18,0.08,0.0,0.06,0.16,0.08,0.07,0.31,0.0,0.0,0.06,0.07,0.1,0.09,0.16,0.14,0.04,0.08,0.16,0.14,0.13,0.0,0.0,0.0,0.18,0.0,0.1,0.0,0.29,0.08,0.08,0.0,0.16,0.09,0.07,0.08,0.27,0.0,0.0,0.0,0.18,0.08,0.08,0.07,0.08,0.0,0.06,0.0,0.09,0.0,0.08,0.0,0.34,0.0,0.0,0.0,0.0,0.0,0.14,0.28,0.26,0.07,0.0,0.16,0.18,0.08,0.0,0.06,0.0,0.18,0.13,0.0,0.2,0.0,0.16,0.16,0.26,0.14,0.0,0.06,0.14,0.0,0.0,0.06,0.07,0.07,0.07,0.16,0.05,0.08,0.06,0.07,0.13,0.08,0.16,0.07,0.07,0.06,0.06,0.2,0.06,0.16,0.06,0.08,0.07,0.07,0.09,0.14,0.06,0.12,0.0,0.0,0.12,0.0,0.09,0.06,0.14,0.0,0.08,0.09,0.16,0.14,0.1,0.16,0.1,0.14,0.06,0.34,0.08,0.14,0.14,0.18,0.12,0.0,0.16,0.31,0.07,0.0,0.11,0.07,0.0,0.08,0.08,0.1,0.16,0.0,0.07,0.0,0.08,0.09,0.16,0.08,0.08,0.0,0.14,0.16,0.16,0.16,0.14,0.16,0.07,0.0,0.06,0.0,0.0,0.0,0.08,0.14,0.0,0.0,0.0,0.11,0.0,0.18,0.16,0.16,0.34,0.0,0.14,0.16,0.0,0.0,0.0,0.0,0.1,0.11,0.12,0.07,0.09,0.0,0.08,1.0,0.32,0.0,0.0,0.0,0.16,0.16,0.1,0.12,0.1,0.09,0.0,0.07,0.18,0.12,0.12,0.08,0.08,0.1,0.06,0.0,0.14,0.09,0.07,0.06,0.0,0.0,0.07,0.07,0.16,0.07,0.16,0.27,0.18,0.1
scarola imbottita,0.08,0.0,0.0,0.0,0.07,0.08,0.06,0.08,0.0,0.0,0.06,0.0,0.0,0.0,0.07,0.06,0.0,0.08,0.08,0.14,0.12,0.0,0.07,0.0,0.0,0.0,0.0,0.07,0.08,0.08,0.14,0.0,0.08,0.08,0.0,0.0,0.0,0.0,0.0,0.0,0.06,0.0,0.0,0.06,0.0,0.0,0.0,0.0,0.0,0.0,0.07,0.0,0.06,0.06,0.0,0.06,0.0,0.0,0.06,0.07,0.07,0.06,0.0,0.14,0.06,0.0,0.0,0.0,0.06,0.08,0.12,0.06,0.06,0.0,0.16,0.08,0.06,0.06,0.0,0.06,0.06,0.0,0.0,0.0,0.0,0.06,0.0,0.0,0.0,0.0,0.0,0.0,0.0,0.0,0.14,0.0,0.0,0.0,0.0,0.06,0.05,0.06,0.0,0.0,0.0,0.0,0.0,0.0,0.0,0.06,0.0,0.0,0.06,0.0,0.08,0.0,0.06,0.0,0.16,0.08,0.08,0.06,0.0,0.07,0.0,0.19,0.0,0.06,0.07,0.06,0.06,0.08,0.05,0.0,0.05,0.08,0.0,0.0,0.05,0.0,0.0,0.0,0.0,0.0,0.08,0.0,0.06,0.0,0.0,0.08,0.08,0.0,0.07,0.0,0.06,0.08,0.08,0.08,0.14,0.04,0.0,0.0,0.12,0.0,0.0,0.0,0.0,0.06,0.0,0.0,0.06,0.15,0.1,0.06,0.16,0.08,0.06,0.0,0.06,0.07,0.0,0.0,0.0,0.0,0.0,0.05,0.06,0.0,0.0,0.0,0.0,0.32,1.0,0.0,0.06,0.08,0.08,0.08,0.0,0.0,0.1,0.0,0.0,0.06,0.12,0.06,0.05,0.0,0.0,0.1,0.0,0.07,0.12,0.0,0.06,0.0,0.0,0.0,0.06,0.0,0.08,0.0,0.07,0.06,0.08,0.0
sformati light di cavolfiore e bresaola,0.08,0.07,0.12,0.0,0.07,0.0,0.0,0.08,0.0,0.0,0.06,0.06,0.0,0.0,0.14,0.06,0.17,0.08,0.08,0.06,0.12,0.0,0.07,0.06,0.0,0.0,0.0,0.07,0.08,0.16,0.07,0.0,0.08,0.08,0.12,0.07,0.0,0.1,0.0,0.0,0.0,0.16,0.0,0.06,0.0,0.1,0.1,0.16,0.08,0.16,0.07,0.0,0.0,0.14,0.07,0.11,0.1,0.07,0.0,0.14,0.14,0.06,0.08,0.07,0.12,0.16,0.0,0.1,0.06,0.08,0.12,0.06,0.06,0.0,0.08,0.16,0.12,0.06,0.03,0.0,0.0,0.12,0.14,0.0,0.0,0.06,0.06,0.06,0.0,0.07,0.12,0.12,0.0,0.07,0.07,0.0,0.0,0.06,0.06,0.06,0.05,0.14,0.06,0.07,0.06,0.06,0.0,0.0,0.0,0.06,0.06,0.0,0.06,0.0,0.0,0.06,0.06,0.0,0.08,0.08,0.23,0.2,0.0,0.14,0.0,0.0,0.06,0.06,0.07,0.0,0.0,0.08,0.1,0.04,0.05,0.0,0.06,0.06,0.05,0.06,0.06,0.0,0.08,0.1,0.08,0.07,0.0,0.16,0.08,0.0,0.08,0.0,0.14,0.17,0.0,0.08,0.08,0.08,0.06,0.04,0.06,0.06,0.12,0.08,0.16,0.07,0.07,0.06,0.0,0.0,0.12,0.15,0.0,0.06,0.16,0.0,0.06,0.12,0.06,0.14,0.08,0.06,0.08,0.08,0.19,0.05,0.06,0.06,0.17,0.07,0.0,0.0,0.0,1.0,0.06,0.0,0.08,0.08,0.1,0.05,0.0,0.08,0.12,0.06,0.06,0.12,0.1,0.0,0.08,0.1,0.0,0.07,0.12,0.0,0.06,0.17,0.0,0.1,0.14,0.06,0.23,0.0,0.07,0.06,0.08,0.0
sformato di cavolfiore,0.0,0.0,0.06,0.04,0.0,0.0,0.06,0.0,0.07,0.0,0.0,0.0,0.0,0.0,0.0,0.06,0.1,0.07,0.0,0.06,0.11,0.0,0.06,0.0,0.0,0.12,0.0,0.64,0.24,0.72,0.64,0.0,0.0,0.0,0.06,0.06,0.0,0.18,0.0,0.0,0.0,0.07,0.0,0.06,0.0,0.0,0.0,0.07,0.0,0.07,0.0,0.1,0.06,0.12,0.0,0.1,0.0,0.0,0.0,0.06,0.0,0.0,0.0,0.0,0.06,0.07,0.07,0.04,0.12,0.0,0.06,0.12,0.06,0.0,0.07,0.07,0.0,0.0,0.12,0.0,0.06,0.0,0.0,0.0,0.0,0.0,0.0,0.0,0.04,0.0,0.06,0.06,0.0,0.06,0.06,0.06,0.0,0.0,0.0,0.0,0.0,0.0,0.0,0.0,0.0,0.0,0.0,0.0,0.16,0.0,0.0,0.0,0.0,0.09,0.08,0.0,0.0,0.0,0.07,0.08,0.07,0.06,0.0,0.0,0.0,0.06,0.06,0.0,0.0,0.06,0.0,0.0,0.0,0.0,0.09,0.0,0.0,0.0,0.04,0.06,0.0,0.0,0.0,0.09,0.07,0.0,0.06,0.07,0.07,0.0,0.0,0.14,0.2,0.08,0.06,0.0,0.0,0.0,0.06,0.0,0.0,0.06,0.06,0.0,0.07,0.0,0.06,0.0,0.1,0.08,0.18,0.24,0.09,0.16,0.07,0.0,0.0,0.07,0.0,0.06,0.0,0.62,0.08,0.0,0.09,0.04,0.0,0.06,0.16,0.06,0.0,0.0,0.06,0.06,1.0,0.14,0.07,0.0,0.0,0.0,0.0,0.0,0.42,0.12,0.06,0.06,0.0,0.07,0.0,0.0,0.0,0.14,0.06,0.08,0.0,0.06,0.08,0.0,0.06,0.0,0.07,0.0,0.0,0.12,0.0,0.0
sformato di finocchi,0.0,0.08,0.07,0.0,0.0,0.0,0.07,0.0,0.0,0.0,0.0,0.0,0.0,0.0,0.0,0.0,0.0,0.08,0.0,0.07,0.06,0.0,0.16,0.0,0.0,0.0,0.0,0.08,0.0,0.08,0.08,0.0,0.0,0.0,0.0,0.0,0.0,0.0,0.0,0.0,0.0,0.0,0.0,0.07,0.0,0.0,0.06,0.0,0.0,0.0,0.0,0.0,0.0,0.14,0.08,0.06,0.0,0.0,0.0,0.0,0.0,0.0,0.0,0.0,0.62,0.0,0.0,0.06,0.07,0.0,0.06,0.2,0.0,0.0,0.08,0.0,0.0,0.0,0.04,0.0,0.0,0.0,0.0,0.0,0.0,0.0,0.0,0.0,0.0,0.0,0.0,0.0,0.0,0.0,0.0,0.0,0.07,0.0,0.0,0.0,0.0,0.0,0.0,0.0,0.0,0.0,0.0,0.0,0.0,0.0,0.0,0.0,0.0,0.1,0.09,0.0,0.0,0.0,0.08,0.09,0.0,0.0,0.0,0.0,0.0,0.07,0.0,0.0,0.0,0.0,0.0,0.0,0.0,0.0,0.06,0.0,0.0,0.0,0.0,0.0,0.0,0.0,0.0,0.0,0.0,0.0,0.07,0.0,0.0,0.0,0.0,0.0,0.08,0.0,0.0,0.0,0.0,0.0,0.07,0.0,0.0,0.0,0.06,0.0,0.0,0.0,0.0,0.0,0.0,0.0,0.07,0.16,0.2,0.06,0.08,0.0,0.0,0.04,0.0,0.0,0.59,0.0,0.0,0.0,0.0,0.0,0.0,0.0,0.0,0.08,0.0,0.0,0.08,0.0,0.14,1.0,0.0,0.0,0.0,0.0,0.0,0.0,0.0,0.07,0.06,0.0,0.0,0.0,0.0,0.0,0.0,0.08,0.07,0.0,0.0,0.0,0.0,0.0,0.07,0.0,0.0,0.07,0.0,0.0,0.0,0.0
spaghetti di patate alla paprika,0.28,0.16,0.07,0.0,0.23,0.08,0.0,0.28,0.0,0.0,0.12,0.14,0.0,0.09,0.23,0.45,0.14,0.16,0.16,0.22,0.2,0.0,0.08,0.07,0.09,0.0,0.1,0.08,0.28,0.16,0.08,0.0,0.25,0.18,0.14,0.16,0.09,0.0,0.0,0.0,0.12,0.16,0.0,0.2,0.08,0.1,0.12,0.08,0.18,0.08,0.16,0.0,0.14,0.07,0.08,0.06,0.06,0.08,0.07,0.23,0.23,0.14,0.08,0.23,0.18,0.16,0.0,0.16,0.07,0.28,0.2,0.07,0.18,0.0,0.25,0.25,0.2,0.22,0.0,0.06,0.4,0.06,0.08,0.06,0.07,0.14,0.14,0.14,0.05,0.16,0.13,0.14,0.06,0.36,0.48,0.07,0.07,0.12,0.13,0.18,0.11,0.14,0.12,0.16,0.14,0.14,0.09,0.07,0.06,0.14,0.07,0.0,0.18,0.0,0.09,0.13,0.22,0.0,0.16,0.18,0.25,0.22,0.1,0.23,0.1,0.14,0.12,0.22,0.16,0.07,0.07,0.09,0.17,0.04,0.1,0.18,0.14,0.07,0.16,0.32,0.07,0.0,0.16,0.91,0.58,0.08,0.07,0.08,0.38,0.09,0.25,0.24,0.48,0.09,0.45,0.25,0.25,0.25,0.22,0.2,0.14,0.23,0.12,0.08,0.0,0.08,0.48,0.22,0.0,0.0,0.07,0.47,0.0,0.18,0.25,0.08,0.22,0.08,0.22,0.23,0.09,0.14,0.44,0.08,0.2,0.16,0.18,0.38,0.52,0.32,0.08,0.16,0.08,0.08,0.07,0.0,1.0,0.25,0.21,0.12,0.1,0.18,0.07,0.37,0.12,0.18,0.17,0.08,0.16,0.2,0.06,0.08,0.2,0.31,0.14,0.12,0.0,0.1,0.14,0.14,0.25,0.0,0.23,0.14,0.28,0.0
spaghetti di zucchine,0.28,0.16,0.07,0.0,0.23,0.08,0.0,0.28,0.0,0.0,0.12,0.14,0.0,0.09,0.23,0.22,0.14,0.16,0.16,0.22,0.2,0.0,0.08,0.07,0.09,0.0,0.1,0.08,0.28,0.16,0.08,0.0,0.25,0.18,0.14,0.16,0.09,0.0,0.0,0.09,0.12,0.16,0.0,0.14,0.08,0.1,0.12,0.08,0.18,0.08,0.16,0.0,0.14,0.07,0.08,0.06,0.06,0.08,0.07,0.23,0.23,0.14,0.08,0.23,0.18,0.16,0.0,0.16,0.07,0.28,0.2,0.07,0.18,0.0,0.25,0.25,0.2,0.22,0.0,0.06,0.07,0.06,0.08,0.06,0.07,0.14,0.14,0.14,0.05,0.16,0.2,0.2,0.13,0.16,0.23,0.07,0.07,0.12,0.13,0.18,0.16,0.14,0.18,0.16,0.14,0.22,0.09,0.07,0.0,0.22,0.07,0.0,0.18,0.0,0.44,0.13,0.22,0.0,0.16,0.18,0.25,0.22,0.1,0.23,0.1,0.14,0.12,0.22,0.16,0.07,0.07,0.09,0.17,0.04,0.1,0.18,0.14,0.38,0.72,0.0,0.07,0.0,0.16,0.2,0.25,0.08,0.07,0.08,0.16,0.09,0.25,0.0,0.16,0.09,0.07,0.25,0.25,0.25,0.22,0.2,0.14,0.06,0.12,0.08,0.0,0.08,0.16,0.22,0.0,0.0,0.07,0.16,0.0,0.12,0.25,0.08,0.22,0.08,0.22,0.23,0.09,0.07,0.09,0.08,0.2,0.16,0.24,0.14,0.18,0.4,0.08,0.16,0.08,0.08,0.0,0.0,0.25,1.0,0.26,0.17,0.1,0.18,0.07,0.14,0.24,0.18,0.22,0.08,0.16,0.2,0.06,0.08,0.2,0.09,0.14,0.12,0.59,0.1,0.72,0.46,0.84,0.0,0.81,0.14,0.86,0.6
spaghetti di zucchine con pomodorini,0.23,0.2,0.08,0.0,0.2,0.0,0.0,0.23,0.0,0.0,0.15,0.17,0.0,0.12,0.2,0.23,0.18,0.21,0.1,0.18,0.16,0.0,0.1,0.09,0.12,0.0,0.13,0.1,0.23,0.21,0.0,0.0,0.21,0.12,0.17,0.2,0.12,0.0,0.0,0.0,0.08,0.21,0.0,0.17,0.1,0.13,0.14,0.1,0.23,0.1,0.1,0.0,0.09,0.09,0.1,0.08,0.07,0.1,0.0,0.2,0.2,0.09,0.1,0.2,0.16,0.21,0.0,0.2,0.09,0.23,0.16,0.08,0.16,0.0,0.21,0.21,0.17,0.23,0.0,0.0,0.0,0.08,0.1,0.08,0.08,0.18,0.18,0.17,0.06,0.2,0.2,0.32,0.12,0.2,0.2,0.09,0.08,0.16,0.16,0.15,0.14,0.18,0.2,0.2,0.18,0.32,0.12,0.09,0.0,0.29,0.08,0.0,0.16,0.0,0.12,0.16,0.18,0.0,0.1,0.23,0.21,0.18,0.13,0.2,0.13,0.08,0.2,0.18,0.1,0.0,0.0,0.0,0.14,0.06,0.14,0.12,0.17,0.08,0.14,0.0,0.08,0.0,0.21,0.26,0.21,0.1,0.09,0.1,0.21,0.0,0.26,0.0,0.2,0.12,0.0,0.21,0.21,0.21,0.23,0.2,0.18,0.12,0.16,0.1,0.0,0.1,0.2,0.18,0.0,0.0,0.13,0.14,0.0,0.16,0.21,0.0,0.18,0.1,0.18,0.2,0.12,0.09,0.12,0.1,0.26,0.14,0.16,0.18,0.23,0.1,0.1,0.1,0.0,0.1,0.0,0.0,0.21,0.26,1.0,0.18,0.0,0.23,0.08,0.17,0.12,0.16,0.14,0.1,0.21,0.13,0.1,0.1,0.17,0.12,0.09,0.16,0.0,0.13,0.18,0.18,0.21,0.0,0.2,0.09,0.23,0.0
spiedini di verdure grigliate,0.12,0.1,0.04,0.0,0.1,0.06,0.0,0.12,0.0,0.0,0.0,0.14,0.0,0.06,0.1,0.14,0.1,0.12,0.06,0.1,0.09,0.0,0.0,0.05,0.06,0.0,0.07,0.1,0.12,0.12,0.0,0.0,0.12,0.06,0.09,0.16,0.06,0.0,0.0,0.0,0.08,0.22,0.0,0.18,0.06,0.07,0.12,0.06,0.12,0.12,0.05,0.0,0.14,0.05,0.0,0.08,0.08,0.0,0.04,0.1,0.1,0.05,0.0,0.16,0.08,0.12,0.0,0.14,0.05,0.12,0.0,0.09,0.08,0.0,0.12,0.12,0.09,0.0,0.0,0.0,0.0,0.09,0.1,0.08,0.04,0.1,0.2,0.09,0.1,0.1,0.13,0.14,0.09,0.1,0.1,0.0,0.04,0.08,0.13,0.08,0.26,0.14,0.12,0.16,0.1,0.14,0.06,0.1,0.0,0.14,0.04,0.0,0.16,0.0,0.06,0.09,0.1,0.07,0.12,0.18,0.17,0.14,0.14,0.16,0.14,0.09,0.12,0.14,0.1,0.14,0.09,0.06,0.0,0.0,0.07,0.06,0.09,0.04,0.11,0.04,0.04,0.12,0.12,0.14,0.12,0.05,0.05,0.06,0.22,0.0,0.12,0.05,0.16,0.06,0.09,0.12,0.12,0.12,0.1,0.18,0.2,0.13,0.08,0.0,0.0,0.05,0.16,0.24,0.0,0.0,0.04,0.11,0.0,0.08,0.12,0.0,0.2,0.06,0.2,0.1,0.06,0.1,0.06,0.06,0.14,0.08,0.0,0.2,0.12,0.05,0.0,0.12,0.0,0.05,0.0,0.0,0.12,0.17,0.18,1.0,0.0,0.12,0.04,0.09,0.0,0.0,0.16,0.06,0.12,0.07,0.04,0.05,0.14,0.06,0.05,0.16,0.0,0.14,0.14,0.14,0.12,0.0,0.16,0.1,0.18,0.0
spinaci in padella,0.11,0.0,0.0,0.0,0.1,0.1,0.09,0.11,0.0,0.0,0.0,0.0,0.0,0.0,0.1,0.09,0.0,0.0,0.2,0.09,0.08,0.22,0.1,0.09,0.0,0.0,0.0,0.1,0.11,0.1,0.1,0.0,0.1,0.11,0.0,0.0,0.11,0.0,0.0,0.0,0.07,0.0,0.1,0.0,0.0,0.0,0.0,0.1,0.0,0.1,0.1,0.0,0.09,0.09,0.1,0.07,0.0,0.0,0.08,0.1,0.1,0.26,0.0,0.1,0.15,0.0,0.1,0.13,0.09,0.11,0.08,0.08,0.08,0.0,0.1,0.1,0.08,0.09,0.0,0.07,0.18,0.0,0.0,0.0,0.0,0.0,0.0,0.0,0.0,0.0,0.0,0.0,0.0,0.0,0.1,0.0,0.0,0.0,0.0,0.07,0.0,0.0,0.0,0.0,0.0,0.0,0.0,0.0,0.0,0.0,0.0,0.22,0.15,0.0,0.0,0.0,0.09,0.0,0.1,0.0,0.1,0.09,0.0,0.1,0.0,0.08,0.0,0.09,0.1,0.09,0.08,0.11,0.07,0.06,0.06,0.11,0.0,0.16,0.2,0.16,0.08,0.0,0.1,0.0,0.1,0.19,0.09,0.1,0.0,0.22,0.1,0.0,0.1,0.11,0.08,0.1,0.1,0.1,0.09,0.06,0.0,0.0,0.08,0.0,0.1,0.0,0.0,0.09,0.0,0.11,0.08,0.06,0.0,0.08,0.1,0.1,0.09,0.0,0.09,0.1,0.22,0.18,0.11,0.2,0.0,0.06,0.08,0.09,0.0,0.1,0.0,0.1,0.1,0.0,0.0,0.0,0.1,0.1,0.0,0.0,1.0,0.0,0.08,0.0,0.15,0.08,0.07,0.0,0.0,0.12,0.0,0.0,0.16,0.0,0.09,0.0,0.0,0.0,0.09,0.0,0.1,0.0,0.19,0.09,0.11,0.0
taccole alla paesana,0.2,0.17,0.08,0.0,0.17,0.0,0.0,0.2,0.0,0.0,0.13,0.22,0.0,0.1,0.17,0.16,0.16,0.18,0.09,0.16,0.14,0.0,0.08,0.08,0.1,0.0,0.11,0.08,0.2,0.18,0.0,0.0,0.18,0.1,0.15,0.17,0.1,0.0,0.0,0.0,0.06,0.18,0.0,0.15,0.09,0.11,0.12,0.09,0.2,0.09,0.08,0.0,0.08,0.08,0.08,0.06,0.06,0.08,0.0,0.17,0.17,0.08,0.09,0.17,0.14,0.18,0.0,0.18,0.08,0.2,0.14,0.08,0.14,0.0,0.18,0.18,0.15,0.16,0.0,0.06,0.0,0.07,0.08,0.06,0.08,0.16,0.16,0.15,0.06,0.17,0.21,0.22,0.07,0.17,0.17,0.08,0.08,0.14,0.14,0.13,0.12,0.16,0.14,0.17,0.16,0.16,0.1,0.08,0.0,0.16,0.08,0.0,0.14,0.0,0.1,0.14,0.16,0.0,0.09,0.2,0.18,0.16,0.11,0.17,0.11,0.08,0.14,0.16,0.08,0.0,0.0,0.0,0.12,0.05,0.12,0.1,0.15,0.08,0.12,0.0,0.15,0.0,0.18,0.22,0.18,0.08,0.08,0.09,0.18,0.0,0.18,0.0,0.17,0.1,0.0,0.18,0.18,0.18,0.16,0.17,0.16,0.07,0.14,0.09,0.0,0.08,0.17,0.16,0.0,0.0,0.08,0.12,0.0,0.14,0.18,0.0,0.16,0.09,0.16,0.17,0.1,0.08,0.1,0.09,0.22,0.12,0.14,0.16,0.2,0.08,0.09,0.09,0.0,0.08,0.0,0.0,0.18,0.18,0.23,0.12,0.0,1.0,0.15,0.15,0.06,0.14,0.12,0.09,0.18,0.11,0.06,0.08,0.15,0.1,0.08,0.14,0.0,0.11,0.16,0.16,0.18,0.0,0.17,0.08,0.2,0.11
"torta salata con cavolfiore, una ricetta di recupero con una base croccante",0.08,0.06,0.11,0.04,0.06,0.0,0.0,0.08,0.0,0.0,0.05,0.11,0.0,0.0,0.06,0.06,0.18,0.07,0.0,0.06,0.1,0.08,0.12,0.06,0.0,0.0,0.0,0.44,0.28,0.52,0.32,0.0,0.07,0.08,0.11,0.12,0.0,0.08,0.0,0.0,0.0,0.14,0.0,0.06,0.0,0.08,0.04,0.14,0.08,0.14,0.06,0.0,0.0,0.18,0.12,0.14,0.04,0.06,0.0,0.12,0.06,0.12,0.07,0.06,0.1,0.14,0.14,0.13,0.12,0.08,0.06,0.11,0.18,0.0,0.07,0.14,0.06,0.06,0.06,0.05,0.0,0.14,0.32,0.0,0.0,0.16,0.22,0.16,0.0,0.23,0.32,0.26,0.0,0.19,0.23,0.06,0.0,0.12,0.18,0.15,0.3,0.16,0.22,0.19,0.22,0.15,0.0,0.0,0.05,0.12,0.18,0.08,0.1,0.0,0.0,0.06,0.06,0.0,0.07,0.08,0.14,0.12,0.0,0.06,0.0,0.0,0.1,0.06,0.06,0.0,0.0,0.0,0.04,0.04,0.13,0.0,0.06,0.11,0.14,0.06,0.11,0.0,0.07,0.08,0.07,0.12,0.12,0.14,0.07,0.0,0.07,0.06,0.19,0.15,0.0,0.07,0.07,0.07,0.06,0.04,0.06,0.06,0.1,0.07,0.07,0.06,0.06,0.06,0.0,0.0,0.22,0.14,0.0,0.1,0.07,0.0,0.06,0.14,0.06,0.12,0.15,0.42,0.08,0.14,0.16,0.04,0.05,0.12,0.15,0.12,0.0,0.0,0.0,0.12,0.42,0.0,0.07,0.07,0.08,0.04,0.08,0.15,1.0,0.06,0.05,0.1,0.04,0.0,0.07,0.08,0.0,0.12,0.11,0.0,0.06,0.1,0.0,0.08,0.12,0.06,0.14,0.0,0.12,0.06,0.08,0.08
tortino di fiori di zucca e patate,0.15,0.12,0.06,0.0,0.12,0.0,0.06,0.15,0.0,0.0,0.1,0.11,0.0,0.08,0.12,0.34,0.12,0.27,0.07,0.18,0.16,0.0,0.12,0.06,0.08,0.0,0.08,0.12,0.15,0.2,0.06,0.0,0.14,0.08,0.11,0.12,0.08,0.0,0.0,0.0,0.05,0.14,0.0,0.16,0.07,0.08,0.09,0.07,0.15,0.07,0.06,0.0,0.06,0.12,0.06,0.1,0.04,0.06,0.0,0.12,0.12,0.06,0.07,0.12,0.1,0.45,0.24,0.13,0.12,0.15,0.21,0.11,0.1,0.0,0.2,0.14,0.11,0.12,0.0,0.0,0.31,0.06,0.06,0.05,0.06,0.12,0.12,0.16,0.04,0.12,0.1,0.11,0.06,0.38,0.36,0.06,0.06,0.1,0.1,0.1,0.09,0.12,0.1,0.12,0.12,0.12,0.08,0.06,0.05,0.12,0.06,0.0,0.1,0.0,0.15,0.1,0.12,0.0,0.14,0.22,0.14,0.12,0.08,0.12,0.08,0.11,0.1,0.12,0.06,0.0,0.0,0.0,0.09,0.04,0.13,0.08,0.11,0.06,0.09,0.3,0.11,0.0,0.14,0.42,0.45,0.06,0.18,0.07,0.33,0.0,0.14,0.23,0.5,0.08,0.3,0.14,0.14,0.14,0.18,0.12,0.12,0.2,0.15,0.07,0.0,0.06,0.44,0.12,0.0,0.0,0.11,0.48,0.08,0.2,0.2,0.0,0.12,0.06,0.12,0.12,0.08,0.12,0.4,0.07,0.16,0.14,0.1,0.34,0.48,0.29,0.07,0.07,0.06,0.06,0.12,0.07,0.37,0.14,0.17,0.09,0.0,0.15,0.06,1.0,0.1,0.1,0.09,0.07,0.14,0.08,0.04,0.12,0.16,0.28,0.06,0.1,0.0,0.08,0.18,0.12,0.14,0.0,0.12,0.06,0.15,0.0
verdure gratinate al forno,0.14,0.06,0.0,0.04,0.12,0.06,0.1,0.14,0.0,0.0,0.0,0.15,0.0,0.06,0.17,0.1,0.06,0.12,0.18,0.16,0.14,0.06,0.0,0.0,0.14,0.0,0.08,0.12,0.14,0.18,0.17,0.0,0.12,0.06,0.05,0.06,0.14,0.0,0.0,0.0,0.08,0.06,0.06,0.1,0.06,0.0,0.08,0.0,0.06,0.0,0.06,0.0,0.1,0.1,0.0,0.13,0.04,0.0,0.05,0.12,0.17,0.1,0.0,0.12,0.14,0.06,0.06,0.08,0.06,0.14,0.0,0.1,0.09,0.0,0.18,0.12,0.15,0.0,0.0,0.04,0.1,0.05,0.06,0.04,0.05,0.06,0.06,0.05,0.04,0.06,0.1,0.1,0.14,0.06,0.12,0.0,0.05,0.04,0.05,0.08,0.12,0.1,0.09,0.06,0.06,0.1,0.06,0.1,0.04,0.1,0.0,0.06,0.18,0.0,0.2,0.05,0.1,0.0,0.18,0.2,0.24,0.22,0.15,0.23,0.15,0.2,0.09,0.1,0.12,0.1,0.15,0.27,0.0,0.0,0.12,0.14,0.05,0.1,0.16,0.15,0.0,0.06,0.06,0.08,0.12,0.06,0.16,0.0,0.06,0.06,0.12,0.06,0.17,0.0,0.1,0.12,0.12,0.12,0.16,0.12,0.06,0.0,0.22,0.0,0.06,0.0,0.06,0.16,0.0,0.0,0.1,0.2,0.08,0.09,0.24,0.12,0.1,0.0,0.1,0.12,0.06,0.06,0.0,0.06,0.08,0.08,0.0,0.1,0.06,0.12,0.0,0.18,0.12,0.06,0.06,0.06,0.12,0.24,0.12,0.0,0.15,0.06,0.05,0.1,1.0,0.0,0.25,0.06,0.06,0.08,0.04,0.06,0.25,0.06,0.06,0.09,0.06,0.0,0.26,0.1,0.24,0.06,0.23,0.1,0.2,0.15
verdure grigliate,0.2,0.12,0.1,0.0,0.17,0.06,0.0,0.2,0.0,0.0,0.0,0.15,0.0,0.06,0.17,0.16,0.14,0.12,0.12,0.16,0.19,0.0,0.0,0.06,0.06,0.0,0.08,0.06,0.2,0.18,0.06,0.0,0.18,0.14,0.15,0.17,0.06,0.08,0.0,0.0,0.08,0.24,0.0,0.15,0.06,0.08,0.08,0.12,0.14,0.12,0.12,0.0,0.1,0.1,0.0,0.04,0.04,0.0,0.05,0.23,0.17,0.1,0.0,0.17,0.18,0.18,0.0,0.12,0.06,0.2,0.0,0.05,0.14,0.0,0.18,0.24,0.15,0.0,0.0,0.04,0.06,0.05,0.06,0.08,0.05,0.16,0.1,0.1,0.12,0.12,0.14,0.15,0.05,0.12,0.17,0.0,0.05,0.09,0.14,0.13,0.16,0.16,0.09,0.12,0.16,0.1,0.06,0.06,0.0,0.1,0.05,0.0,0.18,0.0,0.06,0.14,0.16,0.08,0.18,0.2,0.31,0.26,0.22,0.23,0.15,0.15,0.14,0.16,0.17,0.1,0.1,0.14,0.0,0.0,0.08,0.14,0.1,0.05,0.12,0.0,0.05,0.06,0.12,0.15,0.18,0.06,0.06,0.12,0.18,0.06,0.18,0.06,0.23,0.14,0.1,0.18,0.18,0.18,0.16,0.22,0.16,0.1,0.09,0.0,0.12,0.06,0.17,0.22,0.0,0.0,0.1,0.2,0.0,0.14,0.18,0.12,0.16,0.09,0.16,0.23,0.06,0.06,0.06,0.06,0.22,0.12,0.0,0.16,0.2,0.06,0.0,0.12,0.06,0.12,0.06,0.0,0.18,0.18,0.16,0.0,0.08,0.14,0.1,0.1,0.0,1.0,0.16,0.06,0.18,0.15,0.04,0.06,0.2,0.06,0.1,0.18,0.0,0.15,0.1,0.1,0.24,0.0,0.17,0.22,0.27,0.0
verdure grigliate e pane croccante,0.18,0.1,0.04,0.0,0.21,0.12,0.0,0.18,0.0,0.0,0.16,0.18,0.07,0.06,0.26,0.14,0.12,0.12,0.17,0.14,0.13,0.0,0.05,0.1,0.06,0.0,0.07,0.05,0.18,0.12,0.1,0.0,0.17,0.12,0.09,0.1,0.12,0.0,0.0,0.12,0.08,0.12,0.0,0.09,0.06,0.07,0.12,0.06,0.12,0.06,0.1,0.0,0.1,0.05,0.05,0.12,0.08,0.05,0.04,0.16,0.21,0.1,0.06,0.16,0.12,0.12,0.0,0.1,0.05,0.18,0.18,0.04,0.12,0.0,0.17,0.17,0.18,0.14,0.0,0.04,0.05,0.13,0.1,0.12,0.09,0.1,0.1,0.09,0.04,0.1,0.09,0.09,0.04,0.1,0.16,0.05,0.04,0.08,0.09,0.12,0.22,0.14,0.08,0.1,0.1,0.1,0.06,0.05,0.0,0.1,0.04,0.0,0.16,0.0,0.12,0.09,0.14,0.0,0.17,0.18,0.28,0.3,0.14,0.26,0.14,0.14,0.16,0.2,0.16,0.1,0.14,0.18,0.19,0.06,0.07,0.12,0.14,0.09,0.15,0.09,0.04,0.06,0.12,0.14,0.17,0.05,0.05,0.06,0.12,0.06,0.17,0.0,0.1,0.06,0.09,0.17,0.17,0.22,0.14,0.14,0.1,0.09,0.21,0.06,0.06,0.05,0.1,0.3,0.0,0.0,0.04,0.15,0.0,0.08,0.22,0.06,0.2,0.06,0.2,0.16,0.06,0.05,0.06,0.06,0.14,0.11,0.3,0.14,0.18,0.1,0.17,0.12,0.05,0.1,0.0,0.0,0.17,0.22,0.14,0.16,0.07,0.12,0.04,0.09,0.25,0.16,1.0,0.06,0.12,0.14,0.04,0.05,0.18,0.06,0.1,0.12,0.06,0.07,0.2,0.14,0.28,0.0,0.21,0.1,0.25,0.07
verza bollita,0.09,0.08,0.0,0.0,0.08,0.0,0.0,0.09,0.08,0.0,0.06,0.07,0.0,0.09,0.16,0.14,0.08,0.08,0.08,0.07,0.06,0.0,0.0,0.0,0.09,0.14,0.2,0.0,0.09,0.08,0.0,0.0,0.08,0.0,0.07,0.08,0.09,0.1,0.0,0.0,0.06,0.08,0.0,0.07,0.08,0.0,0.06,0.08,0.09,0.0,0.08,0.12,0.14,0.0,0.0,0.0,0.0,0.0,0.0,0.16,0.08,0.0,0.0,0.08,0.06,0.08,0.0,0.06,0.0,0.09,0.06,0.0,0.06,0.0,0.08,0.08,0.14,0.07,0.14,0.0,0.0,0.0,0.0,0.12,0.07,0.14,0.07,0.07,0.1,0.16,0.13,0.2,0.06,0.16,0.08,0.07,0.07,0.06,0.13,0.12,0.06,0.14,0.06,0.08,0.07,0.07,0.09,0.14,0.12,0.07,0.0,0.0,0.06,0.0,0.09,0.13,0.07,0.0,0.0,0.09,0.08,0.14,0.1,0.16,0.1,0.07,0.06,0.07,0.0,0.07,0.0,0.0,0.06,0.0,0.06,0.09,0.07,0.0,0.06,0.0,0.0,0.0,0.08,0.1,0.08,0.0,0.07,0.0,0.08,0.0,0.08,0.0,0.08,0.0,0.0,0.08,0.08,0.08,0.07,0.16,0.14,0.0,0.06,0.0,0.0,0.0,0.08,0.07,0.12,0.09,0.0,0.06,0.0,0.06,0.08,0.0,0.07,0.0,0.07,0.08,0.0,0.0,0.0,0.0,0.1,0.11,0.06,0.07,0.09,0.0,0.08,0.08,0.0,0.0,0.07,0.0,0.08,0.08,0.1,0.06,0.0,0.09,0.0,0.07,0.06,0.06,0.06,1.0,0.66,0.0,0.06,0.0,0.07,0.09,0.07,0.12,0.09,0.0,0.07,0.07,0.08,0.0,0.08,0.14,0.09,0.0
verza stufata in padella,0.18,0.16,0.07,0.0,0.16,0.0,0.0,0.18,0.0,0.0,0.12,0.14,0.0,0.09,0.16,0.14,0.14,0.16,0.08,0.14,0.13,0.09,0.08,0.07,0.09,0.0,0.1,0.08,0.18,0.16,0.0,0.0,0.16,0.09,0.14,0.16,0.09,0.0,0.0,0.0,0.06,0.16,0.0,0.14,0.08,0.1,0.12,0.08,0.18,0.08,0.08,0.0,0.07,0.07,0.08,0.06,0.06,0.08,0.0,0.16,0.16,0.07,0.16,0.16,0.12,0.25,0.0,0.16,0.07,0.18,0.13,0.07,0.12,0.0,0.16,0.16,0.14,0.14,0.0,0.0,0.0,0.06,0.08,0.06,0.07,0.14,0.14,0.14,0.05,0.23,0.13,0.14,0.06,0.16,0.16,0.07,0.07,0.12,0.13,0.12,0.11,0.14,0.18,0.16,0.14,0.14,0.09,0.07,0.0,0.14,0.14,0.0,0.12,0.0,0.09,0.2,0.14,0.0,0.08,0.18,0.16,0.14,0.1,0.16,0.1,0.07,0.12,0.14,0.08,0.0,0.0,0.0,0.12,0.04,0.1,0.09,0.14,0.07,0.11,0.0,0.07,0.0,0.16,0.2,0.16,0.08,0.07,0.08,0.16,0.0,0.16,0.0,0.16,0.09,0.0,0.16,0.16,0.16,0.14,0.2,0.14,0.06,0.12,0.08,0.08,0.16,0.16,0.14,0.0,0.0,0.07,0.11,0.0,0.18,0.16,0.0,0.14,0.08,0.14,0.16,0.09,0.07,0.09,0.08,0.2,0.11,0.12,0.14,0.18,0.08,0.08,0.08,0.0,0.08,0.0,0.0,0.16,0.16,0.21,0.12,0.0,0.18,0.07,0.14,0.06,0.18,0.12,0.66,1.0,0.1,0.12,0.08,0.14,0.09,0.07,0.12,0.0,0.1,0.14,0.14,0.16,0.0,0.16,0.07,0.18,0.0
"zucca al forno con la buccia, per un risultato aromatico e caramellato",0.22,0.1,0.08,0.0,0.19,0.1,0.0,0.22,0.0,0.0,0.07,0.08,0.0,0.0,0.19,0.18,0.14,0.1,0.1,0.18,0.16,0.0,0.1,0.09,0.0,0.0,0.0,0.1,0.22,0.1,0.1,0.0,0.2,0.22,0.08,0.1,0.0,0.0,0.0,0.0,0.07,0.1,0.0,0.16,0.0,0.12,0.07,0.1,0.11,0.1,0.19,0.0,0.09,0.09,0.1,0.07,0.06,0.1,0.08,0.19,0.19,0.18,0.1,0.19,0.15,0.1,0.0,0.13,0.09,0.22,0.16,0.08,0.15,0.0,0.2,0.2,0.16,0.18,0.0,0.07,0.09,0.08,0.1,0.0,0.0,0.09,0.09,0.08,0.0,0.1,0.08,0.08,0.0,0.1,0.19,0.0,0.0,0.08,0.08,0.14,0.06,0.09,0.08,0.1,0.09,0.09,0.0,0.0,0.0,0.09,0.08,0.0,0.15,0.0,0.0,0.08,0.18,0.0,0.2,0.11,0.2,0.18,0.0,0.19,0.0,0.08,0.08,0.18,0.19,0.09,0.08,0.11,0.14,0.06,0.06,0.11,0.08,0.08,0.14,0.0,0.08,0.0,0.1,0.12,0.2,0.1,0.0,0.1,0.1,0.11,0.2,0.0,0.1,0.11,0.08,0.2,0.2,0.2,0.18,0.12,0.09,0.08,0.08,0.1,0.0,0.1,0.1,0.18,0.0,0.0,0.08,0.14,0.0,0.08,0.2,0.1,0.18,0.1,0.18,0.19,0.11,0.09,0.11,0.1,0.12,0.14,0.22,0.09,0.11,0.1,0.0,0.1,0.1,0.1,0.0,0.0,0.2,0.2,0.13,0.07,0.12,0.11,0.08,0.08,0.08,0.15,0.14,0.0,0.1,1.0,0.0,0.1,0.16,0.0,0.18,0.08,0.0,0.12,0.09,0.09,0.2,0.0,0.19,0.09,0.22,0.0
zucca al forno speziata,0.06,0.1,0.0,0.0,0.05,0.0,0.0,0.06,0.0,0.0,0.04,0.04,0.0,0.06,0.05,0.05,0.02,0.06,0.06,0.05,0.04,0.06,0.0,0.0,0.06,0.0,0.07,0.0,0.06,0.06,0.0,0.0,0.06,0.0,0.04,0.05,0.06,0.0,0.0,0.0,0.08,0.06,0.05,0.04,0.06,0.0,0.04,0.0,0.06,0.0,0.0,0.0,0.05,0.0,0.0,0.0,0.04,0.05,0.0,0.05,0.05,0.0,0.0,0.1,0.04,0.12,0.0,0.04,0.0,0.06,0.04,0.0,0.04,0.0,0.06,0.06,0.04,0.05,0.0,0.0,0.0,0.0,0.0,0.04,0.04,0.05,0.05,0.04,0.04,0.05,0.04,0.04,0.04,0.05,0.05,0.05,0.04,0.04,0.04,0.04,0.04,0.05,0.04,0.05,0.05,0.05,0.06,0.05,0.0,0.05,0.0,0.0,0.04,0.0,0.06,0.04,0.05,0.0,0.0,0.06,0.06,0.05,0.07,0.05,0.07,0.04,0.04,0.05,0.0,0.0,0.0,0.0,0.04,0.0,0.04,0.06,0.04,0.0,0.04,0.0,0.0,0.0,0.06,0.07,0.06,0.0,0.05,0.0,0.06,0.0,0.06,0.0,0.05,0.0,0.0,0.06,0.06,0.06,0.05,0.07,0.05,0.0,0.04,0.06,0.0,0.05,0.05,0.05,0.0,0.0,0.0,0.04,0.0,0.04,0.06,0.0,0.05,0.0,0.05,0.05,0.0,0.0,0.0,0.0,0.07,0.04,0.04,0.05,0.06,0.0,0.06,0.06,0.0,0.0,0.0,0.0,0.06,0.06,0.1,0.04,0.0,0.06,0.0,0.04,0.04,0.04,0.04,0.06,0.12,0.0,1.0,0.0,0.04,0.06,0.0,0.04,0.0,0.0,0.05,0.1,0.06,0.0,0.05,0.05,0.06,0.0
zucca fritta dorata,0.08,0.14,0.06,0.05,0.07,0.0,0.06,0.08,0.08,0.0,0.06,0.06,0.04,0.0,0.07,0.06,0.17,0.16,0.0,0.14,0.12,0.0,0.14,0.06,0.0,0.0,0.0,0.14,0.08,0.16,0.07,0.0,0.08,0.08,0.06,0.14,0.0,0.0,0.11,0.0,0.0,0.08,0.0,0.12,0.0,0.1,0.05,0.08,0.08,0.08,0.07,0.0,0.0,0.14,0.22,0.28,0.05,0.07,0.0,0.07,0.07,0.06,0.08,0.07,0.06,0.08,0.08,0.14,0.2,0.08,0.12,0.12,0.17,0.0,0.16,0.08,0.06,0.06,0.0,0.0,0.06,0.06,0.07,0.0,0.0,0.06,0.06,0.06,0.0,0.07,0.06,0.06,0.0,0.07,0.07,0.0,0.0,0.06,0.06,0.06,0.05,0.06,0.06,0.07,0.06,0.06,0.0,0.0,0.06,0.06,0.06,0.0,0.06,0.0,0.08,0.06,0.06,0.0,0.16,0.17,0.08,0.06,0.0,0.07,0.0,0.06,0.12,0.06,0.07,0.0,0.0,0.0,0.1,0.04,0.14,0.0,0.06,0.12,0.15,0.0,0.06,0.0,0.08,0.1,0.08,0.07,0.06,0.08,0.08,0.0,0.08,0.07,0.14,0.08,0.0,0.08,0.08,0.08,0.14,0.04,0.06,0.06,0.12,0.08,0.0,0.07,0.07,0.06,0.0,0.0,0.19,0.2,0.1,0.23,0.16,0.0,0.06,0.19,0.06,0.07,0.08,0.06,0.17,0.08,0.1,0.05,0.06,0.06,0.08,0.07,0.0,0.0,0.07,0.07,0.14,0.08,0.08,0.08,0.1,0.05,0.0,0.08,0.12,0.12,0.06,0.06,0.05,0.0,0.08,0.1,0.0,1.0,0.12,0.0,0.06,0.06,0.08,0.19,0.14,0.06,0.08,0.0,0.07,0.0,0.08,0.0
zucca gratinata,0.22,0.12,0.06,0.0,0.19,0.07,0.06,0.22,0.0,0.0,0.1,0.11,0.0,0.08,0.25,0.18,0.15,0.2,0.2,0.24,0.21,0.08,0.19,0.06,0.08,0.0,0.08,0.19,0.22,0.27,0.19,0.0,0.2,0.15,0.11,0.12,0.08,0.0,0.0,0.0,0.1,0.2,0.0,0.22,0.07,0.08,0.14,0.07,0.15,0.07,0.12,0.0,0.12,0.18,0.12,0.49,0.09,0.06,0.06,0.19,0.25,0.18,0.07,0.19,0.15,0.14,0.07,0.17,0.12,0.22,0.26,0.16,0.15,0.0,0.27,0.2,0.22,0.18,0.0,0.05,0.06,0.1,0.12,0.05,0.06,0.12,0.12,0.11,0.08,0.12,0.1,0.11,0.06,0.12,0.19,0.06,0.06,0.1,0.1,0.14,0.09,0.18,0.1,0.12,0.12,0.12,0.08,0.06,0.0,0.12,0.06,0.08,0.2,0.0,0.15,0.1,0.18,0.08,0.2,0.22,0.27,0.24,0.08,0.25,0.08,0.16,0.1,0.18,0.12,0.06,0.06,0.15,0.18,0.04,0.17,0.15,0.11,0.11,0.18,0.11,0.06,0.07,0.14,0.16,0.2,0.12,0.18,0.07,0.14,0.08,0.2,0.06,0.32,0.08,0.11,0.2,0.2,0.2,0.24,0.16,0.12,0.06,0.25,0.07,0.07,0.06,0.19,0.18,0.0,0.0,0.16,0.31,0.42,0.15,0.34,0.07,0.18,0.06,0.18,0.19,0.15,0.12,0.08,0.14,0.16,0.14,0.15,0.24,0.15,0.12,0.14,0.14,0.12,0.12,0.06,0.07,0.2,0.2,0.17,0.14,0.16,0.15,0.11,0.16,0.25,0.2,0.18,0.07,0.14,0.16,0.04,0.12,1.0,0.32,0.42,0.42,0.0,0.08,0.3,0.12,0.27,0.0,0.25,0.12,0.3,0.0
zucca patate e cipolle al forno,0.1,0.08,0.0,0.0,0.08,0.0,0.0,0.1,0.0,0.0,0.06,0.08,0.06,0.1,0.08,0.29,0.04,0.09,0.09,0.08,0.07,0.0,0.0,0.0,0.1,0.0,0.11,0.0,0.1,0.09,0.0,0.0,0.09,0.0,0.08,0.08,0.1,0.0,0.0,0.0,0.13,0.09,0.0,0.08,0.09,0.0,0.06,0.0,0.1,0.0,0.0,0.0,0.08,0.0,0.0,0.19,0.0,0.0,0.0,0.08,0.08,0.0,0.0,0.08,0.06,0.09,0.0,0.06,0.0,0.1,0.07,0.0,0.06,0.0,0.09,0.09,0.08,0.08,0.08,0.0,0.24,0.0,0.0,0.06,0.08,0.08,0.08,0.15,0.06,0.08,0.07,0.08,0.07,0.27,0.3,0.08,0.08,0.06,0.07,0.06,0.06,0.08,0.06,0.08,0.08,0.08,0.1,0.08,0.06,0.08,0.0,0.0,0.06,0.0,0.1,0.07,0.16,0.0,0.0,0.1,0.09,0.08,0.11,0.08,0.11,0.08,0.06,0.08,0.0,0.0,0.0,0.0,0.12,0.0,0.12,0.1,0.08,0.0,0.06,0.24,0.0,0.0,0.09,0.35,0.35,0.0,0.08,0.0,0.29,0.0,0.09,0.21,0.34,0.1,0.24,0.09,0.09,0.09,0.08,0.11,0.08,0.16,0.06,0.0,0.0,0.08,0.34,0.08,0.0,0.0,0.0,0.29,0.24,0.14,0.09,0.0,0.08,0.0,0.08,0.08,0.0,0.08,0.26,0.0,0.11,0.06,0.14,0.29,0.36,0.21,0.09,0.09,0.0,0.0,0.08,0.0,0.31,0.09,0.12,0.06,0.0,0.1,0.0,0.28,0.06,0.06,0.06,0.09,0.09,0.0,0.06,0.0,0.32,1.0,0.2,0.24,0.0,0.0,0.08,0.08,0.09,0.0,0.08,0.08,0.1,0.0
"zucca sott’olio, la ricetta di una conserva senza cottura",0.16,0.06,0.06,0.0,0.14,0.07,0.0,0.24,0.0,0.0,0.1,0.12,0.09,0.0,0.14,0.12,0.1,0.07,0.07,0.12,0.11,0.08,0.06,0.06,0.0,0.0,0.09,0.06,0.16,0.07,0.06,0.0,0.14,0.16,0.06,0.06,0.0,0.0,0.0,0.0,0.05,0.07,0.0,0.06,0.0,0.26,0.05,0.22,0.08,0.14,0.2,0.0,0.06,0.06,0.06,0.26,0.04,0.06,0.06,0.2,0.14,0.12,0.07,0.14,0.1,0.07,0.0,0.09,0.06,0.24,0.11,0.06,0.1,0.0,0.14,0.14,0.18,0.12,0.14,0.1,0.06,0.06,0.06,0.0,0.0,0.06,0.06,0.06,0.0,0.06,0.06,0.12,0.06,0.06,0.14,0.0,0.0,0.1,0.06,0.1,0.04,0.12,0.06,0.06,0.06,0.06,0.0,0.0,0.0,0.06,0.06,0.0,0.1,0.0,0.0,0.11,0.12,0.09,0.14,0.08,0.14,0.12,0.0,0.14,0.0,0.06,0.06,0.12,0.14,0.06,0.06,0.08,0.1,0.04,0.04,0.08,0.06,0.06,0.1,0.0,0.06,0.0,0.07,0.09,0.14,0.06,0.0,0.07,0.07,0.16,0.14,0.0,0.06,0.08,0.06,0.14,0.14,0.14,0.12,0.22,0.25,0.11,0.06,0.07,0.0,0.06,0.06,0.12,0.0,0.0,0.06,0.1,0.26,0.06,0.14,0.07,0.12,0.1,0.12,0.14,0.08,0.06,0.08,0.07,0.09,0.14,0.1,0.06,0.08,0.06,0.0,0.07,0.06,0.06,0.0,0.0,0.14,0.14,0.09,0.05,0.09,0.08,0.06,0.06,0.06,0.1,0.1,0.07,0.07,0.18,0.0,0.06,0.42,0.2,1.0,0.29,0.0,0.09,0.06,0.12,0.14,0.0,0.14,0.12,0.16,0.0
zucca stufata in padella con castagne e melograno,0.14,0.12,0.1,0.0,0.12,0.0,0.0,0.14,0.0,0.0,0.08,0.1,0.0,0.06,0.17,0.1,0.16,0.12,0.12,0.1,0.14,0.0,0.06,0.06,0.06,0.0,0.15,0.06,0.14,0.18,0.06,0.0,0.12,0.06,0.15,0.12,0.06,0.08,0.0,0.0,0.04,0.31,0.0,0.15,0.06,0.08,0.16,0.18,0.14,0.18,0.12,0.0,0.06,0.1,0.06,0.26,0.08,0.06,0.0,0.23,0.17,0.06,0.06,0.12,0.14,0.18,0.0,0.12,0.06,0.14,0.14,0.05,0.09,0.0,0.12,0.18,0.2,0.1,0.08,0.0,0.0,0.1,0.12,0.04,0.05,0.1,0.16,0.1,0.08,0.12,0.14,0.2,0.05,0.12,0.12,0.06,0.05,0.09,0.1,0.08,0.08,0.16,0.09,0.12,0.1,0.1,0.06,0.16,0.0,0.1,0.05,0.0,0.09,0.0,0.06,0.14,0.1,0.08,0.06,0.14,0.24,0.22,0.08,0.17,0.08,0.05,0.09,0.1,0.06,0.0,0.0,0.06,0.12,0.04,0.08,0.06,0.15,0.05,0.08,0.05,0.05,0.06,0.12,0.15,0.12,0.06,0.06,0.12,0.12,0.0,0.12,0.06,0.23,0.14,0.05,0.12,0.12,0.12,0.1,0.15,0.16,0.05,0.14,0.06,0.12,0.06,0.17,0.1,0.0,0.0,0.1,0.2,0.2,0.09,0.18,0.0,0.1,0.09,0.1,0.17,0.06,0.06,0.06,0.06,0.22,0.08,0.09,0.16,0.2,0.06,0.12,0.06,0.0,0.17,0.06,0.0,0.12,0.12,0.16,0.16,0.0,0.14,0.1,0.1,0.09,0.18,0.12,0.12,0.12,0.08,0.04,0.06,0.42,0.24,0.29,1.0,0.0,0.08,0.16,0.16,0.24,0.0,0.12,0.1,0.2,0.0
zucchine fritte,0.0,0.08,0.0,0.0,0.0,0.0,0.0,0.0,0.18,0.0,0.0,0.0,0.06,0.0,0.0,0.0,0.0,0.0,0.0,0.0,0.0,0.0,0.0,0.0,0.0,0.16,0.0,0.0,0.0,0.0,0.0,0.0,0.0,0.0,0.0,0.0,0.0,0.11,0.13,0.1,0.0,0.0,0.0,0.0,0.0,0.0,0.0,0.0,0.0,0.0,0.0,0.13,0.08,0.0,0.08,0.06,0.0,0.0,0.0,0.0,0.0,0.0,0.0,0.0,0.06,0.0,0.0,0.0,0.0,0.0,0.0,0.0,0.06,0.0,0.0,0.0,0.0,0.0,0.08,0.0,0.0,0.0,0.0,0.0,0.0,0.0,0.0,0.0,0.06,0.0,0.0,0.0,0.0,0.0,0.0,0.0,0.0,0.0,0.0,0.0,0.06,0.0,0.0,0.0,0.0,0.0,0.0,0.0,0.06,0.0,0.0,0.0,0.0,0.0,0.35,0.0,0.0,0.0,0.09,0.0,0.0,0.0,0.0,0.0,0.0,0.0,0.0,0.0,0.0,0.08,0.0,0.0,0.06,0.0,0.0,0.0,0.0,0.4,0.56,0.0,0.0,0.0,0.0,0.0,0.0,0.0,0.0,0.0,0.0,0.0,0.0,0.0,0.0,0.0,0.0,0.0,0.0,0.0,0.0,0.0,0.0,0.0,0.0,0.0,0.0,0.0,0.0,0.0,0.13,0.1,0.0,0.0,0.0,0.0,0.0,0.0,0.0,0.09,0.0,0.0,0.0,0.0,0.0,0.0,0.0,0.06,0.06,0.0,0.0,0.34,0.0,0.0,0.0,0.0,0.08,0.0,0.0,0.59,0.0,0.0,0.0,0.0,0.0,0.0,0.06,0.0,0.06,0.09,0.0,0.0,0.0,0.08,0.0,0.0,0.0,0.0,1.0,0.11,0.58,0.33,0.59,0.0,0.58,0.08,0.6,0.61
zucchine fritte alla romana,0.11,0.19,0.16,0.0,0.1,0.0,0.0,0.11,0.2,0.0,0.07,0.08,0.12,0.0,0.1,0.09,0.14,0.1,0.0,0.09,0.08,0.0,0.1,0.18,0.0,0.0,0.0,0.1,0.11,0.1,0.0,0.0,0.1,0.11,0.08,0.44,0.0,0.0,0.14,0.0,0.0,0.1,0.0,0.08,0.0,0.12,0.07,0.1,0.11,0.1,0.1,0.0,0.0,0.09,0.19,0.22,0.06,0.19,0.0,0.1,0.1,0.18,0.1,0.1,0.08,0.1,0.1,0.13,0.09,0.11,0.08,0.08,0.15,0.0,0.1,0.1,0.08,0.09,0.0,0.0,0.0,0.08,0.1,0.07,0.0,0.09,0.09,0.08,0.06,0.1,0.08,0.08,0.0,0.1,0.1,0.0,0.0,0.08,0.08,0.07,0.06,0.3,0.08,0.1,0.09,0.09,0.0,0.0,0.0,0.09,0.08,0.0,0.08,0.0,0.0,0.08,0.09,0.0,0.1,0.11,0.1,0.09,0.0,0.1,0.0,0.0,0.08,0.09,0.1,0.0,0.0,0.0,0.21,0.06,0.06,0.0,0.08,0.25,0.06,0.0,0.08,0.0,0.1,0.12,0.1,0.1,0.0,0.1,0.1,0.0,0.1,0.0,0.1,0.11,0.0,0.1,0.1,0.1,0.09,0.06,0.09,0.08,0.08,0.1,0.0,0.1,0.19,0.09,0.0,0.0,0.08,0.06,0.0,0.08,0.1,0.0,0.09,0.3,0.09,0.1,0.11,0.09,0.11,0.1,0.12,0.06,0.08,0.09,0.11,0.19,0.0,0.0,0.0,0.1,0.0,0.0,0.1,0.1,0.13,0.14,0.0,0.11,0.08,0.08,0.0,0.15,0.07,0.0,0.1,0.12,0.0,0.19,0.08,0.0,0.09,0.08,0.11,1.0,0.09,0.09,0.1,0.0,0.1,0.34,0.11,0.0
zucchine gratinate,0.16,0.14,0.06,0.0,0.14,0.0,0.06,0.16,0.0,0.0,0.1,0.12,0.0,0.08,0.2,0.18,0.16,0.22,0.14,0.18,0.17,0.08,0.2,0.06,0.08,0.0,0.09,0.26,0.16,0.29,0.14,0.0,0.14,0.08,0.12,0.14,0.08,0.0,0.0,0.08,0.05,0.14,0.0,0.24,0.07,0.09,0.14,0.07,0.16,0.07,0.06,0.0,0.06,0.18,0.14,0.2,0.14,0.06,0.0,0.14,0.2,0.12,0.07,0.2,0.1,0.14,0.07,0.23,0.12,0.16,0.22,0.24,0.1,0.0,0.22,0.14,0.18,0.12,0.0,0.0,0.0,0.17,0.14,0.05,0.06,0.12,0.18,0.12,0.04,0.14,0.17,0.18,0.06,0.14,0.14,0.06,0.06,0.1,0.17,0.1,0.14,0.18,0.1,0.2,0.12,0.12,0.08,0.06,0.0,0.12,0.06,0.08,0.22,0.0,0.48,0.11,0.12,0.0,0.14,0.24,0.22,0.18,0.09,0.2,0.09,0.18,0.1,0.12,0.06,0.0,0.06,0.08,0.14,0.08,0.18,0.08,0.12,0.42,0.74,0.12,0.06,0.0,0.14,0.18,0.14,0.14,0.18,0.07,0.14,0.0,0.14,0.0,0.26,0.08,0.0,0.14,0.14,0.14,0.18,0.14,0.12,0.06,0.26,0.07,0.07,0.06,0.14,0.12,0.0,0.0,0.18,0.24,0.09,0.16,0.29,0.07,0.12,0.07,0.18,0.14,0.16,0.18,0.08,0.14,0.18,0.1,0.16,0.18,0.16,0.45,0.07,0.07,0.06,0.14,0.06,0.07,0.14,0.72,0.18,0.14,0.09,0.16,0.12,0.18,0.26,0.1,0.2,0.07,0.14,0.09,0.05,0.14,0.3,0.08,0.06,0.16,0.58,0.09,1.0,0.44,0.79,0.0,0.84,0.06,0.74,0.59
"zucchine in agrodolce, la ricetta veloce con aceto balsamico",0.16,0.2,0.06,0.0,0.14,0.0,0.0,0.16,0.0,0.0,0.16,0.18,0.04,0.08,0.14,0.12,0.12,0.14,0.07,0.12,0.11,0.0,0.06,0.06,0.08,0.0,0.09,0.06,0.16,0.14,0.0,0.0,0.14,0.08,0.12,0.14,0.08,0.0,0.0,0.08,0.05,0.22,0.0,0.12,0.07,0.18,0.14,0.07,0.16,0.22,0.06,0.0,0.06,0.06,0.06,0.05,0.04,0.06,0.0,0.14,0.14,0.06,0.07,0.2,0.1,0.14,0.0,0.14,0.06,0.16,0.11,0.06,0.1,0.0,0.14,0.14,0.12,0.12,0.06,0.05,0.0,0.06,0.06,0.05,0.06,0.12,0.18,0.12,0.04,0.14,0.11,0.12,0.06,0.14,0.14,0.06,0.06,0.1,0.11,0.1,0.14,0.12,0.1,0.14,0.12,0.12,0.08,0.12,0.0,0.12,0.06,0.0,0.1,0.0,0.32,0.11,0.12,0.09,0.07,0.16,0.14,0.12,0.09,0.14,0.09,0.06,0.1,0.12,0.06,0.0,0.0,0.0,0.1,0.04,0.09,0.08,0.12,0.29,0.39,0.0,0.06,0.0,0.14,0.18,0.14,0.06,0.06,0.07,0.14,0.0,0.14,0.0,0.14,0.08,0.0,0.22,0.14,0.14,0.12,0.18,0.18,0.11,0.1,0.07,0.0,0.06,0.14,0.12,0.0,0.0,0.06,0.1,0.0,0.1,0.14,0.0,0.12,0.1,0.12,0.14,0.08,0.06,0.08,0.07,0.18,0.14,0.16,0.12,0.16,0.3,0.07,0.07,0.0,0.06,0.0,0.0,0.14,0.46,0.18,0.14,0.0,0.16,0.06,0.12,0.1,0.1,0.14,0.07,0.14,0.09,0.1,0.06,0.12,0.08,0.12,0.16,0.33,0.09,0.44,1.0,0.46,0.0,0.45,0.06,0.48,0.34
zucchine in umido,0.28,0.16,0.14,0.0,0.23,0.08,0.0,0.28,0.0,0.0,0.12,0.14,0.0,0.09,0.31,0.22,0.22,0.16,0.25,0.22,0.26,0.0,0.08,0.07,0.09,0.0,0.1,0.08,0.28,0.25,0.16,0.0,0.25,0.18,0.2,0.16,0.09,0.1,0.0,0.09,0.12,0.25,0.0,0.14,0.08,0.1,0.17,0.16,0.18,0.16,0.16,0.0,0.14,0.14,0.08,0.12,0.11,0.08,0.07,0.31,0.31,0.14,0.08,0.23,0.24,0.25,0.0,0.16,0.07,0.28,0.26,0.07,0.18,0.0,0.25,0.34,0.27,0.22,0.04,0.06,0.07,0.13,0.16,0.06,0.07,0.14,0.14,0.14,0.05,0.16,0.2,0.2,0.06,0.16,0.23,0.07,0.07,0.12,0.13,0.18,0.16,0.22,0.12,0.16,0.14,0.14,0.09,0.07,0.0,0.14,0.07,0.0,0.18,0.0,0.44,0.13,0.22,0.0,0.16,0.18,0.42,0.36,0.1,0.31,0.1,0.14,0.12,0.22,0.16,0.07,0.07,0.18,0.22,0.04,0.1,0.18,0.14,0.38,0.72,0.07,0.07,0.0,0.16,0.2,0.25,0.08,0.07,0.16,0.16,0.09,0.25,0.0,0.23,0.18,0.07,0.25,0.25,0.25,0.22,0.2,0.14,0.06,0.18,0.08,0.16,0.08,0.16,0.22,0.0,0.0,0.14,0.28,0.0,0.12,0.34,0.08,0.22,0.12,0.22,0.31,0.09,0.07,0.09,0.08,0.3,0.16,0.24,0.14,0.28,0.4,0.08,0.16,0.08,0.23,0.07,0.0,0.25,0.84,0.21,0.12,0.1,0.18,0.14,0.14,0.24,0.24,0.28,0.08,0.16,0.2,0.06,0.08,0.27,0.09,0.14,0.24,0.59,0.1,0.79,0.46,1.0,0.0,0.81,0.22,0.86,0.6
zucchine ripiene con couscous e uvetta,0.0,0.06,0.06,0.04,0.0,0.0,0.06,0.0,0.0,0.0,0.0,0.0,0.04,0.0,0.0,0.0,0.0,0.0,0.0,0.0,0.0,0.0,0.06,0.0,0.08,0.0,0.0,0.0,0.0,0.0,0.0,0.0,0.0,0.0,0.0,0.0,0.08,0.0,0.0,0.0,0.05,0.0,0.06,0.0,0.0,0.0,0.05,0.0,0.0,0.0,0.0,0.0,0.0,0.06,0.06,0.0,0.0,0.0,0.0,0.0,0.0,0.0,0.0,0.0,0.06,0.0,0.0,0.04,0.0,0.0,0.0,0.06,0.0,0.0,0.0,0.0,0.0,0.0,0.0,0.0,0.06,0.0,0.0,0.0,0.0,0.0,0.0,0.0,0.0,0.0,0.0,0.0,0.06,0.0,0.0,0.0,0.0,0.0,0.0,0.0,0.0,0.0,0.0,0.0,0.0,0.0,0.0,0.06,0.06,0.0,0.0,0.0,0.0,0.0,0.0,0.0,0.0,0.0,0.0,0.0,0.0,0.0,0.0,0.0,0.0,0.0,0.0,0.0,0.0,0.0,0.06,0.08,0.0,0.0,0.0,0.0,0.0,0.0,0.0,0.06,0.0,0.07,0.0,0.0,0.0,0.0,0.0,0.0,0.0,0.0,0.0,0.06,0.0,0.0,0.12,0.0,0.0,0.0,0.0,0.0,0.0,0.0,0.0,0.0,0.0,0.0,0.0,0.0,0.0,0.0,0.0,0.04,0.09,0.0,0.0,0.07,0.0,0.04,0.0,0.0,0.0,0.0,0.0,0.0,0.0,0.0,0.0,0.0,0.0,0.06,0.0,0.07,0.0,0.0,0.0,0.07,0.0,0.0,0.0,0.0,0.0,0.0,0.0,0.0,0.06,0.0,0.0,0.0,0.0,0.0,0.0,0.0,0.0,0.0,0.0,0.0,0.0,0.0,0.0,0.0,0.0,1.0,0.0,0.0,0.0,0.09
zucchine sabbiose in padella,0.26,0.14,0.06,0.0,0.22,0.08,0.0,0.26,0.0,0.0,0.11,0.12,0.0,0.08,0.22,0.26,0.14,0.16,0.16,0.2,0.18,0.08,0.14,0.06,0.08,0.0,0.1,0.22,0.26,0.23,0.07,0.0,0.23,0.17,0.12,0.14,0.08,0.0,0.0,0.08,0.11,0.16,0.0,0.19,0.08,0.1,0.1,0.08,0.17,0.08,0.14,0.0,0.14,0.14,0.14,0.11,0.1,0.07,0.06,0.22,0.22,0.2,0.08,0.28,0.17,0.16,0.08,0.24,0.06,0.26,0.18,0.19,0.17,0.0,0.23,0.23,0.19,0.2,0.0,0.06,0.06,0.12,0.07,0.06,0.06,0.14,0.2,0.12,0.04,0.14,0.12,0.12,0.06,0.14,0.22,0.06,0.06,0.12,0.18,0.16,0.15,0.14,0.12,0.22,0.14,0.14,0.08,0.06,0.0,0.14,0.06,0.08,0.28,0.0,0.42,0.12,0.2,0.0,0.16,0.17,0.23,0.2,0.1,0.22,0.1,0.12,0.12,0.2,0.14,0.06,0.06,0.08,0.16,0.08,0.14,0.17,0.12,0.44,0.8,0.06,0.06,0.0,0.16,0.19,0.23,0.14,0.14,0.08,0.16,0.08,0.23,0.0,0.22,0.08,0.06,0.23,0.23,0.23,0.2,0.19,0.14,0.06,0.17,0.08,0.0,0.07,0.14,0.2,0.0,0.0,0.12,0.15,0.0,0.12,0.23,0.08,0.2,0.08,0.26,0.22,0.17,0.2,0.08,0.16,0.19,0.15,0.23,0.2,0.17,0.46,0.08,0.16,0.07,0.07,0.0,0.0,0.23,0.81,0.2,0.16,0.19,0.17,0.12,0.12,0.23,0.17,0.21,0.08,0.16,0.19,0.05,0.07,0.25,0.08,0.14,0.12,0.58,0.1,0.84,0.45,0.81,0.0,1.0,0.14,0.84,0.6
zucchine sott’olio,0.16,0.06,0.06,0.0,0.14,0.07,0.0,0.32,0.07,0.1,0.05,0.06,0.09,0.08,0.14,0.12,0.06,0.07,0.14,0.12,0.17,0.08,0.0,0.06,0.08,0.12,0.18,0.0,0.29,0.14,0.06,0.0,0.14,0.08,0.12,0.3,0.18,0.18,0.0,0.0,0.1,0.14,0.0,0.06,0.14,0.09,0.05,0.14,0.08,0.07,0.06,0.2,0.42,0.06,0.0,0.0,0.04,0.06,0.06,0.36,0.26,0.06,0.0,0.14,0.16,0.14,0.0,0.04,0.0,0.16,0.11,0.0,0.19,0.09,0.14,0.22,0.34,0.12,0.18,0.05,0.06,0.0,0.0,0.1,0.06,0.06,0.06,0.16,0.14,0.06,0.11,0.12,0.11,0.06,0.14,0.06,0.12,0.1,0.06,0.2,0.04,0.38,0.06,0.06,0.06,0.06,0.08,0.06,0.06,0.12,0.0,0.0,0.1,0.0,0.08,0.06,0.18,0.0,0.07,0.08,0.22,0.18,0.09,0.14,0.18,0.12,0.06,0.35,0.06,0.18,0.06,0.08,0.1,0.0,0.17,0.32,0.06,0.0,0.1,0.0,0.0,0.0,0.07,0.09,0.14,0.0,0.06,0.07,0.07,0.16,0.22,0.0,0.14,0.08,0.06,0.14,0.14,0.14,0.12,0.18,0.12,0.0,0.06,0.0,0.07,0.0,0.06,0.12,0.2,0.16,0.06,0.14,0.0,0.22,0.14,0.07,0.29,0.04,0.12,0.2,0.0,0.0,0.0,0.0,0.18,0.14,0.1,0.06,0.16,0.0,0.07,0.27,0.06,0.06,0.12,0.0,0.14,0.14,0.09,0.1,0.09,0.08,0.06,0.06,0.1,0.22,0.1,0.14,0.07,0.09,0.05,0.0,0.12,0.08,0.12,0.1,0.08,0.34,0.06,0.06,0.22,0.0,0.14,1.0,0.16,0.0
zucchine trifolate,0.3,0.17,0.08,0.0,0.26,0.09,0.0,0.3,0.0,0.0,0.13,0.15,0.0,0.1,0.26,0.24,0.16,0.18,0.18,0.24,0.21,0.0,0.08,0.08,0.1,0.0,0.11,0.08,0.3,0.18,0.08,0.0,0.28,0.2,0.15,0.17,0.1,0.0,0.0,0.1,0.13,0.28,0.0,0.22,0.09,0.11,0.12,0.09,0.2,0.09,0.17,0.0,0.16,0.08,0.08,0.06,0.06,0.08,0.08,0.26,0.26,0.16,0.09,0.26,0.2,0.18,0.0,0.18,0.08,0.3,0.21,0.08,0.2,0.0,0.28,0.28,0.22,0.24,0.0,0.06,0.08,0.07,0.08,0.06,0.08,0.16,0.16,0.15,0.11,0.17,0.14,0.15,0.07,0.17,0.26,0.08,0.08,0.14,0.14,0.2,0.18,0.16,0.14,0.17,0.16,0.16,0.1,0.08,0.0,0.16,0.08,0.0,0.2,0.0,0.45,0.14,0.24,0.11,0.18,0.2,0.28,0.24,0.11,0.26,0.11,0.15,0.14,0.24,0.17,0.08,0.08,0.1,0.18,0.05,0.12,0.2,0.15,0.4,0.74,0.0,0.08,0.09,0.18,0.22,0.28,0.08,0.08,0.09,0.18,0.1,0.28,0.08,0.26,0.1,0.15,0.28,0.28,0.28,0.24,0.22,0.16,0.07,0.14,0.09,0.0,0.08,0.26,0.24,0.0,0.0,0.08,0.24,0.0,0.14,0.28,0.09,0.24,0.09,0.24,0.26,0.1,0.08,0.1,0.09,0.22,0.18,0.27,0.24,0.2,0.42,0.18,0.18,0.08,0.08,0.0,0.0,0.28,0.86,0.23,0.18,0.11,0.2,0.08,0.15,0.2,0.27,0.25,0.09,0.18,0.22,0.06,0.08,0.3,0.1,0.16,0.2,0.6,0.11,0.74,0.48,0.86,0.0,0.84,0.16,1.0,0.61
zucchine trifolate con il bimby,0.0,0.0,0.0,0.06,0.0,0.0,0.09,0.0,0.0,0.0,0.0,0.08,0.06,0.0,0.0,0.0,0.0,0.0,0.0,0.0,0.0,0.0,0.0,0.0,0.11,0.0,0.0,0.0,0.0,0.0,0.0,0.0,0.0,0.0,0.0,0.0,0.11,0.0,0.0,0.11,0.0,0.0,0.1,0.0,0.0,0.0,0.0,0.0,0.0,0.0,0.0,0.0,0.0,0.0,0.0,0.0,0.06,0.0,0.08,0.0,0.0,0.0,0.0,0.0,0.08,0.0,0.0,0.0,0.0,0.0,0.0,0.0,0.0,0.0,0.0,0.0,0.0,0.0,0.0,0.07,0.09,0.0,0.0,0.0,0.0,0.0,0.0,0.0,0.0,0.0,0.08,0.08,0.08,0.0,0.0,0.0,0.0,0.0,0.0,0.0,0.06,0.0,0.0,0.0,0.0,0.0,0.0,0.09,0.08,0.0,0.0,0.0,0.0,0.0,0.36,0.0,0.0,0.0,0.0,0.0,0.0,0.0,0.0,0.0,0.0,0.0,0.0,0.0,0.0,0.0,0.16,0.22,0.0,0.0,0.0,0.0,0.0,0.34,0.56,0.08,0.08,0.1,0.0,0.0,0.0,0.0,0.0,0.0,0.0,0.0,0.0,0.1,0.0,0.0,0.16,0.0,0.0,0.0,0.0,0.0,0.0,0.0,0.0,0.0,0.0,0.0,0.0,0.0,0.0,0.0,0.0,0.0,0.0,0.0,0.0,0.2,0.0,0.0,0.0,0.0,0.0,0.0,0.0,0.0,0.0,0.0,0.08,0.0,0.0,0.34,0.0,0.1,0.0,0.0,0.0,0.0,0.0,0.6,0.0,0.0,0.0,0.11,0.08,0.0,0.15,0.0,0.07,0.0,0.0,0.0,0.0,0.0,0.0,0.0,0.0,0.0,0.61,0.0,0.59,0.34,0.6,0.09,0.6,0.0,0.61,1.0
