,babà rustico,"bagel con salmone affumicato, panna acida e rucola","bagels con tartare di manzo, crema di peperoni e tabasco",bagels integrali,baguette con manzo gallese e scalogni caramellati,bao buns,baozi,"blinis con pesto di pomodorini secchi, basilico e mandorle",bomboloni al cioccolato,bomboloni al forno,bomboloni alla crema,"bomboloni di patate al forno con formaggio, la ricetta di un rustico insolito",brezel,brioche allo yogurt,brioche all’acqua,brioche col tuppo,brioche integrali al miele,brioche sfogliate,burger buns,burger buns (panini per hamburger) soffici,calzoni fritti con pomodoro e mozzarella,calzoni ripieni al forno alla siciliana,casatiello napoletano,cassoni alle erbe,ciambella babà,ciambelle fritte di carnevale,colomba salata,cornetti allo yogurt,cornetti con lievito madre non rinfrescato,cornetti da colazione,cornetti sfogliati,crescentine,crescione integrale,crespelle fritte ciociare,danubio alla nutella,danubio con pomodori secchi e mozzarella,doppio hamburger di manzo,english muffin,fagottini al gorgonzola e fichi secchi,focaccia alle erbe di provenza (fougasse),focaccia barese,focaccia barese con il bimby,focaccia bianca,focaccia con cime di rapa,"focaccia con fave, salumi e formaggi",focaccia della befana,"focaccia ligure, con salame e pesto, la ricetta",focaccia patate e rosmarino,focaccia ripiena con pomodoro prosciutto e mozzarella,focaccia sardenaria,focaccia semintegrale al rosmarino,focaccia veloce,focaccia veloce patate e rosmarino,focaccia veneta,"focaccia, la ricetta classica per un risultato morbidissimo",focaccine morbide,friselle fatte in casa,frittelle di pasta di pane,gaufre,gnocco fritto senza strutto,graffe,grissini fatti in casa,hamburger integrale con manzo e peperoni,"impasto pizza con il bimby, più facile e più veloce che con la planetaria",khachapuri,krapfen,lievito di birra fatto in casa,maritozzi con la panna,"maritozzi con la panna, la ricetta per fare in casa un classico della colazione romana",maritozzi salati,nidi di pane,pain au chocolat,pan bauletto,pan brioche con lievito di birra,pan brioche dolce allo yogurt,panbrioche con metodo tangzhong,pancarrè fatto in casa sofficissimo,pandoro veloce con lievito di birra,pane ai semi misti,pane al pomodoro,pane alle mandorle e rosmarino,pane arabo,pane cafone,pane carasau,pane con farina di mais,"pane con la zucca, un lievitato stagionale per fare dei panini diversi dal solito","pane con uvetta, la merenda dei bambini di una volta fatta in casa",pane fichi e noci,pane senza glutine,pane senza impasto cotto in pentola,pane senza lievitazione con olive e rosmarino,pane senza lievito,pane senza lievito in padella,pane veloce,panettone semplice con lievito di birra,panettoni piccoli farciti con ricotta e gocce di cioccolato,panina toscana,panini al basilico,panini al latte,panini al latte ripieni di ragù di salsiccia,panini cinesi al vapore,panini cinesi al vapore (mantou),panini dolci con cremadelizia pistacchio babbi,panini semidolci morbidi,panini senza lievito,"panuozzo napoletano, la ricetta dell’alternativa alla pizza",panzerotti (calzoni) fritti,pettole,"pinsa romana, la ricetta dell’anti-pizza fatta in casa morbida e croccante","pita fatta in casa, una tasca di pane morbido da farcire a piacere","pizza ai 4 formaggi: filante, bianca e in quattro consistenze","pizza al formaggio umbra, la ricetta",pizza alla parmigiana,"pizza con farina di farro, pomodorini e peperoni",pizza con pomodoro e olive,pizza di pasqua dolce,"pizza di scarola, il lievitato ripieno tipico della cucina napoletana di casa",pizza dolce con pesche e mirtilli,pizza in teglia con burrata e carciofi,"pizza in teglia romana con ragù, mirtilli e grana padano",pizza integrale,"pizza nera con calamari e gamberi, una ricetta sorprendente",pizza patate e salsiccia,pizza salata di pasqua,pizza senza impasto,pizza senza lievitazione,pizza sottile e croccante con farina petra 3,pizza toast,pizza tonno e cipolla,"pizzette sofficissime fatte in casa, per festine di compleanno perfette",pizzette veloci,plumcake salato alle verdure,polacca aversana,"puccia salentina con ripieno di tonno e verdure, la ricetta di uno street food sano",reindling carinziano,ricetta pizza con burrata e crudo,roselline di pane,scaccia ragusana al pomodoro e formaggio,schiacciata toscana,schiacciatine integrali ai semi,"schiacciatine, la ricetta per la merenda “come una volta”",sfincione palermitano,sfincione palermitano senza glutine,stollen al marzapane,straccetti di pizza fritti con prosciutto e fichi,taralli napoletani,torta al formaggio,torta di rose salata prosciutto cotto e ricotta,torta integrale all’acqua con mele e noci,torta salata 7 vasetti,torta salata pronta in 5 minuti,tramezzini di pan brioche farcito,tramezzini veneziani,treccia dolce al cacao e pistacchio,treccia salata ripiena con provola e tonno,treccia svizzera,treccine alla panna sofficissime,treccine di pane all’olio con zucca e noci
babà rustico,1.0,0.0,0.08,0.0,0.02,0.0,0.0,0.15,0.0,0.0,0.0,0.14,0.0,0.07,0.04,0.0,0.05,0.0,0.0,0.0,0.08,0.0,0.0,0.0,0.0,0.0,0.08,0.09,0.05,0.0,0.0,0.0,0.0,0.0,0.18,0.09,0.09,0.0,0.04,0.04,0.0,0.0,0.0,0.0,0.02,0.0,0.02,0.1,0.05,0.0,0.11,0.0,0.04,0.0,0.0,0.0,0.0,0.0,0.0,0.0,0.0,0.0,0.08,0.0,0.0,0.0,0.08,0.13,0.14,0.22,0.0,0.0,0.0,0.1,0.12,0.0,0.0,0.04,0.1,0.05,0.07,0.0,0.0,0.0,0.16,0.09,0.12,0.1,0.0,0.0,0.1,0.0,0.0,0.0,0.06,0.0,0.0,0.17,0.05,0.2,0.0,0.0,0.18,0.0,0.1,0.0,0.0,0.0,0.0,0.0,0.0,0.12,0.16,0.08,0.06,0.0,0.04,0.09,0.04,0.04,0.0,0.07,0.06,0.18,0.0,0.14,0.08,0.0,0.0,0.0,0.0,0.14,0.0,0.12,0.0,0.05,0.0,0.0,0.0,0.1,0.0,0.0,0.0,0.08,0.13,0.0,0.32,0.22,0.05,0.0,0.27,0.0,0.0,0.08,0.08,0.0,0.08,0.04
"bagel con salmone affumicato, panna acida e rucola",0.0,1.0,0.11,0.12,0.08,0.05,0.0,0.0,0.06,0.09,0.04,0.1,0.05,0.12,0.14,0.19,0.22,0.05,0.0,0.18,0.04,0.04,0.12,0.0,0.1,0.0,0.04,0.14,0.06,0.1,0.04,0.0,0.04,0.04,0.05,0.05,0.04,0.0,0.0,0.05,0.0,0.0,0.0,0.14,0.16,0.04,0.17,0.0,0.1,0.04,0.08,0.0,0.04,0.0,0.09,0.12,0.0,0.14,0.0,0.06,0.03,0.0,0.04,0.12,0.0,0.0,0.0,0.0,0.16,0.06,0.0,0.1,0.0,0.1,0.09,0.08,0.06,0.05,0.06,0.0,0.0,0.0,0.08,0.0,0.0,0.05,0.12,0.06,0.0,0.06,0.06,0.0,0.0,0.06,0.14,0.04,0.0,0.0,0.06,0.04,0.12,0.0,0.05,0.06,0.1,0.05,0.04,0.06,0.0,0.12,0.0,0.04,0.04,0.0,0.04,0.0,0.0,0.05,0.1,0.05,0.04,0.12,0.19,0.14,0.0,0.0,0.09,0.0,0.06,0.11,0.0,0.0,0.03,0.08,0.12,0.0,0.0,0.06,0.0,0.06,0.06,0.08,0.12,0.0,0.05,0.0,0.0,0.15,0.06,0.0,0.04,0.04,0.05,0.04,0.18,0.1,0.04,0.05
"bagels con tartare di manzo, crema di peperoni e tabasco",0.08,0.11,1.0,0.04,0.15,0.12,0.1,0.12,0.03,0.11,0.02,0.12,0.18,0.02,0.06,0.06,0.06,0.15,0.09,0.13,0.16,0.1,0.05,0.08,0.14,0.07,0.16,0.03,0.04,0.15,0.12,0.1,0.03,0.2,0.14,0.03,0.14,0.1,0.12,0.12,0.24,0.18,0.2,0.2,0.09,0.11,0.02,0.24,0.06,0.26,0.24,0.2,0.2,0.04,0.25,0.2,0.22,0.0,0.1,0.04,0.08,0.28,0.37,0.15,0.08,0.0,0.0,0.06,0.1,0.18,0.14,0.03,0.11,0.03,0.06,0.05,0.16,0.14,0.18,0.18,0.24,0.18,0.23,0.18,0.14,0.15,0.15,0.14,0.16,0.04,0.18,0.11,0.24,0.22,0.06,0.0,0.11,0.22,0.03,0.2,0.04,0.04,0.12,0.13,0.0,0.14,0.26,0.18,0.18,0.2,0.16,0.0,0.14,0.29,0.24,0.0,0.14,0.12,0.23,0.03,0.2,0.18,0.02,0.18,0.2,0.18,0.2,0.16,0.0,0.22,0.2,0.12,0.1,0.12,0.0,0.1,0.18,0.1,0.16,0.18,0.18,0.02,0.02,0.05,0.2,0.13,0.09,0.12,0.04,0.0,0.1,0.0,0.0,0.03,0.0,0.18,0.13,0.2
bagels integrali,0.0,0.12,0.04,1.0,0.1,0.0,0.0,0.1,0.0,0.0,0.0,0.12,0.0,0.14,0.18,0.0,0.06,0.0,0.0,0.0,0.12,0.0,0.0,0.0,0.0,0.0,0.12,0.18,0.0,0.0,0.0,0.0,0.0,0.0,0.06,0.06,0.0,0.0,0.1,0.18,0.0,0.0,0.0,0.0,0.15,0.0,0.18,0.07,0.14,0.0,0.0,0.0,0.06,0.0,0.0,0.0,0.0,0.0,0.0,0.0,0.0,0.0,0.0,0.0,0.0,0.0,0.0,0.09,0.1,0.16,0.0,0.0,0.0,0.06,0.06,0.0,0.0,0.12,0.07,0.0,0.1,0.0,0.0,0.0,0.07,0.06,0.0,0.07,0.0,0.0,0.0,0.0,0.0,0.0,0.13,0.04,0.0,0.0,0.0,0.04,0.0,0.0,0.06,0.0,0.14,0.0,0.0,0.0,0.0,0.0,0.0,0.12,0.0,0.1,0.04,0.0,0.06,0.0,0.06,0.12,0.0,0.0,0.08,0.06,0.0,0.06,0.12,0.0,0.06,0.0,0.0,0.05,0.0,0.05,0.0,0.0,0.0,0.2,0.0,0.0,0.0,0.0,0.0,0.04,0.06,0.0,0.06,0.15,0.07,0.0,0.05,0.0,0.0,0.06,0.17,0.0,0.06,0.18
baguette con manzo gallese e scalogni caramellati,0.02,0.08,0.15,0.1,1.0,0.09,0.04,0.1,0.03,0.14,0.02,0.09,0.03,0.14,0.06,0.14,0.2,0.09,0.03,0.13,0.14,0.08,0.05,0.08,0.14,0.02,0.08,0.06,0.14,0.04,0.1,0.07,0.06,0.18,0.03,0.03,0.08,0.07,0.05,0.23,0.1,0.09,0.2,0.16,0.18,0.06,0.12,0.1,0.06,0.13,0.14,0.1,0.11,0.02,0.14,0.14,0.11,0.08,0.06,0.07,0.1,0.12,0.14,0.11,0.04,0.0,0.0,0.02,0.02,0.08,0.03,0.0,0.04,0.1,0.11,0.05,0.1,0.18,0.14,0.1,0.07,0.09,0.09,0.09,0.04,0.12,0.08,0.04,0.04,0.11,0.1,0.04,0.12,0.15,0.12,0.0,0.0,0.11,0.03,0.09,0.07,0.04,0.03,0.1,0.06,0.06,0.16,0.04,0.14,0.24,0.1,0.06,0.08,0.14,0.12,0.0,0.12,0.06,0.12,0.06,0.2,0.14,0.08,0.06,0.2,0.09,0.14,0.1,0.06,0.18,0.12,0.02,0.04,0.08,0.04,0.04,0.08,0.16,0.08,0.1,0.1,0.1,0.05,0.02,0.12,0.13,0.03,0.2,0.0,0.0,0.02,0.06,0.06,0.08,0.08,0.03,0.13,0.12
bao buns,0.0,0.05,0.12,0.0,0.09,1.0,0.0,0.14,0.0,0.0,0.0,0.16,0.0,0.04,0.06,0.0,0.12,0.0,0.0,0.0,0.05,0.0,0.0,0.0,0.0,0.0,0.2,0.06,0.19,0.0,0.0,0.0,0.0,0.0,0.16,0.11,0.14,0.0,0.09,0.1,0.0,0.0,0.0,0.0,0.0,0.0,0.06,0.12,0.0,0.0,0.14,0.0,0.15,0.0,0.0,0.0,0.0,0.0,0.0,0.0,0.0,0.0,0.11,0.0,0.0,0.0,0.1,0.08,0.22,0.2,0.0,0.0,0.0,0.12,0.15,0.0,0.0,0.21,0.25,0.06,0.04,0.0,0.0,0.0,0.19,0.16,0.14,0.06,0.0,0.0,0.12,0.0,0.0,0.0,0.04,0.0,0.0,0.14,0.06,0.16,0.0,0.0,0.16,0.0,0.12,0.0,0.0,0.0,0.0,0.0,0.0,0.0,0.15,0.14,0.08,0.0,0.1,0.1,0.1,0.0,0.0,0.08,0.04,0.1,0.0,0.16,0.06,0.0,0.0,0.0,0.0,0.08,0.0,0.09,0.0,0.06,0.0,0.06,0.0,0.06,0.0,0.0,0.0,0.12,0.16,0.0,0.22,0.22,0.06,0.0,0.18,0.0,0.0,0.0,0.15,0.0,0.19,0.1
baozi,0.0,0.0,0.1,0.0,0.04,0.0,1.0,0.1,0.0,0.0,0.0,0.08,0.0,0.04,0.04,0.0,0.0,0.0,0.0,0.0,0.12,0.0,0.0,0.0,0.0,0.0,0.12,0.0,0.1,0.0,0.0,0.0,0.0,0.0,0.12,0.08,0.12,0.0,0.1,0.08,0.0,0.0,0.0,0.0,0.05,0.0,0.05,0.2,0.09,0.0,0.18,0.0,0.16,0.0,0.0,0.0,0.0,0.0,0.0,0.0,0.0,0.0,0.1,0.0,0.0,0.0,0.0,0.12,0.1,0.1,0.0,0.0,0.0,0.04,0.12,0.0,0.0,0.2,0.2,0.1,0.1,0.0,0.0,0.0,0.2,0.08,0.06,0.14,0.0,0.0,0.05,0.0,0.0,0.0,0.0,0.0,0.0,0.06,0.0,0.06,0.0,0.0,0.12,0.0,0.0,0.0,0.0,0.0,0.0,0.0,0.0,0.04,0.12,0.1,0.08,0.0,0.12,0.04,0.08,0.04,0.0,0.03,0.03,0.08,0.0,0.17,0.08,0.0,0.0,0.0,0.0,0.04,0.0,0.04,0.0,0.05,0.0,0.09,0.0,0.05,0.0,0.0,0.0,0.1,0.08,0.0,0.04,0.14,0.05,0.0,0.07,0.0,0.0,0.0,0.08,0.0,0.15,0.12
"blinis con pesto di pomodorini secchi, basilico e mandorle",0.15,0.0,0.12,0.1,0.1,0.14,0.1,1.0,0.14,0.16,0.1,0.22,0.08,0.1,0.0,0.12,0.04,0.22,0.09,0.08,0.12,0.08,0.04,0.06,0.12,0.14,0.08,0.08,0.1,0.12,0.14,0.1,0.04,0.15,0.12,0.04,0.08,0.2,0.11,0.08,0.12,0.09,0.1,0.06,0.08,0.16,0.05,0.1,0.04,0.12,0.18,0.1,0.08,0.12,0.12,0.1,0.11,0.09,0.24,0.05,0.11,0.12,0.14,0.11,0.22,0.08,0.0,0.16,0.07,0.11,0.16,0.09,0.16,0.14,0.08,0.04,0.14,0.12,0.15,0.15,0.07,0.14,0.06,0.14,0.05,0.14,0.11,0.1,0.06,0.11,0.1,0.16,0.12,0.16,0.09,0.04,0.04,0.16,0.0,0.16,0.0,0.06,0.17,0.1,0.0,0.04,0.13,0.05,0.1,0.1,0.14,0.16,0.12,0.18,0.15,0.04,0.21,0.08,0.08,0.0,0.2,0.1,0.03,0.17,0.1,0.14,0.14,0.14,0.0,0.13,0.15,0.1,0.12,0.08,0.04,0.05,0.08,0.1,0.06,0.1,0.1,0.0,0.0,0.12,0.08,0.04,0.18,0.14,0.0,0.12,0.15,0.12,0.04,0.08,0.12,0.09,0.04,0.12
bomboloni al cioccolato,0.0,0.06,0.03,0.0,0.03,0.0,0.0,0.14,1.0,0.0,0.0,0.12,0.0,0.23,0.0,0.0,0.12,0.0,0.0,0.0,0.1,0.0,0.0,0.0,0.0,0.0,0.06,0.06,0.2,0.0,0.0,0.0,0.0,0.0,0.11,0.12,0.16,0.0,0.14,0.0,0.0,0.0,0.0,0.0,0.07,0.0,0.0,0.06,0.06,0.0,0.1,0.0,0.06,0.0,0.0,0.0,0.0,0.0,0.0,0.0,0.0,0.0,0.02,0.0,0.0,0.0,0.0,0.12,0.14,0.14,0.0,0.0,0.0,0.38,0.16,0.0,0.0,0.17,0.0,0.06,0.04,0.0,0.0,0.0,0.06,0.0,0.22,0.14,0.0,0.0,0.0,0.0,0.0,0.0,0.16,0.0,0.0,0.14,0.18,0.08,0.0,0.0,0.17,0.0,0.0,0.0,0.0,0.0,0.0,0.0,0.0,0.16,0.06,0.0,0.0,0.0,0.06,0.17,0.06,0.06,0.0,0.09,0.08,0.11,0.0,0.0,0.04,0.0,0.0,0.0,0.0,0.0,0.0,0.05,0.0,0.0,0.0,0.0,0.0,0.06,0.0,0.0,0.0,0.2,0.11,0.0,0.12,0.1,0.0,0.0,0.05,0.0,0.0,0.16,0.16,0.0,0.05,0.0
bomboloni al forno,0.0,0.09,0.11,0.0,0.14,0.0,0.0,0.16,0.0,1.0,0.0,0.2,0.0,0.2,0.05,0.0,0.16,0.0,0.0,0.0,0.04,0.0,0.0,0.0,0.0,0.0,0.14,0.19,0.23,0.0,0.0,0.0,0.0,0.0,0.14,0.1,0.13,0.0,0.08,0.1,0.0,0.0,0.0,0.0,0.0,0.0,0.03,0.06,0.0,0.0,0.08,0.0,0.09,0.0,0.0,0.0,0.0,0.0,0.0,0.0,0.0,0.0,0.08,0.0,0.0,0.0,0.08,0.14,0.16,0.18,0.0,0.0,0.0,0.16,0.14,0.0,0.0,0.19,0.12,0.12,0.04,0.0,0.0,0.0,0.12,0.1,0.18,0.06,0.0,0.0,0.12,0.0,0.0,0.0,0.18,0.04,0.0,0.12,0.06,0.18,0.0,0.0,0.19,0.0,0.1,0.0,0.0,0.0,0.0,0.0,0.0,0.09,0.09,0.08,0.06,0.0,0.05,0.14,0.1,0.0,0.0,0.08,0.04,0.19,0.0,0.1,0.09,0.0,0.0,0.0,0.0,0.12,0.0,0.12,0.0,0.06,0.0,0.0,0.0,0.06,0.0,0.0,0.0,0.14,0.14,0.0,0.2,0.2,0.0,0.0,0.16,0.0,0.0,0.14,0.09,0.0,0.26,0.05
bomboloni alla crema,0.0,0.04,0.02,0.0,0.02,0.0,0.0,0.1,0.0,0.0,1.0,0.08,0.0,0.12,0.0,0.0,0.12,0.0,0.0,0.0,0.04,0.0,0.0,0.0,0.0,0.0,0.1,0.08,0.31,0.0,0.0,0.0,0.0,0.0,0.18,0.16,0.16,0.0,0.1,0.04,0.0,0.0,0.0,0.0,0.02,0.0,0.02,0.14,0.0,0.0,0.1,0.0,0.1,0.0,0.0,0.0,0.0,0.0,0.0,0.0,0.0,0.0,0.04,0.0,0.0,0.0,0.07,0.11,0.22,0.1,0.0,0.0,0.0,0.21,0.14,0.0,0.0,0.22,0.14,0.0,0.03,0.0,0.0,0.0,0.18,0.04,0.14,0.04,0.0,0.0,0.04,0.0,0.0,0.0,0.08,0.0,0.0,0.14,0.16,0.12,0.0,0.0,0.22,0.0,0.04,0.0,0.0,0.0,0.0,0.0,0.0,0.07,0.14,0.03,0.0,0.0,0.0,0.11,0.04,0.04,0.0,0.06,0.06,0.08,0.0,0.12,0.02,0.0,0.0,0.0,0.0,0.03,0.0,0.06,0.0,0.0,0.0,0.0,0.0,0.04,0.0,0.0,0.0,0.2,0.15,0.0,0.16,0.12,0.0,0.0,0.1,0.0,0.0,0.07,0.1,0.0,0.14,0.0
"bomboloni di patate al forno con formaggio, la ricetta di un rustico insolito",0.14,0.1,0.12,0.12,0.09,0.16,0.08,0.22,0.12,0.2,0.08,1.0,0.06,0.13,0.0,0.1,0.06,0.28,0.11,0.1,0.05,0.05,0.04,0.0,0.21,0.13,0.15,0.1,0.12,0.16,0.09,0.12,0.0,0.04,0.1,0.11,0.14,0.19,0.14,0.06,0.1,0.06,0.06,0.0,0.0,0.2,0.03,0.06,0.0,0.08,0.14,0.06,0.1,0.12,0.1,0.19,0.07,0.0,0.24,0.0,0.14,0.08,0.09,0.27,0.24,0.05,0.0,0.16,0.04,0.2,0.15,0.06,0.07,0.12,0.1,0.04,0.18,0.21,0.19,0.06,0.04,0.16,0.16,0.16,0.06,0.16,0.27,0.06,0.08,0.07,0.12,0.07,0.08,0.14,0.12,0.0,0.05,0.07,0.06,0.12,0.0,0.08,0.16,0.18,0.0,0.1,0.12,0.06,0.06,0.19,0.12,0.15,0.15,0.09,0.08,0.06,0.1,0.16,0.1,0.0,0.1,0.12,0.04,0.26,0.06,0.11,0.06,0.12,0.0,0.2,0.04,0.13,0.1,0.09,0.0,0.06,0.06,0.06,0.0,0.06,0.12,0.0,0.0,0.1,0.1,0.06,0.16,0.18,0.0,0.1,0.14,0.1,0.0,0.15,0.05,0.06,0.1,0.1
brezel,0.0,0.05,0.18,0.0,0.03,0.0,0.0,0.08,0.0,0.0,0.0,0.06,1.0,0.04,0.15,0.0,0.06,0.0,0.0,0.0,0.19,0.0,0.0,0.0,0.0,0.0,0.14,0.05,0.06,0.0,0.0,0.0,0.0,0.0,0.1,0.06,0.1,0.0,0.13,0.1,0.0,0.0,0.0,0.0,0.1,0.0,0.06,0.24,0.22,0.0,0.17,0.0,0.24,0.0,0.0,0.0,0.0,0.0,0.0,0.0,0.0,0.0,0.1,0.0,0.0,0.0,0.0,0.11,0.12,0.2,0.0,0.0,0.0,0.06,0.1,0.0,0.0,0.2,0.12,0.12,0.2,0.0,0.0,0.0,0.24,0.06,0.06,0.24,0.0,0.0,0.06,0.0,0.0,0.0,0.0,0.0,0.0,0.06,0.0,0.08,0.0,0.0,0.1,0.0,0.0,0.0,0.0,0.0,0.0,0.0,0.0,0.05,0.1,0.12,0.18,0.0,0.1,0.05,0.2,0.1,0.0,0.04,0.04,0.1,0.0,0.21,0.12,0.0,0.0,0.0,0.0,0.04,0.0,0.04,0.0,0.06,0.0,0.11,0.0,0.06,0.0,0.0,0.0,0.06,0.15,0.0,0.06,0.12,0.12,0.0,0.04,0.0,0.0,0.0,0.05,0.0,0.18,0.15
brioche allo yogurt,0.07,0.12,0.02,0.14,0.14,0.04,0.04,0.1,0.23,0.2,0.12,0.13,0.04,1.0,0.12,0.32,0.14,0.13,0.13,0.18,0.12,0.15,0.1,0.0,0.24,0.1,0.04,0.24,0.14,0.12,0.14,0.0,0.16,0.07,0.16,0.13,0.12,0.1,0.1,0.08,0.04,0.04,0.1,0.06,0.12,0.16,0.07,0.05,0.09,0.0,0.07,0.0,0.04,0.14,0.0,0.1,0.06,0.14,0.09,0.14,0.14,0.06,0.02,0.06,0.12,0.08,0.0,0.22,0.16,0.16,0.24,0.26,0.1,0.23,0.27,0.14,0.04,0.16,0.0,0.05,0.04,0.0,0.13,0.0,0.05,0.0,0.16,0.1,0.06,0.1,0.0,0.06,0.0,0.06,0.26,0.03,0.08,0.06,0.23,0.06,0.14,0.0,0.12,0.18,0.09,0.08,0.06,0.0,0.05,0.14,0.0,0.27,0.04,0.0,0.0,0.04,0.04,0.12,0.04,0.08,0.04,0.06,0.12,0.12,0.1,0.0,0.08,0.0,0.04,0.19,0.0,0.1,0.08,0.07,0.26,0.0,0.04,0.04,0.06,0.05,0.05,0.1,0.14,0.07,0.08,0.09,0.08,0.1,0.0,0.04,0.04,0.16,0.04,0.16,0.16,0.13,0.15,0.08
brioche all’acqua,0.04,0.14,0.06,0.18,0.06,0.06,0.04,0.0,0.0,0.05,0.0,0.0,0.15,0.12,1.0,0.15,0.11,0.06,0.0,0.04,0.1,0.09,0.18,0.0,0.1,0.0,0.05,0.2,0.0,0.08,0.04,0.0,0.1,0.09,0.0,0.0,0.0,0.0,0.04,0.1,0.04,0.06,0.06,0.21,0.12,0.0,0.12,0.06,0.17,0.08,0.0,0.06,0.05,0.06,0.1,0.0,0.06,0.14,0.0,0.12,0.0,0.07,0.0,0.0,0.04,0.05,0.0,0.04,0.12,0.13,0.05,0.06,0.0,0.06,0.05,0.13,0.11,0.05,0.0,0.0,0.08,0.08,0.08,0.08,0.06,0.0,0.0,0.06,0.07,0.13,0.0,0.0,0.07,0.13,0.11,0.12,0.05,0.0,0.0,0.0,0.24,0.08,0.0,0.0,0.17,0.05,0.04,0.12,0.0,0.0,0.0,0.05,0.0,0.04,0.07,0.0,0.0,0.0,0.1,0.1,0.05,0.0,0.08,0.05,0.06,0.06,0.1,0.0,0.06,0.0,0.04,0.0,0.04,0.04,0.12,0.0,0.05,0.11,0.07,0.0,0.0,0.13,0.13,0.03,0.05,0.06,0.06,0.08,0.29,0.05,0.04,0.1,0.06,0.0,0.14,0.1,0.09,0.05
brioche col tuppo,0.0,0.19,0.06,0.0,0.14,0.0,0.0,0.12,0.0,0.0,0.0,0.1,0.0,0.32,0.15,1.0,0.17,0.0,0.0,0.0,0.1,0.0,0.0,0.0,0.0,0.0,0.0,0.3,0.12,0.0,0.0,0.0,0.0,0.0,0.15,0.06,0.04,0.0,0.04,0.1,0.0,0.0,0.0,0.0,0.12,0.0,0.09,0.0,0.17,0.0,0.04,0.0,0.0,0.0,0.0,0.0,0.0,0.0,0.0,0.0,0.0,0.0,0.02,0.0,0.0,0.0,0.0,0.18,0.16,0.06,0.0,0.0,0.0,0.17,0.24,0.0,0.0,0.1,0.0,0.06,0.0,0.0,0.0,0.0,0.0,0.0,0.06,0.06,0.0,0.0,0.0,0.0,0.0,0.0,0.26,0.04,0.0,0.0,0.06,0.08,0.0,0.0,0.15,0.0,0.11,0.0,0.0,0.0,0.0,0.0,0.0,0.24,0.0,0.0,0.04,0.0,0.05,0.05,0.05,0.05,0.0,0.0,0.11,0.2,0.0,0.0,0.06,0.0,0.06,0.0,0.0,0.08,0.0,0.04,0.0,0.0,0.0,0.06,0.0,0.0,0.0,0.0,0.0,0.06,0.0,0.0,0.06,0.08,0.0,0.0,0.09,0.0,0.0,0.14,0.14,0.0,0.09,0.1
brioche integrali al miele,0.05,0.22,0.06,0.06,0.2,0.12,0.0,0.04,0.12,0.16,0.12,0.06,0.06,0.14,0.11,0.17,1.0,0.12,0.0,0.2,0.06,0.05,0.1,0.0,0.11,0.04,0.06,0.11,0.2,0.12,0.14,0.0,0.06,0.05,0.06,0.12,0.04,0.06,0.0,0.11,0.0,0.0,0.06,0.16,0.1,0.1,0.1,0.0,0.12,0.04,0.04,0.0,0.06,0.03,0.06,0.06,0.0,0.08,0.06,0.06,0.11,0.0,0.02,0.07,0.04,0.06,0.0,0.0,0.09,0.07,0.06,0.06,0.07,0.18,0.1,0.1,0.12,0.11,0.0,0.0,0.0,0.0,0.09,0.0,0.0,0.0,0.07,0.06,0.0,0.07,0.0,0.07,0.0,0.0,0.12,0.0,0.0,0.07,0.12,0.04,0.06,0.0,0.06,0.06,0.06,0.06,0.04,0.06,0.0,0.14,0.0,0.06,0.0,0.0,0.04,0.0,0.0,0.06,0.11,0.06,0.1,0.04,0.08,0.11,0.06,0.0,0.04,0.0,0.06,0.08,0.05,0.0,0.12,0.0,0.09,0.0,0.0,0.06,0.0,0.06,0.0,0.1,0.1,0.06,0.06,0.06,0.06,0.19,0.06,0.06,0.05,0.1,0.06,0.06,0.1,0.06,0.1,0.0
brioche sfogliate,0.0,0.05,0.15,0.0,0.09,0.0,0.0,0.22,0.0,0.0,0.0,0.28,0.0,0.13,0.06,0.0,0.12,1.0,0.0,0.0,0.1,0.0,0.0,0.0,0.0,0.0,0.2,0.1,0.25,0.0,0.0,0.0,0.0,0.0,0.21,0.16,0.18,0.0,0.18,0.1,0.0,0.0,0.0,0.0,0.04,0.0,0.06,0.19,0.06,0.0,0.14,0.0,0.2,0.0,0.0,0.0,0.0,0.0,0.0,0.0,0.0,0.0,0.11,0.0,0.0,0.0,0.0,0.2,0.17,0.27,0.0,0.0,0.0,0.18,0.15,0.0,0.0,0.32,0.19,0.06,0.13,0.0,0.0,0.0,0.19,0.11,0.2,0.12,0.0,0.0,0.06,0.0,0.0,0.0,0.12,0.0,0.0,0.14,0.06,0.16,0.0,0.0,0.26,0.0,0.0,0.0,0.0,0.0,0.0,0.0,0.0,0.1,0.1,0.14,0.11,0.0,0.1,0.16,0.16,0.06,0.0,0.08,0.0,0.21,0.0,0.16,0.1,0.0,0.0,0.0,0.0,0.08,0.0,0.04,0.0,0.06,0.0,0.12,0.0,0.06,0.0,0.0,0.0,0.18,0.16,0.0,0.16,0.22,0.06,0.0,0.14,0.0,0.0,0.1,0.1,0.0,0.19,0.16
burger buns,0.0,0.0,0.09,0.0,0.03,0.0,0.0,0.09,0.0,0.0,0.0,0.11,0.0,0.13,0.0,0.0,0.0,0.0,1.0,0.0,0.1,0.0,0.0,0.0,0.0,0.0,0.05,0.06,0.12,0.0,0.0,0.0,0.0,0.0,0.16,0.11,0.26,0.0,0.18,0.0,0.0,0.0,0.0,0.0,0.04,0.0,0.0,0.19,0.0,0.0,0.18,0.0,0.1,0.0,0.0,0.0,0.0,0.0,0.0,0.0,0.0,0.0,0.16,0.0,0.0,0.0,0.0,0.16,0.08,0.14,0.0,0.0,0.0,0.12,0.15,0.0,0.0,0.21,0.12,0.06,0.08,0.0,0.0,0.0,0.19,0.06,0.2,0.12,0.0,0.0,0.06,0.0,0.0,0.0,0.08,0.0,0.0,0.14,0.12,0.12,0.0,0.0,0.21,0.0,0.0,0.0,0.0,0.0,0.0,0.0,0.0,0.1,0.15,0.04,0.08,0.0,0.06,0.16,0.06,0.06,0.0,0.08,0.04,0.1,0.0,0.11,0.1,0.0,0.0,0.0,0.0,0.04,0.0,0.09,0.0,0.06,0.0,0.0,0.0,0.12,0.0,0.0,0.0,0.16,0.1,0.0,0.11,0.04,0.0,0.0,0.04,0.0,0.0,0.15,0.05,0.0,0.1,0.06
burger buns (panini per hamburger) soffici,0.0,0.18,0.13,0.0,0.13,0.0,0.0,0.08,0.0,0.0,0.0,0.1,0.0,0.18,0.04,0.0,0.2,0.0,0.0,1.0,0.08,0.0,0.0,0.0,0.0,0.0,0.08,0.04,0.16,0.0,0.0,0.0,0.0,0.0,0.18,0.1,0.16,0.0,0.12,0.04,0.0,0.0,0.0,0.0,0.03,0.0,0.0,0.11,0.0,0.0,0.16,0.0,0.08,0.0,0.0,0.0,0.0,0.0,0.0,0.0,0.0,0.0,0.14,0.0,0.0,0.0,0.0,0.07,0.22,0.18,0.0,0.0,0.0,0.16,0.18,0.0,0.0,0.18,0.06,0.06,0.08,0.0,0.0,0.0,0.11,0.05,0.18,0.16,0.0,0.0,0.06,0.0,0.0,0.0,0.16,0.04,0.0,0.18,0.16,0.18,0.0,0.0,0.18,0.0,0.05,0.0,0.0,0.0,0.0,0.0,0.0,0.04,0.08,0.04,0.06,0.0,0.04,0.14,0.09,0.04,0.0,0.11,0.04,0.14,0.0,0.05,0.12,0.0,0.0,0.0,0.0,0.04,0.0,0.12,0.0,0.06,0.0,0.0,0.0,0.22,0.0,0.0,0.0,0.1,0.14,0.0,0.14,0.16,0.06,0.0,0.12,0.0,0.0,0.08,0.13,0.0,0.12,0.09
calzoni fritti con pomodoro e mozzarella,0.08,0.04,0.16,0.12,0.14,0.05,0.12,0.12,0.1,0.04,0.04,0.05,0.19,0.12,0.1,0.1,0.06,0.1,0.1,0.08,1.0,0.3,0.08,0.06,0.14,0.08,0.09,0.05,0.0,0.07,0.16,0.06,0.14,0.25,0.1,0.05,0.1,0.06,0.08,0.14,0.22,0.2,0.23,0.2,0.24,0.09,0.14,0.23,0.34,0.22,0.24,0.16,0.14,0.05,0.18,0.17,0.31,0.1,0.06,0.23,0.06,0.27,0.14,0.06,0.07,0.04,0.0,0.1,0.08,0.18,0.14,0.05,0.18,0.16,0.09,0.08,0.1,0.1,0.12,0.17,0.2,0.15,0.22,0.15,0.17,0.1,0.12,0.23,0.2,0.18,0.12,0.12,0.2,0.18,0.07,0.0,0.09,0.18,0.06,0.18,0.17,0.08,0.1,0.06,0.06,0.14,0.3,0.12,0.17,0.17,0.1,0.14,0.28,0.16,0.32,0.0,0.14,0.1,0.24,0.14,0.22,0.15,0.18,0.05,0.23,0.15,0.24,0.16,0.1,0.18,0.21,0.04,0.1,0.12,0.12,0.12,0.19,0.16,0.2,0.17,0.17,0.21,0.08,0.03,0.19,0.16,0.1,0.12,0.06,0.0,0.04,0.09,0.05,0.04,0.09,0.15,0.08,0.14
calzoni ripieni al forno alla siciliana,0.0,0.04,0.1,0.0,0.08,0.0,0.0,0.08,0.0,0.0,0.0,0.05,0.0,0.15,0.09,0.0,0.05,0.0,0.0,0.0,0.3,1.0,0.0,0.0,0.0,0.0,0.08,0.04,0.06,0.0,0.0,0.0,0.0,0.0,0.14,0.1,0.16,0.0,0.16,0.09,0.0,0.0,0.0,0.0,0.17,0.0,0.1,0.22,0.2,0.0,0.2,0.0,0.13,0.0,0.0,0.0,0.0,0.0,0.0,0.0,0.0,0.0,0.12,0.0,0.0,0.0,0.0,0.14,0.11,0.18,0.0,0.0,0.0,0.16,0.13,0.0,0.0,0.18,0.11,0.11,0.15,0.0,0.0,0.0,0.22,0.05,0.12,0.22,0.0,0.0,0.06,0.0,0.0,0.0,0.06,0.0,0.0,0.12,0.1,0.14,0.0,0.0,0.14,0.0,0.05,0.0,0.0,0.0,0.0,0.0,0.0,0.13,0.22,0.12,0.13,0.0,0.09,0.09,0.14,0.14,0.0,0.07,0.13,0.04,0.0,0.19,0.14,0.0,0.1,0.0,0.0,0.04,0.0,0.08,0.0,0.11,0.0,0.1,0.0,0.11,0.0,0.0,0.0,0.08,0.14,0.0,0.1,0.12,0.06,0.0,0.04,0.0,0.0,0.04,0.13,0.0,0.12,0.09
casatiello napoletano,0.0,0.12,0.05,0.0,0.05,0.0,0.0,0.04,0.0,0.0,0.0,0.04,0.0,0.1,0.18,0.0,0.1,0.0,0.0,0.0,0.08,0.0,1.0,0.0,0.0,0.0,0.12,0.26,0.0,0.0,0.0,0.0,0.0,0.0,0.04,0.04,0.0,0.0,0.04,0.18,0.0,0.0,0.0,0.0,0.11,0.0,0.16,0.05,0.14,0.0,0.0,0.0,0.08,0.0,0.0,0.0,0.0,0.0,0.0,0.0,0.0,0.0,0.0,0.0,0.0,0.0,0.16,0.06,0.14,0.12,0.0,0.0,0.0,0.05,0.04,0.0,0.0,0.04,0.1,0.0,0.07,0.0,0.0,0.0,0.16,0.09,0.0,0.05,0.0,0.0,0.1,0.0,0.0,0.0,0.1,0.04,0.0,0.0,0.0,0.1,0.0,0.0,0.04,0.0,0.2,0.0,0.0,0.0,0.0,0.0,0.0,0.12,0.08,0.11,0.06,0.0,0.0,0.0,0.09,0.09,0.0,0.0,0.16,0.09,0.0,0.14,0.11,0.0,0.05,0.0,0.0,0.1,0.0,0.12,0.0,0.0,0.0,0.1,0.0,0.0,0.0,0.0,0.0,0.0,0.13,0.0,0.14,0.15,0.05,0.0,0.12,0.0,0.0,0.04,0.12,0.0,0.12,0.04
cassoni alle erbe,0.0,0.0,0.08,0.0,0.08,0.0,0.0,0.06,0.0,0.0,0.0,0.0,0.0,0.0,0.0,0.0,0.0,0.0,0.0,0.0,0.06,0.0,0.0,1.0,0.0,0.0,0.0,0.0,0.0,0.0,0.0,0.0,0.0,0.0,0.0,0.0,0.0,0.0,0.0,0.07,0.0,0.0,0.0,0.0,0.09,0.0,0.0,0.08,0.0,0.0,0.12,0.0,0.06,0.0,0.0,0.0,0.0,0.0,0.0,0.0,0.0,0.0,0.09,0.0,0.0,0.0,0.0,0.0,0.0,0.0,0.0,0.0,0.0,0.0,0.0,0.0,0.0,0.0,0.08,0.08,0.06,0.0,0.0,0.0,0.0,0.08,0.0,0.0,0.0,0.0,0.08,0.0,0.0,0.0,0.0,0.0,0.0,0.09,0.0,0.06,0.0,0.0,0.0,0.0,0.0,0.0,0.0,0.0,0.0,0.0,0.0,0.0,0.06,0.12,0.1,0.0,0.07,0.0,0.07,0.0,0.0,0.11,0.0,0.0,0.0,0.08,0.09,0.0,0.0,0.0,0.0,0.0,0.0,0.06,0.0,0.0,0.0,0.08,0.0,0.08,0.0,0.0,0.0,0.0,0.07,0.0,0.0,0.0,0.0,0.0,0.0,0.0,0.0,0.0,0.0,0.0,0.0,0.07
ciambella babà,0.0,0.1,0.14,0.0,0.14,0.0,0.0,0.12,0.0,0.0,0.0,0.21,0.0,0.24,0.1,0.0,0.11,0.0,0.0,0.0,0.14,0.0,0.0,0.0,1.0,0.0,0.14,0.15,0.24,0.0,0.0,0.0,0.0,0.0,0.2,0.21,0.2,0.0,0.13,0.1,0.0,0.0,0.0,0.0,0.06,0.0,0.03,0.24,0.06,0.0,0.17,0.0,0.19,0.0,0.0,0.0,0.0,0.0,0.0,0.0,0.0,0.0,0.1,0.0,0.0,0.0,0.0,0.22,0.2,0.32,0.0,0.0,0.0,0.17,0.24,0.0,0.0,0.3,0.12,0.06,0.16,0.0,0.0,0.0,0.24,0.06,0.26,0.18,0.0,0.0,0.06,0.0,0.0,0.0,0.22,0.04,0.0,0.13,0.11,0.16,0.0,0.0,0.25,0.0,0.06,0.0,0.0,0.0,0.0,0.0,0.0,0.14,0.14,0.08,0.1,0.0,0.05,0.2,0.15,0.1,0.0,0.12,0.04,0.2,0.0,0.16,0.16,0.0,0.0,0.0,0.0,0.08,0.0,0.13,0.0,0.06,0.0,0.06,0.0,0.12,0.0,0.0,0.0,0.14,0.2,0.0,0.16,0.17,0.06,0.0,0.09,0.0,0.0,0.19,0.05,0.0,0.23,0.1
ciambelle fritte di carnevale,0.0,0.0,0.07,0.0,0.02,0.0,0.0,0.14,0.0,0.0,0.0,0.13,0.0,0.1,0.0,0.0,0.04,0.0,0.0,0.0,0.08,0.0,0.0,0.0,0.0,1.0,0.12,0.16,0.2,0.0,0.0,0.0,0.0,0.0,0.24,0.17,0.17,0.0,0.07,0.08,0.0,0.0,0.0,0.0,0.02,0.0,0.05,0.2,0.0,0.0,0.18,0.0,0.12,0.0,0.0,0.0,0.0,0.0,0.0,0.0,0.0,0.0,0.1,0.0,0.0,0.0,0.15,0.22,0.2,0.16,0.0,0.0,0.0,0.14,0.16,0.0,0.0,0.2,0.24,0.05,0.06,0.0,0.0,0.0,0.3,0.13,0.16,0.1,0.0,0.0,0.14,0.0,0.0,0.0,0.12,0.0,0.0,0.16,0.04,0.22,0.0,0.0,0.28,0.0,0.09,0.0,0.0,0.0,0.0,0.0,0.0,0.12,0.24,0.1,0.06,0.0,0.04,0.12,0.04,0.04,0.0,0.06,0.09,0.12,0.0,0.22,0.08,0.0,0.0,0.0,0.0,0.14,0.0,0.14,0.0,0.05,0.0,0.0,0.0,0.1,0.0,0.0,0.0,0.19,0.16,0.0,0.26,0.14,0.0,0.0,0.18,0.0,0.0,0.12,0.04,0.0,0.18,0.04
colomba salata,0.08,0.04,0.16,0.12,0.08,0.2,0.12,0.08,0.06,0.14,0.1,0.15,0.14,0.04,0.05,0.0,0.06,0.2,0.05,0.08,0.09,0.08,0.12,0.0,0.14,0.12,1.0,0.05,0.12,0.18,0.12,0.17,0.04,0.12,0.05,0.05,0.1,0.12,0.12,0.14,0.18,0.15,0.12,0.06,0.03,0.09,0.08,0.12,0.06,0.14,0.08,0.1,0.14,0.02,0.14,0.12,0.12,0.0,0.16,0.06,0.12,0.14,0.08,0.18,0.14,0.09,0.08,0.04,0.12,0.68,0.09,0.05,0.06,0.06,0.04,0.04,0.26,0.24,0.17,0.06,0.16,0.3,0.22,0.22,0.17,0.15,0.12,0.12,0.14,0.12,0.12,0.06,0.2,0.24,0.04,0.0,0.04,0.06,0.1,0.28,0.12,0.15,0.05,0.1,0.06,0.19,0.18,0.17,0.06,0.17,0.06,0.0,0.09,0.16,0.1,0.0,0.1,0.1,0.14,0.05,0.14,0.08,0.07,0.6,0.12,0.15,0.09,0.06,0.0,0.14,0.08,0.58,0.13,0.34,0.0,0.06,0.14,0.1,0.06,0.06,0.12,0.08,0.0,0.03,0.19,0.16,0.1,0.32,0.06,0.04,0.58,0.04,0.0,0.0,0.04,0.1,0.18,0.14
cornetti allo yogurt,0.09,0.14,0.03,0.18,0.06,0.06,0.0,0.08,0.06,0.19,0.08,0.1,0.05,0.24,0.2,0.3,0.11,0.1,0.06,0.04,0.05,0.04,0.26,0.0,0.15,0.16,0.05,1.0,0.06,0.18,0.08,0.06,0.1,0.09,0.1,0.06,0.04,0.06,0.04,0.1,0.04,0.06,0.0,0.14,0.1,0.1,0.12,0.0,0.11,0.08,0.0,0.0,0.0,0.11,0.1,0.0,0.0,0.14,0.17,0.06,0.13,0.0,0.0,0.0,0.18,0.14,0.09,0.18,0.12,0.06,0.14,0.21,0.0,0.11,0.1,0.18,0.06,0.05,0.06,0.0,0.0,0.08,0.0,0.0,0.06,0.06,0.06,0.0,0.0,0.06,0.06,0.0,0.07,0.13,0.22,0.16,0.05,0.0,0.06,0.08,0.18,0.0,0.1,0.11,0.17,0.05,0.04,0.12,0.0,0.06,0.0,0.19,0.05,0.04,0.04,0.06,0.0,0.05,0.05,0.05,0.0,0.0,0.11,0.15,0.0,0.06,0.06,0.0,0.06,0.12,0.0,0.12,0.04,0.09,0.16,0.0,0.05,0.06,0.0,0.0,0.06,0.13,0.18,0.09,0.05,0.06,0.1,0.08,0.0,0.1,0.09,0.24,0.06,0.1,0.1,0.06,0.14,0.05
cornetti con lievito madre non rinfrescato,0.05,0.06,0.04,0.0,0.14,0.19,0.1,0.1,0.2,0.23,0.31,0.12,0.06,0.14,0.0,0.12,0.2,0.25,0.12,0.16,0.0,0.06,0.0,0.0,0.24,0.2,0.12,0.06,1.0,0.18,0.2,0.0,0.0,0.0,0.12,0.12,0.12,0.22,0.05,0.06,0.06,0.0,0.07,0.0,0.0,0.23,0.0,0.07,0.0,0.04,0.05,0.0,0.12,0.2,0.0,0.14,0.08,0.0,0.2,0.0,0.28,0.0,0.02,0.16,0.14,0.23,0.0,0.09,0.14,0.08,0.17,0.12,0.16,0.2,0.17,0.05,0.2,0.3,0.07,0.0,0.0,0.0,0.1,0.0,0.07,0.0,0.16,0.0,0.08,0.0,0.0,0.08,0.0,0.0,0.13,0.0,0.0,0.08,0.14,0.04,0.0,0.1,0.18,0.2,0.0,0.06,0.09,0.0,0.07,0.14,0.0,0.06,0.06,0.0,0.0,0.06,0.0,0.12,0.06,0.0,0.06,0.04,0.0,0.12,0.07,0.06,0.0,0.0,0.0,0.14,0.1,0.0,0.28,0.0,0.0,0.0,0.06,0.0,0.0,0.0,0.07,0.0,0.0,0.18,0.06,0.06,0.06,0.15,0.0,0.06,0.05,0.17,0.0,0.12,0.06,0.06,0.16,0.0
cornetti da colazione,0.0,0.1,0.15,0.0,0.04,0.0,0.0,0.12,0.0,0.0,0.0,0.16,0.0,0.12,0.08,0.0,0.12,0.0,0.0,0.0,0.07,0.0,0.0,0.0,0.0,0.0,0.18,0.18,0.18,1.0,0.0,0.0,0.0,0.0,0.11,0.04,0.16,0.0,0.2,0.11,0.0,0.0,0.0,0.0,0.02,0.0,0.06,0.09,0.08,0.0,0.06,0.0,0.1,0.0,0.0,0.0,0.0,0.0,0.0,0.0,0.0,0.0,0.1,0.0,0.0,0.0,0.14,0.08,0.22,0.14,0.0,0.0,0.0,0.21,0.07,0.0,0.0,0.22,0.14,0.04,0.09,0.0,0.0,0.0,0.18,0.12,0.19,0.09,0.0,0.0,0.14,0.0,0.0,0.0,0.14,0.0,0.0,0.1,0.08,0.17,0.0,0.0,0.18,0.0,0.08,0.0,0.0,0.0,0.0,0.0,0.0,0.07,0.1,0.12,0.1,0.0,0.04,0.15,0.15,0.04,0.0,0.06,0.06,0.22,0.0,0.16,0.07,0.0,0.0,0.0,0.0,0.09,0.0,0.1,0.0,0.04,0.0,0.04,0.0,0.04,0.0,0.0,0.0,0.2,0.18,0.0,0.16,0.19,0.04,0.0,0.16,0.0,0.0,0.1,0.07,0.0,0.17,0.11
cornetti sfogliati,0.0,0.04,0.12,0.0,0.1,0.0,0.0,0.14,0.0,0.0,0.0,0.09,0.0,0.14,0.04,0.0,0.14,0.0,0.0,0.0,0.16,0.0,0.0,0.0,0.0,0.0,0.12,0.08,0.2,0.0,1.0,0.0,0.0,0.0,0.21,0.09,0.14,0.0,0.11,0.12,0.0,0.0,0.0,0.0,0.08,0.0,0.05,0.2,0.1,0.0,0.18,0.0,0.12,0.0,0.0,0.0,0.0,0.0,0.0,0.0,0.0,0.0,0.1,0.0,0.0,0.0,0.08,0.16,0.28,0.16,0.0,0.0,0.0,0.19,0.2,0.0,0.0,0.21,0.15,0.1,0.14,0.0,0.0,0.0,0.26,0.09,0.16,0.2,0.0,0.0,0.1,0.0,0.0,0.0,0.12,0.0,0.0,0.16,0.04,0.2,0.0,0.0,0.26,0.0,0.04,0.0,0.0,0.0,0.0,0.0,0.0,0.12,0.16,0.1,0.09,0.0,0.08,0.12,0.08,0.08,0.0,0.06,0.09,0.12,0.0,0.18,0.1,0.0,0.0,0.0,0.0,0.07,0.0,0.11,0.0,0.05,0.0,0.04,0.0,0.1,0.0,0.0,0.0,0.15,0.17,0.0,0.18,0.18,0.05,0.0,0.15,0.0,0.0,0.12,0.08,0.0,0.2,0.12
crescentine,0.0,0.0,0.1,0.0,0.07,0.0,0.0,0.1,0.0,0.0,0.0,0.12,0.0,0.0,0.0,0.0,0.0,0.0,0.0,0.0,0.06,0.0,0.0,0.0,0.0,0.0,0.17,0.06,0.0,0.0,0.0,1.0,0.0,0.0,0.06,0.0,0.08,0.0,0.1,0.12,0.0,0.0,0.0,0.0,0.0,0.0,0.07,0.07,0.0,0.0,0.1,0.0,0.06,0.0,0.0,0.0,0.0,0.0,0.0,0.0,0.0,0.0,0.1,0.0,0.0,0.0,0.11,0.04,0.05,0.08,0.0,0.0,0.0,0.0,0.0,0.0,0.0,0.12,0.22,0.07,0.05,0.0,0.0,0.0,0.14,0.19,0.08,0.07,0.0,0.0,0.14,0.0,0.0,0.0,0.0,0.0,0.0,0.08,0.0,0.14,0.0,0.0,0.06,0.0,0.06,0.0,0.0,0.0,0.0,0.0,0.0,0.0,0.12,0.15,0.08,0.0,0.12,0.06,0.06,0.0,0.0,0.04,0.04,0.06,0.0,0.12,0.08,0.0,0.0,0.0,0.0,0.1,0.0,0.1,0.0,0.07,0.0,0.06,0.0,0.07,0.0,0.0,0.0,0.04,0.18,0.0,0.12,0.15,0.0,0.0,0.1,0.0,0.0,0.0,0.06,0.0,0.11,0.12
crescione integrale,0.0,0.04,0.03,0.0,0.06,0.0,0.0,0.04,0.0,0.0,0.0,0.0,0.0,0.16,0.1,0.0,0.06,0.0,0.0,0.0,0.14,0.0,0.0,0.0,0.0,0.0,0.04,0.1,0.0,0.0,0.0,0.0,1.0,0.0,0.05,0.0,0.0,0.0,0.04,0.1,0.0,0.0,0.0,0.0,0.15,0.0,0.11,0.06,0.16,0.0,0.04,0.0,0.04,0.0,0.0,0.0,0.0,0.0,0.0,0.0,0.0,0.0,0.0,0.0,0.0,0.0,0.0,0.07,0.08,0.06,0.0,0.0,0.0,0.1,0.09,0.0,0.0,0.05,0.0,0.06,0.08,0.0,0.0,0.0,0.06,0.0,0.0,0.12,0.0,0.0,0.06,0.0,0.0,0.0,0.07,0.0,0.0,0.0,0.06,0.0,0.0,0.0,0.0,0.0,0.1,0.0,0.0,0.0,0.0,0.0,0.0,0.14,0.0,0.04,0.04,0.0,0.05,0.0,0.05,0.1,0.0,0.0,0.1,0.0,0.0,0.05,0.06,0.0,0.06,0.0,0.0,0.04,0.0,0.0,0.0,0.0,0.0,0.1,0.0,0.0,0.0,0.0,0.0,0.0,0.05,0.0,0.0,0.08,0.06,0.0,0.04,0.0,0.0,0.0,0.09,0.0,0.08,0.1
crespelle fritte ciociare,0.0,0.04,0.2,0.0,0.18,0.0,0.0,0.15,0.0,0.0,0.0,0.04,0.0,0.07,0.09,0.0,0.05,0.0,0.0,0.0,0.25,0.0,0.0,0.0,0.0,0.0,0.12,0.09,0.0,0.0,0.0,0.0,0.0,1.0,0.09,0.04,0.12,0.0,0.08,0.22,0.0,0.0,0.0,0.0,0.24,0.0,0.13,0.26,0.1,0.0,0.26,0.0,0.16,0.0,0.0,0.0,0.0,0.0,0.0,0.0,0.0,0.0,0.18,0.0,0.0,0.0,0.08,0.06,0.1,0.17,0.0,0.0,0.0,0.1,0.04,0.0,0.0,0.09,0.21,0.16,0.22,0.0,0.0,0.0,0.21,0.18,0.12,0.16,0.0,0.0,0.21,0.0,0.0,0.0,0.06,0.0,0.0,0.22,0.05,0.24,0.0,0.0,0.09,0.0,0.1,0.0,0.0,0.0,0.0,0.0,0.0,0.08,0.21,0.26,0.22,0.0,0.13,0.09,0.18,0.13,0.0,0.21,0.12,0.04,0.0,0.23,0.25,0.0,0.05,0.0,0.0,0.07,0.0,0.19,0.0,0.05,0.0,0.2,0.0,0.21,0.0,0.0,0.0,0.02,0.26,0.0,0.14,0.15,0.05,0.0,0.08,0.0,0.0,0.04,0.04,0.0,0.12,0.18
danubio alla nutella,0.18,0.05,0.14,0.06,0.03,0.16,0.12,0.12,0.11,0.14,0.18,0.1,0.1,0.16,0.0,0.15,0.06,0.21,0.16,0.18,0.1,0.14,0.04,0.0,0.2,0.24,0.05,0.1,0.12,0.11,0.21,0.06,0.05,0.09,1.0,0.16,0.14,0.18,0.09,0.05,0.18,0.1,0.12,0.07,0.03,0.24,0.0,0.24,0.0,0.11,0.17,0.06,0.1,0.19,0.05,0.18,0.2,0.0,0.22,0.06,0.23,0.21,0.12,0.13,0.22,0.14,0.0,0.22,0.24,0.2,0.28,0.21,0.26,0.11,0.24,0.04,0.17,0.1,0.12,0.06,0.16,0.08,0.16,0.08,0.18,0.06,0.13,0.12,0.21,0.0,0.06,0.13,0.07,0.06,0.18,0.0,0.14,0.26,0.11,0.23,0.06,0.08,0.3,0.17,0.0,0.1,0.16,0.06,0.18,0.12,0.06,0.14,0.14,0.04,0.07,0.0,0.05,0.1,0.05,0.05,0.1,0.08,0.04,0.15,0.12,0.1,0.1,0.06,0.0,0.19,0.13,0.12,0.2,0.09,0.08,0.06,0.15,0.0,0.14,0.12,0.18,0.04,0.04,0.12,0.1,0.11,0.21,0.08,0.0,0.1,0.18,0.19,0.0,0.14,0.05,0.26,0.14,0.15
danubio con pomodori secchi e mozzarella,0.09,0.05,0.03,0.06,0.03,0.11,0.08,0.04,0.12,0.1,0.16,0.11,0.06,0.13,0.0,0.06,0.12,0.16,0.11,0.1,0.05,0.1,0.04,0.0,0.21,0.17,0.05,0.06,0.12,0.04,0.09,0.0,0.0,0.04,0.16,1.0,0.11,0.06,0.04,0.0,0.1,0.06,0.06,0.0,0.04,0.2,0.0,0.12,0.18,0.04,0.09,0.0,0.1,0.14,0.0,0.19,0.14,0.0,0.12,0.06,0.21,0.08,0.04,0.14,0.16,0.1,0.0,0.16,0.13,0.2,0.15,0.06,0.14,0.12,0.2,0.0,0.12,0.1,0.06,0.0,0.04,0.0,0.16,0.0,0.12,0.0,0.14,0.06,0.15,0.0,0.0,0.0,0.0,0.0,0.12,0.0,0.1,0.07,0.18,0.12,0.06,0.08,0.16,0.12,0.0,0.1,0.12,0.0,0.12,0.12,0.06,0.1,0.1,0.0,0.0,0.0,0.0,0.1,0.06,0.06,0.0,0.08,0.08,0.1,0.06,0.06,0.04,0.0,0.0,0.08,0.04,0.04,0.14,0.04,0.08,0.0,0.1,0.0,0.08,0.06,0.12,0.04,0.0,0.03,0.1,0.06,0.11,0.04,0.0,0.05,0.14,0.15,0.06,0.1,0.0,0.06,0.1,0.0
doppio hamburger di manzo,0.09,0.04,0.14,0.0,0.08,0.14,0.12,0.08,0.16,0.13,0.16,0.14,0.1,0.12,0.0,0.04,0.04,0.18,0.26,0.16,0.1,0.16,0.0,0.0,0.2,0.17,0.1,0.04,0.12,0.16,0.14,0.08,0.0,0.12,0.14,0.11,1.0,0.2,0.15,0.0,0.19,0.11,0.12,0.0,0.02,0.2,0.0,0.16,0.0,0.13,0.18,0.08,0.13,0.17,0.06,0.24,0.18,0.0,0.16,0.04,0.18,0.14,0.18,0.18,0.1,0.1,0.0,0.13,0.08,0.18,0.2,0.11,0.18,0.12,0.13,0.06,0.16,0.2,0.12,0.08,0.08,0.11,0.22,0.11,0.16,0.08,0.22,0.12,0.2,0.0,0.08,0.09,0.1,0.09,0.08,0.0,0.04,0.14,0.16,0.16,0.04,0.06,0.18,0.2,0.0,0.14,0.18,0.08,0.16,0.16,0.08,0.06,0.13,0.06,0.1,0.04,0.07,0.18,0.1,0.04,0.06,0.11,0.02,0.14,0.12,0.11,0.11,0.08,0.0,0.18,0.12,0.06,0.16,0.09,0.06,0.08,0.14,0.0,0.05,0.12,0.16,0.03,0.0,0.12,0.14,0.12,0.11,0.08,0.0,0.0,0.06,0.1,0.0,0.1,0.04,0.14,0.12,0.07
english muffin,0.0,0.0,0.1,0.0,0.07,0.0,0.0,0.2,0.0,0.0,0.0,0.19,0.0,0.1,0.0,0.0,0.06,0.0,0.0,0.0,0.06,0.0,0.0,0.0,0.0,0.0,0.12,0.06,0.22,0.0,0.0,0.0,0.0,0.0,0.18,0.06,0.2,1.0,0.26,0.06,0.0,0.0,0.0,0.0,0.0,0.0,0.04,0.14,0.0,0.0,0.15,0.0,0.12,0.0,0.0,0.0,0.0,0.0,0.0,0.0,0.0,0.0,0.15,0.0,0.0,0.0,0.0,0.14,0.1,0.08,0.0,0.0,0.0,0.14,0.06,0.0,0.0,0.3,0.22,0.07,0.05,0.0,0.0,0.0,0.14,0.12,0.16,0.07,0.0,0.0,0.07,0.0,0.0,0.0,0.04,0.0,0.0,0.16,0.06,0.14,0.0,0.0,0.24,0.0,0.0,0.0,0.0,0.0,0.0,0.0,0.0,0.06,0.12,0.1,0.08,0.0,0.12,0.12,0.06,0.0,0.0,0.04,0.0,0.12,0.0,0.12,0.08,0.0,0.0,0.0,0.0,0.05,0.0,0.05,0.0,0.07,0.0,0.06,0.0,0.07,0.0,0.0,0.0,0.24,0.06,0.0,0.12,0.15,0.0,0.0,0.1,0.0,0.0,0.06,0.17,0.0,0.11,0.12
fagottini al gorgonzola e fichi secchi,0.04,0.0,0.12,0.1,0.05,0.09,0.1,0.11,0.14,0.08,0.1,0.14,0.13,0.1,0.04,0.04,0.0,0.18,0.18,0.12,0.08,0.16,0.04,0.0,0.13,0.07,0.12,0.04,0.05,0.2,0.11,0.1,0.04,0.08,0.09,0.04,0.15,0.26,1.0,0.13,0.12,0.09,0.1,0.12,0.02,0.08,0.05,0.16,0.05,0.1,0.08,0.1,0.08,0.12,0.08,0.05,0.12,0.0,0.14,0.05,0.06,0.18,0.13,0.12,0.13,0.04,0.0,0.06,0.04,0.12,0.21,0.14,0.06,0.05,0.0,0.08,0.14,0.26,0.1,0.05,0.18,0.21,0.14,0.21,0.1,0.09,0.12,0.32,0.12,0.12,0.05,0.06,0.12,0.17,0.06,0.0,0.08,0.12,0.1,0.1,0.05,0.14,0.09,0.1,0.0,0.09,0.1,0.1,0.05,0.05,0.1,0.04,0.04,0.11,0.16,0.09,0.09,0.09,0.09,0.04,0.16,0.04,0.0,0.09,0.1,0.09,0.08,0.05,0.0,0.1,0.08,0.04,0.09,0.04,0.07,0.05,0.09,0.1,0.12,0.05,0.05,0.04,0.0,0.13,0.09,0.1,0.04,0.11,0.1,0.0,0.08,0.04,0.0,0.08,0.12,0.23,0.08,0.13
focaccia alle erbe di provenza (fougasse),0.04,0.05,0.12,0.18,0.23,0.1,0.08,0.08,0.0,0.1,0.04,0.06,0.1,0.08,0.1,0.1,0.11,0.1,0.0,0.04,0.14,0.09,0.18,0.07,0.1,0.08,0.14,0.1,0.06,0.11,0.12,0.12,0.1,0.22,0.05,0.0,0.0,0.06,0.13,1.0,0.14,0.21,0.18,0.28,0.18,0.0,0.18,0.18,0.11,0.15,0.08,0.11,0.1,0.0,0.19,0.06,0.13,0.07,0.11,0.12,0.1,0.21,0.06,0.06,0.11,0.05,0.09,0.0,0.08,0.06,0.05,0.06,0.0,0.06,0.05,0.09,0.17,0.15,0.18,0.06,0.2,0.24,0.08,0.16,0.12,0.16,0.0,0.06,0.07,0.2,0.12,0.0,0.21,0.26,0.11,0.0,0.1,0.13,0.0,0.08,0.18,0.16,0.0,0.0,0.11,0.1,0.16,0.12,0.12,0.18,0.06,0.05,0.1,0.21,0.1,0.0,0.1,0.0,0.1,0.1,0.24,0.08,0.11,0.0,0.18,0.16,0.12,0.06,0.06,0.12,0.13,0.04,0.04,0.09,0.04,0.0,0.15,0.22,0.21,0.06,0.12,0.18,0.04,0.0,0.15,0.17,0.06,0.21,0.06,0.05,0.04,0.1,0.06,0.1,0.1,0.1,0.14,0.15
focaccia barese,0.0,0.0,0.24,0.0,0.1,0.0,0.0,0.12,0.0,0.0,0.0,0.1,0.0,0.04,0.04,0.0,0.0,0.0,0.0,0.0,0.22,0.0,0.0,0.0,0.0,0.0,0.18,0.04,0.06,0.0,0.0,0.0,0.0,0.0,0.18,0.1,0.19,0.0,0.12,0.14,1.0,0.0,0.0,0.0,0.12,0.0,0.06,0.32,0.05,0.0,0.31,0.0,0.22,0.0,0.0,0.0,0.0,0.0,0.0,0.0,0.0,0.0,0.25,0.0,0.0,0.0,0.08,0.14,0.15,0.24,0.0,0.0,0.0,0.05,0.08,0.0,0.0,0.18,0.28,0.16,0.22,0.0,0.0,0.0,0.32,0.19,0.18,0.22,0.0,0.0,0.22,0.0,0.0,0.0,0.04,0.0,0.0,0.24,0.05,0.24,0.0,0.0,0.18,0.0,0.05,0.0,0.0,0.0,0.0,0.0,0.0,0.04,0.26,0.27,0.26,0.0,0.14,0.14,0.18,0.09,0.0,0.18,0.06,0.09,0.0,0.29,0.23,0.0,0.0,0.0,0.0,0.11,0.0,0.2,0.0,0.11,0.0,0.1,0.0,0.22,0.0,0.0,0.0,0.08,0.28,0.0,0.19,0.16,0.06,0.0,0.12,0.0,0.0,0.04,0.0,0.0,0.21,0.18
focaccia barese con il bimby,0.0,0.0,0.18,0.0,0.09,0.0,0.0,0.09,0.0,0.0,0.0,0.06,0.0,0.04,0.06,0.0,0.0,0.0,0.0,0.0,0.2,0.0,0.0,0.0,0.0,0.0,0.15,0.06,0.0,0.0,0.0,0.0,0.0,0.0,0.1,0.06,0.11,0.0,0.09,0.21,0.0,1.0,0.0,0.0,0.13,0.0,0.06,0.25,0.06,0.0,0.22,0.0,0.15,0.0,0.0,0.0,0.0,0.0,0.0,0.0,0.0,0.0,0.16,0.0,0.0,0.0,0.1,0.08,0.13,0.2,0.0,0.0,0.0,0.06,0.05,0.0,0.0,0.1,0.19,0.12,0.22,0.0,0.0,0.0,0.25,0.16,0.14,0.19,0.0,0.0,0.19,0.0,0.0,0.0,0.04,0.0,0.0,0.2,0.06,0.2,0.0,0.0,0.1,0.0,0.06,0.0,0.0,0.0,0.0,0.0,0.0,0.05,0.2,0.26,0.18,0.0,0.1,0.1,0.16,0.1,0.0,0.21,0.08,0.06,0.0,0.22,0.2,0.0,0.0,0.0,0.0,0.08,0.0,0.18,0.0,0.06,0.0,0.12,0.0,0.19,0.0,0.0,0.0,0.03,0.26,0.0,0.16,0.14,0.06,0.0,0.09,0.0,0.0,0.05,0.0,0.0,0.14,0.16
focaccia bianca,0.0,0.0,0.2,0.0,0.2,0.0,0.0,0.1,0.0,0.0,0.0,0.06,0.0,0.1,0.06,0.0,0.06,0.0,0.0,0.0,0.23,0.0,0.0,0.0,0.0,0.0,0.12,0.0,0.07,0.0,0.0,0.0,0.0,0.0,0.12,0.06,0.12,0.0,0.1,0.18,0.0,0.0,1.0,0.0,0.15,0.0,0.04,0.28,0.06,0.0,0.26,0.0,0.23,0.0,0.0,0.0,0.0,0.0,0.0,0.0,0.0,0.0,0.18,0.0,0.0,0.0,0.0,0.09,0.1,0.23,0.0,0.0,0.0,0.06,0.12,0.0,0.0,0.18,0.14,0.14,0.24,0.0,0.0,0.0,0.22,0.12,0.16,0.22,0.0,0.0,0.14,0.0,0.0,0.0,0.08,0.0,0.0,0.23,0.06,0.18,0.0,0.0,0.12,0.0,0.0,0.0,0.0,0.0,0.0,0.0,0.0,0.06,0.17,0.2,0.21,0.0,0.12,0.12,0.18,0.12,0.0,0.19,0.04,0.06,0.0,0.19,0.22,0.0,0.0,0.0,0.0,0.05,0.0,0.16,0.0,0.07,0.0,0.14,0.0,0.22,0.0,0.0,0.0,0.04,0.24,0.0,0.12,0.15,0.07,0.0,0.05,0.0,0.0,0.12,0.0,0.0,0.16,0.18
focaccia con cime di rapa,0.0,0.14,0.2,0.0,0.16,0.0,0.0,0.06,0.0,0.0,0.0,0.0,0.0,0.06,0.21,0.0,0.16,0.0,0.0,0.0,0.2,0.0,0.0,0.0,0.0,0.0,0.06,0.14,0.0,0.0,0.0,0.0,0.0,0.0,0.07,0.0,0.0,0.0,0.12,0.28,0.0,0.0,0.0,1.0,0.26,0.0,0.16,0.26,0.24,0.0,0.12,0.0,0.14,0.0,0.0,0.0,0.0,0.0,0.0,0.0,0.0,0.0,0.09,0.0,0.0,0.0,0.0,0.0,0.06,0.09,0.0,0.0,0.0,0.08,0.0,0.0,0.0,0.07,0.08,0.08,0.29,0.0,0.0,0.0,0.08,0.08,0.0,0.08,0.0,0.0,0.08,0.0,0.0,0.0,0.1,0.0,0.0,0.18,0.0,0.06,0.0,0.0,0.0,0.0,0.08,0.0,0.0,0.0,0.0,0.0,0.0,0.06,0.06,0.18,0.2,0.0,0.07,0.0,0.21,0.14,0.0,0.11,0.1,0.07,0.0,0.15,0.18,0.0,0.08,0.0,0.0,0.0,0.0,0.06,0.0,0.0,0.0,0.24,0.0,0.08,0.0,0.0,0.0,0.0,0.14,0.0,0.0,0.12,0.08,0.0,0.0,0.0,0.0,0.06,0.06,0.0,0.06,0.14
"focaccia con fave, salumi e formaggi",0.02,0.16,0.09,0.15,0.18,0.0,0.05,0.08,0.07,0.0,0.02,0.0,0.1,0.12,0.12,0.12,0.1,0.04,0.04,0.03,0.24,0.17,0.11,0.09,0.06,0.02,0.03,0.1,0.0,0.02,0.08,0.0,0.15,0.24,0.03,0.04,0.02,0.0,0.02,0.18,0.12,0.13,0.15,0.26,1.0,0.03,0.3,0.15,0.18,0.12,0.16,0.1,0.09,0.02,0.15,0.11,0.16,0.16,0.0,0.22,0.02,0.18,0.08,0.0,0.02,0.03,0.0,0.04,0.05,0.08,0.06,0.04,0.08,0.18,0.06,0.11,0.04,0.03,0.08,0.11,0.12,0.05,0.1,0.05,0.08,0.06,0.04,0.11,0.09,0.2,0.08,0.04,0.13,0.12,0.09,0.0,0.06,0.12,0.04,0.07,0.18,0.05,0.03,0.0,0.1,0.06,0.14,0.04,0.11,0.11,0.07,0.15,0.09,0.13,0.11,0.0,0.1,0.03,0.1,0.16,0.09,0.12,0.26,0.0,0.15,0.1,0.18,0.07,0.1,0.07,0.14,0.0,0.04,0.08,0.12,0.0,0.12,0.21,0.18,0.11,0.11,0.22,0.08,0.0,0.12,0.07,0.04,0.18,0.04,0.0,0.0,0.12,0.1,0.03,0.2,0.06,0.03,0.1
focaccia della befana,0.0,0.04,0.11,0.0,0.06,0.0,0.0,0.16,0.0,0.0,0.0,0.2,0.0,0.16,0.0,0.0,0.1,0.0,0.0,0.0,0.09,0.0,0.0,0.0,0.0,0.0,0.09,0.1,0.23,0.0,0.0,0.0,0.0,0.0,0.24,0.2,0.2,0.0,0.08,0.0,0.0,0.0,0.0,0.0,0.03,1.0,0.0,0.17,0.0,0.0,0.16,0.0,0.14,0.0,0.0,0.0,0.0,0.0,0.0,0.0,0.0,0.0,0.1,0.0,0.0,0.0,0.0,0.22,0.16,0.24,0.0,0.0,0.0,0.22,0.18,0.0,0.0,0.19,0.12,0.06,0.08,0.0,0.0,0.0,0.17,0.05,0.24,0.12,0.0,0.0,0.06,0.0,0.0,0.0,0.14,0.0,0.0,0.18,0.1,0.18,0.0,0.0,0.28,0.0,0.0,0.0,0.0,0.0,0.0,0.0,0.0,0.14,0.14,0.04,0.06,0.0,0.05,0.19,0.1,0.05,0.0,0.12,0.04,0.19,0.0,0.1,0.09,0.0,0.0,0.0,0.0,0.08,0.0,0.08,0.0,0.06,0.0,0.0,0.0,0.12,0.0,0.0,0.0,0.2,0.14,0.0,0.2,0.12,0.0,0.0,0.12,0.0,0.0,0.14,0.04,0.0,0.13,0.05
"focaccia ligure, con salame e pesto, la ricetta",0.02,0.17,0.02,0.18,0.12,0.06,0.05,0.05,0.0,0.03,0.02,0.03,0.06,0.07,0.12,0.09,0.1,0.06,0.0,0.0,0.14,0.1,0.16,0.0,0.03,0.05,0.08,0.12,0.0,0.06,0.05,0.07,0.11,0.13,0.0,0.0,0.0,0.04,0.05,0.18,0.06,0.06,0.04,0.16,0.3,0.0,1.0,0.04,0.13,0.04,0.0,0.04,0.03,0.0,0.06,0.0,0.04,0.14,0.06,0.24,0.04,0.04,0.01,0.04,0.06,0.03,0.06,0.0,0.05,0.04,0.03,0.03,0.0,0.1,0.0,0.1,0.1,0.06,0.07,0.0,0.05,0.14,0.04,0.1,0.07,0.06,0.0,0.04,0.04,0.19,0.04,0.0,0.08,0.12,0.06,0.0,0.11,0.0,0.0,0.02,0.18,0.1,0.0,0.0,0.13,0.06,0.07,0.07,0.0,0.04,0.0,0.08,0.06,0.1,0.04,0.03,0.09,0.0,0.06,0.12,0.11,0.0,0.38,0.0,0.04,0.06,0.1,0.0,0.1,0.02,0.02,0.02,0.02,0.02,0.07,0.0,0.06,0.16,0.04,0.0,0.04,0.28,0.16,0.0,0.06,0.06,0.03,0.24,0.04,0.03,0.02,0.11,0.1,0.0,0.21,0.03,0.06,0.06
focaccia patate e rosmarino,0.1,0.0,0.24,0.07,0.1,0.12,0.2,0.1,0.06,0.06,0.14,0.06,0.24,0.05,0.06,0.0,0.0,0.19,0.19,0.11,0.23,0.22,0.05,0.08,0.24,0.2,0.12,0.0,0.07,0.09,0.2,0.07,0.06,0.26,0.24,0.12,0.16,0.14,0.16,0.18,0.32,0.25,0.28,0.26,0.15,0.17,0.04,1.0,0.06,0.26,0.3,0.2,0.23,0.16,0.23,0.28,0.38,0.0,0.14,0.14,0.2,0.42,0.2,0.16,0.14,0.12,0.0,0.14,0.14,0.23,0.23,0.06,0.23,0.06,0.12,0.05,0.2,0.18,0.22,0.14,0.34,0.19,0.28,0.19,0.28,0.12,0.16,0.22,0.34,0.08,0.14,0.08,0.26,0.23,0.08,0.0,0.17,0.31,0.06,0.18,0.14,0.19,0.18,0.14,0.0,0.18,0.32,0.14,0.28,0.22,0.14,0.06,0.23,0.2,0.21,0.0,0.12,0.12,0.18,0.12,0.23,0.19,0.04,0.06,0.28,0.25,0.22,0.14,0.0,0.18,0.26,0.05,0.2,0.16,0.04,0.07,0.3,0.14,0.34,0.22,0.28,0.1,0.0,0.07,0.24,0.2,0.12,0.1,0.07,0.0,0.05,0.12,0.0,0.12,0.0,0.25,0.16,0.18
focaccia ripiena con pomodoro prosciutto e mozzarella,0.05,0.1,0.06,0.14,0.06,0.0,0.09,0.04,0.06,0.0,0.0,0.0,0.22,0.09,0.17,0.17,0.12,0.06,0.0,0.0,0.34,0.2,0.14,0.0,0.06,0.0,0.06,0.11,0.0,0.08,0.1,0.0,0.16,0.1,0.0,0.18,0.0,0.0,0.05,0.11,0.05,0.06,0.06,0.24,0.18,0.0,0.13,0.06,1.0,0.08,0.04,0.06,0.06,0.0,0.1,0.0,0.07,0.12,0.0,0.2,0.0,0.08,0.02,0.0,0.04,0.0,0.0,0.04,0.04,0.07,0.06,0.0,0.07,0.12,0.06,0.14,0.06,0.06,0.0,0.06,0.09,0.09,0.09,0.09,0.06,0.0,0.0,0.14,0.08,0.22,0.0,0.07,0.08,0.07,0.04,0.0,0.06,0.0,0.0,0.04,0.14,0.09,0.0,0.0,0.06,0.06,0.08,0.14,0.0,0.0,0.06,0.1,0.06,0.04,0.22,0.0,0.06,0.0,0.17,0.17,0.1,0.0,0.16,0.06,0.06,0.06,0.07,0.06,0.06,0.04,0.05,0.0,0.04,0.0,0.09,0.06,0.06,0.12,0.08,0.0,0.0,0.24,0.14,0.0,0.06,0.06,0.0,0.23,0.06,0.06,0.05,0.06,0.18,0.0,0.1,0.06,0.05,0.06
focaccia sardenaria,0.0,0.04,0.26,0.0,0.13,0.0,0.0,0.12,0.0,0.0,0.0,0.08,0.0,0.0,0.08,0.0,0.04,0.0,0.0,0.0,0.22,0.0,0.0,0.0,0.0,0.0,0.14,0.08,0.04,0.0,0.0,0.0,0.0,0.0,0.11,0.04,0.13,0.0,0.1,0.15,0.0,0.0,0.0,0.0,0.12,0.0,0.04,0.26,0.08,1.0,0.28,0.0,0.22,0.0,0.0,0.0,0.0,0.0,0.0,0.0,0.0,0.0,0.24,0.0,0.0,0.0,0.07,0.08,0.09,0.14,0.0,0.0,0.0,0.0,0.04,0.0,0.0,0.15,0.26,0.18,0.18,0.0,0.0,0.0,0.22,0.2,0.1,0.14,0.0,0.0,0.22,0.0,0.0,0.0,0.0,0.0,0.0,0.19,0.0,0.2,0.0,0.0,0.11,0.0,0.04,0.0,0.0,0.0,0.0,0.0,0.0,0.0,0.25,0.25,0.26,0.0,0.15,0.08,0.22,0.04,0.0,0.18,0.02,0.11,0.0,0.28,0.24,0.0,0.08,0.0,0.0,0.09,0.0,0.16,0.0,0.09,0.0,0.12,0.0,0.18,0.0,0.0,0.0,0.06,0.22,0.0,0.12,0.12,0.04,0.0,0.1,0.0,0.0,0.0,0.0,0.0,0.17,0.18
focaccia semintegrale al rosmarino,0.11,0.08,0.24,0.0,0.14,0.14,0.18,0.18,0.1,0.08,0.1,0.14,0.17,0.07,0.0,0.04,0.04,0.14,0.18,0.16,0.24,0.2,0.0,0.12,0.17,0.18,0.08,0.0,0.05,0.06,0.18,0.1,0.04,0.26,0.17,0.09,0.18,0.15,0.08,0.08,0.31,0.22,0.26,0.12,0.16,0.16,0.0,0.3,0.04,0.28,1.0,0.19,0.49,0.14,0.32,0.36,0.32,0.03,0.14,0.1,0.16,0.3,0.28,0.22,0.1,0.08,0.0,0.16,0.07,0.16,0.16,0.04,0.28,0.1,0.12,0.0,0.14,0.12,0.3,0.26,0.18,0.14,0.2,0.14,0.2,0.26,0.22,0.26,0.24,0.06,0.26,0.16,0.24,0.22,0.03,0.0,0.04,0.28,0.04,0.26,0.05,0.06,0.17,0.14,0.0,0.12,0.32,0.1,0.3,0.3,0.19,0.08,0.28,0.22,0.24,0.0,0.21,0.12,0.17,0.04,0.2,0.26,0.12,0.08,0.26,0.22,0.24,0.19,0.0,0.26,0.26,0.07,0.14,0.22,0.06,0.1,0.26,0.1,0.18,0.3,0.4,0.04,0.0,0.08,0.21,0.14,0.14,0.07,0.05,0.0,0.08,0.08,0.0,0.08,0.04,0.14,0.12,0.17
focaccia veloce,0.0,0.0,0.2,0.0,0.1,0.0,0.0,0.1,0.0,0.0,0.0,0.06,0.0,0.0,0.06,0.0,0.0,0.0,0.0,0.0,0.16,0.0,0.0,0.0,0.0,0.0,0.1,0.0,0.0,0.0,0.0,0.0,0.0,0.0,0.06,0.0,0.08,0.0,0.1,0.11,0.0,0.0,0.0,0.0,0.1,0.0,0.04,0.2,0.06,0.0,0.19,1.0,0.16,0.0,0.0,0.0,0.0,0.0,0.0,0.0,0.0,0.0,0.19,0.0,0.0,0.0,0.0,0.04,0.04,0.14,0.0,0.0,0.0,0.0,0.0,0.0,0.0,0.11,0.14,0.14,0.18,0.0,0.0,0.0,0.14,0.12,0.07,0.14,0.0,0.0,0.14,0.0,0.0,0.0,0.0,0.0,0.0,0.14,0.0,0.13,0.0,0.0,0.06,0.0,0.0,0.0,0.0,0.0,0.0,0.0,0.0,0.0,0.1,0.24,0.24,0.0,0.11,0.06,0.22,0.06,0.0,0.14,0.0,0.06,0.0,0.18,0.18,0.0,0.0,0.0,0.0,0.04,0.0,0.1,0.0,0.06,0.0,0.12,0.0,0.14,0.0,0.0,0.0,0.04,0.17,0.0,0.06,0.1,0.06,0.0,0.05,0.0,0.0,0.0,0.0,0.0,0.1,0.17
focaccia veloce patate e rosmarino,0.04,0.04,0.2,0.06,0.11,0.15,0.16,0.08,0.06,0.09,0.1,0.1,0.24,0.04,0.05,0.0,0.06,0.2,0.1,0.08,0.14,0.13,0.08,0.06,0.19,0.12,0.14,0.0,0.12,0.1,0.12,0.06,0.04,0.16,0.1,0.1,0.13,0.12,0.08,0.1,0.22,0.15,0.23,0.14,0.09,0.14,0.03,0.23,0.06,0.22,0.49,0.16,1.0,0.1,0.22,0.23,0.24,0.0,0.1,0.06,0.16,0.2,0.16,0.18,0.14,0.04,0.0,0.07,0.12,0.18,0.14,0.0,0.12,0.06,0.09,0.04,0.22,0.19,0.17,0.12,0.16,0.15,0.22,0.15,0.17,0.15,0.12,0.12,0.2,0.06,0.12,0.06,0.2,0.18,0.04,0.0,0.04,0.12,0.06,0.14,0.06,0.15,0.1,0.16,0.0,0.14,0.26,0.12,0.17,0.17,0.1,0.04,0.14,0.16,0.17,0.0,0.1,0.1,0.19,0.05,0.14,0.15,0.07,0.1,0.17,0.25,0.18,0.1,0.0,0.14,0.25,0.08,0.16,0.08,0.0,0.06,0.24,0.1,0.14,0.12,0.23,0.04,0.0,0.06,0.19,0.1,0.05,0.12,0.06,0.04,0.04,0.04,0.0,0.0,0.04,0.1,0.18,0.14
focaccia veneta,0.0,0.0,0.04,0.0,0.02,0.0,0.0,0.12,0.0,0.0,0.0,0.12,0.0,0.14,0.06,0.0,0.03,0.0,0.0,0.0,0.05,0.0,0.0,0.0,0.0,0.0,0.02,0.11,0.2,0.0,0.0,0.0,0.0,0.0,0.19,0.14,0.17,0.0,0.12,0.0,0.0,0.0,0.0,0.0,0.02,0.0,0.0,0.16,0.0,0.0,0.14,0.0,0.1,1.0,0.0,0.0,0.0,0.0,0.0,0.0,0.0,0.0,0.09,0.0,0.0,0.0,0.0,0.2,0.14,0.1,0.0,0.0,0.0,0.12,0.13,0.0,0.0,0.19,0.13,0.03,0.04,0.0,0.0,0.0,0.16,0.03,0.14,0.06,0.0,0.0,0.03,0.0,0.0,0.0,0.12,0.04,0.0,0.1,0.06,0.1,0.0,0.0,0.24,0.0,0.0,0.0,0.0,0.0,0.0,0.0,0.0,0.1,0.13,0.02,0.04,0.0,0.02,0.11,0.02,0.02,0.0,0.04,0.02,0.11,0.0,0.12,0.05,0.0,0.0,0.0,0.0,0.04,0.0,0.05,0.0,0.03,0.0,0.0,0.0,0.06,0.0,0.0,0.0,0.2,0.06,0.0,0.12,0.04,0.0,0.0,0.07,0.0,0.0,0.1,0.05,0.0,0.12,0.02
"focaccia, la ricetta classica per un risultato morbidissimo",0.0,0.09,0.25,0.0,0.14,0.0,0.0,0.12,0.0,0.0,0.0,0.1,0.0,0.0,0.1,0.0,0.06,0.0,0.0,0.0,0.18,0.0,0.0,0.0,0.0,0.0,0.14,0.1,0.0,0.0,0.0,0.0,0.0,0.0,0.05,0.0,0.06,0.0,0.08,0.19,0.0,0.0,0.0,0.0,0.15,0.0,0.06,0.23,0.1,0.0,0.32,0.0,0.22,0.0,1.0,0.0,0.0,0.0,0.0,0.0,0.0,0.0,0.2,0.0,0.0,0.0,0.08,0.04,0.08,0.12,0.0,0.0,0.0,0.0,0.0,0.0,0.0,0.1,0.28,0.17,0.2,0.0,0.0,0.0,0.17,0.3,0.12,0.12,0.0,0.0,0.28,0.0,0.0,0.0,0.0,0.0,0.0,0.18,0.0,0.22,0.0,0.0,0.05,0.0,0.06,0.0,0.0,0.0,0.0,0.0,0.0,0.0,0.22,0.28,0.27,0.0,0.14,0.05,0.24,0.05,0.0,0.22,0.1,0.1,0.0,0.25,0.21,0.0,0.0,0.0,0.0,0.08,0.0,0.21,0.0,0.06,0.0,0.16,0.0,0.17,0.0,0.0,0.0,0.03,0.24,0.0,0.1,0.12,0.06,0.0,0.08,0.0,0.0,0.04,0.0,0.0,0.13,0.19
focaccine morbide,0.0,0.12,0.2,0.0,0.14,0.0,0.0,0.1,0.0,0.0,0.0,0.19,0.0,0.1,0.0,0.0,0.06,0.0,0.0,0.0,0.17,0.0,0.0,0.0,0.0,0.0,0.12,0.0,0.14,0.0,0.0,0.0,0.0,0.0,0.18,0.19,0.24,0.0,0.05,0.06,0.0,0.0,0.0,0.0,0.11,0.0,0.0,0.28,0.0,0.0,0.36,0.0,0.23,0.0,0.0,1.0,0.0,0.0,0.0,0.0,0.0,0.0,0.2,0.0,0.0,0.0,0.0,0.14,0.14,0.23,0.0,0.0,0.0,0.14,0.23,0.0,0.0,0.18,0.28,0.14,0.14,0.0,0.0,0.0,0.22,0.19,0.31,0.14,0.0,0.0,0.22,0.0,0.0,0.0,0.08,0.0,0.0,0.23,0.14,0.18,0.0,0.0,0.18,0.0,0.0,0.0,0.0,0.0,0.0,0.0,0.0,0.06,0.28,0.15,0.17,0.0,0.12,0.18,0.18,0.06,0.0,0.28,0.08,0.12,0.0,0.19,0.19,0.0,0.0,0.0,0.0,0.05,0.0,0.21,0.0,0.07,0.0,0.06,0.0,0.22,0.0,0.0,0.0,0.07,0.24,0.0,0.12,0.1,0.0,0.0,0.05,0.0,0.0,0.17,0.0,0.0,0.16,0.12
friselle fatte in casa,0.0,0.0,0.22,0.0,0.11,0.0,0.0,0.11,0.0,0.0,0.0,0.07,0.0,0.06,0.06,0.0,0.0,0.0,0.0,0.0,0.31,0.0,0.0,0.0,0.0,0.0,0.12,0.0,0.08,0.0,0.0,0.0,0.0,0.0,0.2,0.14,0.18,0.0,0.12,0.13,0.0,0.0,0.0,0.0,0.16,0.0,0.04,0.38,0.07,0.0,0.32,0.0,0.24,0.0,0.0,0.0,1.0,0.0,0.0,0.0,0.0,0.0,0.22,0.0,0.0,0.0,0.0,0.14,0.16,0.25,0.0,0.0,0.0,0.07,0.12,0.0,0.0,0.2,0.23,0.16,0.26,0.0,0.0,0.0,0.31,0.14,0.16,0.23,0.0,0.0,0.16,0.0,0.0,0.0,0.04,0.0,0.0,0.25,0.07,0.2,0.0,0.0,0.2,0.0,0.0,0.0,0.0,0.0,0.0,0.0,0.0,0.06,0.24,0.22,0.23,0.0,0.13,0.13,0.2,0.13,0.0,0.2,0.1,0.06,0.0,0.27,0.24,0.0,0.0,0.0,0.0,0.06,0.0,0.17,0.0,0.08,0.0,0.14,0.0,0.23,0.0,0.0,0.0,0.08,0.26,0.0,0.14,0.11,0.08,0.0,0.06,0.0,0.0,0.06,0.0,0.0,0.18,0.2
frittelle di pasta di pane,0.0,0.14,0.0,0.0,0.08,0.0,0.0,0.09,0.0,0.0,0.0,0.0,0.0,0.14,0.14,0.0,0.08,0.0,0.0,0.0,0.1,0.0,0.0,0.0,0.0,0.0,0.0,0.14,0.0,0.0,0.0,0.0,0.0,0.0,0.0,0.0,0.0,0.0,0.0,0.07,0.0,0.0,0.0,0.0,0.16,0.0,0.14,0.0,0.12,0.0,0.03,0.0,0.0,0.0,0.0,0.0,0.0,1.0,0.0,0.0,0.0,0.0,0.02,0.0,0.0,0.0,0.0,0.02,0.06,0.0,0.0,0.0,0.0,0.12,0.04,0.0,0.0,0.0,0.0,0.04,0.0,0.0,0.0,0.0,0.0,0.0,0.0,0.04,0.0,0.0,0.0,0.0,0.0,0.0,0.1,0.06,0.0,0.0,0.0,0.0,0.0,0.0,0.0,0.0,0.16,0.0,0.0,0.0,0.0,0.0,0.0,0.1,0.0,0.03,0.02,0.0,0.07,0.0,0.0,0.07,0.0,0.0,0.13,0.0,0.0,0.0,0.11,0.0,0.08,0.0,0.0,0.0,0.0,0.06,0.0,0.0,0.0,0.08,0.0,0.04,0.0,0.0,0.0,0.0,0.0,0.0,0.0,0.06,0.0,0.0,0.0,0.0,0.0,0.0,0.17,0.0,0.0,0.0
gaufre,0.0,0.0,0.1,0.0,0.06,0.0,0.0,0.24,0.0,0.0,0.0,0.24,0.0,0.09,0.0,0.0,0.06,0.0,0.0,0.0,0.06,0.0,0.0,0.0,0.0,0.0,0.16,0.17,0.2,0.0,0.0,0.0,0.0,0.0,0.22,0.12,0.16,0.0,0.14,0.11,0.0,0.0,0.0,0.0,0.0,0.0,0.06,0.14,0.0,0.0,0.14,0.0,0.1,0.0,0.0,0.0,0.0,0.0,1.0,0.0,0.0,0.0,0.12,0.0,0.0,0.0,0.1,0.21,0.14,0.14,0.0,0.0,0.0,0.12,0.1,0.0,0.0,0.28,0.26,0.06,0.04,0.0,0.0,0.0,0.2,0.18,0.14,0.06,0.0,0.0,0.14,0.0,0.0,0.0,0.12,0.0,0.0,0.14,0.0,0.22,0.0,0.0,0.28,0.0,0.06,0.0,0.0,0.0,0.0,0.0,0.0,0.1,0.16,0.14,0.08,0.0,0.11,0.11,0.06,0.0,0.0,0.04,0.04,0.17,0.0,0.18,0.07,0.0,0.0,0.0,0.0,0.14,0.0,0.1,0.0,0.06,0.0,0.06,0.0,0.06,0.0,0.0,0.0,0.23,0.11,0.0,0.24,0.19,0.0,0.0,0.2,0.0,0.0,0.1,0.1,0.0,0.16,0.11
gnocco fritto senza strutto,0.0,0.06,0.04,0.0,0.07,0.0,0.0,0.05,0.0,0.0,0.0,0.0,0.0,0.14,0.12,0.0,0.06,0.0,0.0,0.0,0.23,0.0,0.0,0.0,0.0,0.0,0.06,0.06,0.0,0.0,0.0,0.0,0.0,0.0,0.06,0.06,0.04,0.0,0.05,0.12,0.0,0.0,0.0,0.0,0.22,0.0,0.24,0.14,0.2,0.0,0.1,0.0,0.06,0.0,0.0,0.0,0.0,0.0,0.0,1.0,0.0,0.0,0.0,0.0,0.0,0.0,0.0,0.09,0.1,0.16,0.0,0.0,0.0,0.26,0.12,0.0,0.0,0.06,0.0,0.07,0.14,0.0,0.0,0.0,0.14,0.0,0.08,0.22,0.0,0.0,0.0,0.0,0.0,0.0,0.13,0.0,0.0,0.08,0.06,0.04,0.0,0.0,0.06,0.0,0.06,0.0,0.0,0.0,0.0,0.0,0.0,0.17,0.06,0.05,0.04,0.0,0.06,0.06,0.06,0.18,0.0,0.04,0.26,0.0,0.0,0.06,0.12,0.0,0.06,0.0,0.0,0.0,0.0,0.05,0.0,0.0,0.0,0.14,0.0,0.07,0.0,0.0,0.0,0.04,0.18,0.0,0.06,0.1,0.07,0.0,0.0,0.0,0.0,0.12,0.12,0.0,0.06,0.06
graffe,0.0,0.03,0.08,0.0,0.1,0.0,0.0,0.11,0.0,0.0,0.0,0.14,0.0,0.14,0.0,0.0,0.11,0.0,0.0,0.0,0.06,0.0,0.0,0.0,0.0,0.0,0.12,0.13,0.28,0.0,0.0,0.0,0.0,0.0,0.23,0.21,0.18,0.0,0.06,0.1,0.0,0.0,0.0,0.0,0.02,0.0,0.04,0.2,0.0,0.0,0.16,0.0,0.16,0.0,0.0,0.0,0.0,0.0,0.0,0.0,1.0,0.0,0.1,0.0,0.0,0.0,0.12,0.2,0.22,0.17,0.0,0.0,0.0,0.14,0.22,0.0,0.0,0.23,0.24,0.04,0.06,0.0,0.0,0.0,0.28,0.1,0.17,0.08,0.0,0.0,0.12,0.0,0.0,0.0,0.12,0.0,0.0,0.13,0.08,0.18,0.0,0.0,0.26,0.0,0.08,0.0,0.0,0.0,0.0,0.0,0.0,0.1,0.22,0.08,0.04,0.0,0.04,0.13,0.06,0.04,0.0,0.08,0.07,0.13,0.0,0.21,0.06,0.0,0.0,0.0,0.0,0.11,0.0,0.12,0.0,0.04,0.0,0.0,0.0,0.08,0.0,0.0,0.0,0.16,0.2,0.0,0.21,0.16,0.0,0.0,0.14,0.0,0.0,0.12,0.03,0.0,0.24,0.04
grissini fatti in casa,0.0,0.0,0.28,0.0,0.12,0.0,0.0,0.12,0.0,0.0,0.0,0.08,0.0,0.06,0.07,0.0,0.0,0.0,0.0,0.0,0.27,0.0,0.0,0.0,0.0,0.0,0.14,0.0,0.0,0.0,0.0,0.0,0.0,0.0,0.21,0.08,0.14,0.0,0.18,0.21,0.0,0.0,0.0,0.0,0.18,0.0,0.04,0.42,0.08,0.0,0.3,0.0,0.2,0.0,0.0,0.0,0.0,0.0,0.0,0.0,0.0,1.0,0.21,0.0,0.0,0.0,0.0,0.1,0.12,0.28,0.0,0.0,0.0,0.08,0.06,0.0,0.0,0.14,0.17,0.17,0.4,0.0,0.0,0.0,0.26,0.15,0.18,0.26,0.0,0.0,0.17,0.0,0.0,0.0,0.1,0.0,0.0,0.36,0.08,0.22,0.0,0.0,0.14,0.0,0.0,0.0,0.0,0.0,0.0,0.0,0.0,0.06,0.2,0.24,0.25,0.0,0.14,0.14,0.21,0.14,0.0,0.22,0.05,0.07,0.0,0.22,0.27,0.0,0.0,0.0,0.0,0.06,0.0,0.18,0.0,0.08,0.0,0.16,0.0,0.26,0.0,0.0,0.0,0.04,0.28,0.0,0.15,0.12,0.08,0.0,0.06,0.0,0.0,0.14,0.0,0.0,0.13,0.21
hamburger integrale con manzo e peperoni,0.08,0.04,0.37,0.0,0.14,0.11,0.1,0.14,0.02,0.08,0.04,0.09,0.1,0.02,0.0,0.02,0.02,0.11,0.16,0.14,0.14,0.12,0.0,0.09,0.1,0.1,0.08,0.0,0.02,0.1,0.1,0.1,0.0,0.18,0.12,0.04,0.18,0.15,0.13,0.06,0.25,0.16,0.18,0.09,0.08,0.1,0.01,0.2,0.02,0.24,0.28,0.19,0.16,0.09,0.2,0.2,0.22,0.02,0.12,0.0,0.1,0.21,1.0,0.14,0.08,0.02,0.0,0.08,0.05,0.11,0.12,0.04,0.14,0.0,0.04,0.0,0.12,0.12,0.2,0.18,0.12,0.14,0.14,0.14,0.12,0.16,0.11,0.12,0.15,0.0,0.18,0.14,0.21,0.19,0.02,0.0,0.04,0.19,0.02,0.21,0.0,0.04,0.12,0.12,0.0,0.08,0.26,0.1,0.2,0.18,0.16,0.0,0.16,0.23,0.24,0.02,0.17,0.08,0.15,0.02,0.18,0.16,0.0,0.1,0.18,0.18,0.18,0.19,0.0,0.21,0.2,0.12,0.08,0.15,0.02,0.1,0.17,0.07,0.09,0.2,0.2,0.02,0.02,0.08,0.15,0.1,0.09,0.07,0.02,0.0,0.11,0.02,0.0,0.0,0.02,0.14,0.1,0.17
"impasto pizza con il bimby, più facile e più veloce che con la planetaria",0.0,0.12,0.15,0.0,0.11,0.0,0.0,0.11,0.0,0.0,0.0,0.27,0.0,0.06,0.0,0.0,0.07,0.0,0.0,0.0,0.06,0.0,0.0,0.0,0.0,0.0,0.18,0.0,0.16,0.0,0.0,0.0,0.0,0.0,0.13,0.14,0.18,0.0,0.12,0.06,0.0,0.0,0.0,0.0,0.0,0.0,0.04,0.16,0.0,0.0,0.22,0.0,0.18,0.0,0.0,0.0,0.0,0.0,0.0,0.0,0.0,0.0,0.14,1.0,0.0,0.0,0.0,0.1,0.1,0.16,0.0,0.0,0.0,0.07,0.12,0.0,0.0,0.26,0.31,0.08,0.06,0.0,0.0,0.0,0.16,0.2,0.25,0.08,0.0,0.0,0.16,0.0,0.0,0.0,0.04,0.0,0.0,0.08,0.07,0.1,0.0,0.0,0.13,0.0,0.0,0.0,0.0,0.0,0.0,0.0,0.0,0.0,0.18,0.11,0.09,0.0,0.13,0.13,0.13,0.0,0.0,0.16,0.04,0.13,0.0,0.14,0.08,0.0,0.0,0.0,0.0,0.06,0.0,0.12,0.0,0.08,0.0,0.07,0.0,0.08,0.0,0.0,0.0,0.08,0.13,0.0,0.07,0.16,0.0,0.0,0.06,0.0,0.0,0.06,0.06,0.0,0.18,0.13
khachapuri,0.0,0.0,0.08,0.0,0.04,0.0,0.0,0.22,0.0,0.0,0.0,0.24,0.0,0.12,0.04,0.0,0.04,0.0,0.0,0.0,0.07,0.0,0.0,0.0,0.0,0.0,0.14,0.18,0.14,0.0,0.0,0.0,0.0,0.0,0.22,0.16,0.1,0.0,0.13,0.11,0.0,0.0,0.0,0.0,0.02,0.0,0.06,0.14,0.04,0.0,0.1,0.0,0.14,0.0,0.0,0.0,0.0,0.0,0.0,0.0,0.0,0.0,0.08,0.0,1.0,0.0,0.07,0.25,0.12,0.24,0.0,0.0,0.0,0.08,0.14,0.0,0.0,0.18,0.18,0.04,0.09,0.0,0.0,0.0,0.18,0.12,0.1,0.09,0.0,0.0,0.09,0.0,0.0,0.0,0.11,0.0,0.0,0.1,0.0,0.2,0.0,0.0,0.26,0.0,0.04,0.0,0.0,0.0,0.0,0.0,0.0,0.14,0.1,0.12,0.08,0.0,0.08,0.08,0.08,0.04,0.0,0.03,0.02,0.18,0.0,0.16,0.1,0.0,0.0,0.0,0.0,0.15,0.0,0.06,0.0,0.04,0.0,0.08,0.0,0.04,0.0,0.0,0.0,0.13,0.11,0.0,0.24,0.16,0.04,0.0,0.2,0.0,0.0,0.14,0.07,0.0,0.14,0.11
krapfen,0.0,0.0,0.0,0.0,0.0,0.0,0.0,0.08,0.0,0.0,0.0,0.05,0.0,0.08,0.05,0.0,0.06,0.0,0.0,0.0,0.04,0.0,0.0,0.0,0.0,0.0,0.09,0.14,0.23,0.0,0.0,0.0,0.0,0.0,0.14,0.1,0.1,0.0,0.04,0.05,0.0,0.0,0.0,0.0,0.03,0.0,0.03,0.12,0.0,0.0,0.08,0.0,0.04,0.0,0.0,0.0,0.0,0.0,0.0,0.0,0.0,0.0,0.02,0.0,0.0,1.0,0.08,0.14,0.16,0.06,0.0,0.0,0.0,0.16,0.09,0.0,0.0,0.19,0.12,0.0,0.04,0.0,0.0,0.0,0.17,0.05,0.12,0.06,0.0,0.0,0.06,0.0,0.0,0.0,0.14,0.08,0.0,0.12,0.1,0.11,0.0,0.0,0.19,0.0,0.06,0.0,0.0,0.0,0.0,0.0,0.0,0.09,0.14,0.04,0.0,0.0,0.0,0.1,0.0,0.05,0.0,0.04,0.07,0.05,0.0,0.1,0.03,0.0,0.0,0.0,0.0,0.04,0.0,0.08,0.0,0.0,0.0,0.0,0.0,0.06,0.0,0.0,0.0,0.2,0.14,0.0,0.15,0.08,0.0,0.0,0.08,0.0,0.0,0.09,0.04,0.0,0.13,0.0
lievito di birra fatto in casa,0.08,0.0,0.0,0.0,0.0,0.1,0.0,0.0,0.0,0.08,0.07,0.0,0.0,0.0,0.0,0.0,0.0,0.0,0.0,0.0,0.0,0.0,0.16,0.0,0.0,0.15,0.08,0.09,0.0,0.14,0.08,0.11,0.0,0.08,0.0,0.0,0.0,0.0,0.0,0.09,0.08,0.1,0.0,0.0,0.0,0.0,0.06,0.0,0.0,0.07,0.0,0.0,0.0,0.0,0.08,0.0,0.0,0.0,0.1,0.0,0.12,0.0,0.0,0.0,0.07,0.08,1.0,0.0,0.08,0.0,0.0,0.1,0.0,0.0,0.0,0.0,0.1,0.0,0.11,0.0,0.0,0.14,0.0,0.0,0.11,0.1,0.0,0.0,0.0,0.0,0.11,0.0,0.13,0.12,0.0,0.0,0.0,0.0,0.0,0.07,0.11,0.0,0.0,0.0,0.1,0.09,0.07,0.11,0.0,0.11,0.0,0.0,0.08,0.08,0.0,0.0,0.0,0.0,0.0,0.0,0.0,0.0,0.06,0.0,0.0,0.1,0.0,0.0,0.0,0.07,0.0,0.08,0.0,0.08,0.0,0.0,0.09,0.0,0.0,0.0,0.11,0.08,0.0,0.0,0.09,0.1,0.1,0.08,0.0,0.08,0.08,0.08,0.0,0.0,0.0,0.0,0.08,0.0
maritozzi con la panna,0.13,0.0,0.06,0.09,0.02,0.08,0.12,0.16,0.12,0.14,0.11,0.16,0.11,0.22,0.04,0.18,0.0,0.2,0.16,0.07,0.1,0.14,0.06,0.0,0.22,0.22,0.04,0.18,0.09,0.08,0.16,0.04,0.07,0.06,0.22,0.16,0.13,0.14,0.06,0.0,0.14,0.08,0.09,0.0,0.04,0.22,0.0,0.14,0.04,0.08,0.16,0.04,0.07,0.2,0.04,0.14,0.14,0.02,0.21,0.09,0.2,0.1,0.08,0.1,0.25,0.14,0.0,1.0,0.09,0.19,0.25,0.12,0.19,0.12,0.22,0.06,0.08,0.11,0.09,0.09,0.06,0.06,0.12,0.06,0.14,0.04,0.14,0.14,0.16,0.05,0.04,0.1,0.06,0.05,0.16,0.06,0.1,0.1,0.08,0.14,0.04,0.06,0.22,0.16,0.0,0.08,0.12,0.04,0.14,0.09,0.04,0.22,0.1,0.03,0.06,0.04,0.08,0.11,0.04,0.04,0.04,0.06,0.06,0.15,0.09,0.08,0.07,0.04,0.0,0.14,0.06,0.12,0.12,0.06,0.09,0.04,0.11,0.0,0.06,0.09,0.14,0.04,0.04,0.11,0.08,0.08,0.16,0.03,0.0,0.07,0.1,0.22,0.0,0.14,0.04,0.08,0.7,0.08
"maritozzi con la panna, la ricetta per fare in casa un classico della colazione romana",0.14,0.16,0.1,0.1,0.02,0.22,0.1,0.07,0.14,0.16,0.22,0.04,0.12,0.16,0.12,0.16,0.09,0.17,0.08,0.22,0.08,0.11,0.14,0.0,0.2,0.2,0.12,0.12,0.14,0.22,0.28,0.05,0.08,0.1,0.24,0.13,0.08,0.1,0.04,0.08,0.15,0.13,0.1,0.06,0.05,0.16,0.05,0.14,0.04,0.09,0.07,0.04,0.12,0.14,0.08,0.14,0.16,0.06,0.14,0.1,0.22,0.12,0.05,0.1,0.12,0.16,0.08,0.09,1.0,0.21,0.2,0.3,0.16,0.14,0.27,0.07,0.28,0.12,0.1,0.0,0.1,0.13,0.2,0.06,0.2,0.04,0.1,0.1,0.18,0.06,0.05,0.06,0.12,0.16,0.18,0.06,0.08,0.1,0.14,0.16,0.24,0.13,0.2,0.14,0.14,0.16,0.16,0.1,0.1,0.14,0.0,0.08,0.12,0.07,0.03,0.0,0.0,0.08,0.08,0.08,0.04,0.06,0.06,0.12,0.1,0.13,0.08,0.0,0.0,0.19,0.1,0.06,0.2,0.1,0.13,0.0,0.16,0.04,0.12,0.05,0.14,0.1,0.07,0.07,0.16,0.14,0.17,0.14,0.1,0.12,0.18,0.16,0.0,0.04,0.12,0.26,0.18,0.16
maritozzi salati,0.22,0.06,0.18,0.16,0.08,0.2,0.1,0.11,0.14,0.18,0.1,0.2,0.2,0.16,0.13,0.06,0.07,0.27,0.14,0.18,0.18,0.18,0.12,0.0,0.32,0.16,0.68,0.06,0.08,0.14,0.16,0.08,0.06,0.17,0.2,0.2,0.18,0.08,0.12,0.06,0.24,0.2,0.23,0.09,0.08,0.24,0.04,0.23,0.07,0.14,0.16,0.14,0.18,0.1,0.12,0.23,0.25,0.0,0.14,0.16,0.17,0.28,0.11,0.16,0.24,0.06,0.0,0.19,0.21,1.0,0.24,0.07,0.16,0.14,0.24,0.06,0.29,0.2,0.08,0.08,0.21,0.2,0.41,0.2,0.23,0.07,0.25,0.23,0.28,0.08,0.08,0.08,0.18,0.16,0.14,0.0,0.18,0.16,0.14,0.36,0.23,0.1,0.2,0.14,0.07,0.26,0.25,0.16,0.16,0.23,0.07,0.12,0.12,0.11,0.14,0.0,0.06,0.2,0.2,0.13,0.12,0.16,0.04,0.7,0.23,0.14,0.16,0.07,0.0,0.2,0.12,0.6,0.18,0.36,0.05,0.08,0.2,0.07,0.18,0.16,0.16,0.12,0.0,0.04,0.26,0.22,0.27,0.29,0.16,0.12,0.67,0.12,0.0,0.12,0.06,0.2,0.18,0.13
nidi di pane,0.0,0.0,0.14,0.0,0.03,0.0,0.0,0.16,0.0,0.0,0.0,0.15,0.0,0.24,0.05,0.0,0.06,0.0,0.0,0.0,0.14,0.0,0.0,0.0,0.0,0.0,0.09,0.14,0.17,0.0,0.0,0.0,0.0,0.0,0.28,0.15,0.2,0.0,0.21,0.05,0.0,0.0,0.0,0.0,0.06,0.0,0.03,0.23,0.06,0.0,0.16,0.0,0.14,0.0,0.0,0.0,0.0,0.0,0.0,0.0,0.0,0.0,0.12,0.0,0.0,0.0,0.0,0.25,0.2,0.24,1.0,0.0,0.0,0.16,0.18,0.0,0.0,0.24,0.12,0.06,0.16,0.0,0.0,0.0,0.23,0.05,0.18,0.17,0.0,0.0,0.06,0.0,0.0,0.0,0.14,0.0,0.0,0.18,0.16,0.18,0.0,0.0,0.28,0.0,0.0,0.0,0.0,0.0,0.0,0.0,0.0,0.18,0.14,0.08,0.1,0.0,0.05,0.14,0.1,0.1,0.0,0.08,0.04,0.14,0.0,0.15,0.12,0.0,0.0,0.0,0.0,0.12,0.0,0.08,0.0,0.06,0.0,0.06,0.0,0.12,0.0,0.0,0.0,0.2,0.14,0.0,0.2,0.12,0.06,0.0,0.12,0.0,0.0,0.14,0.09,0.0,0.18,0.14
pain au chocolat,0.0,0.1,0.03,0.0,0.0,0.0,0.0,0.09,0.0,0.0,0.0,0.06,0.0,0.26,0.06,0.0,0.06,0.0,0.0,0.0,0.05,0.0,0.0,0.0,0.0,0.0,0.05,0.21,0.12,0.0,0.0,0.0,0.0,0.0,0.21,0.06,0.11,0.0,0.14,0.06,0.0,0.0,0.0,0.0,0.04,0.0,0.03,0.06,0.0,0.0,0.04,0.0,0.0,0.0,0.0,0.0,0.0,0.0,0.0,0.0,0.0,0.0,0.04,0.0,0.0,0.0,0.1,0.12,0.3,0.07,0.0,1.0,0.0,0.18,0.15,0.0,0.0,0.1,0.06,0.0,0.04,0.0,0.0,0.0,0.12,0.06,0.14,0.06,0.0,0.0,0.06,0.0,0.0,0.0,0.19,0.04,0.0,0.14,0.18,0.16,0.0,0.0,0.21,0.0,0.12,0.0,0.0,0.0,0.0,0.0,0.0,0.15,0.1,0.04,0.0,0.0,0.0,0.1,0.0,0.06,0.0,0.04,0.08,0.1,0.0,0.06,0.06,0.0,0.0,0.0,0.0,0.08,0.0,0.14,0.0,0.0,0.0,0.0,0.0,0.06,0.0,0.0,0.0,0.16,0.1,0.0,0.16,0.09,0.0,0.0,0.14,0.0,0.0,0.1,0.15,0.0,0.1,0.1
pan bauletto,0.0,0.0,0.11,0.0,0.04,0.0,0.0,0.16,0.0,0.0,0.0,0.07,0.0,0.1,0.0,0.0,0.07,0.0,0.0,0.0,0.18,0.0,0.0,0.0,0.0,0.0,0.06,0.0,0.16,0.0,0.0,0.0,0.0,0.0,0.26,0.14,0.18,0.0,0.06,0.0,0.0,0.0,0.0,0.0,0.08,0.0,0.0,0.23,0.07,0.0,0.28,0.0,0.12,0.0,0.0,0.0,0.0,0.0,0.0,0.0,0.0,0.0,0.14,0.0,0.0,0.0,0.0,0.19,0.16,0.16,0.0,0.0,1.0,0.22,0.18,0.0,0.0,0.13,0.16,0.16,0.1,0.0,0.0,0.0,0.31,0.07,0.16,0.23,0.0,0.0,0.08,0.0,0.0,0.0,0.04,0.0,0.0,0.25,0.07,0.2,0.0,0.0,0.26,0.0,0.07,0.0,0.0,0.0,0.0,0.0,0.0,0.18,0.18,0.06,0.09,0.0,0.13,0.13,0.06,0.06,0.0,0.1,0.1,0.06,0.0,0.14,0.12,0.0,0.0,0.0,0.0,0.06,0.0,0.12,0.0,0.08,0.0,0.0,0.0,0.16,0.0,0.0,0.0,0.15,0.13,0.0,0.2,0.11,0.0,0.0,0.12,0.0,0.0,0.06,0.12,0.0,0.12,0.06
pan brioche con lievito di birra,0.1,0.1,0.03,0.06,0.1,0.12,0.04,0.14,0.38,0.16,0.21,0.12,0.06,0.23,0.06,0.17,0.18,0.18,0.12,0.16,0.16,0.16,0.05,0.0,0.17,0.14,0.06,0.11,0.2,0.21,0.19,0.0,0.1,0.1,0.11,0.12,0.12,0.14,0.05,0.06,0.05,0.06,0.06,0.08,0.18,0.22,0.1,0.06,0.12,0.0,0.1,0.0,0.06,0.12,0.0,0.14,0.07,0.12,0.12,0.26,0.14,0.08,0.0,0.07,0.08,0.16,0.0,0.12,0.14,0.14,0.16,0.18,0.22,1.0,0.16,0.14,0.12,0.11,0.0,0.06,0.04,0.0,0.18,0.0,0.06,0.0,0.22,0.14,0.08,0.14,0.0,0.14,0.0,0.0,0.7,0.0,0.06,0.14,0.12,0.08,0.14,0.0,0.17,0.12,0.06,0.11,0.08,0.0,0.06,0.14,0.0,0.22,0.06,0.0,0.0,0.06,0.06,0.17,0.06,0.11,0.0,0.09,0.16,0.11,0.06,0.0,0.07,0.0,0.06,0.13,0.05,0.0,0.19,0.05,0.14,0.0,0.06,0.06,0.08,0.06,0.06,0.14,0.05,0.16,0.11,0.06,0.12,0.14,0.0,0.06,0.05,0.22,0.06,0.16,0.16,0.12,0.05,0.0
pan brioche dolce allo yogurt,0.12,0.09,0.06,0.06,0.11,0.15,0.12,0.08,0.16,0.14,0.14,0.1,0.1,0.27,0.05,0.24,0.1,0.15,0.15,0.18,0.09,0.13,0.04,0.0,0.24,0.16,0.04,0.1,0.17,0.07,0.2,0.0,0.09,0.04,0.24,0.2,0.13,0.06,0.0,0.05,0.08,0.05,0.12,0.0,0.06,0.18,0.0,0.12,0.06,0.04,0.12,0.0,0.09,0.13,0.0,0.23,0.12,0.04,0.1,0.12,0.22,0.06,0.04,0.12,0.14,0.09,0.0,0.22,0.27,0.24,0.18,0.15,0.18,0.16,1.0,0.08,0.16,0.14,0.06,0.06,0.04,0.0,0.15,0.0,0.12,0.0,0.12,0.12,0.14,0.06,0.0,0.06,0.0,0.0,0.21,0.0,0.09,0.06,0.16,0.11,0.12,0.08,0.19,0.16,0.06,0.1,0.11,0.0,0.12,0.17,0.0,0.18,0.09,0.0,0.0,0.0,0.05,0.1,0.05,0.05,0.04,0.08,0.07,0.14,0.12,0.05,0.03,0.0,0.0,0.18,0.04,0.08,0.13,0.04,0.12,0.0,0.1,0.0,0.06,0.06,0.12,0.04,0.04,0.03,0.1,0.1,0.15,0.08,0.06,0.09,0.12,0.14,0.0,0.18,0.09,0.1,0.18,0.1
panbrioche con metodo tangzhong,0.0,0.08,0.05,0.0,0.05,0.0,0.0,0.04,0.0,0.0,0.0,0.04,0.0,0.14,0.13,0.0,0.1,0.0,0.0,0.0,0.08,0.0,0.0,0.0,0.0,0.0,0.04,0.18,0.05,0.0,0.0,0.0,0.0,0.0,0.04,0.0,0.06,0.0,0.08,0.09,0.0,0.0,0.0,0.0,0.11,0.0,0.1,0.05,0.14,0.0,0.0,0.0,0.04,0.0,0.0,0.0,0.0,0.0,0.0,0.0,0.0,0.0,0.0,0.0,0.0,0.0,0.0,0.06,0.07,0.06,0.0,0.0,0.0,0.14,0.08,1.0,0.0,0.09,0.0,0.0,0.07,0.0,0.0,0.0,0.05,0.0,0.06,0.05,0.0,0.0,0.0,0.0,0.0,0.0,0.12,0.0,0.0,0.0,0.05,0.0,0.0,0.0,0.04,0.0,0.05,0.0,0.0,0.0,0.0,0.0,0.0,0.12,0.0,0.04,0.06,0.0,0.0,0.04,0.09,0.09,0.0,0.0,0.06,0.09,0.0,0.04,0.06,0.0,0.05,0.0,0.0,0.04,0.0,0.0,0.0,0.0,0.0,0.1,0.0,0.0,0.0,0.0,0.0,0.08,0.04,0.0,0.0,0.08,0.05,0.0,0.0,0.0,0.0,0.12,0.04,0.0,0.08,0.09
pancarrè fatto in casa sofficissimo,0.0,0.06,0.16,0.0,0.1,0.0,0.0,0.14,0.0,0.0,0.0,0.18,0.0,0.04,0.11,0.0,0.12,0.0,0.0,0.0,0.1,0.0,0.0,0.0,0.0,0.0,0.26,0.06,0.2,0.0,0.0,0.0,0.0,0.0,0.17,0.12,0.16,0.0,0.14,0.17,0.0,0.0,0.0,0.0,0.04,0.0,0.1,0.2,0.06,0.0,0.14,0.0,0.22,0.0,0.0,0.0,0.0,0.0,0.0,0.0,0.0,0.0,0.12,0.0,0.0,0.0,0.1,0.08,0.28,0.29,0.0,0.0,0.0,0.12,0.16,0.0,1.0,0.28,0.26,0.06,0.14,0.0,0.0,0.0,0.26,0.18,0.14,0.14,0.0,0.0,0.14,0.0,0.0,0.0,0.04,0.0,0.0,0.14,0.06,0.17,0.0,0.0,0.17,0.0,0.12,0.0,0.0,0.0,0.0,0.0,0.0,0.0,0.16,0.19,0.12,0.0,0.11,0.11,0.17,0.06,0.0,0.09,0.04,0.11,0.0,0.24,0.1,0.0,0.0,0.0,0.0,0.09,0.0,0.1,0.0,0.06,0.0,0.12,0.0,0.06,0.0,0.0,0.0,0.13,0.22,0.0,0.24,0.28,0.14,0.0,0.2,0.0,0.0,0.0,0.16,0.0,0.26,0.17
pandoro veloce con lievito di birra,0.04,0.05,0.14,0.12,0.18,0.21,0.2,0.12,0.17,0.19,0.22,0.21,0.2,0.16,0.05,0.1,0.11,0.32,0.21,0.18,0.1,0.18,0.04,0.0,0.3,0.2,0.24,0.05,0.3,0.22,0.21,0.12,0.05,0.09,0.1,0.1,0.2,0.3,0.26,0.15,0.18,0.1,0.18,0.07,0.03,0.19,0.06,0.18,0.06,0.15,0.12,0.11,0.19,0.19,0.1,0.18,0.2,0.0,0.28,0.06,0.23,0.14,0.12,0.26,0.18,0.19,0.0,0.11,0.12,0.2,0.24,0.1,0.13,0.11,0.14,0.09,0.28,1.0,0.18,0.06,0.12,0.24,0.24,0.24,0.18,0.27,0.2,0.12,0.21,0.13,0.06,0.06,0.14,0.2,0.14,0.0,0.05,0.06,0.17,0.08,0.06,0.24,0.15,0.22,0.0,0.15,0.19,0.12,0.12,0.18,0.06,0.05,0.1,0.12,0.1,0.06,0.35,0.15,0.15,0.05,0.19,0.08,0.0,0.15,0.18,0.16,0.1,0.06,0.0,0.19,0.13,0.04,0.24,0.04,0.04,0.06,0.15,0.11,0.07,0.06,0.12,0.04,0.0,0.18,0.15,0.17,0.06,0.21,0.06,0.0,0.04,0.1,0.0,0.1,0.1,0.16,0.23,0.15
pane ai semi misti,0.1,0.06,0.18,0.07,0.14,0.25,0.2,0.15,0.0,0.12,0.14,0.19,0.12,0.0,0.0,0.0,0.0,0.19,0.12,0.06,0.12,0.11,0.1,0.08,0.12,0.24,0.17,0.06,0.07,0.14,0.15,0.22,0.0,0.21,0.12,0.06,0.12,0.22,0.1,0.18,0.28,0.19,0.14,0.08,0.08,0.12,0.07,0.22,0.0,0.26,0.3,0.14,0.17,0.13,0.28,0.28,0.23,0.0,0.26,0.0,0.24,0.17,0.2,0.31,0.18,0.12,0.11,0.09,0.1,0.08,0.12,0.06,0.16,0.0,0.06,0.0,0.26,0.18,1.0,0.14,0.1,0.28,0.1,0.19,0.22,0.32,0.16,0.07,0.17,0.08,0.28,0.08,0.26,0.31,0.0,0.0,0.0,0.16,0.0,0.18,0.07,0.19,0.12,0.14,0.06,0.12,0.28,0.14,0.22,0.28,0.14,0.0,0.28,0.26,0.17,0.0,0.18,0.06,0.12,0.0,0.17,0.19,0.08,0.06,0.14,0.25,0.15,0.14,0.0,0.23,0.21,0.1,0.12,0.21,0.0,0.07,0.24,0.14,0.08,0.14,0.36,0.05,0.0,0.07,0.18,0.14,0.12,0.15,0.0,0.06,0.1,0.12,0.0,0.06,0.06,0.06,0.16,0.18
pane al pomodoro,0.05,0.0,0.18,0.0,0.1,0.06,0.1,0.15,0.06,0.12,0.0,0.06,0.12,0.05,0.0,0.06,0.0,0.06,0.06,0.06,0.17,0.11,0.0,0.08,0.06,0.05,0.06,0.0,0.0,0.04,0.1,0.07,0.06,0.16,0.06,0.0,0.08,0.07,0.05,0.06,0.16,0.12,0.14,0.08,0.11,0.06,0.0,0.14,0.06,0.18,0.26,0.14,0.12,0.03,0.17,0.14,0.16,0.04,0.06,0.07,0.04,0.17,0.18,0.08,0.04,0.0,0.0,0.09,0.0,0.08,0.06,0.0,0.16,0.06,0.06,0.0,0.06,0.06,0.14,1.0,0.1,0.1,0.1,0.1,0.07,0.12,0.08,0.14,0.08,0.08,0.14,0.16,0.17,0.16,0.0,0.0,0.0,0.16,0.0,0.14,0.0,0.0,0.06,0.06,0.0,0.06,0.18,0.07,0.14,0.14,0.14,0.06,0.12,0.15,0.17,0.0,0.18,0.06,0.12,0.0,0.12,0.14,0.04,0.06,0.14,0.12,0.15,0.14,0.0,0.14,0.16,0.05,0.04,0.1,0.04,0.07,0.12,0.06,0.08,0.14,0.14,0.0,0.0,0.04,0.12,0.06,0.06,0.05,0.0,0.0,0.05,0.0,0.0,0.0,0.06,0.06,0.11,0.12
pane alle mandorle e rosmarino,0.07,0.0,0.24,0.1,0.07,0.04,0.1,0.07,0.04,0.04,0.03,0.04,0.2,0.04,0.08,0.0,0.0,0.13,0.08,0.08,0.2,0.15,0.07,0.06,0.16,0.06,0.16,0.0,0.0,0.09,0.14,0.05,0.08,0.22,0.16,0.04,0.08,0.05,0.18,0.2,0.22,0.22,0.24,0.29,0.12,0.08,0.05,0.34,0.09,0.18,0.18,0.18,0.16,0.04,0.2,0.14,0.26,0.0,0.04,0.14,0.06,0.4,0.12,0.06,0.09,0.04,0.0,0.06,0.1,0.21,0.16,0.04,0.1,0.04,0.04,0.07,0.14,0.12,0.1,0.1,1.0,0.2,0.26,0.2,0.2,0.08,0.1,0.2,0.23,0.1,0.23,0.06,0.23,0.21,0.09,0.0,0.2,0.26,0.04,0.12,0.14,0.13,0.08,0.04,0.0,0.16,0.22,0.14,0.14,0.14,0.09,0.04,0.12,0.18,0.18,0.0,0.08,0.08,0.16,0.12,0.24,0.13,0.06,0.04,0.24,0.17,0.18,0.09,0.0,0.12,0.18,0.04,0.11,0.1,0.03,0.05,0.2,0.14,0.34,0.14,0.14,0.1,0.0,0.02,0.2,0.18,0.08,0.1,0.1,0.0,0.04,0.04,0.0,0.12,0.0,0.26,0.11,0.16
pane arabo,0.0,0.0,0.18,0.0,0.09,0.0,0.0,0.14,0.0,0.0,0.0,0.16,0.0,0.0,0.08,0.0,0.0,0.0,0.0,0.0,0.15,0.0,0.0,0.0,0.0,0.0,0.3,0.08,0.0,0.0,0.0,0.0,0.0,0.0,0.08,0.0,0.11,0.0,0.21,0.24,0.0,0.0,0.0,0.0,0.05,0.0,0.14,0.19,0.09,0.0,0.14,0.0,0.15,0.0,0.0,0.0,0.0,0.0,0.0,0.0,0.0,0.0,0.14,0.0,0.0,0.0,0.14,0.06,0.13,0.2,0.0,0.0,0.0,0.0,0.0,0.0,0.0,0.24,0.28,0.1,0.2,1.0,0.0,0.0,0.28,0.25,0.1,0.19,0.0,0.0,0.19,0.0,0.0,0.0,0.0,0.0,0.0,0.1,0.0,0.18,0.0,0.0,0.08,0.0,0.09,0.0,0.0,0.0,0.0,0.0,0.0,0.0,0.15,0.26,0.17,0.0,0.16,0.08,0.16,0.08,0.0,0.06,0.06,0.08,0.0,0.25,0.15,0.0,0.0,0.0,0.0,0.13,0.0,0.14,0.0,0.1,0.0,0.18,0.0,0.1,0.0,0.0,0.0,0.04,0.24,0.0,0.16,0.26,0.1,0.0,0.14,0.0,0.0,0.0,0.08,0.0,0.22,0.24
pane cafone,0.0,0.08,0.23,0.0,0.09,0.0,0.0,0.06,0.0,0.0,0.0,0.16,0.0,0.13,0.08,0.0,0.09,0.0,0.0,0.0,0.22,0.0,0.0,0.0,0.0,0.0,0.22,0.0,0.1,0.0,0.0,0.0,0.0,0.0,0.16,0.16,0.22,0.0,0.14,0.08,0.0,0.0,0.0,0.0,0.1,0.0,0.04,0.28,0.09,0.0,0.2,0.0,0.22,0.0,0.0,0.0,0.0,0.0,0.0,0.0,0.0,0.0,0.14,0.0,0.0,0.0,0.0,0.12,0.2,0.41,0.0,0.0,0.0,0.18,0.15,0.0,0.0,0.24,0.1,0.1,0.26,0.0,1.0,0.0,0.28,0.08,0.3,0.28,0.0,0.0,0.1,0.0,0.0,0.0,0.12,0.0,0.0,0.2,0.18,0.18,0.0,0.0,0.16,0.0,0.0,0.0,0.0,0.0,0.0,0.0,0.0,0.08,0.15,0.14,0.17,0.0,0.08,0.24,0.24,0.16,0.0,0.19,0.06,0.16,0.0,0.16,0.2,0.0,0.0,0.0,0.0,0.06,0.0,0.14,0.0,0.1,0.0,0.09,0.0,0.19,0.0,0.0,0.0,0.04,0.32,0.0,0.16,0.2,0.1,0.0,0.07,0.0,0.0,0.08,0.0,0.0,0.22,0.16
pane carasau,0.0,0.0,0.18,0.0,0.09,0.0,0.0,0.14,0.0,0.0,0.0,0.16,0.0,0.0,0.08,0.0,0.0,0.0,0.0,0.0,0.15,0.0,0.0,0.0,0.0,0.0,0.22,0.0,0.0,0.0,0.0,0.0,0.0,0.0,0.08,0.0,0.11,0.0,0.21,0.16,0.0,0.0,0.0,0.0,0.05,0.0,0.1,0.19,0.09,0.0,0.14,0.0,0.15,0.0,0.0,0.0,0.0,0.0,0.0,0.0,0.0,0.0,0.14,0.0,0.0,0.0,0.0,0.06,0.06,0.2,0.0,0.0,0.0,0.0,0.0,0.0,0.0,0.24,0.19,0.1,0.2,0.0,0.0,1.0,0.19,0.16,0.1,0.19,0.0,0.0,0.1,0.0,0.0,0.0,0.0,0.0,0.0,0.1,0.0,0.12,0.0,0.0,0.08,0.0,0.0,0.0,0.0,0.0,0.0,0.0,0.0,0.0,0.08,0.2,0.17,0.0,0.16,0.08,0.16,0.16,0.0,0.06,0.0,0.08,0.0,0.16,0.15,0.0,0.0,0.0,0.0,0.06,0.0,0.07,0.0,0.1,0.0,0.18,0.0,0.1,0.0,0.0,0.0,0.04,0.16,0.0,0.08,0.2,0.1,0.0,0.07,0.0,0.0,0.0,0.08,0.0,0.14,0.24
pane con farina di mais,0.16,0.0,0.14,0.07,0.04,0.19,0.2,0.05,0.06,0.12,0.18,0.06,0.24,0.05,0.06,0.0,0.0,0.19,0.19,0.11,0.17,0.22,0.16,0.0,0.24,0.3,0.17,0.06,0.07,0.18,0.26,0.14,0.06,0.21,0.18,0.12,0.16,0.14,0.1,0.12,0.32,0.25,0.22,0.08,0.08,0.17,0.07,0.28,0.06,0.22,0.2,0.14,0.17,0.16,0.17,0.22,0.31,0.0,0.2,0.14,0.28,0.26,0.12,0.16,0.18,0.17,0.11,0.14,0.2,0.23,0.23,0.12,0.31,0.06,0.12,0.05,0.26,0.18,0.22,0.07,0.2,0.28,0.28,0.19,1.0,0.12,0.16,0.22,0.34,0.08,0.14,0.08,0.26,0.23,0.04,0.0,0.12,0.16,0.06,0.18,0.22,0.19,0.18,0.14,0.14,0.24,0.28,0.22,0.22,0.22,0.06,0.12,0.23,0.25,0.12,0.0,0.06,0.12,0.12,0.12,0.12,0.1,0.08,0.06,0.22,0.25,0.15,0.06,0.0,0.18,0.16,0.1,0.2,0.16,0.04,0.07,0.3,0.06,0.17,0.14,0.28,0.16,0.0,0.07,0.24,0.26,0.19,0.15,0.07,0.06,0.1,0.17,0.0,0.06,0.0,0.19,0.22,0.12
"pane con la zucca, un lievitato stagionale per fare dei panini diversi dal solito",0.09,0.05,0.15,0.06,0.12,0.16,0.08,0.14,0.0,0.1,0.04,0.16,0.06,0.0,0.0,0.0,0.0,0.11,0.06,0.05,0.1,0.05,0.09,0.08,0.06,0.13,0.15,0.06,0.0,0.12,0.09,0.19,0.0,0.18,0.06,0.0,0.08,0.12,0.09,0.16,0.19,0.16,0.12,0.08,0.06,0.05,0.06,0.12,0.0,0.2,0.26,0.12,0.15,0.03,0.3,0.19,0.14,0.0,0.18,0.0,0.1,0.15,0.16,0.2,0.12,0.05,0.1,0.04,0.04,0.07,0.05,0.06,0.07,0.0,0.0,0.0,0.18,0.27,0.32,0.12,0.08,0.25,0.08,0.16,0.12,1.0,0.14,0.06,0.08,0.07,0.34,0.07,0.22,0.27,0.0,0.0,0.0,0.14,0.0,0.2,0.06,0.08,0.06,0.06,0.06,0.1,0.2,0.12,0.12,0.25,0.12,0.0,0.2,0.22,0.25,0.0,0.29,0.06,0.1,0.0,0.15,0.16,0.12,0.06,0.12,0.16,0.14,0.12,0.0,0.2,0.14,0.08,0.04,0.18,0.0,0.06,0.16,0.12,0.08,0.12,0.32,0.04,0.0,0.03,0.21,0.12,0.11,0.14,0.0,0.05,0.09,0.05,0.0,0.05,0.05,0.06,0.1,0.26
"pane con uvetta, la merenda dei bambini di una volta fatta in casa",0.12,0.12,0.15,0.0,0.08,0.14,0.06,0.11,0.22,0.18,0.14,0.27,0.06,0.16,0.0,0.06,0.07,0.2,0.2,0.18,0.12,0.12,0.0,0.0,0.26,0.16,0.12,0.06,0.16,0.19,0.16,0.08,0.0,0.12,0.13,0.14,0.22,0.16,0.12,0.0,0.18,0.14,0.16,0.0,0.04,0.24,0.0,0.16,0.0,0.1,0.22,0.07,0.12,0.14,0.12,0.31,0.16,0.0,0.14,0.08,0.17,0.18,0.11,0.25,0.1,0.12,0.0,0.14,0.1,0.25,0.18,0.14,0.16,0.22,0.12,0.06,0.14,0.2,0.16,0.08,0.1,0.1,0.3,0.1,0.16,0.14,1.0,0.16,0.18,0.0,0.16,0.08,0.09,0.08,0.14,0.0,0.06,0.16,0.14,0.15,0.08,0.0,0.2,0.22,0.0,0.2,0.2,0.08,0.16,0.31,0.07,0.12,0.18,0.06,0.09,0.07,0.06,0.26,0.13,0.06,0.06,0.2,0.1,0.2,0.16,0.07,0.12,0.07,0.0,0.3,0.06,0.06,0.18,0.17,0.05,0.08,0.13,0.0,0.09,0.16,0.23,0.06,0.0,0.12,0.2,0.14,0.14,0.11,0.0,0.0,0.06,0.12,0.0,0.18,0.0,0.14,0.12,0.06
pane fichi e noci,0.1,0.06,0.14,0.07,0.04,0.06,0.14,0.1,0.14,0.06,0.04,0.06,0.24,0.1,0.06,0.06,0.06,0.12,0.12,0.16,0.23,0.22,0.05,0.0,0.18,0.1,0.12,0.0,0.0,0.09,0.2,0.07,0.12,0.16,0.12,0.06,0.12,0.07,0.32,0.06,0.22,0.19,0.22,0.08,0.11,0.12,0.04,0.22,0.14,0.14,0.26,0.14,0.12,0.06,0.12,0.14,0.23,0.04,0.06,0.22,0.08,0.26,0.12,0.08,0.09,0.06,0.0,0.14,0.1,0.23,0.17,0.06,0.23,0.14,0.12,0.05,0.14,0.12,0.07,0.14,0.2,0.19,0.28,0.19,0.22,0.06,0.16,1.0,0.26,0.16,0.07,0.16,0.17,0.16,0.04,0.0,0.12,0.16,0.06,0.14,0.14,0.1,0.12,0.06,0.0,0.18,0.18,0.14,0.14,0.14,0.06,0.12,0.12,0.1,0.12,0.0,0.12,0.12,0.12,0.12,0.17,0.1,0.08,0.06,0.22,0.12,0.15,0.06,0.0,0.14,0.1,0.05,0.12,0.1,0.1,0.07,0.18,0.06,0.17,0.22,0.14,0.1,0.0,0.04,0.18,0.2,0.12,0.1,0.14,0.0,0.05,0.06,0.0,0.06,0.06,0.19,0.11,0.3
pane senza glutine,0.0,0.0,0.16,0.0,0.04,0.0,0.0,0.06,0.0,0.0,0.0,0.08,0.0,0.06,0.07,0.0,0.0,0.0,0.0,0.0,0.2,0.0,0.0,0.0,0.0,0.0,0.14,0.0,0.08,0.0,0.0,0.0,0.0,0.0,0.21,0.15,0.2,0.0,0.12,0.07,0.0,0.0,0.0,0.0,0.09,0.0,0.04,0.34,0.08,0.0,0.24,0.0,0.2,0.0,0.0,0.0,0.0,0.0,0.0,0.0,0.0,0.0,0.15,0.0,0.0,0.0,0.0,0.16,0.18,0.28,0.0,0.0,0.0,0.08,0.14,0.0,0.0,0.21,0.17,0.08,0.23,0.0,0.0,0.0,0.34,0.08,0.18,0.26,1.0,0.0,0.08,0.0,0.0,0.0,0.05,0.0,0.0,0.18,0.08,0.16,0.0,0.0,0.21,0.0,0.0,0.0,0.0,0.0,0.0,0.0,0.0,0.06,0.2,0.12,0.15,0.0,0.07,0.14,0.14,0.14,0.0,0.11,0.05,0.07,0.0,0.22,0.18,0.0,0.0,0.0,0.0,0.06,0.0,0.12,0.0,0.08,0.0,0.08,0.0,0.17,0.0,0.0,0.0,0.08,0.21,0.0,0.15,0.12,0.08,0.0,0.06,0.0,0.0,0.06,0.0,0.0,0.2,0.14
pane senza impasto cotto in pentola,0.0,0.06,0.04,0.0,0.11,0.0,0.0,0.11,0.0,0.0,0.0,0.07,0.0,0.1,0.13,0.0,0.07,0.0,0.0,0.0,0.18,0.0,0.0,0.0,0.0,0.0,0.12,0.06,0.0,0.0,0.0,0.0,0.0,0.0,0.0,0.0,0.0,0.0,0.12,0.2,0.0,0.0,0.0,0.0,0.2,0.0,0.19,0.08,0.22,0.0,0.06,0.0,0.06,0.0,0.0,0.0,0.0,0.0,0.0,0.0,0.0,0.0,0.0,0.0,0.0,0.0,0.0,0.05,0.06,0.08,0.0,0.0,0.0,0.14,0.06,0.0,0.0,0.13,0.08,0.08,0.1,0.0,0.0,0.0,0.08,0.07,0.0,0.16,0.0,1.0,0.0,0.0,0.0,0.0,0.04,0.0,0.0,0.0,0.0,0.0,0.0,0.0,0.0,0.0,0.07,0.0,0.0,0.0,0.0,0.0,0.0,0.12,0.0,0.11,0.04,0.0,0.13,0.0,0.06,0.13,0.0,0.0,0.14,0.0,0.0,0.07,0.08,0.0,0.07,0.0,0.0,0.0,0.0,0.0,0.0,0.0,0.0,0.22,0.0,0.08,0.0,0.0,0.0,0.0,0.06,0.0,0.0,0.16,0.08,0.0,0.0,0.0,0.0,0.0,0.18,0.0,0.06,0.13
pane senza lievitazione con olive e rosmarino,0.1,0.06,0.18,0.0,0.1,0.12,0.05,0.1,0.0,0.12,0.04,0.12,0.06,0.0,0.0,0.0,0.0,0.06,0.06,0.06,0.12,0.06,0.1,0.08,0.06,0.14,0.12,0.06,0.0,0.14,0.1,0.14,0.06,0.21,0.06,0.0,0.08,0.07,0.05,0.12,0.22,0.19,0.14,0.08,0.08,0.06,0.04,0.14,0.0,0.22,0.26,0.14,0.12,0.03,0.28,0.22,0.16,0.0,0.14,0.0,0.12,0.17,0.18,0.16,0.09,0.06,0.11,0.04,0.05,0.08,0.06,0.06,0.08,0.0,0.0,0.0,0.14,0.06,0.28,0.14,0.23,0.19,0.1,0.1,0.14,0.34,0.16,0.07,0.08,0.0,1.0,0.08,0.26,0.23,0.0,0.0,0.0,0.16,0.0,0.18,0.07,0.0,0.06,0.06,0.26,0.12,0.23,0.14,0.14,0.28,0.14,0.0,0.23,0.2,0.41,0.0,0.12,0.06,0.12,0.0,0.12,0.19,0.08,0.06,0.14,0.19,0.15,0.14,0.0,0.23,0.16,0.1,0.04,0.21,0.0,0.07,0.18,0.06,0.08,0.14,0.28,0.05,0.0,0.04,0.18,0.14,0.12,0.1,0.0,0.12,0.16,0.06,0.0,0.06,0.0,0.06,0.11,0.2
pane senza lievito,0.0,0.0,0.11,0.0,0.04,0.0,0.0,0.16,0.0,0.0,0.0,0.07,0.0,0.06,0.0,0.0,0.07,0.0,0.0,0.0,0.12,0.0,0.0,0.0,0.0,0.0,0.06,0.0,0.08,0.0,0.0,0.0,0.0,0.0,0.13,0.0,0.09,0.0,0.06,0.0,0.0,0.0,0.0,0.0,0.04,0.0,0.0,0.08,0.07,0.0,0.16,0.0,0.06,0.0,0.0,0.0,0.0,0.0,0.0,0.0,0.0,0.0,0.14,0.0,0.0,0.0,0.0,0.1,0.06,0.08,0.0,0.0,0.0,0.14,0.06,0.0,0.0,0.06,0.08,0.16,0.06,0.0,0.0,0.0,0.08,0.07,0.08,0.16,0.0,0.0,0.08,1.0,0.0,0.0,0.0,0.0,0.0,0.16,0.0,0.15,0.0,0.0,0.13,0.0,0.0,0.0,0.0,0.0,0.0,0.0,0.0,0.06,0.06,0.06,0.09,0.0,0.13,0.06,0.06,0.0,0.0,0.05,0.04,0.06,0.0,0.07,0.08,0.0,0.0,0.0,0.0,0.06,0.0,0.06,0.0,0.08,0.0,0.0,0.0,0.08,0.0,0.0,0.0,0.12,0.06,0.0,0.14,0.11,0.0,0.0,0.12,0.0,0.0,0.0,0.12,0.0,0.06,0.06
pane senza lievito in padella,0.0,0.0,0.24,0.0,0.12,0.0,0.0,0.12,0.0,0.0,0.0,0.08,0.0,0.0,0.07,0.0,0.0,0.0,0.0,0.0,0.2,0.0,0.0,0.0,0.0,0.0,0.2,0.07,0.0,0.0,0.0,0.0,0.0,0.0,0.07,0.0,0.1,0.0,0.12,0.21,0.0,0.0,0.0,0.0,0.13,0.0,0.08,0.26,0.08,0.0,0.24,0.0,0.2,0.0,0.0,0.0,0.0,0.0,0.0,0.0,0.0,0.0,0.21,0.0,0.0,0.0,0.13,0.06,0.12,0.18,0.0,0.0,0.0,0.0,0.0,0.0,0.0,0.14,0.26,0.17,0.23,0.0,0.0,0.0,0.26,0.22,0.09,0.17,0.0,0.0,0.26,0.0,1.0,0.0,0.0,0.0,0.0,0.18,0.0,0.22,0.0,0.0,0.07,0.0,0.08,0.0,0.0,0.0,0.0,0.0,0.0,0.0,0.2,0.3,0.25,0.0,0.14,0.07,0.21,0.07,0.0,0.17,0.05,0.07,0.0,0.3,0.22,0.0,0.0,0.0,0.0,0.12,0.0,0.18,0.0,0.08,0.0,0.16,0.0,0.17,0.0,0.0,0.0,0.04,0.28,0.0,0.15,0.18,0.08,0.0,0.12,0.0,0.0,0.0,0.0,0.0,0.2,0.21
pane veloce,0.0,0.06,0.22,0.0,0.15,0.0,0.0,0.16,0.0,0.0,0.0,0.14,0.0,0.06,0.13,0.0,0.0,0.0,0.0,0.0,0.18,0.0,0.0,0.0,0.0,0.0,0.24,0.13,0.0,0.0,0.0,0.0,0.0,0.0,0.06,0.0,0.09,0.0,0.17,0.26,0.0,0.0,0.0,0.0,0.12,0.0,0.12,0.23,0.07,0.0,0.22,0.0,0.18,0.0,0.0,0.0,0.0,0.0,0.0,0.0,0.0,0.0,0.19,0.0,0.0,0.0,0.12,0.05,0.16,0.16,0.0,0.0,0.0,0.0,0.0,0.0,0.0,0.2,0.31,0.16,0.21,0.0,0.0,0.0,0.23,0.27,0.08,0.16,0.0,0.0,0.23,0.0,0.0,1.0,0.04,0.05,0.0,0.16,0.0,0.2,0.0,0.0,0.06,0.0,0.14,0.0,0.0,0.0,0.0,0.0,0.0,0.0,0.18,0.32,0.23,0.0,0.2,0.06,0.2,0.06,0.0,0.16,0.04,0.06,0.0,0.27,0.24,0.0,0.0,0.0,0.0,0.1,0.0,0.22,0.0,0.08,0.0,0.22,0.0,0.16,0.0,0.0,0.0,0.04,0.26,0.0,0.14,0.22,0.08,0.0,0.12,0.0,0.0,0.0,0.12,0.0,0.18,0.26
panettone semplice con lievito di birra,0.06,0.14,0.06,0.13,0.12,0.04,0.0,0.09,0.16,0.18,0.08,0.12,0.0,0.26,0.11,0.26,0.12,0.12,0.08,0.16,0.07,0.06,0.1,0.0,0.22,0.12,0.04,0.22,0.13,0.14,0.12,0.0,0.07,0.06,0.18,0.12,0.08,0.04,0.06,0.11,0.04,0.04,0.08,0.1,0.09,0.14,0.06,0.08,0.04,0.0,0.03,0.0,0.04,0.12,0.0,0.08,0.04,0.1,0.12,0.13,0.12,0.1,0.02,0.04,0.11,0.14,0.0,0.16,0.18,0.14,0.14,0.19,0.04,0.7,0.21,0.12,0.04,0.14,0.0,0.0,0.09,0.0,0.12,0.0,0.04,0.0,0.14,0.04,0.05,0.04,0.0,0.0,0.0,0.04,1.0,0.08,0.1,0.1,0.12,0.08,0.13,0.0,0.14,0.12,0.08,0.08,0.06,0.0,0.04,0.13,0.0,0.18,0.04,0.0,0.0,0.04,0.0,0.11,0.04,0.08,0.07,0.06,0.08,0.14,0.08,0.0,0.07,0.0,0.04,0.16,0.0,0.06,0.08,0.06,0.14,0.0,0.08,0.04,0.1,0.04,0.04,0.1,0.1,0.1,0.08,0.08,0.08,0.09,0.0,0.04,0.06,0.18,0.04,0.21,0.07,0.16,0.16,0.08
panettoni piccoli farciti con ricotta e gocce di cioccolato,0.0,0.04,0.0,0.04,0.0,0.0,0.0,0.04,0.0,0.04,0.0,0.0,0.0,0.03,0.12,0.04,0.0,0.0,0.0,0.04,0.0,0.0,0.04,0.0,0.04,0.0,0.0,0.16,0.0,0.0,0.0,0.0,0.0,0.0,0.0,0.0,0.0,0.0,0.0,0.0,0.0,0.0,0.0,0.0,0.0,0.0,0.0,0.0,0.0,0.0,0.0,0.0,0.0,0.04,0.0,0.0,0.0,0.06,0.0,0.0,0.0,0.0,0.0,0.0,0.0,0.08,0.0,0.06,0.06,0.0,0.0,0.04,0.0,0.0,0.0,0.0,0.0,0.0,0.0,0.0,0.0,0.0,0.0,0.0,0.0,0.0,0.0,0.0,0.0,0.0,0.0,0.0,0.0,0.05,0.08,1.0,0.0,0.0,0.0,0.0,0.04,0.0,0.0,0.0,0.04,0.0,0.0,0.0,0.0,0.0,0.0,0.0,0.0,0.0,0.0,0.0,0.0,0.0,0.0,0.0,0.0,0.0,0.0,0.0,0.0,0.0,0.02,0.0,0.0,0.0,0.0,0.0,0.0,0.04,0.06,0.0,0.0,0.0,0.0,0.0,0.0,0.0,0.04,0.04,0.0,0.0,0.0,0.14,0.0,0.0,0.0,0.08,0.0,0.0,0.04,0.04,0.07,0.0
panina toscana,0.0,0.0,0.11,0.0,0.0,0.0,0.0,0.04,0.0,0.0,0.0,0.05,0.0,0.08,0.05,0.0,0.0,0.0,0.0,0.0,0.09,0.0,0.0,0.0,0.0,0.0,0.04,0.05,0.0,0.0,0.0,0.0,0.0,0.0,0.14,0.1,0.04,0.0,0.08,0.1,0.0,0.0,0.0,0.0,0.06,0.0,0.11,0.17,0.06,0.0,0.04,0.0,0.04,0.0,0.0,0.0,0.0,0.0,0.0,0.0,0.0,0.0,0.04,0.0,0.0,0.0,0.0,0.1,0.08,0.18,0.0,0.0,0.0,0.06,0.09,0.0,0.0,0.05,0.0,0.0,0.2,0.0,0.0,0.0,0.12,0.0,0.06,0.12,0.0,0.0,0.0,0.0,0.0,0.0,0.1,0.0,1.0,0.12,0.06,0.08,0.0,0.0,0.1,0.0,0.0,0.0,0.0,0.0,0.0,0.0,0.0,0.09,0.04,0.04,0.04,0.0,0.0,0.05,0.05,0.1,0.0,0.04,0.1,0.05,0.0,0.05,0.06,0.0,0.0,0.0,0.0,0.08,0.0,0.04,0.0,0.0,0.0,0.06,0.0,0.06,0.0,0.0,0.0,0.03,0.1,0.0,0.1,0.04,0.12,0.0,0.04,0.0,0.0,0.14,0.0,0.0,0.04,0.05
panini al basilico,0.17,0.0,0.22,0.0,0.11,0.14,0.06,0.16,0.14,0.12,0.14,0.07,0.06,0.06,0.0,0.0,0.07,0.14,0.14,0.18,0.18,0.12,0.0,0.09,0.13,0.16,0.06,0.0,0.08,0.1,0.16,0.08,0.0,0.22,0.26,0.07,0.14,0.16,0.12,0.13,0.24,0.2,0.23,0.18,0.12,0.18,0.0,0.31,0.0,0.19,0.28,0.14,0.12,0.1,0.18,0.23,0.25,0.0,0.14,0.08,0.13,0.36,0.19,0.08,0.1,0.12,0.0,0.1,0.1,0.16,0.18,0.14,0.25,0.14,0.06,0.0,0.14,0.06,0.16,0.16,0.26,0.1,0.2,0.1,0.16,0.14,0.16,0.16,0.18,0.0,0.16,0.16,0.18,0.16,0.1,0.0,0.12,1.0,0.07,0.25,0.08,0.0,0.2,0.07,0.0,0.13,0.25,0.08,0.23,0.23,0.14,0.06,0.18,0.16,0.23,0.0,0.13,0.13,0.13,0.06,0.18,0.2,0.04,0.06,0.23,0.14,0.24,0.22,0.0,0.2,0.22,0.06,0.18,0.17,0.05,0.16,0.2,0.07,0.28,0.23,0.23,0.06,0.0,0.12,0.2,0.14,0.2,0.11,0.0,0.06,0.12,0.12,0.0,0.12,0.06,0.27,0.06,0.13
panini al latte,0.05,0.06,0.03,0.0,0.03,0.06,0.0,0.0,0.18,0.06,0.16,0.06,0.0,0.23,0.0,0.06,0.12,0.06,0.12,0.16,0.06,0.1,0.0,0.0,0.11,0.04,0.1,0.06,0.14,0.08,0.04,0.0,0.06,0.05,0.11,0.18,0.16,0.06,0.1,0.0,0.05,0.06,0.06,0.0,0.04,0.1,0.0,0.06,0.0,0.0,0.04,0.0,0.06,0.06,0.0,0.14,0.07,0.0,0.0,0.06,0.08,0.08,0.02,0.07,0.0,0.1,0.0,0.08,0.14,0.14,0.16,0.18,0.07,0.12,0.16,0.05,0.06,0.17,0.0,0.0,0.04,0.0,0.18,0.0,0.06,0.0,0.14,0.06,0.08,0.0,0.0,0.0,0.0,0.0,0.12,0.0,0.06,0.07,1.0,0.04,0.06,0.0,0.06,0.12,0.0,0.11,0.08,0.0,0.06,0.14,0.0,0.1,0.06,0.0,0.0,0.0,0.0,0.11,0.06,0.06,0.0,0.09,0.04,0.06,0.06,0.0,0.04,0.0,0.0,0.13,0.0,0.04,0.12,0.05,0.18,0.0,0.06,0.0,0.08,0.06,0.06,0.05,0.05,0.04,0.11,0.06,0.06,0.04,0.0,0.0,0.0,0.06,0.0,0.06,0.06,0.12,0.1,0.06
panini al latte ripieni di ragù di salsiccia,0.2,0.04,0.2,0.04,0.09,0.16,0.06,0.16,0.08,0.18,0.12,0.12,0.08,0.06,0.0,0.08,0.04,0.16,0.12,0.18,0.18,0.14,0.1,0.06,0.16,0.22,0.28,0.08,0.04,0.17,0.2,0.14,0.0,0.24,0.23,0.12,0.16,0.14,0.1,0.08,0.24,0.2,0.18,0.06,0.07,0.18,0.02,0.18,0.04,0.2,0.26,0.13,0.14,0.1,0.22,0.18,0.2,0.0,0.22,0.04,0.18,0.22,0.21,0.1,0.2,0.11,0.07,0.14,0.16,0.36,0.18,0.16,0.2,0.08,0.11,0.0,0.17,0.08,0.18,0.14,0.12,0.18,0.18,0.12,0.18,0.2,0.15,0.14,0.16,0.0,0.18,0.15,0.22,0.2,0.08,0.0,0.08,0.25,0.04,1.0,0.09,0.0,0.23,0.08,0.04,0.16,0.26,0.18,0.18,0.23,0.13,0.08,0.22,0.16,0.19,0.0,0.12,0.12,0.16,0.04,0.14,0.15,0.21,0.32,0.18,0.16,0.17,0.17,0.0,0.26,0.17,0.29,0.13,0.3,0.03,0.14,0.19,0.04,0.11,0.18,0.28,0.1,0.0,0.09,0.19,0.17,0.24,0.22,0.0,0.11,0.4,0.14,0.0,0.08,0.04,0.24,0.1,0.16
panini cinesi al vapore,0.0,0.12,0.04,0.0,0.07,0.0,0.0,0.0,0.0,0.0,0.0,0.0,0.0,0.14,0.24,0.0,0.06,0.0,0.0,0.0,0.17,0.0,0.0,0.0,0.0,0.0,0.12,0.18,0.0,0.0,0.0,0.0,0.0,0.0,0.06,0.06,0.04,0.0,0.05,0.18,0.0,0.0,0.0,0.0,0.18,0.0,0.18,0.14,0.14,0.0,0.05,0.0,0.06,0.0,0.0,0.0,0.0,0.0,0.0,0.0,0.0,0.0,0.0,0.0,0.0,0.0,0.11,0.04,0.24,0.23,0.0,0.0,0.0,0.14,0.12,0.0,0.0,0.06,0.07,0.0,0.14,0.0,0.0,0.0,0.22,0.06,0.08,0.14,0.0,0.0,0.07,0.0,0.0,0.0,0.13,0.04,0.0,0.08,0.06,0.09,1.0,0.0,0.06,0.0,0.26,0.0,0.0,0.0,0.0,0.0,0.0,0.12,0.12,0.1,0.04,0.0,0.0,0.06,0.06,0.18,0.0,0.04,0.18,0.0,0.0,0.12,0.15,0.0,0.06,0.0,0.0,0.05,0.0,0.16,0.0,0.0,0.0,0.14,0.0,0.07,0.0,0.0,0.0,0.0,0.18,0.0,0.19,0.15,0.14,0.0,0.1,0.0,0.0,0.06,0.17,0.0,0.11,0.06
panini cinesi al vapore (mantou),0.0,0.0,0.04,0.0,0.04,0.0,0.0,0.06,0.0,0.0,0.0,0.08,0.0,0.0,0.08,0.0,0.0,0.0,0.0,0.0,0.08,0.0,0.0,0.0,0.0,0.0,0.15,0.0,0.1,0.0,0.0,0.0,0.0,0.0,0.08,0.08,0.06,0.0,0.14,0.16,0.0,0.0,0.0,0.0,0.05,0.0,0.1,0.19,0.09,0.0,0.06,0.0,0.15,0.0,0.0,0.0,0.0,0.0,0.0,0.0,0.0,0.0,0.04,0.0,0.0,0.0,0.0,0.06,0.13,0.1,0.0,0.0,0.0,0.0,0.08,0.0,0.0,0.24,0.19,0.0,0.13,0.0,0.0,0.0,0.19,0.08,0.0,0.1,0.0,0.0,0.0,0.0,0.0,0.0,0.0,0.0,0.0,0.0,0.0,0.0,0.0,1.0,0.08,0.0,0.0,0.0,0.0,0.0,0.0,0.0,0.0,0.0,0.08,0.14,0.06,0.0,0.08,0.0,0.08,0.08,0.0,0.0,0.0,0.0,0.0,0.16,0.05,0.0,0.0,0.0,0.0,0.0,0.0,0.0,0.0,0.0,0.0,0.18,0.0,0.0,0.0,0.0,0.0,0.04,0.08,0.0,0.0,0.14,0.1,0.0,0.0,0.0,0.0,0.0,0.08,0.0,0.14,0.16
panini dolci con cremadelizia pistacchio babbi,0.18,0.05,0.12,0.06,0.03,0.16,0.12,0.17,0.17,0.19,0.22,0.16,0.1,0.12,0.0,0.15,0.06,0.26,0.21,0.18,0.1,0.14,0.04,0.0,0.25,0.28,0.05,0.1,0.18,0.18,0.26,0.06,0.0,0.09,0.3,0.16,0.18,0.24,0.09,0.0,0.18,0.1,0.12,0.0,0.03,0.28,0.0,0.18,0.0,0.11,0.17,0.06,0.1,0.24,0.05,0.18,0.2,0.0,0.28,0.06,0.26,0.14,0.12,0.13,0.26,0.19,0.0,0.22,0.2,0.2,0.28,0.21,0.26,0.17,0.19,0.04,0.17,0.15,0.12,0.06,0.08,0.08,0.16,0.08,0.18,0.06,0.2,0.12,0.21,0.0,0.06,0.13,0.07,0.06,0.14,0.0,0.1,0.2,0.06,0.23,0.06,0.08,1.0,0.17,0.0,0.1,0.16,0.06,0.18,0.12,0.06,0.14,0.14,0.04,0.07,0.06,0.05,0.15,0.05,0.05,0.05,0.08,0.04,0.2,0.12,0.1,0.1,0.06,0.0,0.19,0.13,0.08,0.24,0.09,0.04,0.06,0.15,0.0,0.07,0.12,0.18,0.04,0.0,0.18,0.1,0.11,0.21,0.08,0.0,0.1,0.18,0.24,0.0,0.14,0.05,0.21,0.09,0.1
panini semidolci morbidi,0.0,0.06,0.13,0.0,0.1,0.0,0.0,0.1,0.0,0.0,0.0,0.18,0.0,0.18,0.0,0.0,0.06,0.0,0.0,0.0,0.06,0.0,0.0,0.0,0.0,0.0,0.1,0.11,0.2,0.0,0.0,0.0,0.0,0.0,0.17,0.12,0.2,0.0,0.1,0.0,0.0,0.0,0.0,0.0,0.0,0.0,0.0,0.14,0.0,0.0,0.14,0.0,0.16,0.0,0.0,0.0,0.0,0.0,0.0,0.0,0.0,0.0,0.12,0.0,0.0,0.0,0.0,0.16,0.14,0.14,0.0,0.0,0.0,0.12,0.16,0.0,0.0,0.22,0.14,0.06,0.04,0.0,0.0,0.0,0.14,0.06,0.22,0.06,0.0,0.0,0.06,0.0,0.0,0.0,0.12,0.0,0.0,0.07,0.12,0.08,0.0,0.0,0.17,1.0,0.0,0.0,0.0,0.0,0.0,0.0,0.0,0.1,0.1,0.04,0.08,0.0,0.06,0.17,0.11,0.0,0.0,0.09,0.0,0.17,0.0,0.12,0.07,0.0,0.0,0.0,0.0,0.09,0.0,0.05,0.0,0.06,0.0,0.0,0.0,0.06,0.0,0.0,0.0,0.13,0.11,0.0,0.06,0.1,0.0,0.0,0.05,0.0,0.0,0.06,0.0,0.0,0.2,0.11
panini senza lievito,0.1,0.1,0.0,0.14,0.06,0.12,0.0,0.0,0.0,0.1,0.04,0.0,0.0,0.09,0.17,0.11,0.06,0.0,0.0,0.05,0.06,0.05,0.2,0.0,0.06,0.09,0.06,0.17,0.0,0.08,0.04,0.06,0.1,0.1,0.0,0.0,0.0,0.0,0.0,0.11,0.05,0.06,0.0,0.08,0.1,0.0,0.13,0.0,0.06,0.04,0.0,0.0,0.0,0.0,0.06,0.0,0.0,0.16,0.06,0.06,0.08,0.0,0.0,0.0,0.04,0.06,0.1,0.0,0.14,0.07,0.0,0.12,0.07,0.06,0.06,0.05,0.12,0.0,0.06,0.0,0.0,0.09,0.0,0.0,0.14,0.06,0.0,0.0,0.0,0.07,0.26,0.0,0.08,0.14,0.08,0.04,0.0,0.0,0.0,0.04,0.26,0.0,0.0,0.0,1.0,0.06,0.04,0.06,0.0,0.06,0.0,0.1,0.06,0.04,0.0,0.0,0.0,0.0,0.0,0.06,0.0,0.0,0.12,0.0,0.0,0.06,0.07,0.0,0.06,0.04,0.0,0.04,0.0,0.1,0.14,0.0,0.06,0.06,0.0,0.0,0.06,0.14,0.1,0.0,0.06,0.06,0.12,0.1,0.06,0.16,0.14,0.1,0.06,0.0,0.16,0.06,0.05,0.0
"panuozzo napoletano, la ricetta dell’alternativa alla pizza",0.0,0.05,0.14,0.0,0.06,0.0,0.0,0.04,0.0,0.0,0.0,0.1,0.0,0.08,0.05,0.0,0.06,0.0,0.0,0.0,0.14,0.0,0.0,0.0,0.0,0.0,0.19,0.05,0.06,0.0,0.0,0.0,0.0,0.0,0.1,0.1,0.14,0.0,0.09,0.1,0.0,0.0,0.0,0.0,0.06,0.0,0.06,0.18,0.06,0.0,0.12,0.0,0.14,0.0,0.0,0.0,0.0,0.0,0.0,0.0,0.0,0.0,0.08,0.0,0.0,0.0,0.09,0.08,0.16,0.26,0.0,0.0,0.0,0.11,0.1,0.0,0.0,0.15,0.12,0.06,0.16,0.0,0.0,0.0,0.24,0.1,0.2,0.18,0.0,0.0,0.12,0.0,0.0,0.0,0.08,0.0,0.0,0.13,0.11,0.16,0.0,0.0,0.1,0.0,0.06,1.0,0.0,0.0,0.0,0.0,0.0,0.05,0.14,0.12,0.1,0.0,0.05,0.15,0.15,0.1,0.0,0.12,0.08,0.1,0.0,0.16,0.12,0.0,0.0,0.0,0.0,0.08,0.0,0.13,0.0,0.06,0.0,0.06,0.0,0.12,0.0,0.0,0.0,0.03,0.25,0.0,0.16,0.17,0.06,0.0,0.09,0.0,0.0,0.05,0.0,0.0,0.18,0.1
panzerotti (calzoni) fritti,0.0,0.04,0.26,0.0,0.16,0.0,0.0,0.13,0.0,0.0,0.0,0.12,0.0,0.06,0.04,0.0,0.04,0.0,0.0,0.0,0.3,0.0,0.0,0.0,0.0,0.0,0.18,0.04,0.09,0.0,0.0,0.0,0.0,0.0,0.16,0.12,0.18,0.0,0.1,0.16,0.0,0.0,0.0,0.0,0.14,0.0,0.07,0.32,0.08,0.0,0.32,0.0,0.26,0.0,0.0,0.0,0.0,0.0,0.0,0.0,0.0,0.0,0.26,0.0,0.0,0.0,0.07,0.12,0.16,0.25,0.0,0.0,0.0,0.08,0.11,0.0,0.0,0.19,0.28,0.18,0.22,0.0,0.0,0.0,0.28,0.2,0.2,0.18,0.0,0.0,0.23,0.0,0.0,0.0,0.06,0.0,0.0,0.25,0.08,0.26,0.0,0.0,0.16,0.0,0.04,0.0,1.0,0.0,0.0,0.0,0.0,0.04,0.33,0.29,0.3,0.0,0.16,0.16,0.3,0.08,0.0,0.24,0.06,0.12,0.0,0.28,0.26,0.0,0.0,0.0,0.0,0.1,0.0,0.2,0.0,0.14,0.0,0.13,0.0,0.23,0.0,0.0,0.0,0.07,0.34,0.0,0.16,0.16,0.04,0.0,0.1,0.0,0.0,0.04,0.0,0.0,0.21,0.19
pettole,0.0,0.06,0.18,0.0,0.04,0.0,0.0,0.05,0.0,0.0,0.0,0.06,0.0,0.0,0.12,0.0,0.06,0.0,0.0,0.0,0.12,0.0,0.0,0.0,0.0,0.0,0.17,0.12,0.0,0.0,0.0,0.0,0.0,0.0,0.06,0.0,0.08,0.0,0.1,0.12,0.0,0.0,0.0,0.0,0.04,0.0,0.07,0.14,0.14,0.0,0.1,0.0,0.12,0.0,0.0,0.0,0.0,0.0,0.0,0.0,0.0,0.0,0.1,0.0,0.0,0.0,0.11,0.04,0.1,0.16,0.0,0.0,0.0,0.0,0.0,0.0,0.0,0.12,0.14,0.07,0.14,0.0,0.0,0.0,0.22,0.12,0.08,0.14,0.0,0.0,0.14,0.0,0.0,0.0,0.0,0.0,0.0,0.08,0.0,0.18,0.0,0.0,0.06,0.0,0.06,0.0,0.0,1.0,0.0,0.0,0.0,0.0,0.12,0.15,0.17,0.0,0.06,0.06,0.18,0.06,0.0,0.04,0.04,0.12,0.0,0.19,0.12,0.0,0.0,0.0,0.0,0.1,0.0,0.1,0.0,0.07,0.0,0.06,0.0,0.07,0.0,0.0,0.0,0.04,0.24,0.0,0.12,0.15,0.07,0.0,0.1,0.0,0.0,0.0,0.0,0.0,0.16,0.12
"pinsa romana, la ricetta dell’anti-pizza fatta in casa morbida e croccante",0.0,0.0,0.18,0.0,0.14,0.0,0.0,0.1,0.0,0.0,0.0,0.06,0.0,0.05,0.0,0.0,0.0,0.0,0.0,0.0,0.17,0.0,0.0,0.0,0.0,0.0,0.06,0.0,0.07,0.0,0.0,0.0,0.0,0.0,0.18,0.12,0.16,0.0,0.05,0.12,0.0,0.0,0.0,0.0,0.11,0.0,0.0,0.28,0.0,0.0,0.3,0.0,0.17,0.0,0.0,0.0,0.0,0.0,0.0,0.0,0.0,0.0,0.2,0.0,0.0,0.0,0.0,0.14,0.1,0.16,0.0,0.0,0.0,0.06,0.12,0.0,0.0,0.12,0.22,0.14,0.14,0.0,0.0,0.0,0.22,0.12,0.16,0.14,0.0,0.0,0.14,0.0,0.0,0.0,0.04,0.0,0.0,0.23,0.06,0.18,0.0,0.0,0.18,0.0,0.0,0.0,0.0,0.0,1.0,0.0,0.0,0.06,0.23,0.15,0.17,0.0,0.12,0.12,0.12,0.06,0.0,0.19,0.04,0.06,0.0,0.19,0.19,0.0,0.0,0.0,0.0,0.05,0.0,0.16,0.0,0.07,0.0,0.06,0.0,0.22,0.0,0.0,0.0,0.07,0.18,0.0,0.12,0.05,0.0,0.0,0.05,0.0,0.0,0.06,0.0,0.0,0.11,0.12
"pita fatta in casa, una tasca di pane morbido da farcire a piacere",0.0,0.12,0.2,0.0,0.24,0.0,0.0,0.1,0.0,0.0,0.0,0.19,0.0,0.14,0.0,0.0,0.14,0.0,0.0,0.0,0.17,0.0,0.0,0.0,0.0,0.0,0.17,0.06,0.14,0.0,0.0,0.0,0.0,0.0,0.12,0.12,0.16,0.0,0.05,0.18,0.0,0.0,0.0,0.0,0.11,0.0,0.04,0.22,0.0,0.0,0.3,0.0,0.17,0.0,0.0,0.0,0.0,0.0,0.0,0.0,0.0,0.0,0.18,0.0,0.0,0.0,0.11,0.09,0.14,0.23,0.0,0.0,0.0,0.14,0.17,0.0,0.0,0.18,0.28,0.14,0.14,0.0,0.0,0.0,0.22,0.25,0.31,0.14,0.0,0.0,0.28,0.0,0.0,0.0,0.13,0.0,0.0,0.23,0.14,0.23,0.0,0.0,0.12,0.0,0.06,0.0,0.0,0.0,0.0,1.0,0.0,0.06,0.28,0.2,0.17,0.0,0.12,0.18,0.18,0.06,0.0,0.28,0.13,0.12,0.0,0.19,0.19,0.0,0.0,0.0,0.0,0.1,0.0,0.26,0.0,0.07,0.0,0.06,0.0,0.22,0.0,0.0,0.0,0.04,0.3,0.0,0.19,0.2,0.0,0.0,0.1,0.0,0.0,0.17,0.0,0.0,0.22,0.12
"pizza ai 4 formaggi: filante, bianca e in quattro consistenze",0.0,0.0,0.16,0.0,0.1,0.0,0.0,0.14,0.0,0.0,0.0,0.12,0.0,0.0,0.0,0.0,0.0,0.0,0.0,0.0,0.1,0.0,0.0,0.0,0.0,0.0,0.06,0.0,0.0,0.0,0.0,0.0,0.0,0.0,0.06,0.06,0.08,0.0,0.1,0.06,0.0,0.0,0.0,0.0,0.07,0.0,0.0,0.14,0.06,0.0,0.19,0.0,0.1,0.0,0.0,0.0,0.0,0.0,0.0,0.0,0.0,0.0,0.16,0.0,0.0,0.0,0.0,0.04,0.0,0.07,0.0,0.0,0.0,0.0,0.0,0.0,0.0,0.06,0.14,0.14,0.09,0.0,0.0,0.0,0.06,0.12,0.07,0.06,0.0,0.0,0.14,0.0,0.0,0.0,0.0,0.0,0.0,0.14,0.0,0.13,0.0,0.0,0.06,0.0,0.0,0.0,0.0,0.0,0.0,0.0,1.0,0.06,0.16,0.14,0.16,0.0,0.11,0.06,0.11,0.0,0.0,0.14,0.04,0.17,0.0,0.18,0.14,0.0,0.06,0.0,0.0,0.09,0.0,0.1,0.0,0.06,0.0,0.06,0.0,0.14,0.0,0.0,0.0,0.04,0.11,0.0,0.12,0.14,0.0,0.0,0.2,0.0,0.0,0.0,0.0,0.0,0.05,0.11
"pizza al formaggio umbra, la ricetta",0.12,0.04,0.0,0.12,0.06,0.0,0.04,0.16,0.16,0.09,0.07,0.15,0.05,0.27,0.05,0.24,0.06,0.1,0.1,0.04,0.14,0.13,0.12,0.0,0.14,0.12,0.0,0.19,0.06,0.07,0.12,0.0,0.14,0.08,0.14,0.1,0.06,0.06,0.04,0.05,0.04,0.05,0.06,0.06,0.15,0.14,0.08,0.06,0.1,0.0,0.08,0.0,0.04,0.1,0.0,0.06,0.06,0.1,0.1,0.17,0.1,0.06,0.0,0.0,0.14,0.09,0.0,0.22,0.08,0.12,0.18,0.15,0.18,0.22,0.18,0.12,0.0,0.05,0.0,0.06,0.04,0.0,0.08,0.0,0.12,0.0,0.12,0.12,0.06,0.12,0.0,0.06,0.0,0.0,0.18,0.0,0.09,0.06,0.1,0.08,0.12,0.0,0.14,0.1,0.1,0.05,0.04,0.0,0.06,0.06,0.06,1.0,0.09,0.0,0.0,0.05,0.05,0.1,0.0,0.1,0.0,0.04,0.18,0.14,0.06,0.05,0.09,0.06,0.06,0.11,0.0,0.12,0.06,0.04,0.15,0.0,0.05,0.06,0.06,0.06,0.06,0.12,0.08,0.06,0.05,0.06,0.15,0.08,0.0,0.09,0.08,0.18,0.05,0.14,0.14,0.05,0.04,0.05
pizza alla parmigiana,0.16,0.04,0.14,0.0,0.08,0.15,0.12,0.12,0.06,0.09,0.14,0.15,0.1,0.04,0.0,0.0,0.0,0.1,0.15,0.08,0.28,0.22,0.08,0.06,0.14,0.24,0.09,0.05,0.06,0.1,0.16,0.12,0.0,0.21,0.14,0.1,0.13,0.12,0.04,0.1,0.26,0.2,0.17,0.06,0.09,0.14,0.06,0.23,0.06,0.25,0.28,0.1,0.14,0.13,0.22,0.28,0.24,0.0,0.16,0.06,0.22,0.2,0.16,0.18,0.1,0.14,0.08,0.1,0.12,0.12,0.14,0.1,0.18,0.06,0.09,0.0,0.16,0.1,0.28,0.12,0.12,0.15,0.15,0.08,0.23,0.2,0.18,0.12,0.2,0.0,0.23,0.06,0.2,0.18,0.04,0.0,0.04,0.18,0.06,0.22,0.12,0.08,0.14,0.1,0.06,0.14,0.33,0.12,0.23,0.28,0.16,0.09,1.0,0.16,0.17,0.0,0.1,0.1,0.19,0.05,0.18,0.19,0.1,0.1,0.17,0.25,0.18,0.22,0.06,0.26,0.21,0.16,0.13,0.21,0.04,0.12,0.24,0.06,0.14,0.17,0.34,0.12,0.04,0.06,0.19,0.16,0.2,0.12,0.0,0.09,0.12,0.14,0.0,0.09,0.0,0.1,0.13,0.1
"pizza con farina di farro, pomodorini e peperoni",0.08,0.0,0.29,0.1,0.14,0.14,0.1,0.18,0.0,0.08,0.03,0.09,0.12,0.0,0.04,0.0,0.0,0.14,0.04,0.04,0.16,0.12,0.11,0.12,0.08,0.1,0.16,0.04,0.0,0.12,0.1,0.15,0.04,0.26,0.04,0.0,0.06,0.1,0.11,0.21,0.27,0.26,0.2,0.18,0.13,0.04,0.1,0.2,0.04,0.25,0.22,0.24,0.16,0.02,0.28,0.15,0.22,0.03,0.14,0.05,0.08,0.24,0.23,0.11,0.12,0.04,0.08,0.03,0.07,0.11,0.08,0.04,0.06,0.0,0.0,0.04,0.19,0.12,0.26,0.15,0.18,0.26,0.14,0.2,0.25,0.22,0.06,0.1,0.12,0.11,0.2,0.06,0.3,0.32,0.0,0.0,0.04,0.16,0.0,0.16,0.1,0.14,0.04,0.04,0.04,0.12,0.29,0.15,0.15,0.2,0.14,0.0,0.16,1.0,0.27,0.0,0.21,0.04,0.17,0.04,0.24,0.2,0.03,0.04,0.2,0.26,0.18,0.24,0.0,0.2,0.22,0.07,0.06,0.15,0.0,0.05,0.21,0.19,0.18,0.15,0.2,0.08,0.0,0.02,0.21,0.14,0.09,0.14,0.05,0.04,0.08,0.04,0.0,0.0,0.04,0.09,0.12,0.21
pizza con pomodoro e olive,0.06,0.04,0.24,0.04,0.12,0.08,0.08,0.15,0.0,0.06,0.0,0.08,0.18,0.0,0.07,0.04,0.04,0.11,0.08,0.06,0.32,0.13,0.06,0.1,0.1,0.06,0.1,0.04,0.0,0.1,0.09,0.08,0.04,0.22,0.07,0.0,0.1,0.08,0.16,0.1,0.26,0.18,0.21,0.2,0.11,0.06,0.04,0.21,0.22,0.26,0.24,0.24,0.17,0.04,0.27,0.17,0.23,0.02,0.08,0.04,0.04,0.25,0.24,0.09,0.08,0.0,0.0,0.06,0.03,0.14,0.1,0.0,0.09,0.0,0.0,0.06,0.12,0.1,0.17,0.17,0.18,0.17,0.17,0.17,0.12,0.25,0.09,0.12,0.15,0.04,0.41,0.09,0.25,0.23,0.0,0.0,0.04,0.23,0.0,0.19,0.04,0.06,0.07,0.08,0.0,0.1,0.3,0.17,0.17,0.17,0.16,0.0,0.17,0.27,1.0,0.08,0.18,0.07,0.24,0.04,0.24,0.17,0.0,0.1,0.21,0.18,0.22,0.28,0.0,0.22,0.22,0.06,0.07,0.12,0.0,0.17,0.18,0.12,0.15,0.17,0.17,0.06,0.03,0.04,0.18,0.12,0.08,0.09,0.12,0.0,0.06,0.0,0.0,0.0,0.0,0.11,0.1,0.28
pizza di pasqua dolce,0.0,0.0,0.0,0.0,0.0,0.0,0.0,0.04,0.0,0.0,0.0,0.06,0.0,0.04,0.0,0.0,0.0,0.0,0.0,0.0,0.0,0.0,0.0,0.0,0.0,0.0,0.0,0.06,0.06,0.0,0.0,0.0,0.0,0.0,0.0,0.0,0.04,0.0,0.09,0.0,0.0,0.0,0.0,0.0,0.0,0.0,0.03,0.0,0.0,0.0,0.0,0.0,0.0,0.0,0.0,0.0,0.0,0.0,0.0,0.0,0.0,0.0,0.02,0.0,0.0,0.0,0.0,0.04,0.0,0.0,0.0,0.0,0.0,0.06,0.0,0.0,0.0,0.06,0.0,0.0,0.0,0.0,0.0,0.0,0.0,0.0,0.07,0.0,0.0,0.0,0.0,0.0,0.0,0.0,0.04,0.0,0.0,0.0,0.0,0.0,0.0,0.0,0.06,0.0,0.0,0.0,0.0,0.0,0.0,0.0,0.0,0.05,0.0,0.0,0.08,1.0,0.06,0.1,0.0,0.0,0.0,0.0,0.0,0.06,0.0,0.0,0.0,0.0,0.0,0.0,0.0,0.0,0.0,0.0,0.0,0.0,0.0,0.0,0.0,0.0,0.0,0.0,0.0,0.06,0.0,0.0,0.0,0.0,0.06,0.0,0.0,0.0,0.0,0.05,0.0,0.0,0.0,0.0
"pizza di scarola, il lievitato ripieno tipico della cucina napoletana di casa",0.04,0.0,0.14,0.06,0.12,0.1,0.12,0.21,0.06,0.05,0.0,0.1,0.1,0.04,0.0,0.05,0.0,0.1,0.06,0.04,0.14,0.09,0.0,0.07,0.05,0.04,0.1,0.0,0.0,0.04,0.08,0.12,0.05,0.13,0.05,0.0,0.07,0.12,0.09,0.1,0.14,0.1,0.12,0.07,0.1,0.05,0.09,0.12,0.06,0.15,0.21,0.11,0.1,0.02,0.14,0.12,0.13,0.07,0.11,0.06,0.04,0.14,0.17,0.13,0.08,0.0,0.0,0.08,0.0,0.06,0.05,0.0,0.13,0.06,0.05,0.0,0.11,0.35,0.18,0.18,0.08,0.16,0.08,0.16,0.06,0.29,0.06,0.12,0.07,0.13,0.12,0.13,0.14,0.2,0.0,0.0,0.0,0.13,0.0,0.12,0.0,0.08,0.05,0.06,0.0,0.05,0.16,0.06,0.12,0.12,0.11,0.05,0.1,0.21,0.18,0.06,1.0,0.05,0.1,0.0,0.19,0.12,0.04,0.05,0.12,0.1,0.12,0.11,0.0,0.12,0.13,0.04,0.04,0.09,0.04,0.06,0.1,0.11,0.07,0.12,0.12,0.04,0.0,0.03,0.1,0.06,0.06,0.08,0.0,0.0,0.04,0.0,0.0,0.0,0.1,0.06,0.04,0.15
pizza dolce con pesche e mirtilli,0.09,0.05,0.12,0.0,0.06,0.1,0.04,0.08,0.17,0.14,0.11,0.16,0.05,0.12,0.0,0.05,0.06,0.16,0.16,0.14,0.1,0.09,0.0,0.0,0.2,0.12,0.1,0.05,0.12,0.15,0.12,0.06,0.0,0.09,0.1,0.1,0.18,0.12,0.09,0.0,0.14,0.1,0.12,0.0,0.03,0.19,0.0,0.12,0.0,0.08,0.12,0.06,0.1,0.11,0.05,0.18,0.13,0.0,0.11,0.06,0.13,0.14,0.08,0.13,0.08,0.1,0.0,0.11,0.08,0.2,0.14,0.1,0.13,0.17,0.1,0.04,0.11,0.15,0.06,0.06,0.08,0.08,0.24,0.08,0.12,0.06,0.26,0.12,0.14,0.0,0.06,0.06,0.07,0.06,0.11,0.0,0.05,0.13,0.11,0.12,0.06,0.0,0.15,0.17,0.0,0.15,0.16,0.06,0.12,0.18,0.06,0.1,0.1,0.04,0.07,0.1,0.05,1.0,0.1,0.22,0.05,0.12,0.04,0.15,0.12,0.06,0.1,0.06,0.0,0.19,0.04,0.04,0.14,0.09,0.04,0.06,0.1,0.0,0.07,0.12,0.12,0.04,0.0,0.09,0.15,0.11,0.1,0.08,0.0,0.0,0.04,0.1,0.0,0.1,0.0,0.1,0.09,0.05
pizza in teglia con burrata e carciofi,0.04,0.1,0.23,0.06,0.12,0.1,0.08,0.08,0.06,0.1,0.04,0.1,0.2,0.04,0.1,0.05,0.11,0.16,0.06,0.09,0.24,0.14,0.09,0.07,0.15,0.04,0.14,0.05,0.06,0.15,0.08,0.06,0.05,0.18,0.05,0.06,0.1,0.06,0.09,0.1,0.18,0.16,0.18,0.21,0.1,0.1,0.06,0.18,0.17,0.22,0.17,0.22,0.19,0.02,0.24,0.18,0.2,0.0,0.06,0.06,0.06,0.21,0.15,0.13,0.08,0.0,0.0,0.04,0.08,0.2,0.1,0.0,0.06,0.06,0.05,0.09,0.17,0.15,0.12,0.12,0.16,0.16,0.24,0.16,0.12,0.1,0.13,0.12,0.14,0.06,0.12,0.06,0.21,0.2,0.04,0.0,0.05,0.13,0.06,0.16,0.06,0.08,0.05,0.11,0.0,0.15,0.3,0.18,0.12,0.18,0.11,0.0,0.19,0.17,0.24,0.0,0.1,0.1,1.0,0.05,0.24,0.16,0.0,0.15,0.18,0.16,0.19,0.17,0.0,0.19,0.18,0.04,0.1,0.09,0.0,0.43,0.15,0.11,0.14,0.12,0.12,0.09,0.04,0.03,0.2,0.11,0.06,0.12,0.06,0.0,0.04,0.0,0.0,0.0,0.0,0.1,0.14,0.15
"pizza in teglia romana con ragù, mirtilli e grana padano",0.04,0.05,0.03,0.12,0.06,0.0,0.04,0.0,0.06,0.0,0.04,0.0,0.1,0.08,0.1,0.05,0.06,0.06,0.06,0.04,0.14,0.14,0.09,0.0,0.1,0.04,0.05,0.05,0.0,0.04,0.08,0.0,0.1,0.13,0.05,0.06,0.04,0.0,0.04,0.1,0.09,0.1,0.12,0.14,0.16,0.05,0.12,0.12,0.17,0.04,0.04,0.06,0.05,0.02,0.05,0.06,0.13,0.07,0.0,0.18,0.04,0.14,0.02,0.0,0.04,0.05,0.0,0.04,0.08,0.13,0.1,0.06,0.06,0.11,0.05,0.09,0.06,0.05,0.0,0.0,0.12,0.08,0.16,0.16,0.12,0.0,0.06,0.12,0.14,0.13,0.0,0.0,0.07,0.06,0.08,0.0,0.1,0.06,0.06,0.04,0.18,0.08,0.05,0.0,0.06,0.1,0.08,0.06,0.06,0.06,0.0,0.1,0.05,0.04,0.04,0.0,0.0,0.22,0.05,1.0,0.05,0.04,0.11,0.0,0.12,0.06,0.1,0.0,0.06,0.04,0.04,0.0,0.06,0.04,0.08,0.0,0.1,0.11,0.14,0.06,0.06,0.22,0.09,0.0,0.1,0.11,0.06,0.08,0.06,0.0,0.0,0.1,0.06,0.05,0.05,0.1,0.04,0.05
pizza integrale,0.0,0.04,0.2,0.0,0.2,0.0,0.0,0.2,0.0,0.0,0.0,0.1,0.0,0.04,0.05,0.0,0.1,0.0,0.0,0.0,0.22,0.0,0.0,0.0,0.0,0.0,0.14,0.0,0.06,0.0,0.0,0.0,0.0,0.0,0.1,0.0,0.06,0.0,0.16,0.24,0.0,0.0,0.0,0.0,0.09,0.0,0.11,0.23,0.1,0.0,0.2,0.0,0.14,0.0,0.0,0.0,0.0,0.0,0.0,0.0,0.0,0.0,0.18,0.0,0.0,0.0,0.0,0.04,0.04,0.12,0.0,0.0,0.0,0.0,0.04,0.0,0.0,0.19,0.17,0.12,0.24,0.0,0.0,0.0,0.12,0.15,0.06,0.17,0.0,0.0,0.12,0.0,0.0,0.0,0.07,0.0,0.0,0.18,0.0,0.14,0.0,0.0,0.05,0.0,0.0,0.0,0.0,0.0,0.0,0.0,0.0,0.0,0.18,0.24,0.24,0.0,0.19,0.05,0.24,0.05,1.0,0.12,0.0,0.05,0.0,0.15,0.21,0.0,0.0,0.0,0.0,0.04,0.0,0.08,0.0,0.12,0.0,0.16,0.0,0.17,0.0,0.0,0.0,0.03,0.14,0.0,0.05,0.16,0.12,0.0,0.04,0.0,0.0,0.09,0.04,0.0,0.13,0.19
"pizza nera con calamari e gamberi, una ricetta sorprendente",0.07,0.12,0.18,0.0,0.14,0.08,0.03,0.1,0.09,0.08,0.06,0.12,0.04,0.06,0.0,0.0,0.04,0.08,0.08,0.11,0.15,0.07,0.0,0.11,0.12,0.06,0.08,0.0,0.04,0.06,0.06,0.04,0.0,0.21,0.08,0.08,0.11,0.04,0.04,0.08,0.18,0.21,0.19,0.11,0.12,0.12,0.0,0.19,0.0,0.18,0.26,0.14,0.15,0.04,0.22,0.28,0.2,0.0,0.04,0.04,0.08,0.22,0.16,0.16,0.03,0.04,0.0,0.06,0.06,0.16,0.08,0.04,0.1,0.09,0.08,0.0,0.09,0.08,0.19,0.14,0.13,0.06,0.19,0.06,0.1,0.16,0.2,0.1,0.11,0.0,0.19,0.05,0.17,0.16,0.06,0.0,0.04,0.2,0.09,0.15,0.04,0.0,0.08,0.09,0.0,0.12,0.24,0.04,0.19,0.28,0.14,0.04,0.19,0.2,0.17,0.0,0.12,0.12,0.16,0.04,0.12,1.0,0.06,0.08,0.19,0.12,0.2,0.14,0.0,0.21,0.18,0.03,0.08,0.18,0.03,0.04,0.16,0.09,0.17,0.19,0.24,0.04,0.0,0.02,0.2,0.09,0.08,0.06,0.0,0.0,0.04,0.04,0.0,0.08,0.0,0.08,0.07,0.12
pizza patate e salsiccia,0.06,0.19,0.02,0.08,0.08,0.04,0.03,0.03,0.08,0.04,0.06,0.04,0.04,0.12,0.08,0.11,0.08,0.0,0.04,0.04,0.18,0.13,0.16,0.0,0.04,0.09,0.07,0.11,0.0,0.06,0.09,0.04,0.1,0.12,0.04,0.08,0.02,0.0,0.0,0.11,0.06,0.08,0.04,0.1,0.26,0.04,0.38,0.04,0.16,0.02,0.12,0.0,0.07,0.02,0.1,0.08,0.1,0.13,0.04,0.26,0.07,0.05,0.0,0.04,0.02,0.07,0.06,0.06,0.06,0.04,0.04,0.08,0.1,0.16,0.07,0.06,0.04,0.0,0.08,0.04,0.06,0.06,0.06,0.0,0.08,0.12,0.1,0.08,0.05,0.14,0.08,0.04,0.05,0.04,0.08,0.0,0.1,0.04,0.04,0.21,0.18,0.0,0.04,0.0,0.12,0.08,0.06,0.04,0.04,0.13,0.04,0.18,0.1,0.03,0.0,0.0,0.04,0.04,0.0,0.11,0.0,0.06,1.0,0.0,0.04,0.04,0.09,0.0,0.08,0.08,0.0,0.03,0.02,0.1,0.12,0.0,0.08,0.08,0.05,0.04,0.18,0.26,0.12,0.0,0.08,0.08,0.08,0.18,0.0,0.04,0.06,0.14,0.12,0.07,0.24,0.04,0.04,0.0
pizza salata di pasqua,0.18,0.14,0.18,0.06,0.06,0.1,0.08,0.17,0.11,0.19,0.08,0.26,0.1,0.12,0.05,0.2,0.11,0.21,0.1,0.14,0.05,0.04,0.09,0.0,0.2,0.12,0.6,0.15,0.12,0.22,0.12,0.06,0.0,0.04,0.15,0.1,0.14,0.12,0.09,0.0,0.09,0.06,0.06,0.07,0.0,0.19,0.0,0.06,0.06,0.11,0.08,0.06,0.1,0.11,0.1,0.12,0.06,0.0,0.17,0.0,0.13,0.07,0.1,0.13,0.18,0.05,0.0,0.15,0.12,0.7,0.14,0.1,0.06,0.11,0.14,0.09,0.11,0.15,0.06,0.06,0.04,0.08,0.16,0.08,0.06,0.06,0.2,0.06,0.07,0.0,0.06,0.06,0.07,0.06,0.14,0.0,0.05,0.06,0.06,0.32,0.0,0.0,0.2,0.17,0.0,0.1,0.12,0.12,0.06,0.12,0.17,0.14,0.1,0.04,0.1,0.06,0.05,0.15,0.15,0.0,0.05,0.08,0.0,1.0,0.06,0.1,0.06,0.11,0.0,0.19,0.04,0.66,0.1,0.3,0.0,0.06,0.05,0.0,0.0,0.06,0.06,0.0,0.04,0.09,0.1,0.11,0.21,0.34,0.0,0.1,0.72,0.1,0.0,0.1,0.0,0.1,0.09,0.1
pizza senza impasto,0.0,0.0,0.2,0.0,0.2,0.0,0.0,0.1,0.0,0.0,0.0,0.06,0.0,0.1,0.06,0.0,0.06,0.0,0.0,0.0,0.23,0.0,0.0,0.0,0.0,0.0,0.12,0.0,0.07,0.0,0.0,0.0,0.0,0.0,0.12,0.06,0.12,0.0,0.1,0.18,0.0,0.0,0.0,0.0,0.15,0.0,0.04,0.28,0.06,0.0,0.26,0.0,0.17,0.0,0.0,0.0,0.0,0.0,0.0,0.0,0.0,0.0,0.18,0.0,0.0,0.0,0.0,0.09,0.1,0.23,0.0,0.0,0.0,0.06,0.12,0.0,0.0,0.18,0.14,0.14,0.24,0.0,0.0,0.0,0.22,0.12,0.16,0.22,0.0,0.0,0.14,0.0,0.0,0.0,0.08,0.0,0.0,0.23,0.06,0.18,0.0,0.0,0.12,0.0,0.0,0.0,0.0,0.0,0.0,0.0,0.0,0.06,0.17,0.2,0.21,0.0,0.12,0.12,0.18,0.12,0.0,0.19,0.04,0.06,1.0,0.19,0.22,0.0,0.0,0.0,0.0,0.05,0.0,0.16,0.0,0.07,0.0,0.14,0.0,0.22,0.0,0.0,0.0,0.04,0.24,0.0,0.12,0.15,0.07,0.0,0.05,0.0,0.0,0.12,0.0,0.0,0.16,0.18
pizza senza lievitazione,0.14,0.0,0.18,0.06,0.09,0.16,0.17,0.14,0.0,0.1,0.12,0.11,0.21,0.0,0.06,0.0,0.0,0.16,0.11,0.05,0.15,0.19,0.14,0.08,0.16,0.22,0.15,0.06,0.06,0.16,0.18,0.12,0.05,0.23,0.1,0.06,0.11,0.12,0.09,0.16,0.29,0.22,0.19,0.15,0.1,0.1,0.06,0.25,0.06,0.28,0.22,0.18,0.25,0.12,0.25,0.19,0.27,0.0,0.18,0.06,0.21,0.22,0.18,0.14,0.16,0.1,0.1,0.08,0.13,0.14,0.15,0.06,0.14,0.0,0.05,0.04,0.24,0.16,0.25,0.12,0.17,0.25,0.16,0.16,0.25,0.16,0.07,0.12,0.22,0.07,0.19,0.07,0.3,0.27,0.0,0.0,0.05,0.14,0.0,0.16,0.12,0.16,0.1,0.12,0.06,0.16,0.28,0.19,0.19,0.19,0.18,0.05,0.25,0.26,0.18,0.0,0.1,0.06,0.16,0.06,0.15,0.12,0.04,0.1,0.19,1.0,0.16,0.24,0.0,0.16,0.28,0.17,0.14,0.14,0.0,0.06,0.26,0.12,0.15,0.12,0.25,0.09,0.0,0.06,0.21,0.18,0.16,0.18,0.06,0.1,0.14,0.1,0.0,0.0,0.0,0.11,0.19,0.16
pizza sottile e croccante con farina petra 3,0.08,0.09,0.2,0.12,0.14,0.06,0.08,0.14,0.04,0.09,0.02,0.06,0.12,0.08,0.1,0.06,0.04,0.1,0.1,0.12,0.24,0.14,0.11,0.09,0.16,0.08,0.09,0.06,0.0,0.07,0.1,0.08,0.06,0.25,0.1,0.04,0.11,0.08,0.08,0.12,0.23,0.2,0.22,0.18,0.18,0.09,0.1,0.22,0.07,0.24,0.24,0.18,0.18,0.05,0.21,0.19,0.24,0.11,0.07,0.12,0.06,0.27,0.18,0.08,0.1,0.03,0.0,0.07,0.08,0.16,0.12,0.06,0.12,0.07,0.03,0.06,0.1,0.1,0.15,0.15,0.18,0.15,0.2,0.15,0.15,0.14,0.12,0.15,0.18,0.08,0.15,0.08,0.22,0.24,0.07,0.02,0.06,0.24,0.04,0.17,0.15,0.05,0.1,0.07,0.07,0.12,0.26,0.12,0.19,0.19,0.14,0.09,0.18,0.18,0.22,0.0,0.12,0.1,0.19,0.1,0.21,0.2,0.09,0.06,0.22,0.16,1.0,0.18,0.07,0.17,0.2,0.05,0.08,0.16,0.1,0.12,0.19,0.14,0.18,0.19,0.19,0.11,0.08,0.04,0.19,0.14,0.1,0.1,0.04,0.0,0.06,0.06,0.06,0.03,0.09,0.16,0.08,0.16
pizza toast,0.0,0.0,0.16,0.0,0.1,0.0,0.0,0.14,0.0,0.0,0.0,0.12,0.0,0.0,0.0,0.0,0.0,0.0,0.0,0.0,0.16,0.0,0.0,0.0,0.0,0.0,0.06,0.0,0.0,0.0,0.0,0.0,0.0,0.0,0.06,0.0,0.08,0.0,0.05,0.06,0.0,0.0,0.0,0.0,0.07,0.0,0.0,0.14,0.06,0.0,0.19,0.0,0.1,0.0,0.0,0.0,0.0,0.0,0.0,0.0,0.0,0.0,0.19,0.0,0.0,0.0,0.0,0.04,0.0,0.07,0.0,0.0,0.0,0.0,0.0,0.0,0.0,0.06,0.14,0.14,0.09,0.0,0.0,0.0,0.06,0.12,0.07,0.06,0.0,0.0,0.14,0.0,0.0,0.0,0.0,0.0,0.0,0.22,0.0,0.17,0.0,0.0,0.06,0.0,0.0,0.0,0.0,0.0,0.0,0.0,0.0,0.06,0.22,0.24,0.28,0.0,0.11,0.06,0.17,0.0,0.0,0.14,0.0,0.11,0.0,0.24,0.18,1.0,0.0,0.0,0.0,0.09,0.0,0.1,0.0,0.2,0.0,0.06,0.0,0.14,0.0,0.0,0.0,0.04,0.11,0.0,0.12,0.1,0.0,0.0,0.1,0.0,0.0,0.0,0.0,0.0,0.05,0.11
pizza tonno e cipolla,0.0,0.06,0.0,0.06,0.06,0.0,0.0,0.0,0.0,0.0,0.0,0.0,0.0,0.04,0.06,0.06,0.06,0.0,0.0,0.0,0.1,0.1,0.05,0.0,0.0,0.0,0.0,0.06,0.0,0.0,0.0,0.0,0.06,0.05,0.0,0.0,0.0,0.0,0.0,0.06,0.0,0.0,0.0,0.08,0.1,0.0,0.1,0.0,0.06,0.08,0.0,0.0,0.0,0.0,0.0,0.0,0.0,0.08,0.0,0.06,0.0,0.0,0.0,0.0,0.0,0.0,0.0,0.0,0.0,0.0,0.0,0.0,0.0,0.06,0.0,0.05,0.0,0.0,0.0,0.0,0.0,0.0,0.0,0.0,0.0,0.0,0.0,0.0,0.0,0.07,0.0,0.0,0.0,0.0,0.04,0.0,0.0,0.0,0.0,0.0,0.06,0.0,0.0,0.0,0.06,0.0,0.0,0.0,0.0,0.0,0.06,0.06,0.06,0.0,0.0,0.0,0.0,0.0,0.0,0.06,0.0,0.0,0.08,0.0,0.0,0.0,0.07,0.0,1.0,0.0,0.05,0.0,0.0,0.0,0.04,0.0,0.0,0.06,0.0,0.0,0.0,0.1,0.14,0.0,0.0,0.0,0.0,0.04,0.0,0.0,0.0,0.06,0.06,0.0,0.06,0.0,0.0,0.0
"pizzette sofficissime fatte in casa, per festine di compleanno perfette",0.0,0.11,0.22,0.0,0.18,0.0,0.0,0.13,0.0,0.0,0.0,0.2,0.0,0.19,0.0,0.0,0.08,0.0,0.0,0.0,0.18,0.0,0.0,0.0,0.0,0.0,0.14,0.12,0.14,0.0,0.0,0.0,0.0,0.0,0.19,0.08,0.18,0.0,0.1,0.12,0.0,0.0,0.0,0.0,0.07,0.0,0.02,0.18,0.04,0.0,0.26,0.0,0.14,0.0,0.0,0.0,0.0,0.0,0.0,0.0,0.0,0.0,0.21,0.0,0.0,0.0,0.07,0.14,0.19,0.2,0.0,0.0,0.0,0.13,0.18,0.0,0.0,0.19,0.23,0.14,0.12,0.0,0.0,0.0,0.18,0.2,0.3,0.14,0.0,0.0,0.23,0.0,0.0,0.0,0.16,0.0,0.0,0.2,0.13,0.26,0.0,0.0,0.19,0.0,0.04,0.0,0.0,0.0,0.0,0.0,0.0,0.11,0.26,0.2,0.22,0.0,0.12,0.19,0.19,0.04,0.0,0.21,0.08,0.19,0.0,0.16,0.17,0.0,0.0,1.0,0.0,0.12,0.0,0.2,0.0,0.14,0.0,0.04,0.0,0.18,0.0,0.0,0.0,0.09,0.23,0.0,0.16,0.16,0.0,0.0,0.14,0.0,0.0,0.14,0.0,0.0,0.21,0.19
pizzette veloci,0.0,0.0,0.2,0.0,0.12,0.0,0.0,0.15,0.0,0.0,0.0,0.04,0.0,0.0,0.04,0.0,0.05,0.0,0.0,0.0,0.21,0.0,0.0,0.0,0.0,0.0,0.08,0.0,0.1,0.0,0.0,0.0,0.0,0.0,0.13,0.04,0.12,0.0,0.08,0.13,0.0,0.0,0.0,0.0,0.14,0.0,0.02,0.26,0.05,0.0,0.26,0.0,0.25,0.0,0.0,0.0,0.0,0.0,0.0,0.0,0.0,0.0,0.2,0.0,0.0,0.0,0.0,0.06,0.1,0.12,0.0,0.0,0.0,0.05,0.04,0.0,0.0,0.13,0.21,0.16,0.18,0.0,0.0,0.0,0.16,0.14,0.06,0.1,0.0,0.0,0.16,0.0,0.0,0.0,0.0,0.0,0.0,0.22,0.0,0.17,0.0,0.0,0.13,0.0,0.0,0.0,0.0,0.0,0.0,0.0,0.0,0.0,0.21,0.22,0.22,0.0,0.13,0.04,0.18,0.04,0.0,0.18,0.0,0.04,0.0,0.28,0.2,0.0,0.05,0.0,1.0,0.07,0.0,0.12,0.0,0.05,0.0,0.14,0.0,0.16,0.0,0.0,0.0,0.1,0.18,0.0,0.09,0.11,0.05,0.0,0.08,0.0,0.0,0.0,0.04,0.0,0.12,0.18
plumcake salato alle verdure,0.14,0.0,0.12,0.05,0.02,0.08,0.04,0.1,0.0,0.12,0.03,0.13,0.04,0.1,0.0,0.08,0.0,0.08,0.04,0.04,0.04,0.04,0.1,0.0,0.08,0.14,0.58,0.12,0.0,0.09,0.07,0.1,0.04,0.07,0.12,0.04,0.06,0.05,0.04,0.04,0.11,0.08,0.05,0.0,0.0,0.08,0.02,0.05,0.0,0.09,0.07,0.04,0.08,0.04,0.08,0.05,0.06,0.0,0.14,0.0,0.11,0.06,0.12,0.06,0.15,0.04,0.08,0.12,0.06,0.6,0.12,0.08,0.06,0.0,0.08,0.04,0.09,0.04,0.1,0.05,0.04,0.13,0.06,0.06,0.1,0.08,0.06,0.05,0.06,0.0,0.1,0.06,0.12,0.1,0.06,0.0,0.08,0.06,0.04,0.29,0.05,0.0,0.08,0.09,0.04,0.08,0.1,0.1,0.05,0.1,0.09,0.12,0.16,0.07,0.06,0.0,0.04,0.04,0.04,0.0,0.04,0.03,0.03,0.66,0.05,0.17,0.05,0.09,0.0,0.12,0.07,1.0,0.03,0.32,0.03,0.05,0.08,0.0,0.0,0.05,0.1,0.04,0.04,0.02,0.08,0.09,0.22,0.26,0.0,0.12,0.64,0.08,0.0,0.04,0.0,0.04,0.11,0.08
polacca aversana,0.0,0.03,0.1,0.0,0.04,0.0,0.0,0.12,0.0,0.0,0.0,0.1,0.0,0.08,0.04,0.0,0.12,0.0,0.0,0.0,0.1,0.0,0.0,0.0,0.0,0.0,0.13,0.04,0.28,0.0,0.0,0.0,0.0,0.0,0.2,0.14,0.16,0.0,0.09,0.04,0.0,0.0,0.0,0.0,0.04,0.0,0.02,0.2,0.04,0.0,0.14,0.0,0.16,0.0,0.0,0.0,0.0,0.0,0.0,0.0,0.0,0.0,0.08,0.0,0.0,0.0,0.0,0.12,0.2,0.18,0.0,0.0,0.0,0.19,0.13,0.0,0.0,0.24,0.12,0.04,0.11,0.0,0.0,0.0,0.2,0.04,0.18,0.12,0.0,0.0,0.04,0.0,0.0,0.0,0.08,0.0,0.0,0.18,0.12,0.13,0.0,0.0,0.24,0.0,0.0,0.0,0.0,0.0,0.0,0.0,0.0,0.06,0.13,0.06,0.07,0.0,0.04,0.14,0.1,0.06,0.0,0.08,0.02,0.1,0.0,0.14,0.08,0.0,0.0,0.0,0.0,0.03,1.0,0.06,0.0,0.04,0.0,0.04,0.0,0.08,0.0,0.0,0.0,0.18,0.14,0.0,0.14,0.14,0.04,0.0,0.09,0.0,0.0,0.06,0.06,0.0,0.16,0.06
"puccia salentina con ripieno di tonno e verdure, la ricetta di uno street food sano",0.12,0.08,0.12,0.05,0.08,0.09,0.04,0.08,0.05,0.12,0.06,0.09,0.04,0.07,0.04,0.04,0.0,0.04,0.09,0.12,0.12,0.08,0.12,0.06,0.13,0.14,0.34,0.09,0.0,0.1,0.11,0.1,0.0,0.19,0.09,0.04,0.09,0.05,0.04,0.09,0.2,0.18,0.16,0.06,0.08,0.08,0.02,0.16,0.0,0.16,0.22,0.1,0.08,0.05,0.21,0.21,0.17,0.06,0.1,0.05,0.12,0.18,0.15,0.12,0.06,0.08,0.08,0.06,0.1,0.36,0.08,0.14,0.12,0.05,0.04,0.0,0.1,0.04,0.21,0.1,0.1,0.14,0.14,0.07,0.16,0.18,0.17,0.1,0.12,0.0,0.21,0.06,0.18,0.22,0.06,0.04,0.04,0.17,0.05,0.3,0.16,0.0,0.09,0.05,0.1,0.13,0.2,0.1,0.16,0.26,0.1,0.04,0.21,0.15,0.12,0.0,0.09,0.09,0.09,0.04,0.08,0.18,0.1,0.3,0.16,0.14,0.16,0.1,0.0,0.2,0.12,0.32,0.06,1.0,0.1,0.05,0.18,0.05,0.12,0.16,0.26,0.08,0.04,0.02,0.18,0.14,0.14,0.18,0.0,0.04,0.32,0.08,0.0,0.08,0.21,0.14,0.08,0.09
reindling carinziano,0.0,0.12,0.0,0.0,0.04,0.0,0.0,0.04,0.0,0.0,0.0,0.0,0.0,0.26,0.12,0.0,0.09,0.0,0.0,0.0,0.12,0.0,0.0,0.0,0.0,0.0,0.0,0.16,0.0,0.0,0.0,0.0,0.0,0.0,0.08,0.08,0.06,0.0,0.07,0.04,0.0,0.0,0.0,0.0,0.12,0.0,0.07,0.04,0.09,0.0,0.06,0.0,0.0,0.0,0.0,0.0,0.0,0.0,0.0,0.0,0.0,0.0,0.02,0.0,0.0,0.0,0.0,0.09,0.13,0.05,0.0,0.0,0.0,0.14,0.12,0.0,0.0,0.04,0.0,0.04,0.03,0.0,0.0,0.0,0.04,0.0,0.05,0.1,0.0,0.0,0.0,0.0,0.0,0.0,0.14,0.06,0.0,0.05,0.18,0.03,0.0,0.0,0.04,0.0,0.14,0.0,0.0,0.0,0.0,0.0,0.0,0.15,0.04,0.0,0.0,0.0,0.04,0.04,0.0,0.08,0.0,0.03,0.12,0.0,0.0,0.0,0.1,0.0,0.04,0.0,0.0,0.03,0.0,0.1,1.0,0.0,0.0,0.04,0.0,0.04,0.0,0.0,0.0,0.1,0.04,0.0,0.04,0.04,0.0,0.0,0.0,0.0,0.0,0.04,0.19,0.0,0.04,0.08
ricetta pizza con burrata e crudo,0.05,0.0,0.1,0.0,0.04,0.06,0.05,0.05,0.0,0.06,0.0,0.06,0.06,0.0,0.0,0.0,0.0,0.06,0.06,0.06,0.12,0.11,0.0,0.0,0.06,0.05,0.06,0.0,0.0,0.04,0.05,0.07,0.0,0.05,0.06,0.0,0.08,0.07,0.05,0.0,0.11,0.06,0.07,0.0,0.0,0.06,0.0,0.07,0.06,0.09,0.1,0.06,0.06,0.03,0.06,0.07,0.08,0.0,0.06,0.0,0.04,0.08,0.1,0.08,0.04,0.0,0.0,0.04,0.0,0.08,0.06,0.0,0.08,0.0,0.0,0.0,0.06,0.06,0.07,0.07,0.05,0.1,0.1,0.1,0.07,0.06,0.08,0.07,0.08,0.0,0.07,0.08,0.08,0.08,0.0,0.0,0.0,0.16,0.0,0.14,0.0,0.0,0.06,0.06,0.0,0.06,0.14,0.07,0.07,0.07,0.06,0.0,0.12,0.05,0.17,0.0,0.06,0.06,0.43,0.0,0.12,0.04,0.0,0.06,0.07,0.06,0.12,0.2,0.0,0.14,0.05,0.05,0.04,0.05,0.0,1.0,0.06,0.0,0.0,0.07,0.07,0.05,0.0,0.04,0.12,0.06,0.06,0.05,0.0,0.0,0.05,0.0,0.0,0.0,0.0,0.06,0.06,0.06
roselline di pane,0.0,0.0,0.18,0.0,0.08,0.0,0.0,0.08,0.0,0.0,0.0,0.06,0.0,0.04,0.05,0.0,0.0,0.0,0.0,0.0,0.19,0.0,0.0,0.0,0.0,0.0,0.14,0.05,0.06,0.0,0.0,0.0,0.0,0.0,0.15,0.1,0.14,0.0,0.09,0.15,0.0,0.0,0.0,0.0,0.12,0.0,0.06,0.3,0.06,0.0,0.26,0.0,0.24,0.0,0.0,0.0,0.0,0.0,0.0,0.0,0.0,0.0,0.17,0.0,0.0,0.0,0.09,0.11,0.16,0.2,0.0,0.0,0.0,0.06,0.1,0.0,0.0,0.15,0.24,0.12,0.2,0.0,0.0,0.0,0.3,0.16,0.13,0.18,0.0,0.0,0.18,0.0,0.0,0.0,0.08,0.0,0.0,0.2,0.06,0.19,0.0,0.0,0.15,0.0,0.06,0.0,0.0,0.0,0.0,0.0,0.0,0.05,0.24,0.21,0.18,0.0,0.1,0.1,0.15,0.1,0.0,0.16,0.08,0.05,0.0,0.26,0.19,0.0,0.0,0.0,0.0,0.08,0.0,0.18,0.0,0.06,1.0,0.11,0.0,0.18,0.0,0.0,0.0,0.06,0.25,0.0,0.16,0.12,0.06,0.0,0.09,0.0,0.0,0.05,0.0,0.0,0.18,0.15
scaccia ragusana al pomodoro e formaggio,0.0,0.06,0.1,0.2,0.16,0.06,0.09,0.1,0.0,0.0,0.0,0.06,0.11,0.04,0.11,0.06,0.06,0.12,0.0,0.0,0.16,0.1,0.1,0.08,0.06,0.0,0.1,0.06,0.0,0.04,0.04,0.06,0.1,0.2,0.0,0.0,0.0,0.06,0.1,0.22,0.1,0.12,0.14,0.24,0.21,0.0,0.16,0.14,0.12,0.12,0.1,0.12,0.1,0.0,0.16,0.06,0.14,0.08,0.06,0.14,0.0,0.16,0.07,0.07,0.08,0.0,0.0,0.0,0.04,0.07,0.06,0.0,0.0,0.06,0.0,0.1,0.12,0.11,0.14,0.06,0.14,0.18,0.09,0.18,0.06,0.12,0.0,0.06,0.08,0.22,0.06,0.0,0.16,0.22,0.04,0.0,0.06,0.07,0.0,0.04,0.14,0.18,0.0,0.0,0.06,0.06,0.13,0.06,0.06,0.06,0.06,0.06,0.06,0.19,0.12,0.0,0.11,0.0,0.11,0.11,0.16,0.09,0.08,0.0,0.14,0.12,0.14,0.06,0.06,0.04,0.14,0.0,0.04,0.05,0.04,0.0,0.11,1.0,0.16,0.06,0.06,0.14,0.05,0.0,0.11,0.06,0.0,0.14,0.06,0.0,0.0,0.06,0.06,0.0,0.1,0.06,0.05,0.17
schiacciata toscana,0.0,0.0,0.16,0.0,0.08,0.0,0.0,0.06,0.0,0.0,0.0,0.0,0.0,0.06,0.07,0.0,0.0,0.0,0.0,0.0,0.2,0.0,0.0,0.0,0.0,0.0,0.06,0.0,0.0,0.0,0.0,0.0,0.0,0.0,0.14,0.08,0.05,0.0,0.12,0.21,0.0,0.0,0.0,0.0,0.18,0.0,0.04,0.34,0.08,0.0,0.18,0.0,0.14,0.0,0.0,0.0,0.0,0.0,0.0,0.0,0.0,0.0,0.09,0.0,0.0,0.0,0.0,0.06,0.12,0.18,0.0,0.0,0.0,0.08,0.06,0.0,0.0,0.07,0.08,0.08,0.34,0.0,0.0,0.0,0.17,0.08,0.09,0.17,0.0,0.0,0.08,0.0,0.0,0.0,0.1,0.0,0.0,0.28,0.08,0.11,0.0,0.0,0.07,0.0,0.0,0.0,0.0,0.0,0.0,0.0,0.0,0.06,0.14,0.18,0.15,0.0,0.07,0.07,0.14,0.14,0.0,0.17,0.05,0.0,0.0,0.15,0.18,0.0,0.0,0.0,0.0,0.0,0.0,0.12,0.0,0.0,0.0,0.16,1.0,0.17,0.0,0.0,0.0,0.0,0.21,0.0,0.08,0.06,0.08,0.0,0.0,0.0,0.0,0.14,0.0,0.0,0.06,0.14
schiacciatine integrali ai semi,0.1,0.06,0.18,0.0,0.1,0.06,0.05,0.1,0.06,0.06,0.04,0.06,0.06,0.05,0.0,0.0,0.06,0.06,0.12,0.22,0.17,0.11,0.0,0.08,0.12,0.1,0.06,0.0,0.0,0.04,0.1,0.07,0.0,0.21,0.12,0.06,0.12,0.07,0.05,0.06,0.22,0.19,0.22,0.08,0.11,0.12,0.0,0.22,0.0,0.18,0.3,0.14,0.12,0.06,0.17,0.22,0.23,0.04,0.06,0.07,0.08,0.26,0.2,0.08,0.04,0.06,0.0,0.09,0.05,0.16,0.12,0.06,0.16,0.06,0.06,0.0,0.06,0.06,0.14,0.14,0.14,0.1,0.19,0.1,0.14,0.12,0.16,0.22,0.17,0.08,0.14,0.08,0.17,0.16,0.04,0.0,0.06,0.23,0.06,0.18,0.07,0.0,0.12,0.06,0.0,0.12,0.23,0.07,0.22,0.22,0.14,0.06,0.17,0.15,0.17,0.0,0.12,0.12,0.12,0.06,0.17,0.19,0.04,0.06,0.22,0.12,0.19,0.14,0.0,0.18,0.16,0.05,0.08,0.16,0.04,0.07,0.18,0.06,0.17,1.0,0.22,0.05,0.0,0.04,0.18,0.14,0.12,0.05,0.07,0.0,0.05,0.06,0.0,0.06,0.0,0.12,0.06,0.12
"schiacciatine, la ricetta per la merenda “come una volta”",0.0,0.06,0.18,0.0,0.1,0.0,0.0,0.1,0.0,0.0,0.0,0.12,0.0,0.05,0.0,0.0,0.0,0.0,0.0,0.0,0.17,0.0,0.0,0.0,0.0,0.0,0.12,0.06,0.07,0.0,0.0,0.0,0.0,0.0,0.18,0.12,0.16,0.0,0.05,0.12,0.0,0.0,0.0,0.0,0.11,0.0,0.04,0.28,0.0,0.0,0.4,0.0,0.23,0.0,0.0,0.0,0.0,0.0,0.0,0.0,0.0,0.0,0.2,0.0,0.0,0.0,0.11,0.14,0.14,0.16,0.0,0.0,0.0,0.06,0.12,0.0,0.0,0.12,0.36,0.14,0.14,0.0,0.0,0.0,0.28,0.32,0.23,0.14,0.0,0.0,0.28,0.0,0.0,0.0,0.04,0.0,0.0,0.23,0.06,0.28,0.0,0.0,0.18,0.0,0.06,0.0,0.0,0.0,0.0,0.0,0.0,0.06,0.34,0.2,0.17,0.0,0.12,0.12,0.12,0.06,0.0,0.24,0.18,0.06,0.0,0.25,0.19,0.0,0.0,0.0,0.0,0.1,0.0,0.26,0.0,0.07,0.0,0.06,0.0,0.22,1.0,0.0,0.0,0.07,0.24,0.0,0.19,0.1,0.0,0.0,0.1,0.0,0.0,0.12,0.0,0.0,0.16,0.12
sfincione palermitano,0.0,0.08,0.02,0.0,0.1,0.0,0.0,0.0,0.0,0.0,0.0,0.0,0.0,0.1,0.13,0.0,0.1,0.0,0.0,0.0,0.21,0.0,0.0,0.0,0.0,0.0,0.08,0.13,0.0,0.0,0.0,0.0,0.0,0.0,0.04,0.04,0.03,0.0,0.04,0.18,0.0,0.0,0.0,0.0,0.22,0.0,0.28,0.1,0.24,0.0,0.04,0.0,0.04,0.0,0.0,0.0,0.0,0.0,0.0,0.0,0.0,0.0,0.02,0.0,0.0,0.0,0.08,0.04,0.1,0.12,0.0,0.0,0.0,0.14,0.04,0.0,0.0,0.04,0.05,0.0,0.1,0.0,0.0,0.0,0.16,0.04,0.06,0.1,0.0,0.0,0.05,0.0,0.0,0.0,0.1,0.0,0.0,0.06,0.05,0.1,0.0,0.0,0.04,0.0,0.14,0.0,0.0,0.0,0.0,0.0,0.0,0.12,0.12,0.08,0.06,0.0,0.04,0.04,0.09,0.22,0.0,0.04,0.26,0.0,0.0,0.09,0.11,0.0,0.1,0.0,0.0,0.04,0.0,0.08,0.0,0.05,0.0,0.14,0.0,0.05,0.0,1.0,0.0,0.0,0.13,0.0,0.09,0.15,0.05,0.0,0.04,0.0,0.0,0.04,0.08,0.0,0.08,0.04
sfincione palermitano senza glutine,0.0,0.12,0.02,0.0,0.05,0.0,0.0,0.0,0.0,0.0,0.0,0.0,0.0,0.14,0.13,0.0,0.1,0.0,0.0,0.0,0.08,0.0,0.0,0.0,0.0,0.0,0.0,0.18,0.0,0.0,0.0,0.0,0.0,0.0,0.04,0.0,0.0,0.0,0.0,0.04,0.0,0.0,0.0,0.0,0.08,0.0,0.16,0.0,0.14,0.0,0.0,0.0,0.0,0.0,0.0,0.0,0.0,0.0,0.0,0.0,0.0,0.0,0.02,0.0,0.0,0.0,0.0,0.04,0.07,0.0,0.0,0.0,0.0,0.05,0.04,0.0,0.0,0.0,0.0,0.0,0.0,0.0,0.0,0.0,0.0,0.0,0.0,0.0,0.0,0.0,0.0,0.0,0.0,0.0,0.1,0.04,0.0,0.0,0.05,0.0,0.0,0.0,0.0,0.0,0.1,0.0,0.0,0.0,0.0,0.0,0.0,0.08,0.04,0.0,0.03,0.0,0.0,0.0,0.04,0.09,0.0,0.0,0.12,0.04,0.0,0.0,0.08,0.0,0.14,0.0,0.0,0.04,0.0,0.04,0.0,0.0,0.0,0.05,0.0,0.0,0.0,0.0,1.0,0.0,0.0,0.0,0.0,0.04,0.0,0.0,0.0,0.0,0.0,0.0,0.08,0.0,0.04,0.04
stollen al marzapane,0.08,0.0,0.05,0.04,0.02,0.12,0.1,0.12,0.2,0.14,0.2,0.1,0.06,0.07,0.03,0.06,0.06,0.18,0.16,0.1,0.03,0.08,0.0,0.0,0.14,0.19,0.03,0.09,0.18,0.2,0.15,0.04,0.0,0.02,0.12,0.03,0.12,0.24,0.13,0.0,0.08,0.03,0.04,0.0,0.0,0.2,0.0,0.07,0.0,0.06,0.08,0.04,0.06,0.2,0.03,0.07,0.08,0.0,0.23,0.04,0.16,0.04,0.08,0.08,0.13,0.2,0.0,0.11,0.07,0.04,0.2,0.16,0.15,0.16,0.03,0.08,0.13,0.18,0.07,0.04,0.02,0.04,0.04,0.04,0.07,0.03,0.12,0.04,0.08,0.0,0.04,0.12,0.04,0.04,0.1,0.04,0.03,0.12,0.04,0.09,0.0,0.04,0.18,0.13,0.0,0.03,0.07,0.04,0.07,0.04,0.04,0.06,0.06,0.02,0.04,0.06,0.03,0.09,0.03,0.0,0.03,0.02,0.0,0.09,0.04,0.06,0.04,0.04,0.0,0.09,0.1,0.02,0.18,0.02,0.1,0.04,0.06,0.0,0.0,0.04,0.07,0.0,0.0,1.0,0.03,0.04,0.1,0.08,0.0,0.06,0.08,0.17,0.0,0.08,0.08,0.12,0.08,0.09
straccetti di pizza fritti con prosciutto e fichi,0.13,0.05,0.2,0.06,0.12,0.16,0.08,0.08,0.11,0.14,0.15,0.1,0.15,0.08,0.05,0.0,0.06,0.16,0.1,0.14,0.19,0.14,0.13,0.07,0.2,0.16,0.19,0.05,0.06,0.18,0.17,0.18,0.05,0.26,0.1,0.1,0.14,0.06,0.09,0.15,0.28,0.26,0.24,0.14,0.12,0.14,0.06,0.24,0.06,0.22,0.21,0.17,0.19,0.06,0.24,0.24,0.26,0.0,0.11,0.18,0.2,0.28,0.15,0.13,0.11,0.14,0.09,0.08,0.16,0.26,0.14,0.1,0.13,0.11,0.1,0.04,0.22,0.15,0.18,0.12,0.2,0.24,0.32,0.16,0.24,0.21,0.2,0.18,0.21,0.06,0.18,0.06,0.28,0.26,0.08,0.0,0.1,0.2,0.11,0.19,0.18,0.08,0.1,0.11,0.06,0.25,0.34,0.24,0.18,0.3,0.11,0.05,0.19,0.21,0.18,0.0,0.1,0.15,0.2,0.1,0.14,0.2,0.08,0.1,0.24,0.21,0.19,0.11,0.0,0.23,0.18,0.08,0.14,0.18,0.04,0.12,0.25,0.11,0.21,0.18,0.24,0.13,0.0,0.03,1.0,0.22,0.16,0.17,0.06,0.05,0.09,0.1,0.0,0.05,0.0,0.16,0.18,0.15
taralli napoletani,0.0,0.0,0.13,0.0,0.13,0.0,0.0,0.04,0.0,0.0,0.0,0.06,0.0,0.09,0.06,0.0,0.06,0.0,0.0,0.0,0.16,0.0,0.0,0.0,0.0,0.0,0.16,0.06,0.06,0.0,0.0,0.0,0.0,0.0,0.11,0.06,0.12,0.0,0.1,0.17,0.0,0.0,0.0,0.0,0.07,0.0,0.06,0.2,0.06,0.0,0.14,0.0,0.1,0.0,0.0,0.0,0.0,0.0,0.0,0.0,0.0,0.0,0.1,0.0,0.0,0.0,0.1,0.08,0.14,0.22,0.0,0.0,0.0,0.06,0.1,0.0,0.0,0.17,0.14,0.06,0.18,0.0,0.0,0.0,0.26,0.12,0.14,0.2,0.0,0.0,0.14,0.0,0.0,0.0,0.08,0.0,0.0,0.14,0.06,0.17,0.0,0.0,0.11,0.0,0.06,0.0,0.0,0.0,0.0,0.0,0.0,0.06,0.16,0.14,0.12,0.0,0.06,0.11,0.11,0.11,0.0,0.09,0.08,0.11,0.0,0.18,0.14,0.0,0.0,0.0,0.0,0.09,0.0,0.14,0.0,0.06,0.0,0.06,0.0,0.14,0.0,0.0,0.0,0.04,0.22,1.0,0.18,0.24,0.06,0.0,0.14,0.0,0.0,0.1,0.0,0.0,0.2,0.11
torta al formaggio,0.32,0.0,0.09,0.06,0.03,0.22,0.04,0.18,0.12,0.2,0.16,0.16,0.06,0.08,0.06,0.06,0.06,0.16,0.11,0.14,0.1,0.1,0.14,0.0,0.16,0.26,0.1,0.1,0.06,0.16,0.18,0.12,0.0,0.14,0.21,0.11,0.11,0.12,0.04,0.06,0.19,0.16,0.12,0.0,0.04,0.2,0.03,0.12,0.0,0.12,0.14,0.06,0.05,0.12,0.1,0.12,0.14,0.0,0.24,0.06,0.21,0.15,0.09,0.07,0.24,0.15,0.1,0.16,0.17,0.27,0.2,0.16,0.2,0.12,0.15,0.0,0.24,0.06,0.12,0.06,0.08,0.16,0.16,0.08,0.19,0.11,0.14,0.12,0.15,0.0,0.12,0.14,0.15,0.14,0.08,0.0,0.1,0.2,0.06,0.24,0.19,0.0,0.21,0.06,0.12,0.16,0.16,0.12,0.12,0.19,0.12,0.15,0.2,0.09,0.08,0.0,0.06,0.1,0.06,0.06,0.05,0.08,0.08,0.21,0.12,0.16,0.1,0.12,0.0,0.16,0.09,0.22,0.14,0.14,0.04,0.06,0.16,0.0,0.08,0.12,0.19,0.09,0.0,0.1,0.16,0.18,1.0,0.22,0.06,0.25,0.28,0.2,0.0,0.1,0.1,0.16,0.1,0.06
torta di rose salata prosciutto cotto e ricotta,0.22,0.15,0.12,0.15,0.2,0.22,0.14,0.14,0.1,0.2,0.12,0.18,0.12,0.1,0.08,0.08,0.19,0.22,0.04,0.16,0.12,0.12,0.15,0.0,0.17,0.14,0.32,0.08,0.15,0.19,0.18,0.15,0.08,0.15,0.08,0.04,0.08,0.15,0.11,0.21,0.16,0.14,0.15,0.12,0.18,0.12,0.24,0.1,0.23,0.12,0.07,0.1,0.12,0.04,0.12,0.1,0.11,0.06,0.19,0.1,0.16,0.12,0.07,0.16,0.16,0.08,0.08,0.03,0.14,0.29,0.12,0.09,0.11,0.14,0.08,0.08,0.28,0.21,0.15,0.05,0.1,0.26,0.2,0.2,0.15,0.14,0.11,0.1,0.12,0.16,0.1,0.11,0.18,0.22,0.09,0.14,0.04,0.11,0.04,0.22,0.15,0.14,0.08,0.1,0.1,0.17,0.16,0.15,0.05,0.2,0.14,0.08,0.12,0.14,0.09,0.0,0.08,0.08,0.12,0.08,0.16,0.06,0.18,0.34,0.15,0.18,0.1,0.1,0.04,0.16,0.11,0.26,0.14,0.18,0.04,0.05,0.12,0.14,0.06,0.05,0.1,0.15,0.04,0.08,0.17,0.24,0.22,1.0,0.05,0.16,0.31,0.12,0.09,0.04,0.2,0.14,0.2,0.12
torta integrale all’acqua con mele e noci,0.05,0.06,0.04,0.07,0.0,0.06,0.05,0.0,0.0,0.0,0.0,0.0,0.12,0.0,0.29,0.0,0.06,0.06,0.0,0.06,0.06,0.06,0.05,0.0,0.06,0.0,0.06,0.0,0.0,0.04,0.05,0.0,0.06,0.05,0.0,0.0,0.0,0.0,0.1,0.06,0.06,0.06,0.07,0.08,0.04,0.0,0.04,0.07,0.06,0.04,0.05,0.06,0.06,0.0,0.06,0.0,0.08,0.0,0.0,0.07,0.0,0.08,0.02,0.0,0.04,0.0,0.0,0.0,0.1,0.16,0.06,0.0,0.0,0.0,0.06,0.05,0.14,0.06,0.0,0.0,0.1,0.1,0.1,0.1,0.07,0.0,0.0,0.14,0.08,0.08,0.0,0.0,0.08,0.08,0.0,0.0,0.12,0.0,0.0,0.0,0.14,0.1,0.0,0.0,0.06,0.06,0.04,0.07,0.0,0.0,0.0,0.0,0.0,0.05,0.12,0.06,0.0,0.0,0.06,0.06,0.12,0.0,0.0,0.0,0.07,0.06,0.04,0.0,0.0,0.0,0.05,0.0,0.04,0.0,0.0,0.0,0.06,0.06,0.08,0.07,0.0,0.05,0.0,0.0,0.06,0.06,0.06,0.05,1.0,0.06,0.05,0.0,0.0,0.0,0.06,0.06,0.06,0.06
torta salata 7 vasetti,0.0,0.0,0.0,0.0,0.0,0.0,0.0,0.12,0.0,0.0,0.0,0.1,0.0,0.04,0.05,0.0,0.06,0.0,0.0,0.0,0.0,0.0,0.0,0.0,0.0,0.0,0.04,0.1,0.06,0.0,0.0,0.0,0.0,0.0,0.1,0.05,0.0,0.0,0.0,0.05,0.0,0.0,0.0,0.0,0.0,0.0,0.03,0.0,0.06,0.0,0.0,0.0,0.04,0.0,0.0,0.0,0.0,0.0,0.0,0.0,0.0,0.0,0.0,0.0,0.0,0.0,0.08,0.07,0.12,0.12,0.0,0.0,0.0,0.06,0.09,0.0,0.0,0.0,0.06,0.0,0.0,0.0,0.0,0.0,0.06,0.05,0.0,0.0,0.0,0.0,0.12,0.0,0.0,0.0,0.04,0.0,0.0,0.06,0.0,0.11,0.0,0.0,0.1,0.0,0.16,0.0,0.0,0.0,0.0,0.0,0.0,0.09,0.09,0.04,0.0,0.0,0.0,0.0,0.0,0.0,0.0,0.0,0.04,0.1,0.0,0.1,0.0,0.0,0.0,0.0,0.0,0.12,0.0,0.04,0.0,0.0,0.0,0.0,0.0,0.0,0.0,0.0,0.0,0.06,0.05,0.0,0.25,0.16,0.06,1.0,0.25,0.0,0.0,0.04,0.09,0.0,0.04,0.0
torta salata pronta in 5 minuti,0.27,0.04,0.1,0.05,0.02,0.18,0.07,0.15,0.05,0.16,0.1,0.14,0.04,0.04,0.04,0.09,0.05,0.14,0.04,0.12,0.04,0.04,0.12,0.0,0.09,0.18,0.58,0.09,0.05,0.16,0.15,0.1,0.04,0.08,0.18,0.14,0.06,0.1,0.08,0.04,0.12,0.09,0.05,0.0,0.0,0.12,0.02,0.05,0.05,0.1,0.08,0.05,0.04,0.07,0.08,0.05,0.06,0.0,0.2,0.0,0.14,0.06,0.11,0.06,0.2,0.08,0.08,0.1,0.18,0.67,0.12,0.14,0.12,0.05,0.12,0.0,0.2,0.04,0.1,0.05,0.04,0.14,0.07,0.07,0.1,0.09,0.06,0.05,0.06,0.0,0.16,0.12,0.12,0.12,0.06,0.0,0.04,0.12,0.0,0.4,0.1,0.0,0.18,0.05,0.14,0.09,0.1,0.1,0.05,0.1,0.2,0.08,0.12,0.08,0.06,0.0,0.04,0.04,0.04,0.0,0.04,0.04,0.06,0.72,0.05,0.14,0.06,0.1,0.0,0.14,0.08,0.64,0.09,0.32,0.0,0.05,0.09,0.0,0.0,0.05,0.1,0.04,0.0,0.08,0.09,0.14,0.28,0.31,0.05,0.25,1.0,0.12,0.04,0.04,0.08,0.14,0.08,0.09
tramezzini di pan brioche farcito,0.0,0.04,0.0,0.0,0.06,0.0,0.0,0.12,0.0,0.0,0.0,0.1,0.0,0.16,0.1,0.0,0.1,0.0,0.0,0.0,0.09,0.0,0.0,0.0,0.0,0.0,0.04,0.24,0.17,0.0,0.0,0.0,0.0,0.0,0.19,0.15,0.1,0.0,0.04,0.1,0.0,0.0,0.0,0.0,0.12,0.0,0.11,0.12,0.06,0.0,0.08,0.0,0.04,0.0,0.0,0.0,0.0,0.0,0.0,0.0,0.0,0.0,0.02,0.0,0.0,0.0,0.08,0.22,0.16,0.12,0.0,0.0,0.0,0.22,0.14,0.0,0.0,0.1,0.12,0.0,0.04,0.0,0.0,0.0,0.17,0.05,0.12,0.06,0.0,0.0,0.06,0.0,0.0,0.0,0.18,0.08,0.0,0.12,0.06,0.14,0.0,0.0,0.24,0.0,0.1,0.0,0.0,0.0,0.0,0.0,0.0,0.18,0.14,0.04,0.0,0.0,0.0,0.1,0.0,0.1,0.0,0.04,0.14,0.1,0.0,0.1,0.06,0.0,0.06,0.0,0.0,0.08,0.0,0.08,0.0,0.0,0.0,0.06,0.0,0.06,0.0,0.0,0.0,0.17,0.1,0.0,0.2,0.12,0.0,0.0,0.12,1.0,0.0,0.14,0.09,0.0,0.13,0.0
tramezzini veneziani,0.0,0.05,0.0,0.0,0.06,0.0,0.0,0.04,0.0,0.0,0.0,0.0,0.0,0.04,0.06,0.0,0.06,0.0,0.0,0.0,0.05,0.0,0.0,0.0,0.0,0.0,0.0,0.06,0.0,0.0,0.0,0.0,0.0,0.0,0.0,0.06,0.0,0.0,0.0,0.06,0.0,0.0,0.0,0.0,0.1,0.0,0.1,0.0,0.18,0.0,0.0,0.0,0.0,0.0,0.0,0.0,0.0,0.0,0.0,0.0,0.0,0.0,0.0,0.0,0.0,0.0,0.0,0.0,0.0,0.0,0.0,0.0,0.0,0.06,0.0,0.0,0.0,0.0,0.0,0.0,0.0,0.0,0.0,0.0,0.0,0.0,0.0,0.0,0.0,0.0,0.0,0.0,0.0,0.0,0.04,0.0,0.0,0.0,0.0,0.0,0.0,0.0,0.0,0.0,0.06,0.0,0.0,0.0,0.0,0.0,0.0,0.05,0.0,0.0,0.0,0.0,0.0,0.0,0.0,0.06,0.0,0.0,0.12,0.0,0.0,0.0,0.06,0.0,0.06,0.0,0.0,0.0,0.0,0.0,0.0,0.0,0.0,0.06,0.0,0.0,0.0,0.0,0.0,0.0,0.0,0.0,0.0,0.09,0.0,0.0,0.04,0.0,1.0,0.0,0.05,0.0,0.0,0.0
treccia dolce al cacao e pistacchio,0.08,0.04,0.03,0.06,0.08,0.0,0.0,0.08,0.16,0.14,0.07,0.15,0.0,0.16,0.0,0.14,0.06,0.1,0.15,0.08,0.04,0.04,0.04,0.0,0.19,0.12,0.0,0.1,0.12,0.1,0.12,0.0,0.0,0.04,0.14,0.1,0.1,0.06,0.08,0.1,0.04,0.05,0.12,0.06,0.03,0.14,0.0,0.12,0.0,0.0,0.08,0.0,0.0,0.1,0.04,0.17,0.06,0.0,0.1,0.12,0.12,0.14,0.0,0.06,0.14,0.09,0.0,0.14,0.04,0.12,0.14,0.1,0.06,0.16,0.18,0.12,0.0,0.1,0.06,0.0,0.12,0.0,0.08,0.0,0.06,0.05,0.18,0.06,0.06,0.0,0.06,0.0,0.0,0.0,0.21,0.0,0.14,0.12,0.06,0.08,0.06,0.0,0.14,0.06,0.0,0.05,0.04,0.0,0.06,0.17,0.0,0.14,0.09,0.0,0.0,0.05,0.0,0.1,0.0,0.05,0.09,0.08,0.07,0.1,0.12,0.0,0.03,0.0,0.0,0.14,0.0,0.04,0.06,0.08,0.04,0.0,0.05,0.0,0.14,0.06,0.12,0.04,0.0,0.08,0.05,0.1,0.1,0.04,0.0,0.04,0.04,0.14,0.0,1.0,0.0,0.1,0.04,0.0
treccia salata ripiena con provola e tonno,0.08,0.18,0.0,0.17,0.08,0.15,0.08,0.12,0.16,0.09,0.1,0.05,0.05,0.16,0.14,0.14,0.1,0.1,0.05,0.13,0.09,0.13,0.12,0.0,0.05,0.04,0.04,0.1,0.06,0.07,0.08,0.06,0.09,0.04,0.05,0.0,0.04,0.17,0.12,0.1,0.0,0.0,0.0,0.06,0.2,0.04,0.21,0.0,0.1,0.0,0.04,0.0,0.04,0.05,0.0,0.0,0.0,0.17,0.1,0.12,0.03,0.0,0.02,0.06,0.07,0.04,0.0,0.04,0.12,0.06,0.09,0.15,0.12,0.16,0.09,0.04,0.16,0.1,0.06,0.06,0.0,0.08,0.0,0.08,0.0,0.05,0.0,0.06,0.0,0.18,0.0,0.12,0.0,0.12,0.07,0.04,0.0,0.06,0.06,0.04,0.17,0.08,0.05,0.0,0.16,0.0,0.0,0.0,0.0,0.0,0.0,0.14,0.0,0.04,0.0,0.0,0.1,0.0,0.0,0.05,0.04,0.0,0.24,0.0,0.0,0.0,0.09,0.0,0.06,0.0,0.04,0.0,0.06,0.21,0.19,0.0,0.0,0.1,0.0,0.0,0.0,0.08,0.08,0.08,0.0,0.0,0.1,0.2,0.06,0.09,0.08,0.09,0.05,0.0,1.0,0.15,0.0,0.05
treccia svizzera,0.0,0.1,0.18,0.0,0.03,0.0,0.0,0.09,0.0,0.0,0.0,0.06,0.0,0.13,0.1,0.0,0.06,0.0,0.0,0.0,0.15,0.0,0.0,0.0,0.0,0.0,0.1,0.06,0.06,0.0,0.0,0.0,0.0,0.0,0.26,0.06,0.14,0.0,0.23,0.1,0.0,0.0,0.0,0.0,0.06,0.0,0.03,0.25,0.06,0.0,0.14,0.0,0.1,0.0,0.0,0.0,0.0,0.0,0.0,0.0,0.0,0.0,0.14,0.0,0.0,0.0,0.0,0.08,0.26,0.2,0.0,0.0,0.0,0.12,0.1,0.0,0.0,0.16,0.06,0.06,0.26,0.0,0.0,0.0,0.19,0.06,0.14,0.19,0.0,0.0,0.06,0.0,0.0,0.0,0.16,0.04,0.0,0.27,0.12,0.24,0.0,0.0,0.21,0.0,0.06,0.0,0.0,0.0,0.0,0.0,0.0,0.05,0.1,0.09,0.11,0.0,0.06,0.1,0.1,0.1,0.0,0.08,0.04,0.1,0.0,0.11,0.16,0.0,0.0,0.0,0.0,0.04,0.0,0.14,0.0,0.06,0.0,0.06,0.0,0.12,0.0,0.0,0.0,0.12,0.16,0.0,0.16,0.14,0.06,0.0,0.14,0.0,0.0,0.1,0.15,1.0,0.1,0.16
treccine alla panna sofficissime,0.08,0.04,0.13,0.06,0.13,0.19,0.15,0.04,0.05,0.26,0.14,0.1,0.18,0.15,0.09,0.09,0.1,0.19,0.1,0.12,0.08,0.12,0.12,0.0,0.23,0.18,0.18,0.14,0.16,0.17,0.2,0.11,0.08,0.12,0.14,0.1,0.12,0.11,0.08,0.14,0.21,0.14,0.16,0.06,0.03,0.13,0.06,0.16,0.05,0.17,0.12,0.1,0.18,0.12,0.13,0.16,0.18,0.0,0.16,0.06,0.24,0.13,0.1,0.18,0.14,0.13,0.08,0.7,0.18,0.18,0.18,0.1,0.12,0.05,0.18,0.08,0.26,0.23,0.16,0.11,0.11,0.22,0.22,0.14,0.22,0.1,0.12,0.11,0.2,0.06,0.11,0.06,0.2,0.18,0.16,0.07,0.04,0.06,0.1,0.1,0.11,0.14,0.09,0.2,0.05,0.18,0.21,0.16,0.11,0.22,0.05,0.04,0.13,0.12,0.1,0.0,0.04,0.09,0.14,0.04,0.13,0.07,0.04,0.09,0.16,0.19,0.08,0.05,0.0,0.21,0.12,0.11,0.16,0.08,0.04,0.06,0.18,0.05,0.06,0.06,0.16,0.08,0.04,0.08,0.18,0.2,0.1,0.2,0.06,0.04,0.08,0.13,0.0,0.04,0.0,0.1,1.0,0.14
treccine di pane all’olio con zucca e noci,0.04,0.05,0.2,0.18,0.12,0.1,0.12,0.12,0.0,0.05,0.0,0.1,0.15,0.08,0.05,0.1,0.0,0.16,0.06,0.09,0.14,0.09,0.04,0.07,0.1,0.04,0.14,0.05,0.0,0.11,0.12,0.12,0.1,0.18,0.15,0.0,0.07,0.12,0.13,0.15,0.18,0.16,0.18,0.14,0.1,0.05,0.06,0.18,0.06,0.18,0.17,0.17,0.14,0.02,0.19,0.12,0.2,0.0,0.11,0.06,0.04,0.21,0.17,0.13,0.11,0.0,0.0,0.08,0.16,0.13,0.14,0.1,0.06,0.0,0.1,0.09,0.17,0.15,0.18,0.12,0.16,0.24,0.16,0.24,0.12,0.26,0.06,0.3,0.14,0.13,0.2,0.06,0.21,0.26,0.08,0.0,0.05,0.13,0.06,0.16,0.06,0.16,0.1,0.11,0.0,0.1,0.19,0.12,0.12,0.12,0.11,0.05,0.1,0.21,0.28,0.0,0.15,0.05,0.15,0.05,0.19,0.12,0.0,0.1,0.18,0.16,0.16,0.11,0.0,0.19,0.18,0.08,0.06,0.09,0.08,0.06,0.15,0.17,0.14,0.12,0.12,0.04,0.04,0.09,0.15,0.11,0.06,0.12,0.06,0.0,0.09,0.0,0.0,0.0,0.05,0.16,0.14,1.0
