,agnolotti piemontesi,anelletti al forno alla palermitana,anelletti al forno con broccoletti,arepas venezuelane,arrosto in crosta,avocado burger,avocado toast al salmone,bagel con pomodoro stracciatella e rucola,"bagel con salmone affumicato, panna acida e rucola","bagels con tartare di manzo, crema di peperoni e tabasco",bento per bambini,bibimbap,"bicchierini di bulgur, quinoa, tofu e fagiolini",bouillabaisse,bowl di riso venere con uova e verdure,brodetto fanese,bruschetta con friggitelli alla griglia e burrata,bruschette con carciofi e stracciatella,bucatini all’amatriciana,burek al formaggio,"burrito di pollo, la ricetta di un classico della cucina tex-mex",cacciucco,caesar salad con salsa alla senape,calamarata con salsa di soia,calamarata napoletana,calamari ripieni,california roll,calzoni fritti con pomodoro e mozzarella,calzoni ripieni al forno alla siciliana,"cannelloni ricotta e spinaci, la ricetta che piaceva anche a d’annunzio",cappone ripieno,carbonara di asparagi vegetariana,"causa rellena, l’antipasto militante della cucina peruviana",cavatelli alla lucana,"cavatelli con cime di rapa, crema di fagioli e briciole di pane croccante alle alic",ceci in zimino la zuppa ligure per il pranzo di magro,cestini autunnali di radicchio di chioggia igp e zucca,cestini di lenticchie e cotechino,cheesecake al salmone e aneto,cheesecake salata al salame ungherese,chirashi sushi,ciceri e tria,clam chowder,club sandwich,club sandwich con patate croccanti,conchiglioni ripieni di ricotta e spinaci,cous cous con zucchine e carote,cous cous di pesce,couscous aromatizzato al tè,couscous con piselli e gamberi,couscous di verdure,couscous freddo con verdure,crema di ceci e pepite di stoccafisso in pastella,crescione integrale,crespelle agli asparagi,crostata di pasta matta stracchino e fagiolini,dhal di lenticchie,doppio hamburger di manzo,dorayaki salati,eggs benedict,enchiladas,fajitas,falafel di ceci neri con pistacchi,filetti di spigola croccanti al forno,filetto alla wellington,fish burger con salsa allo yogurt,"focaccia con fave, salumi e formaggi",focaccia in padella,focaccia ripiena di zucca e salsiccia in padella,focaccia veloce patate e rosmarino,"fonduta alla valdostana, la ricetta con la fontina per gli amanti del formaggio",fregola risottata alle capesante e cacao,fregola sarda con vongole,french toast salati,frittata di zucchine,gamberi in salsa piccante e bulgur,gamberi thai,gazpacho andaluso,girasole di pasta sfoglia salato,"gnocchetti tirolesi, come condirli",gnocchi con radicchio gorgonzola e noci,gnocchi di carote e patate con feta e friggitelli,gnocchi di zucca e patate,gulash,hambuger con cipolle caramellate e formaggio,hamburger integrale con manzo e peperoni,harumaki,hot dog,"impasto pizza con il bimby, più facile e più veloce che con la planetaria",insalata con avocado,insalata di avena,insalata di avocado e salmone affumicato,insalata di bulgur,insalata di carciofi crudi,insalata di fagiolini e feta,insalata di farro con salmone affumicato e avocado,"insalata di farro con zucca, speck, mele e noci",insalata di farro e verdure al forno,insalata di farro fredda,insalata di finocchi e tofu,"insalata di gamberi, asparagi e fagiolini",insalata di miglio con vongole e verdure,insalata di orzo con gamberi e verdure,insalata di pasta mediterranea,"insalata di pesche, pomodorini, olive nere e feta",insalata di pollo,insalata di pollo con uva e speck,insalata di quinoa con pollo e verdure,insalata di quinoa e fave,insalata di riso,insalata di riso con pesce e verdure,insalata di riso con salmone avocado e cocco,insalata di riso venere alla caprese,"insalata di riso, farro e orzo alla nizzarda","insalata di sedano, mele, formaggio e vinaigrette alle noci","insalata di spinacini, soia e pomodorini",insalata di verdure cotte e uova sode,insalata di verdure grigliate,insalata estiva con frutta fresca,insalata nizzarda,insalata tiepida di farro,insalata tonno olive pomodori e cipolle,katsudon,lasagne asparagi e salmone,lasagne cavolfiore e gorgonzola,lasagne con verdure primaverili,lasagne radicchio e scamorza,lasagne ricotta e spinaci,lasagne vegetariane,lasagne zucca e salsiccia,linguine al pesto di zucchine,lumaconi,macco di piselli,maki sushi,malloreddus,medaglioni di melanzane,melanzane ripiene al forno,millefoglie di riso gamberetti e zucchine,minestra di fagioli,"minestra di farro verza e patate, la ricetta per una consistenza densa e cremosa","minestra maritata alla napoletana, la ricetta originale e una variante più semplice",minestrone di verdure,monte cristo sandwich,monte cristo sandwich il toast super condito della tradizione americana,moussaka,mozzarella in carrozza al forno light,muffin salati prosciutto e zucchine,"nasi goreng, il riso fritto indonesiano",nigiri,"noodle con uova, salsa di soia e lime","onigirazu, sandwich di riso con tofu e avocado",orata al forno con patate e pomodorini,orzo al pesto di rucola e pomodorini,"ossobuco alla milanese, la ricetta tradizionale con la gremolada",paccheri al forno vegetariani,paccheri con stracciatella e pomodoro,pad thai con gamberi e zucchine,paella de marisco,"paella valenciana, la ricetta del piatto tipico della cucina spagnola",pancakes alla ricotta e carote con crema di burrata,pane cunzato,"panino con la porchetta, una variante casalinga dello street food umbro",parmigiana di carote spinaci e toma allo zenzero,parmigiana di melanzane,parmigiana di melanzane bianca,parmigiana di patate,parmigiana di zucchine bianca,pasta al forno,pasta al forno furba,pasta al forno senza besciamella con prosciutto e mozzarella,pasta alla carbonara di zucchine,pasta alla siciliana,pasta broccoli e cozze,pasta burrata e melanzane,pasta carciofi e pancetta,pasta carciofi e speck,"pasta ceci e cozze, la ricetta filologica con la pasta mista",pasta con baccalà in bianco,pasta con bietole e noci al forno senza glutine,"pasta con broccoli e tonno, un primo perfettamente legato",pasta con carciofi,pasta con castagne e salsiccia,pasta con i gamberetti,pasta con la mozzarella,pasta con le sarde alla siciliana,pasta con peperoni e tonno fresco,pasta con pesce spada e melanzane,pasta con stracchino e pomodori,pasta con zucchine e pancetta,"pasta e fagioli, la ricetta tradizionale con una consistenza perfetta",pasta e fave,pasta fredda con bresaola e rucola,"pasta fredda con melanzane, sgombro e pomodorini","pasta fredda con tonno olive, feta e pomodorini",pasta pesto e stracciatella,pasta ricotta e noci,pasta salsiccia e funghi,pasta salsiccia e piselli,pasta tonno e piselli,pasta zucca e gorgonzola,pasta zucchine e tonno,pasta zucchine pancetta e formaggio,"pasta ‘ncasciata, la pasta al forno di montalbano",pasticcio di zucchine,patate al cartoccio con salsa di peperoni al tabasco,penne al salmone,peperoni in padella con patate e tonno,peperoni ‘mbuttunati,peperoni ‘mbuttunati alla napoletana,"piadina con tonno, cipolla e carciofini",piadina farcita con carne di manzo,piadine vegetariane con hummus e verdure,pizza alla parmigiana,pizza con pomodoro e olive,pizza di cavolfiore,pizza in teglia con burrata e carciofi,"pizza in teglia romana con ragù, mirtilli e grana padano",pizza patate e salsiccia,pizza senza lievitazione,pizza sottile e croccante con farina petra 3,pizza tonno e cipolla,"pizzoccheri, la pasta di grano saraceno tipica della valtellina",plumcake salato alle verdure,plumcake salato prosciutto e bietole,plumcake salato zucchine e feta,poke bowl salmone e avocado,pokè bowl,polenta con salsiccia e funghi,polenta con topinambur e pecorino,pollo al cocco e lime,pollo al curry,polpette di pollo con chutney di pomodori verdi e mele,polpette di quinoa ai pomodorini gialli,"polpette di verdure con pane carasau, pomodori e ricotta salata",polpette di verdure fritte a forma di bruco,polpette ricotta e spinaci,polpette vegetariane al sugo,polpettone di fagiolini,pomodori con il riso e patate,pomodori ripieni con amaranto e salsa tahina,pomodori ripieni di cous cous,pulled pork,quiche zucca e speck,"raclette, una ricetta a base di formaggio francese per una cena in compagnia",ratatouille con quinoa,ravioli al sugo di carciofi,ravioli carciofi e scampi,"ravioli di ricotta, asparagi e bacon","ravioli giapponesi (gyoza) salame, zucchine e fiori di zucca","ribollita, la zuppa toscana con i cannellini e il cavolo nero",ricetta pizza con burrata e crudo,rigatoni con zucchine e vongole,riso basmati con gamberi e lime,riso con pollo,riso con pollo e piselli,"riso patate e cozze, la ricetta della tiella barese che deriva dalla paella","riso thai, uno dei piatti di recupero più buoni del mondo",riso venere con gamberetti e pesche,riso venere con gamberetti e piselli,riso venere con salmone fresco e patate thai,risotto al pomodoro e mozzarella,risotto al radicchio rosso,risotto con la verza e ceci,risotto con mazzancolle,risotto con piselli,"risotto con piselli, la ricetta del primo piatto tipico della tradizione veneta","risotto gorgonzola e pere, il primo piatto dolce e salato mantecato alla perfezione",risotto radicchio e gorgonzola,risotto radicchio e speck,risotto zucca e taleggio,"rotolo di frittata con fagiolini, prosciutto e formaggio",rotolo di patate con prosciutto e formaggio,salmone marinato su riso venere,salsicce con patate e cipolle al forno,scarola e fagioli alla napoletana,sformati light di cavolfiore e bresaola,sformato di cavolfiore,"sformato di ceci, patate, cipolle e pistacchi",sformato di zucchine,shepherd’s pie,"spaghetti allo scoglio al cartoccio, la ricetta per concentrare i sapori e non dover impiattare",spaghetti zucchine e gamberetti,"spezzatino con polenta, il comfort food all’italiana per l’inverno","spezzatino di vitello con patate, la ricetta per un risultato tenero e ben legato",stoccafisso al forno con finocchi brasati,strudel di pasta sfoglia con bietole e mortadella,sushi hosomaki,"tabouleh alla crema di basilico, pistacchio e speck",tabuleh,tagliatelle al sugo di pesce e radicchio,taglioni con vongole veraci e carciofi,tarte tatin alle carote,timballo al radicchio salsiccia e scamorza,timballo di riso,timballo di riso al forno vegetariano,toast alla francese con cotto e leerdammer,tomino e speck burger,torta alle cipolle caramellate,torta di riso con verdure e prosciutto,torta di riso spezzina,torta pasqualina ligure,torta rustica con fave e pecorino,"torta rustica con patate, scamorza e tonno",torta salata ai funghi porcini e patate,torta salata asparagi e ricotta,"torta salata asparagi, salmone e feta","torta salata con cavolfiore, una ricetta di recupero con una base croccante",torta salata con patate e prosciutto,torta salata con salsiccia e cime di rapa,torta salata con stracchino e cotto,torta salata del contadino,torta salata di patate con funghi e speck,torta salata di zucchine,torta salata patate e ricotta,torta salata pomodorini e feta,torta salata pronta in 5 minuti,torta salata prosciutto e funghi,torta salata ricotta e spinaci,torta salata zucca e patate con scamorza e noci,torta tramezzino,totani ripieni di riso con guazzetto di vongole,tramezzini veneziani,tris di canederli,trofie al forno con salsiccia e provola,uova in cocotte,vegan california rolls,vellutata di sedano rapa e patate,vellutata di verdure,yaki udon,zucchine ripiene con couscous e uvetta,"zuppa agropiccante, una ricetta cinese autentica",zuppa alla valdostana,"zuppa cinese, l’alternativa asiatica al minestrone",zuppa di cozze alla napoletana,zuppa di cozze vongole e patate,zuppa di farro,zuppa di legumi e cereali,zuppa di orzo e fagioli,zuppa di pomodori fredda con burrata,zuppa leggera con verdure di primavera,"zuppa orzo, lenticchie e ceci"
agnolotti piemontesi,1.0,0.0,0.03,0.0,0.0,0.0,0.04,0.03,0.06,0.06,0.0,0.0,0.03,0.0,0.12,0.0,0.04,0.06,0.0,0.0,0.03,0.0,0.03,0.08,0.08,0.06,0.0,0.12,0.0,0.18,0.12,0.1,0.0,0.06,0.09,0.1,0.1,0.0,0.04,0.0,0.0,0.0,0.0,0.0,0.12,0.07,0.05,0.09,0.11,0.12,0.14,0.06,0.14,0.0,0.06,0.06,0.06,0.06,0.22,0.0,0.0,0.0,0.1,0.07,0.0,0.04,0.18,0.0,0.16,0.12,0.0,0.02,0.06,0.0,0.15,0.06,0.03,0.0,0.12,0.18,0.0,0.14,0.03,0.0,0.03,0.1,0.0,0.0,0.0,0.03,0.03,0.06,0.06,0.07,0.1,0.04,0.04,0.04,0.09,0.04,0.03,0.06,0.06,0.06,0.04,0.04,0.03,0.06,0.04,0.06,0.08,0.1,0.04,0.06,0.06,0.06,0.06,0.02,0.03,0.1,0.12,0.04,0.0,0.0,0.06,0.0,0.1,0.03,0.0,0.15,0.07,0.1,0.14,0.0,0.06,0.06,0.09,0.09,0.12,0.18,0.0,0.0,0.0,0.0,0.0,0.1,0.1,0.06,0.0,0.08,0.0,0.06,0.06,0.06,0.0,0.06,0.06,0.18,0.0,0.16,0.04,0.0,0.06,0.03,0.0,0.1,0.04,0.12,0.06,0.04,0.04,0.0,0.06,0.04,0.04,0.07,0.1,0.07,0.1,0.07,0.06,0.1,0.07,0.04,0.03,0.04,0.04,0.12,0.07,0.16,0.06,0.12,0.04,0.06,0.07,0.04,0.04,0.03,0.04,0.04,0.07,0.0,0.0,0.1,0.12,0.0,0.0,0.1,0.1,0.0,0.18,0.04,0.06,0.09,0.06,0.06,0.1,0.16,0.1,0.12,0.07,0.0,0.05,0.06,0.1,0.0,0.0,0.14,0.07,0.06,0.1,0.1,0.03,0.08,0.0,0.07,0.0,0.09,0.1,0.04,0.13,0.0,0.09,0.0,0.09,0.1,0.09,0.18,0.04,0.14,0.0,0.07,0.07,0.1,0.1,0.06,0.06,0.04,0.08,0.06,0.04,0.0,0.04,0.15,0.0,0.0,0.0,0.06,0.03,0.05,0.06,0.04,0.13,0.04,0.16,0.0,0.04,0.03,0.06,0.0,0.07,0.07,0.0,0.1,0.08,0.12,0.0,0.09,0.0,0.04,0.04,0.1,0.02,0.14,0.06,0.04,0.04,0.12,0.04,0.2,0.0,0.06,0.0,0.1,0.1,0.03,0.04,0.04,0.15,0.0,0.16,0.06,0.1,0.04,0.06,0.06,0.15,0.15,0.09,0.0,0.06,0.0,0.0,0.08,0.07,0.0,0.1,0.0,0.0,0.1,0.0,0.0,0.0,0.09,0.06,0.2,0.0,0.19,0.16,0.0,0.06
anelletti al forno alla palermitana,0.0,1.0,0.14,0.0,0.0,0.0,0.17,0.17,0.0,0.18,0.0,0.0,0.12,0.0,0.18,0.0,0.15,0.12,0.0,0.0,0.18,0.0,0.12,0.14,0.04,0.1,0.0,0.14,0.0,0.18,0.15,0.19,0.0,0.1,0.11,0.16,0.12,0.0,0.08,0.0,0.0,0.0,0.0,0.0,0.0,0.04,0.0,0.04,0.04,0.16,0.13,0.16,0.1,0.0,0.04,0.18,0.06,0.13,0.1,0.0,0.0,0.0,0.0,0.13,0.0,0.06,0.05,0.0,0.14,0.11,0.0,0.03,0.12,0.0,0.28,0.1,0.0,0.0,0.08,0.14,0.12,0.07,0.12,0.0,0.1,0.2,0.0,0.0,0.0,0.07,0.1,0.16,0.1,0.13,0.16,0.13,0.14,0.12,0.11,0.12,0.16,0.11,0.0,0.16,0.08,0.16,0.1,0.04,0.04,0.18,0.0,0.04,0.14,0.1,0.11,0.12,0.14,0.16,0.11,0.14,0.0,0.13,0.0,0.13,0.11,0.0,0.19,0.18,0.0,0.14,0.22,0.18,0.04,0.0,0.2,0.23,0.18,0.14,0.16,0.18,0.0,0.0,0.0,0.0,0.0,0.12,0.19,0.04,0.0,0.04,0.08,0.18,0.16,0.1,0.0,0.04,0.04,0.1,0.0,0.06,0.05,0.0,0.16,0.27,0.23,0.17,0.16,0.28,0.07,0.2,0.18,0.0,0.12,0.13,0.17,0.04,0.12,0.13,0.12,0.04,0.12,0.04,0.13,0.2,0.04,0.05,0.22,0.04,0.17,0.1,0.16,0.09,0.09,0.03,0.17,0.12,0.09,0.19,0.18,0.05,0.13,0.12,0.0,0.2,0.18,0.13,0.12,0.23,0.23,0.0,0.11,0.08,0.22,0.16,0.24,0.16,0.0,0.0,0.16,0.2,0.0,0.0,0.16,0.14,0.16,0.0,0.0,0.08,0.13,0.12,0.16,0.0,0.08,0.18,0.0,0.17,0.0,0.14,0.04,0.08,0.0,0.0,0.16,0.04,0.18,0.18,0.25,0.15,0.05,0.14,0.09,0.13,0.13,0.16,0.16,0.08,0.04,0.08,0.09,0.1,0.08,0.05,0.14,0.0,0.08,0.0,0.0,0.12,0.19,0.06,0.16,0.28,0.02,0.15,0.05,0.14,0.08,0.16,0.24,0.0,0.04,0.04,0.0,0.13,0.12,0.18,0.0,0.08,0.0,0.04,0.12,0.18,0.19,0.12,0.13,0.14,0.04,0.14,0.24,0.2,0.0,0.04,0.09,0.16,0.16,0.14,0.2,0.04,0.04,0.0,0.0,0.18,0.26,0.15,0.11,0.17,0.04,0.22,0.14,0.0,0.0,0.0,0.0,0.16,0.08,0.0,0.08,0.0,0.0,0.0,0.0,0.0,0.0,0.04,0.11,0.15,0.0,0.16,0.08,0.0,0.14
anelletti al forno con broccoletti,0.03,0.14,1.0,0.1,0.08,0.0,0.1,0.08,0.0,0.14,0.0,0.04,0.1,0.07,0.12,0.04,0.12,0.1,0.12,0.06,0.13,0.07,0.1,0.12,0.06,0.08,0.05,0.09,0.04,0.08,0.06,0.1,0.1,0.08,0.09,0.1,0.05,0.0,0.0,0.0,0.05,0.11,0.04,0.0,0.0,0.0,0.0,0.04,0.04,0.1,0.12,0.08,0.08,0.0,0.0,0.14,0.04,0.06,0.0,0.08,0.04,0.09,0.0,0.1,0.05,0.04,0.06,0.05,0.08,0.09,0.0,0.04,0.1,0.0,0.12,0.08,0.0,0.0,0.05,0.04,0.05,0.04,0.05,0.06,0.08,0.14,0.0,0.0,0.06,0.08,0.08,0.1,0.08,0.1,0.1,0.1,0.12,0.1,0.09,0.1,0.1,0.09,0.0,0.1,0.1,0.1,0.08,0.05,0.06,0.08,0.0,0.06,0.12,0.08,0.09,0.1,0.09,0.12,0.09,0.08,0.0,0.1,0.04,0.06,0.09,0.04,0.1,0.09,0.04,0.09,0.16,0.08,0.0,0.0,0.2,0.05,0.14,0.09,0.1,0.09,0.04,0.12,0.0,0.0,0.08,0.0,0.1,0.0,0.0,0.0,0.04,0.14,0.1,0.04,0.1,0.04,0.0,0.03,0.0,0.06,0.06,0.0,0.15,0.14,0.12,0.1,0.05,0.14,0.04,0.1,0.12,0.1,0.28,0.06,0.1,0.06,0.1,0.1,0.08,0.2,0.1,0.06,0.1,0.1,0.14,0.06,0.1,0.06,0.06,0.08,0.1,0.06,0.06,0.04,0.16,0.1,0.06,0.14,0.12,0.06,0.1,0.05,0.12,0.08,0.09,0.06,0.1,0.1,0.1,0.0,0.09,0.06,0.09,0.14,0.13,0.1,0.0,0.0,0.1,0.15,0.0,0.0,0.04,0.04,0.1,0.0,0.04,0.06,0.1,0.1,0.1,0.04,0.04,0.13,0.1,0.06,0.04,0.09,0.06,0.06,0.0,0.04,0.1,0.0,0.09,0.1,0.14,0.08,0.03,0.08,0.06,0.1,0.1,0.1,0.1,0.05,0.0,0.06,0.0,0.08,0.05,0.0,0.12,0.0,0.0,0.0,0.0,0.05,0.1,0.0,0.05,0.06,0.03,0.12,0.06,0.06,0.0,0.14,0.1,0.08,0.06,0.06,0.08,0.08,0.08,0.14,0.0,0.09,0.08,0.06,0.05,0.15,0.12,0.04,0.1,0.06,0.06,0.07,0.1,0.12,0.0,0.0,0.06,0.08,0.12,0.04,0.05,0.0,0.04,0.0,0.0,0.09,0.12,0.06,0.04,0.04,0.0,0.12,0.09,0.04,0.0,0.05,0.04,0.08,0.0,0.04,0.06,0.08,0.0,0.06,0.04,0.05,0.0,0.04,0.09,0.08,0.04,0.1,0.1,0.04,0.04
arepas venezuelane,0.0,0.0,0.1,1.0,0.0,0.07,0.18,0.1,0.0,0.2,0.0,0.0,0.11,0.0,0.14,0.0,0.14,0.11,0.0,0.0,0.16,0.0,0.11,0.14,0.06,0.1,0.0,0.16,0.0,0.1,0.07,0.11,0.0,0.1,0.1,0.12,0.12,0.0,0.0,0.0,0.0,0.0,0.0,0.0,0.0,0.0,0.0,0.1,0.1,0.11,0.14,0.1,0.1,0.0,0.0,0.22,0.1,0.08,0.05,0.0,0.0,0.0,0.0,0.12,0.0,0.08,0.1,0.0,0.14,0.16,0.0,0.04,0.11,0.0,0.14,0.1,0.05,0.0,0.06,0.1,0.06,0.1,0.06,0.0,0.1,0.16,0.0,0.0,0.0,0.1,0.1,0.17,0.1,0.12,0.18,0.18,0.14,0.12,0.16,0.12,0.11,0.16,0.0,0.12,0.12,0.12,0.1,0.11,0.06,0.1,0.0,0.12,0.14,0.1,0.1,0.11,0.1,0.1,0.1,0.08,0.06,0.12,0.0,0.06,0.1,0.0,0.11,0.1,0.0,0.1,0.12,0.09,0.06,0.0,0.14,0.06,0.1,0.1,0.11,0.1,0.0,0.0,0.0,0.0,0.0,0.0,0.11,0.0,0.0,0.0,0.1,0.1,0.12,0.05,0.0,0.06,0.0,0.07,0.0,0.06,0.07,0.0,0.12,0.11,0.06,0.12,0.06,0.12,0.05,0.12,0.14,0.0,0.12,0.06,0.12,0.06,0.12,0.12,0.09,0.06,0.12,0.06,0.12,0.12,0.06,0.07,0.12,0.0,0.06,0.1,0.12,0.06,0.06,0.04,0.12,0.12,0.06,0.11,0.14,0.07,0.12,0.06,0.0,0.1,0.16,0.06,0.06,0.11,0.11,0.0,0.16,0.06,0.1,0.2,0.16,0.17,0.06,0.0,0.18,0.21,0.06,0.0,0.04,0.05,0.17,0.06,0.0,0.18,0.18,0.12,0.11,0.04,0.06,0.15,0.0,0.06,0.0,0.1,0.0,0.12,0.09,0.0,0.12,0.0,0.1,0.11,0.16,0.14,0.12,0.1,0.06,0.12,0.12,0.11,0.12,0.06,0.0,0.06,0.0,0.14,0.06,0.0,0.14,0.0,0.0,0.0,0.0,0.06,0.11,0.0,0.06,0.06,0.06,0.14,0.07,0.06,0.0,0.11,0.12,0.0,0.06,0.06,0.0,0.1,0.08,0.1,0.0,0.16,0.0,0.06,0.06,0.22,0.14,0.04,0.12,0.06,0.06,0.12,0.12,0.2,0.0,0.0,0.06,0.14,0.19,0.1,0.06,0.0,0.06,0.0,0.04,0.1,0.19,0.07,0.1,0.05,0.0,0.15,0.1,0.0,0.04,0.0,0.0,0.1,0.0,0.0,0.06,0.0,0.0,0.0,0.0,0.0,0.0,0.06,0.1,0.09,0.0,0.17,0.06,0.0,0.06
arrosto in crosta,0.0,0.0,0.08,0.0,1.0,0.06,0.1,0.08,0.0,0.12,0.0,0.0,0.08,0.0,0.15,0.0,0.11,0.08,0.0,0.0,0.12,0.0,0.12,0.1,0.05,0.08,0.0,0.08,0.0,0.13,0.14,0.08,0.0,0.08,0.12,0.18,0.09,0.0,0.0,0.0,0.0,0.0,0.0,0.0,0.02,0.0,0.06,0.04,0.04,0.12,0.1,0.07,0.1,0.0,0.0,0.12,0.07,0.12,0.04,0.0,0.0,0.0,0.0,0.1,0.0,0.03,0.05,0.0,0.08,0.08,0.0,0.04,0.08,0.0,0.15,0.08,0.0,0.0,0.08,0.04,0.04,0.08,0.04,0.0,0.08,0.16,0.0,0.0,0.0,0.04,0.08,0.08,0.11,0.14,0.14,0.1,0.1,0.09,0.12,0.09,0.08,0.08,0.0,0.09,0.04,0.14,0.08,0.04,0.04,0.08,0.0,0.04,0.1,0.11,0.12,0.12,0.08,0.07,0.08,0.13,0.0,0.1,0.0,0.04,0.08,0.0,0.12,0.08,0.0,0.12,0.1,0.1,0.1,0.0,0.14,0.04,0.12,0.12,0.12,0.2,0.0,0.0,0.0,0.0,0.0,0.0,0.08,0.0,0.0,0.0,0.04,0.08,0.09,0.08,0.0,0.04,0.0,0.14,0.0,0.05,0.06,0.0,0.09,0.08,0.05,0.1,0.04,0.1,0.04,0.09,0.1,0.0,0.09,0.04,0.1,0.04,0.09,0.1,0.07,0.04,0.09,0.04,0.1,0.09,0.04,0.06,0.1,0.0,0.1,0.18,0.09,0.05,0.05,0.04,0.1,0.09,0.05,0.08,0.1,0.06,0.1,0.04,0.0,0.07,0.12,0.04,0.04,0.08,0.08,0.0,0.08,0.1,0.08,0.12,0.12,0.08,0.0,0.0,0.09,0.1,0.0,0.0,0.04,0.04,0.08,0.0,0.0,0.1,0.1,0.09,0.12,0.04,0.04,0.14,0.0,0.04,0.0,0.08,0.0,0.04,0.0,0.0,0.12,0.04,0.12,0.08,0.12,0.1,0.03,0.18,0.1,0.1,0.1,0.08,0.14,0.04,0.0,0.04,0.05,0.08,0.04,0.0,0.1,0.0,0.0,0.0,0.0,0.09,0.08,0.04,0.04,0.05,0.02,0.11,0.06,0.05,0.0,0.08,0.09,0.0,0.04,0.04,0.0,0.14,0.06,0.16,0.0,0.04,0.0,0.04,0.04,0.14,0.1,0.16,0.08,0.1,0.04,0.1,0.09,0.11,0.0,0.0,0.1,0.1,0.1,0.04,0.04,0.0,0.08,0.06,0.04,0.08,0.1,0.11,0.08,0.04,0.1,0.16,0.16,0.0,0.0,0.0,0.0,0.1,0.0,0.0,0.04,0.0,0.0,0.04,0.0,0.0,0.0,0.08,0.08,0.2,0.0,0.17,0.04,0.0,0.08
avocado burger,0.0,0.0,0.0,0.07,0.06,1.0,0.2,0.0,0.0,0.0,0.0,0.0,0.0,0.0,0.0,0.0,0.0,0.0,0.0,0.0,0.0,0.05,0.06,0.0,0.0,0.0,0.06,0.0,0.0,0.0,0.0,0.0,0.0,0.0,0.0,0.0,0.0,0.0,0.0,0.0,0.07,0.0,0.0,0.14,0.08,0.0,0.0,0.0,0.0,0.0,0.0,0.0,0.0,0.0,0.0,0.0,0.0,0.0,0.0,0.0,0.0,0.0,0.0,0.0,0.0,0.1,0.0,0.0,0.0,0.0,0.0,0.0,0.0,0.0,0.0,0.0,0.0,0.0,0.0,0.0,0.0,0.0,0.0,0.0,0.0,0.0,0.0,0.09,0.0,0.22,0.0,0.19,0.0,0.0,0.0,0.17,0.0,0.0,0.0,0.0,0.0,0.0,0.0,0.0,0.0,0.07,0.0,0.06,0.0,0.0,0.0,0.16,0.0,0.0,0.0,0.0,0.0,0.0,0.0,0.05,0.0,0.0,0.0,0.0,0.0,0.0,0.0,0.0,0.0,0.0,0.0,0.0,0.0,0.07,0.0,0.0,0.0,0.0,0.0,0.0,0.0,0.0,0.0,0.06,0.0,0.0,0.0,0.0,0.0,0.0,0.18,0.0,0.0,0.0,0.0,0.0,0.0,0.0,0.0,0.0,0.0,0.0,0.0,0.0,0.0,0.0,0.0,0.0,0.0,0.0,0.0,0.0,0.0,0.0,0.0,0.0,0.0,0.0,0.0,0.0,0.0,0.0,0.0,0.0,0.0,0.0,0.0,0.0,0.0,0.0,0.0,0.0,0.0,0.0,0.0,0.0,0.0,0.0,0.0,0.0,0.0,0.0,0.0,0.0,0.0,0.0,0.0,0.0,0.0,0.0,0.0,0.0,0.0,0.0,0.0,0.0,0.0,0.0,0.0,0.0,0.0,0.0,0.0,0.0,0.0,0.24,0.06,0.0,0.0,0.0,0.0,0.0,0.0,0.0,0.0,0.0,0.0,0.0,0.0,0.0,0.0,0.06,0.0,0.0,0.0,0.0,0.0,0.05,0.0,0.0,0.0,0.0,0.0,0.0,0.0,0.0,0.0,0.0,0.0,0.0,0.0,0.0,0.0,0.0,0.0,0.0,0.0,0.0,0.0,0.0,0.0,0.0,0.0,0.0,0.0,0.0,0.0,0.0,0.0,0.0,0.0,0.0,0.0,0.0,0.0,0.0,0.0,0.0,0.0,0.0,0.0,0.0,0.0,0.0,0.0,0.0,0.0,0.0,0.0,0.0,0.0,0.0,0.0,0.0,0.0,0.0,0.0,0.0,0.0,0.0,0.0,0.0,0.0,0.0,0.0,0.0,0.0,0.0,0.0,0.0,0.0,0.07,0.0,0.0,0.0,0.06,0.0,0.0,0.0,0.0,0.0,0.0,0.0,0.0,0.0,0.0,0.0,0.0,0.0,0.0,0.0
avocado toast al salmone,0.04,0.17,0.1,0.18,0.1,0.2,1.0,0.1,0.0,0.16,0.0,0.05,0.11,0.04,0.14,0.04,0.14,0.11,0.14,0.08,0.16,0.08,0.24,0.24,0.06,0.1,0.11,0.1,0.05,0.17,0.11,0.11,0.12,0.1,0.1,0.18,0.06,0.0,0.0,0.0,0.12,0.17,0.04,0.0,0.0,0.0,0.0,0.06,0.05,0.11,0.1,0.14,0.1,0.0,0.05,0.16,0.04,0.08,0.0,0.08,0.1,0.16,0.0,0.12,0.12,0.18,0.07,0.06,0.18,0.1,0.0,0.04,0.11,0.0,0.14,0.2,0.05,0.0,0.11,0.1,0.18,0.05,0.06,0.06,0.1,0.19,0.05,0.0,0.07,0.28,0.32,0.48,0.27,0.25,0.2,0.38,0.2,0.3,0.23,0.22,0.24,0.24,0.0,0.24,0.06,0.3,0.17,0.11,0.12,0.22,0.0,0.2,0.26,0.27,0.16,0.27,0.29,0.26,0.23,0.25,0.0,0.18,0.1,0.44,0.1,0.05,0.11,0.22,0.05,0.19,0.12,0.14,0.0,0.06,0.14,0.06,0.1,0.1,0.17,0.16,0.04,0.1,0.0,0.0,0.1,0.0,0.21,0.0,0.0,0.0,0.2,0.16,0.12,0.1,0.12,0.06,0.06,0.04,0.0,0.06,0.07,0.0,0.12,0.17,0.06,0.12,0.06,0.16,0.05,0.12,0.2,0.17,0.12,0.06,0.12,0.12,0.12,0.12,0.09,0.06,0.12,0.06,0.12,0.18,0.06,0.07,0.18,0.0,0.06,0.1,0.18,0.06,0.06,0.04,0.12,0.12,0.15,0.2,0.26,0.07,0.12,0.06,0.14,0.1,0.19,0.22,0.06,0.11,0.11,0.0,0.1,0.12,0.1,0.16,0.2,0.11,0.0,0.0,0.12,0.14,0.0,0.0,0.21,0.15,0.21,0.18,0.19,0.06,0.12,0.18,0.11,0.0,0.06,0.24,0.11,0.06,0.0,0.1,0.0,0.15,0.0,0.05,0.12,0.0,0.1,0.11,0.2,0.09,0.11,0.14,0.06,0.12,0.12,0.11,0.12,0.06,0.0,0.12,0.0,0.23,0.06,0.0,0.14,0.0,0.06,0.08,0.0,0.06,0.17,0.0,0.06,0.14,0.1,0.23,0.07,0.14,0.06,0.17,0.12,0.09,0.06,0.06,0.14,0.14,0.08,0.1,0.0,0.06,0.26,0.06,0.18,0.18,0.22,0.04,0.12,0.06,0.06,0.12,0.12,0.14,0.0,0.06,0.06,0.2,0.29,0.14,0.3,0.0,0.06,0.0,0.0,0.19,0.36,0.17,0.06,0.26,0.0,0.28,0.23,0.0,0.0,0.0,0.05,0.18,0.0,0.14,0.06,0.09,0.0,0.0,0.09,0.12,0.05,0.06,0.1,0.14,0.04,0.11,0.06,0.05,0.1
bagel con pomodoro stracciatella e rucola,0.03,0.17,0.08,0.1,0.08,0.0,0.1,1.0,0.21,0.18,0.0,0.12,0.09,0.06,0.16,0.0,0.12,0.26,0.1,0.06,0.16,0.06,0.09,0.1,0.0,0.08,0.13,0.12,0.16,0.1,0.12,0.13,0.09,0.08,0.08,0.09,0.04,0.0,0.04,0.0,0.09,0.06,0.08,0.0,0.0,0.0,0.0,0.0,0.0,0.13,0.0,0.08,0.08,0.0,0.04,0.16,0.08,0.18,0.12,0.17,0.08,0.08,0.0,0.1,0.09,0.06,0.02,0.14,0.08,0.12,0.0,0.0,0.09,0.06,0.16,0.08,0.0,0.0,0.0,0.12,0.09,0.08,0.09,0.1,0.12,0.16,0.0,0.0,0.22,0.0,0.08,0.18,0.08,0.1,0.09,0.1,0.1,0.09,0.12,0.09,0.09,0.08,0.0,0.14,0.0,0.14,0.08,0.0,0.05,0.12,0.0,0.0,0.1,0.08,0.08,0.09,0.16,0.08,0.08,0.1,0.0,0.1,0.12,0.1,0.08,0.08,0.09,0.08,0.08,0.08,0.1,0.07,0.0,0.05,0.15,0.13,0.08,0.08,0.09,0.08,0.0,0.08,0.05,0.04,0.08,0.07,0.13,0.04,0.0,0.05,0.08,0.08,0.24,0.08,0.09,0.21,0.04,0.0,0.0,0.02,0.0,0.0,0.09,0.09,0.1,0.13,0.09,0.2,0.08,0.09,0.1,0.09,0.09,0.1,0.1,0.0,0.09,0.1,0.07,0.0,0.09,0.0,0.1,0.09,0.0,0.0,0.1,0.0,0.1,0.08,0.09,0.15,0.0,0.0,0.24,0.09,0.1,0.09,0.1,0.0,0.1,0.09,0.12,0.11,0.08,0.1,0.13,0.13,0.13,0.0,0.08,0.1,0.21,0.12,0.2,0.13,0.04,0.06,0.14,0.16,0.0,0.0,0.1,0.12,0.13,0.0,0.08,0.0,0.1,0.09,0.09,0.0,0.08,0.12,0.09,0.14,0.0,0.12,0.0,0.1,0.04,0.08,0.16,0.0,0.08,0.14,0.16,0.1,0.06,0.08,0.1,0.1,0.1,0.09,0.09,0.0,0.04,0.0,0.0,0.08,0.0,0.0,0.1,0.0,0.0,0.0,0.0,0.09,0.09,0.0,0.04,0.16,0.0,0.12,0.0,0.1,0.05,0.09,0.14,0.07,0.0,0.0,0.08,0.08,0.06,0.08,0.0,0.0,0.08,0.0,0.09,0.14,0.14,0.0,0.12,0.1,0.05,0.1,0.09,0.12,0.04,0.04,0.1,0.11,0.15,0.12,0.14,0.0,0.0,0.0,0.0,0.12,0.18,0.17,0.04,0.12,0.05,0.16,0.08,0.08,0.0,0.0,0.08,0.08,0.05,0.08,0.0,0.0,0.0,0.0,0.1,0.09,0.0,0.0,0.08,0.07,0.0,0.09,0.0,0.0,0.08
"bagel con salmone affumicato, panna acida e rucola",0.06,0.0,0.0,0.0,0.0,0.0,0.0,0.21,1.0,0.11,0.0,0.0,0.0,0.04,0.0,0.0,0.0,0.0,0.0,0.0,0.0,0.0,0.0,0.0,0.0,0.0,0.0,0.04,0.04,0.0,0.0,0.0,0.0,0.0,0.0,0.0,0.0,0.0,0.15,0.0,0.0,0.0,0.0,0.05,0.03,0.06,0.0,0.0,0.04,0.0,0.0,0.0,0.0,0.04,0.0,0.0,0.0,0.04,0.21,0.0,0.04,0.04,0.04,0.0,0.0,0.12,0.16,0.0,0.11,0.04,0.0,0.0,0.0,0.0,0.0,0.0,0.0,0.04,0.15,0.04,0.0,0.04,0.0,0.0,0.04,0.04,0.0,0.0,0.12,0.0,0.0,0.05,0.0,0.0,0.0,0.12,0.0,0.0,0.04,0.0,0.0,0.0,0.14,0.0,0.0,0.05,0.0,0.0,0.06,0.0,0.14,0.12,0.0,0.0,0.0,0.0,0.04,0.0,0.0,0.0,0.15,0.0,0.0,0.0,0.0,0.0,0.0,0.0,0.04,0.0,0.0,0.0,0.0,0.0,0.0,0.0,0.0,0.0,0.0,0.0,0.0,0.0,0.0,0.05,0.0,0.0,0.0,0.0,0.0,0.0,0.0,0.0,0.14,0.0,0.0,0.0,0.0,0.0,0.0,0.06,0.0,0.0,0.0,0.0,0.0,0.0,0.0,0.0,0.0,0.0,0.0,0.0,0.0,0.0,0.0,0.0,0.0,0.0,0.04,0.0,0.0,0.12,0.0,0.0,0.0,0.0,0.0,0.06,0.0,0.0,0.0,0.2,0.0,0.0,0.0,0.0,0.0,0.0,0.0,0.0,0.0,0.0,0.0,0.0,0.0,0.14,0.0,0.0,0.0,0.0,0.04,0.0,0.04,0.04,0.0,0.1,0.05,0.19,0.0,0.09,0.06,0.0,0.0,0.0,0.0,0.0,0.0,0.0,0.0,0.0,0.0,0.04,0.0,0.0,0.0,0.0,0.08,0.0,0.06,0.0,0.12,0.0,0.04,0.0,0.0,0.0,0.0,0.04,0.03,0.0,0.0,0.0,0.0,0.0,0.0,0.0,0.0,0.0,0.0,0.0,0.0,0.0,0.0,0.06,0.0,0.0,0.0,0.0,0.0,0.0,0.0,0.0,0.18,0.0,0.06,0.0,0.0,0.0,0.0,0.0,0.0,0.0,0.0,0.0,0.0,0.0,0.0,0.0,0.0,0.0,0.0,0.08,0.0,0.0,0.0,0.0,0.06,0.04,0.0,0.04,0.04,0.0,0.0,0.0,0.0,0.12,0.0,0.0,0.13,0.0,0.2,0.0,0.0,0.0,0.0,0.04,0.14,0.0,0.0,0.04,0.0,0.05,0.02,0.0,0.0,0.0,0.06,0.0,0.0,0.06,0.0,0.0,0.0,0.0,0.0,0.0,0.0,0.0,0.1,0.0,0.0
"bagels con tartare di manzo, crema di peperoni e tabasco",0.06,0.18,0.14,0.2,0.12,0.0,0.16,0.18,0.11,1.0,0.0,0.08,0.14,0.08,0.2,0.06,0.18,0.14,0.18,0.08,0.21,0.11,0.2,0.18,0.07,0.18,0.12,0.16,0.1,0.14,0.13,0.14,0.15,0.18,0.14,0.15,0.09,0.0,0.0,0.0,0.15,0.18,0.12,0.0,0.0,0.0,0.0,0.08,0.08,0.14,0.12,0.14,0.12,0.03,0.0,0.25,0.14,0.14,0.02,0.18,0.08,0.16,0.0,0.16,0.12,0.08,0.09,0.12,0.15,0.2,0.08,0.05,0.14,0.0,0.24,0.21,0.02,0.03,0.06,0.11,0.09,0.08,0.08,0.1,0.16,0.37,0.0,0.0,0.15,0.06,0.18,0.2,0.12,0.22,0.15,0.16,0.18,0.22,0.22,0.15,0.14,0.22,0.0,0.15,0.06,0.15,0.12,0.06,0.06,0.13,0.02,0.06,0.24,0.12,0.14,0.2,0.14,0.14,0.14,0.16,0.03,0.16,0.08,0.1,0.14,0.08,0.2,0.14,0.12,0.14,0.16,0.12,0.03,0.0,0.2,0.08,0.14,0.14,0.14,0.14,0.06,0.12,0.0,0.0,0.12,0.0,0.14,0.0,0.0,0.0,0.08,0.14,0.22,0.08,0.15,0.06,0.0,0.06,0.02,0.06,0.08,0.0,0.15,0.14,0.1,0.22,0.09,0.18,0.08,0.15,0.18,0.14,0.15,0.1,0.16,0.06,0.15,0.16,0.12,0.06,0.15,0.06,0.16,0.15,0.06,0.18,0.16,0.0,0.16,0.12,0.15,0.07,0.07,0.05,0.16,0.15,0.1,0.14,0.18,0.08,0.16,0.15,0.12,0.17,0.16,0.1,0.18,0.14,0.14,0.0,0.16,0.1,0.14,0.24,0.21,0.23,0.03,0.02,0.18,0.2,0.0,0.03,0.12,0.08,0.14,0.0,0.1,0.1,0.2,0.15,0.14,0.02,0.08,0.2,0.14,0.1,0.0,0.14,0.0,0.13,0.02,0.08,0.21,0.0,0.16,0.15,0.21,0.14,0.12,0.15,0.1,0.16,0.16,0.14,0.22,0.06,0.0,0.06,0.0,0.15,0.06,0.0,0.2,0.0,0.0,0.0,0.0,0.15,0.14,0.0,0.06,0.1,0.05,0.18,0.08,0.1,0.0,0.14,0.22,0.16,0.06,0.06,0.15,0.12,0.11,0.14,0.0,0.08,0.13,0.06,0.09,0.25,0.24,0.04,0.16,0.18,0.06,0.15,0.15,0.2,0.02,0.0,0.1,0.2,0.22,0.14,0.09,0.0,0.11,0.0,0.02,0.14,0.22,0.11,0.06,0.1,0.0,0.2,0.14,0.0,0.02,0.0,0.08,0.12,0.0,0.08,0.06,0.07,0.03,0.0,0.09,0.12,0.02,0.06,0.14,0.12,0.04,0.18,0.06,0.08,0.08
bento per bambini,0.0,0.0,0.0,0.0,0.0,0.0,0.0,0.0,0.0,0.0,1.0,0.0,0.0,0.0,0.0,0.0,0.0,0.0,0.0,0.0,0.0,0.0,0.0,0.0,0.0,0.0,0.0,0.0,0.0,0.0,0.0,0.0,0.0,0.0,0.0,0.0,0.0,0.0,0.0,0.0,0.0,0.0,0.0,0.0,0.0,0.0,0.0,0.0,0.0,0.0,0.0,0.0,0.0,0.0,0.0,0.0,0.0,0.0,0.0,0.0,0.0,0.0,0.0,0.0,0.0,0.0,0.0,0.0,0.0,0.0,0.0,0.0,0.0,0.0,0.0,0.0,0.0,0.0,0.0,0.0,0.0,0.0,0.0,0.0,0.0,0.0,0.0,0.0,0.0,0.0,0.0,0.0,0.0,0.0,0.0,0.0,0.0,0.0,0.0,0.0,0.0,0.0,0.0,0.0,0.0,0.0,0.0,0.0,0.0,0.05,0.0,0.0,0.0,0.0,0.0,0.0,0.0,0.0,0.0,0.0,0.0,0.0,0.0,0.0,0.0,0.0,0.0,0.0,0.0,0.0,0.0,0.0,0.0,0.0,0.0,0.06,0.0,0.0,0.0,0.0,0.0,0.0,0.0,0.0,0.0,0.0,0.06,0.0,0.0,0.0,0.0,0.0,0.0,0.0,0.0,0.0,0.0,0.0,0.0,0.0,0.0,0.0,0.0,0.0,0.06,0.04,0.06,0.0,0.0,0.06,0.0,0.0,0.0,0.0,0.0,0.0,0.0,0.0,0.0,0.0,0.0,0.0,0.0,0.0,0.0,0.0,0.0,0.0,0.0,0.0,0.0,0.0,0.0,0.0,0.0,0.0,0.0,0.0,0.0,0.0,0.0,0.0,0.0,0.04,0.0,0.0,0.0,0.0,0.0,0.0,0.0,0.0,0.0,0.0,0.0,0.0,0.0,0.0,0.0,0.0,0.0,0.0,0.0,0.0,0.0,0.0,0.0,0.0,0.0,0.0,0.0,0.0,0.0,0.0,0.0,0.0,0.0,0.0,0.0,0.0,0.0,0.0,0.0,0.06,0.0,0.0,0.0,0.0,0.0,0.0,0.0,0.0,0.0,0.0,0.0,0.0,0.0,0.0,0.0,0.0,0.0,0.0,0.0,0.0,0.0,0.0,0.0,0.0,0.0,0.0,0.06,0.06,0.0,0.0,0.0,0.0,0.0,0.0,0.06,0.0,0.0,0.0,0.0,0.0,0.0,0.0,0.0,0.0,0.0,0.0,0.0,0.0,0.0,0.0,0.0,0.06,0.0,0.0,0.06,0.0,0.0,0.0,0.0,0.0,0.0,0.0,0.0,0.0,0.0,0.0,0.0,0.0,0.0,0.0,0.0,0.0,0.0,0.0,0.0,0.0,0.0,0.0,0.0,0.0,0.06,0.0,0.0,0.0,0.0,0.0,0.0,0.0,0.0,0.0,0.0,0.0,0.0,0.0,0.0,0.0,0.0
bibimbap,0.0,0.0,0.04,0.0,0.0,0.0,0.05,0.12,0.0,0.08,0.0,1.0,0.09,0.0,0.1,0.0,0.06,0.09,0.0,0.0,0.08,0.0,0.04,0.16,0.05,0.08,0.0,0.04,0.0,0.08,0.17,0.13,0.0,0.08,0.08,0.04,0.04,0.0,0.04,0.0,0.0,0.0,0.0,0.0,0.02,0.0,0.0,0.04,0.0,0.09,0.0,0.08,0.08,0.0,0.04,0.08,0.04,0.09,0.04,0.0,0.0,0.0,0.04,0.1,0.0,0.04,0.0,0.0,0.04,0.04,0.0,0.08,0.09,0.0,0.1,0.08,0.12,0.0,0.0,0.08,0.04,0.12,0.04,0.0,0.04,0.1,0.0,0.0,0.0,0.0,0.08,0.09,0.04,0.05,0.04,0.05,0.05,0.04,0.04,0.04,0.04,0.04,0.0,0.09,0.0,0.04,0.08,0.04,0.0,0.08,0.04,0.05,0.05,0.04,0.04,0.09,0.12,0.04,0.04,0.06,0.04,0.05,0.0,0.05,0.04,0.0,0.04,0.04,0.0,0.04,0.1,0.07,0.05,0.0,0.08,0.09,0.08,0.04,0.09,0.04,0.0,0.0,0.0,0.0,0.0,0.07,0.09,0.18,0.0,0.21,0.12,0.08,0.09,0.08,0.0,0.04,0.21,0.03,0.0,0.02,0.0,0.0,0.09,0.04,0.05,0.06,0.04,0.14,0.08,0.04,0.05,0.0,0.09,0.1,0.05,0.0,0.09,0.1,0.04,0.05,0.09,0.0,0.1,0.04,0.0,0.0,0.05,0.0,0.05,0.08,0.04,0.0,0.0,0.04,0.1,0.04,0.1,0.04,0.05,0.0,0.1,0.04,0.0,0.11,0.04,0.05,0.04,0.13,0.13,0.0,0.04,0.05,0.04,0.16,0.12,0.04,0.0,0.0,0.04,0.06,0.0,0.0,0.1,0.08,0.09,0.05,0.0,0.0,0.05,0.09,0.04,0.04,0.08,0.09,0.0,0.14,0.0,0.08,0.05,0.05,0.0,0.0,0.1,0.0,0.04,0.12,0.1,0.07,0.12,0.08,0.05,0.1,0.14,0.09,0.09,0.04,0.2,0.0,0.1,0.04,0.0,0.0,0.05,0.05,0.0,0.0,0.0,0.04,0.04,0.0,0.04,0.1,0.02,0.06,0.06,0.05,0.05,0.04,0.09,0.0,0.05,0.05,0.0,0.08,0.06,0.04,0.0,0.04,0.0,0.0,0.09,0.1,0.07,0.0,0.12,0.05,0.05,0.1,0.04,0.08,0.0,0.04,0.05,0.11,0.08,0.08,0.09,0.0,0.04,0.0,0.0,0.08,0.11,0.12,0.04,0.08,0.05,0.12,0.04,0.0,0.06,0.0,0.0,0.04,0.05,0.0,0.05,0.0,0.1,0.0,0.0,0.0,0.0,0.04,0.08,0.07,0.0,0.09,0.04,0.0,0.08
"bicchierini di bulgur, quinoa, tofu e fagiolini",0.03,0.12,0.1,0.11,0.08,0.0,0.11,0.09,0.0,0.14,0.0,0.09,1.0,0.04,0.12,0.04,0.2,0.1,0.12,0.07,0.14,0.08,0.1,0.18,0.06,0.09,0.05,0.1,0.04,0.09,0.06,0.1,0.1,0.09,0.15,0.1,0.06,0.0,0.0,0.04,0.06,0.12,0.04,0.0,0.0,0.0,0.0,0.05,0.04,0.1,0.08,0.08,0.08,0.0,0.0,0.36,0.04,0.07,0.0,0.08,0.05,0.1,0.0,0.11,0.06,0.04,0.06,0.06,0.09,0.1,0.0,0.12,0.1,0.0,0.12,0.2,0.04,0.0,0.05,0.05,0.06,0.04,0.05,0.06,0.09,0.15,0.04,0.0,0.06,0.04,0.09,0.1,0.26,0.11,0.3,0.11,0.12,0.1,0.1,0.1,0.28,0.1,0.0,0.1,0.11,0.1,0.13,0.1,0.06,0.09,0.0,0.06,0.18,0.13,0.1,0.1,0.1,0.08,0.1,0.16,0.05,0.16,0.09,0.06,0.1,0.04,0.1,0.1,0.04,0.1,0.11,0.08,0.0,0.0,0.12,0.05,0.1,0.1,0.18,0.1,0.04,0.08,0.0,0.0,0.09,0.0,0.1,0.06,0.06,0.06,0.1,0.1,0.1,0.04,0.1,0.1,0.05,0.03,0.0,0.06,0.06,0.0,0.1,0.1,0.06,0.11,0.06,0.11,0.04,0.16,0.12,0.15,0.18,0.11,0.11,0.06,0.1,0.11,0.08,0.12,0.1,0.06,0.17,0.16,0.05,0.06,0.11,0.0,0.06,0.16,0.1,0.06,0.06,0.1,0.11,0.1,0.06,0.1,0.12,0.06,0.11,0.06,0.09,0.12,0.1,0.06,0.05,0.1,0.1,0.0,0.1,0.06,0.1,0.24,0.18,0.1,0.0,0.0,0.1,0.16,0.0,0.0,0.04,0.04,0.1,0.06,0.08,0.06,0.11,0.16,0.1,0.0,0.18,0.2,0.1,0.06,0.0,0.34,0.0,0.11,0.0,0.04,0.11,0.0,0.24,0.2,0.22,0.14,0.06,0.09,0.12,0.11,0.11,0.1,0.1,0.05,0.04,0.11,0.06,0.09,0.06,0.0,0.12,0.0,0.0,0.0,0.0,0.06,0.1,0.0,0.27,0.06,0.03,0.13,0.14,0.06,0.0,0.1,0.1,0.08,0.06,0.11,0.09,0.08,0.08,0.1,0.0,0.05,0.14,0.06,0.06,0.16,0.12,0.04,0.14,0.06,0.06,0.08,0.1,0.13,0.0,0.0,0.06,0.08,0.12,0.05,0.06,0.0,0.05,0.0,0.0,0.1,0.12,0.06,0.1,0.04,0.0,0.14,0.1,0.0,0.0,0.0,0.04,0.12,0.0,0.04,0.06,0.04,0.0,0.0,0.04,0.06,0.04,0.05,0.1,0.08,0.04,0.17,0.06,0.09,0.05
bouillabaisse,0.0,0.0,0.07,0.0,0.0,0.0,0.04,0.06,0.04,0.08,0.0,0.0,0.04,1.0,0.04,0.0,0.05,0.08,0.0,0.0,0.07,0.0,0.04,0.09,0.04,0.07,0.0,0.04,0.0,0.07,0.12,0.08,0.0,0.07,0.07,0.08,0.0,0.0,0.0,0.0,0.0,0.0,0.0,0.0,0.02,0.0,0.0,0.04,0.0,0.08,0.06,0.06,0.06,0.0,0.0,0.07,0.03,0.05,0.0,0.0,0.0,0.0,0.03,0.08,0.0,0.03,0.0,0.0,0.06,0.04,0.0,0.0,0.11,0.0,0.04,0.1,0.0,0.0,0.0,0.04,0.04,0.07,0.04,0.0,0.07,0.1,0.0,0.0,0.0,0.04,0.04,0.04,0.06,0.08,0.04,0.04,0.04,0.04,0.04,0.08,0.04,0.04,0.0,0.04,0.04,0.04,0.06,0.0,0.0,0.04,0.03,0.0,0.04,0.04,0.07,0.04,0.04,0.06,0.04,0.03,0.0,0.04,0.0,0.04,0.04,0.0,0.04,0.04,0.0,0.04,0.12,0.06,0.04,0.0,0.12,0.04,0.1,0.04,0.08,0.07,0.0,0.0,0.0,0.0,0.0,0.0,0.04,0.04,0.0,0.04,0.04,0.1,0.08,0.07,0.0,0.07,0.04,0.05,0.0,0.0,0.0,0.0,0.08,0.08,0.09,0.06,0.04,0.1,0.07,0.04,0.04,0.0,0.08,0.08,0.04,0.0,0.12,0.08,0.03,0.08,0.08,0.0,0.12,0.04,0.0,0.0,0.04,0.04,0.04,0.1,0.04,0.0,0.0,0.03,0.12,0.04,0.09,0.04,0.04,0.0,0.08,0.04,0.0,0.06,0.04,0.04,0.08,0.08,0.08,0.0,0.07,0.04,0.04,0.08,0.07,0.04,0.0,0.0,0.04,0.1,0.04,0.0,0.03,0.06,0.04,0.0,0.0,0.0,0.04,0.04,0.04,0.0,0.1,0.05,0.0,0.08,0.0,0.04,0.08,0.04,0.0,0.0,0.06,0.0,0.04,0.08,0.06,0.03,0.02,0.1,0.04,0.08,0.08,0.08,0.04,0.04,0.07,0.0,0.0,0.04,0.0,0.0,0.04,0.04,0.0,0.0,0.0,0.04,0.04,0.0,0.0,0.04,0.0,0.05,0.05,0.04,0.0,0.04,0.04,0.0,0.04,0.04,0.0,0.06,0.08,0.04,0.0,0.07,0.0,0.0,0.08,0.06,0.06,0.03,0.05,0.04,0.0,0.06,0.04,0.04,0.0,0.0,0.04,0.06,0.06,0.07,0.04,0.0,0.04,0.0,0.0,0.04,0.06,0.1,0.0,0.1,0.0,0.08,0.07,0.0,0.05,0.0,0.0,0.03,0.0,0.0,0.0,0.0,0.0,0.0,0.0,0.0,0.0,0.07,0.07,0.09,0.0,0.08,0.08,0.0,0.04
bowl di riso venere con uova e verdure,0.12,0.18,0.12,0.14,0.15,0.0,0.14,0.16,0.0,0.2,0.0,0.1,0.12,0.04,1.0,0.04,0.16,0.12,0.14,0.17,0.16,0.14,0.12,0.14,0.07,0.11,0.06,0.12,0.06,0.11,0.08,0.18,0.12,0.11,0.12,0.19,0.12,0.0,0.06,0.0,0.12,0.14,0.1,0.0,0.0,0.0,0.1,0.06,0.05,0.12,0.1,0.1,0.1,0.0,0.05,0.17,0.1,0.08,0.05,0.14,0.06,0.12,0.0,0.14,0.06,0.04,0.08,0.06,0.1,0.12,0.0,0.05,0.12,0.08,0.22,0.11,0.0,0.0,0.06,0.12,0.06,0.06,0.06,0.06,0.11,0.18,0.0,0.0,0.08,0.06,0.1,0.18,0.1,0.14,0.12,0.14,0.14,0.12,0.12,0.12,0.12,0.12,0.0,0.19,0.06,0.12,0.1,0.06,0.06,0.16,0.0,0.06,0.14,0.1,0.12,0.18,0.34,0.1,0.12,0.14,0.0,0.14,0.11,0.06,0.12,0.05,0.12,0.12,0.1,0.12,0.14,0.1,0.0,0.0,0.15,0.12,0.12,0.12,0.12,0.17,0.09,0.1,0.07,0.06,0.1,0.1,0.18,0.06,0.0,0.17,0.06,0.12,0.12,0.06,0.12,0.06,0.06,0.08,0.0,0.1,0.08,0.0,0.12,0.12,0.07,0.14,0.06,0.2,0.06,0.12,0.14,0.12,0.12,0.06,0.14,0.06,0.12,0.14,0.1,0.06,0.12,0.06,0.14,0.12,0.06,0.08,0.14,0.0,0.06,0.16,0.12,0.07,0.07,0.05,0.14,0.12,0.07,0.12,0.14,0.08,0.14,0.06,0.16,0.15,0.12,0.06,0.06,0.18,0.18,0.0,0.12,0.14,0.12,0.17,0.22,0.12,0.0,0.0,0.12,0.15,0.0,0.0,0.1,0.1,0.18,0.0,0.1,0.06,0.14,0.12,0.12,0.0,0.06,0.16,0.18,0.14,0.0,0.17,0.0,0.06,0.0,0.05,0.18,0.0,0.12,0.16,0.22,0.14,0.04,0.21,0.07,0.14,0.14,0.12,0.12,0.06,0.06,0.06,0.0,0.1,0.06,0.0,0.14,0.0,0.0,0.0,0.0,0.06,0.12,0.0,0.12,0.14,0.04,0.16,0.08,0.07,0.06,0.12,0.19,0.14,0.06,0.06,0.16,0.1,0.09,0.12,0.0,0.06,0.11,0.06,0.06,0.19,0.14,0.09,0.12,0.07,0.06,0.14,0.12,0.21,0.05,0.06,0.07,0.15,0.15,0.12,0.12,0.0,0.06,0.0,0.0,0.17,0.2,0.16,0.12,0.1,0.07,0.19,0.12,0.0,0.0,0.0,0.05,0.1,0.32,0.1,0.06,0.1,0.06,0.0,0.14,0.06,0.0,0.06,0.12,0.19,0.05,0.12,0.06,0.06,0.06
brodetto fanese,0.0,0.0,0.04,0.0,0.0,0.0,0.04,0.0,0.0,0.06,0.0,0.0,0.04,0.0,0.04,1.0,0.05,0.08,0.0,0.0,0.04,0.0,0.04,0.14,0.14,0.07,0.0,0.08,0.0,0.04,0.05,0.08,0.0,0.07,0.08,0.04,0.08,0.0,0.0,0.0,0.0,0.0,0.0,0.0,0.02,0.0,0.0,0.14,0.06,0.12,0.1,0.06,0.06,0.0,0.0,0.08,0.03,0.0,0.04,0.0,0.0,0.0,0.03,0.08,0.0,0.0,0.07,0.0,0.06,0.08,0.0,0.03,0.08,0.0,0.04,0.1,0.07,0.0,0.04,0.04,0.0,0.04,0.0,0.0,0.04,0.06,0.0,0.0,0.0,0.04,0.04,0.04,0.06,0.04,0.04,0.04,0.04,0.04,0.08,0.04,0.04,0.08,0.04,0.04,0.04,0.04,0.04,0.04,0.04,0.04,0.03,0.04,0.04,0.04,0.04,0.04,0.04,0.03,0.04,0.03,0.04,0.04,0.0,0.0,0.04,0.0,0.04,0.04,0.0,0.04,0.08,0.06,0.04,0.0,0.06,0.0,0.08,0.04,0.08,0.04,0.0,0.0,0.0,0.0,0.0,0.0,0.04,0.04,0.0,0.04,0.0,0.08,0.08,0.0,0.0,0.08,0.04,0.15,0.0,0.04,0.05,0.0,0.04,0.08,0.0,0.03,0.0,0.06,0.04,0.08,0.04,0.0,0.08,0.04,0.04,0.04,0.08,0.08,0.03,0.08,0.08,0.04,0.08,0.04,0.08,0.05,0.04,0.0,0.0,0.1,0.04,0.04,0.04,0.06,0.08,0.04,0.04,0.08,0.04,0.05,0.08,0.0,0.0,0.06,0.08,0.0,0.0,0.08,0.08,0.0,0.08,0.0,0.04,0.11,0.04,0.08,0.04,0.0,0.08,0.08,0.0,0.0,0.0,0.0,0.04,0.0,0.0,0.08,0.08,0.04,0.04,0.03,0.04,0.05,0.0,0.04,0.0,0.08,0.04,0.04,0.03,0.0,0.03,0.0,0.04,0.05,0.08,0.09,0.08,0.1,0.0,0.08,0.13,0.08,0.04,0.12,0.04,0.08,0.0,0.06,0.04,0.0,0.04,0.04,0.0,0.0,0.04,0.0,0.04,0.0,0.04,0.0,0.04,0.05,0.1,0.0,0.0,0.04,0.04,0.0,0.13,0.08,0.0,0.06,0.06,0.04,0.0,0.11,0.0,0.08,0.04,0.09,0.03,0.03,0.02,0.0,0.04,0.06,0.04,0.1,0.0,0.0,0.0,0.1,0.06,0.0,0.0,0.0,0.08,0.0,0.03,0.04,0.06,0.0,0.04,0.0,0.0,0.06,0.04,0.0,0.08,0.0,0.0,0.03,0.0,0.0,0.04,0.0,0.0,0.0,0.0,0.0,0.0,0.14,0.08,0.06,0.0,0.12,0.08,0.0,0.0
bruschetta con friggitelli alla griglia e burrata,0.04,0.15,0.12,0.14,0.11,0.0,0.14,0.12,0.0,0.18,0.0,0.06,0.2,0.05,0.16,0.05,1.0,0.2,0.16,0.09,0.18,0.1,0.13,0.16,0.08,0.12,0.06,0.12,0.06,0.12,0.08,0.13,0.14,0.12,0.12,0.2,0.07,0.0,0.0,0.06,0.07,0.15,0.06,0.0,0.0,0.0,0.0,0.06,0.06,0.13,0.11,0.11,0.11,0.0,0.0,0.18,0.06,0.09,0.0,0.1,0.06,0.12,0.0,0.14,0.07,0.05,0.08,0.07,0.12,0.12,0.0,0.06,0.13,0.0,0.16,0.12,0.0,0.0,0.06,0.06,0.07,0.22,0.06,0.07,0.12,0.19,0.0,0.0,0.08,0.06,0.12,0.13,0.17,0.14,0.14,0.14,0.16,0.14,0.12,0.14,0.13,0.12,0.0,0.14,0.07,0.14,0.12,0.06,0.07,0.12,0.0,0.07,0.23,0.17,0.18,0.13,0.12,0.11,0.12,0.15,0.0,0.14,0.06,0.07,0.12,0.06,0.13,0.12,0.06,0.12,0.14,0.1,0.0,0.0,0.16,0.06,0.12,0.12,0.13,0.12,0.05,0.11,0.0,0.0,0.12,0.0,0.13,0.0,0.0,0.0,0.06,0.12,0.14,0.06,0.14,0.12,0.0,0.04,0.0,0.21,0.16,0.0,0.14,0.13,0.08,0.14,0.07,0.14,0.06,0.2,0.16,0.2,0.14,0.34,0.14,0.07,0.14,0.14,0.1,0.07,0.14,0.07,0.22,0.2,0.06,0.08,0.14,0.0,0.07,0.12,0.14,0.08,0.08,0.06,0.14,0.14,0.08,0.13,0.16,0.08,0.14,0.07,0.12,0.11,0.12,0.07,0.06,0.13,0.13,0.0,0.12,0.07,0.12,0.23,0.24,0.36,0.0,0.0,0.14,0.2,0.0,0.0,0.06,0.06,0.13,0.0,0.06,0.07,0.14,0.14,0.13,0.0,0.06,0.26,0.13,0.07,0.0,0.12,0.0,0.14,0.0,0.06,0.14,0.0,0.12,0.13,0.18,0.1,0.04,0.12,0.48,0.14,0.14,0.13,0.14,0.06,0.0,0.14,0.0,0.12,0.07,0.0,0.16,0.0,0.0,0.0,0.0,0.07,0.13,0.0,0.07,0.08,0.04,0.16,0.08,0.08,0.0,0.13,0.14,0.1,0.07,0.14,0.12,0.11,0.1,0.12,0.0,0.06,0.12,0.07,0.07,0.2,0.16,0.05,0.13,0.08,0.07,0.1,0.14,0.17,0.0,0.0,0.08,0.11,0.16,0.06,0.07,0.0,0.06,0.0,0.0,0.12,0.16,0.08,0.12,0.06,0.0,0.18,0.12,0.0,0.0,0.0,0.06,0.16,0.0,0.06,0.07,0.06,0.0,0.0,0.05,0.07,0.0,0.06,0.12,0.1,0.06,0.13,0.3,0.12,0.06
bruschette con carciofi e stracciatella,0.06,0.12,0.1,0.11,0.08,0.0,0.11,0.26,0.0,0.14,0.0,0.09,0.1,0.08,0.12,0.08,0.2,1.0,0.12,0.07,0.14,0.11,0.1,0.18,0.12,0.14,0.05,0.14,0.04,0.12,0.13,0.15,0.1,0.18,0.14,0.16,0.06,0.0,0.0,0.0,0.06,0.16,0.04,0.0,0.03,0.0,0.0,0.14,0.04,0.2,0.08,0.12,0.12,0.0,0.09,0.14,0.08,0.07,0.0,0.08,0.05,0.1,0.04,0.17,0.06,0.08,0.06,0.06,0.09,0.1,0.0,0.04,0.2,0.0,0.12,0.14,0.0,0.05,0.05,0.05,0.06,0.09,0.05,0.06,0.09,0.19,0.0,0.0,0.06,0.09,0.09,0.1,0.09,0.11,0.16,0.17,0.12,0.1,0.1,0.1,0.1,0.1,0.0,0.1,0.06,0.1,0.09,0.05,0.06,0.09,0.08,0.06,0.12,0.09,0.14,0.1,0.14,0.08,0.1,0.08,0.05,0.11,0.04,0.06,0.14,0.09,0.1,0.1,0.04,0.1,0.17,0.16,0.0,0.0,0.12,0.05,0.14,0.1,0.15,0.1,0.08,0.12,0.0,0.0,0.18,0.0,0.1,0.06,0.0,0.06,0.05,0.19,0.16,0.04,0.1,0.31,0.05,0.1,0.04,0.06,0.13,0.0,0.1,0.1,0.06,0.11,0.06,0.17,0.09,0.1,0.12,0.1,0.21,0.11,0.3,0.06,0.16,0.17,0.08,0.11,0.38,0.06,0.17,0.1,0.05,0.06,0.17,0.0,0.06,0.13,0.1,0.06,0.06,0.12,0.35,0.16,0.12,0.1,0.12,0.06,0.17,0.06,0.13,0.12,0.1,0.06,0.05,0.15,0.15,0.0,0.1,0.06,0.1,0.18,0.14,0.1,0.0,0.0,0.1,0.12,0.0,0.06,0.04,0.04,0.1,0.0,0.04,0.06,0.11,0.1,0.15,0.0,0.1,0.17,0.1,0.11,0.04,0.1,0.06,0.06,0.0,0.09,0.11,0.0,0.1,0.36,0.3,0.08,0.04,0.13,0.06,0.17,0.17,0.15,0.1,0.15,0.04,0.06,0.0,0.09,0.06,0.0,0.12,0.12,0.06,0.0,0.0,0.06,0.1,0.04,0.06,0.06,0.03,0.13,0.13,0.12,0.0,0.1,0.1,0.12,0.17,0.11,0.09,0.08,0.19,0.1,0.0,0.1,0.18,0.06,0.34,0.16,0.12,0.04,0.1,0.06,0.06,0.08,0.1,0.13,0.0,0.0,0.06,0.12,0.12,0.05,0.06,0.0,0.1,0.0,0.0,0.14,0.12,0.06,0.05,0.04,0.0,0.16,0.1,0.04,0.13,0.0,0.08,0.08,0.0,0.04,0.06,0.08,0.0,0.0,0.04,0.06,0.04,0.14,0.19,0.16,0.08,0.15,0.1,0.09,0.05
bucatini all’amatriciana,0.0,0.0,0.12,0.0,0.0,0.0,0.14,0.1,0.0,0.18,0.0,0.0,0.12,0.0,0.14,0.0,0.16,0.12,1.0,0.0,0.16,0.0,0.12,0.14,0.07,0.11,0.0,0.12,0.0,0.11,0.08,0.12,0.0,0.11,0.12,0.12,0.06,0.0,0.0,0.0,0.0,0.0,0.0,0.0,0.0,0.0,0.0,0.06,0.05,0.18,0.15,0.1,0.1,0.0,0.0,0.17,0.05,0.12,0.05,0.0,0.0,0.0,0.0,0.14,0.0,0.04,0.08,0.0,0.1,0.12,0.0,0.05,0.12,0.0,0.22,0.11,0.0,0.0,0.06,0.06,0.06,0.06,0.06,0.0,0.11,0.2,0.0,0.0,0.0,0.06,0.1,0.12,0.1,0.14,0.19,0.14,0.14,0.12,0.12,0.12,0.12,0.12,0.0,0.12,0.06,0.12,0.1,0.06,0.06,0.11,0.0,0.06,0.14,0.1,0.12,0.12,0.12,0.1,0.12,0.14,0.0,0.14,0.0,0.06,0.12,0.0,0.18,0.12,0.0,0.17,0.14,0.14,0.06,0.0,0.15,0.06,0.12,0.17,0.12,0.17,0.0,0.0,0.0,0.0,0.0,0.0,0.12,0.0,0.0,0.0,0.06,0.12,0.12,0.06,0.0,0.06,0.0,0.12,0.0,0.07,0.08,0.0,0.12,0.12,0.07,0.14,0.06,0.14,0.06,0.12,0.14,0.0,0.12,0.06,0.14,0.06,0.12,0.14,0.1,0.06,0.12,0.06,0.14,0.12,0.06,0.08,0.14,0.0,0.14,0.1,0.19,0.07,0.07,0.05,0.14,0.12,0.07,0.12,0.14,0.08,0.14,0.06,0.0,0.1,0.17,0.06,0.06,0.12,0.12,0.0,0.12,0.06,0.12,0.17,0.16,0.12,0.0,0.0,0.12,0.15,0.0,0.0,0.05,0.05,0.12,0.0,0.0,0.14,0.14,0.12,0.18,0.0,0.06,0.2,0.0,0.06,0.0,0.12,0.0,0.06,0.0,0.0,0.13,0.0,0.17,0.12,0.18,0.1,0.04,0.1,0.07,0.14,0.14,0.12,0.19,0.06,0.0,0.06,0.07,0.1,0.06,0.0,0.14,0.0,0.0,0.0,0.0,0.12,0.12,0.05,0.06,0.07,0.04,0.16,0.08,0.07,0.0,0.12,0.12,0.0,0.06,0.06,0.0,0.1,0.09,0.17,0.0,0.06,0.0,0.06,0.06,0.19,0.14,0.09,0.12,0.07,0.06,0.09,0.12,0.16,0.0,0.0,0.07,0.1,0.15,0.06,0.06,0.0,0.06,0.0,0.0,0.12,0.15,0.08,0.06,0.05,0.0,0.16,0.12,0.0,0.0,0.0,0.0,0.15,0.0,0.0,0.06,0.0,0.0,0.0,0.0,0.0,0.0,0.06,0.12,0.14,0.0,0.18,0.06,0.0,0.12
burek al formaggio,0.0,0.0,0.06,0.0,0.0,0.0,0.08,0.06,0.0,0.08,0.0,0.0,0.07,0.0,0.17,0.0,0.09,0.07,0.0,1.0,0.06,0.0,0.07,0.08,0.08,0.06,0.0,0.06,0.0,0.04,0.0,0.14,0.0,0.06,0.06,0.08,0.15,0.0,0.08,0.0,0.0,0.0,0.0,0.0,0.0,0.0,0.0,0.06,0.06,0.07,0.12,0.06,0.06,0.0,0.06,0.06,0.0,0.0,0.06,0.0,0.0,0.0,0.0,0.08,0.0,0.0,0.09,0.0,0.06,0.06,0.0,0.06,0.07,0.0,0.17,0.06,0.0,0.0,0.07,0.06,0.0,0.06,0.0,0.0,0.06,0.09,0.0,0.0,0.0,0.06,0.06,0.14,0.06,0.08,0.15,0.08,0.08,0.08,0.06,0.08,0.07,0.06,0.0,0.15,0.16,0.08,0.06,0.07,0.08,0.13,0.0,0.08,0.08,0.06,0.06,0.07,0.14,0.06,0.06,0.11,0.0,0.08,0.0,0.0,0.06,0.0,0.07,0.06,0.0,0.06,0.08,0.06,0.0,0.0,0.06,0.07,0.06,0.06,0.07,0.06,0.0,0.0,0.0,0.0,0.0,0.11,0.14,0.08,0.0,0.08,0.0,0.06,0.08,0.0,0.0,0.06,0.06,0.04,0.0,0.12,0.09,0.0,0.08,0.07,0.0,0.06,0.0,0.12,0.0,0.08,0.08,0.0,0.08,0.0,0.08,0.08,0.08,0.08,0.06,0.08,0.08,0.08,0.08,0.08,0.06,0.09,0.08,0.0,0.0,0.06,0.08,0.08,0.08,0.06,0.08,0.08,0.0,0.07,0.08,0.09,0.08,0.0,0.0,0.12,0.06,0.0,0.0,0.14,0.14,0.0,0.06,0.0,0.06,0.1,0.13,0.07,0.0,0.0,0.08,0.14,0.0,0.0,0.06,0.06,0.21,0.0,0.0,0.08,0.08,0.08,0.07,0.0,0.0,0.1,0.0,0.08,0.0,0.14,0.0,0.0,0.06,0.0,0.1,0.0,0.06,0.1,0.16,0.11,0.0,0.06,0.0,0.08,0.08,0.07,0.08,0.07,0.06,0.08,0.0,0.06,0.08,0.0,0.08,0.0,0.0,0.0,0.0,0.0,0.07,0.0,0.15,0.08,0.04,0.09,0.09,0.0,0.08,0.07,0.15,0.0,0.08,0.08,0.0,0.06,0.06,0.06,0.0,0.14,0.0,0.08,0.0,0.11,0.06,0.06,0.05,0.0,0.08,0.1,0.08,0.18,0.0,0.07,0.0,0.12,0.06,0.14,0.08,0.0,0.06,0.0,0.0,0.14,0.12,0.09,0.2,0.06,0.08,0.12,0.06,0.0,0.0,0.0,0.0,0.06,0.08,0.0,0.08,0.0,0.0,0.0,0.0,0.0,0.0,0.06,0.06,0.06,0.0,0.07,0.08,0.0,0.0
"burrito di pollo, la ricetta di un classico della cucina tex-mex",0.03,0.18,0.13,0.16,0.12,0.0,0.16,0.16,0.0,0.21,0.0,0.08,0.14,0.07,0.16,0.04,0.18,0.14,0.16,0.06,1.0,0.1,0.18,0.16,0.11,0.16,0.09,0.13,0.08,0.14,0.12,0.14,0.14,0.12,0.18,0.14,0.05,0.0,0.0,0.0,0.1,0.14,0.08,0.05,0.0,0.0,0.0,0.08,0.04,0.14,0.08,0.12,0.12,0.0,0.0,0.22,0.08,0.12,0.0,0.21,0.13,0.13,0.0,0.16,0.1,0.07,0.06,0.1,0.12,0.13,0.0,0.04,0.18,0.0,0.16,0.12,0.0,0.0,0.04,0.08,0.1,0.12,0.09,0.1,0.12,0.21,0.0,0.0,0.12,0.04,0.12,0.14,0.16,0.16,0.14,0.16,0.16,0.14,0.13,0.14,0.14,0.13,0.0,0.14,0.05,0.44,0.12,0.09,0.05,0.12,0.0,0.05,0.16,0.12,0.13,0.14,0.13,0.12,0.13,0.14,0.0,0.16,0.08,0.1,0.13,0.08,0.14,0.13,0.08,0.13,0.16,0.11,0.0,0.0,0.2,0.09,0.13,0.13,0.14,0.13,0.04,0.12,0.0,0.0,0.12,0.0,0.14,0.05,0.0,0.0,0.08,0.13,0.14,0.08,0.14,0.08,0.0,0.03,0.04,0.06,0.06,0.0,0.14,0.14,0.11,0.17,0.1,0.18,0.08,0.14,0.16,0.14,0.19,0.1,0.16,0.05,0.14,0.2,0.11,0.05,0.14,0.05,0.16,0.14,0.04,0.06,0.16,0.0,0.1,0.12,0.14,0.06,0.06,0.04,0.16,0.14,0.11,0.14,0.16,0.06,0.16,0.1,0.12,0.12,0.13,0.1,0.09,0.14,0.14,0.0,0.13,0.1,0.13,0.2,0.21,0.14,0.0,0.0,0.14,0.18,0.0,0.0,0.08,0.08,0.14,0.0,0.08,0.05,0.16,0.44,0.44,0.28,0.08,0.18,0.14,0.1,0.0,0.13,0.0,0.1,0.0,0.08,0.16,0.04,0.13,0.15,0.2,0.11,0.06,0.12,0.11,0.16,0.16,0.14,0.14,0.04,0.04,0.05,0.0,0.12,0.05,0.0,0.16,0.0,0.0,0.0,0.0,0.1,0.14,0.0,0.05,0.11,0.02,0.18,0.12,0.11,0.0,0.14,0.14,0.11,0.05,0.05,0.12,0.12,0.1,0.13,0.0,0.08,0.12,0.05,0.1,0.22,0.18,0.04,0.16,0.11,0.05,0.1,0.14,0.16,0.0,0.0,0.11,0.12,0.2,0.08,0.1,0.0,0.04,0.0,0.0,0.13,0.2,0.12,0.04,0.08,0.0,0.2,0.13,0.0,0.06,0.0,0.08,0.16,0.0,0.08,0.05,0.04,0.0,0.0,0.07,0.1,0.0,0.04,0.13,0.11,0.04,0.14,0.05,0.04,0.08
cacciucco,0.0,0.0,0.07,0.0,0.0,0.05,0.08,0.06,0.0,0.11,0.0,0.0,0.08,0.0,0.14,0.0,0.1,0.11,0.0,0.0,0.1,1.0,0.08,0.14,0.09,0.14,0.0,0.07,0.0,0.09,0.12,0.11,0.0,0.1,0.1,0.16,0.04,0.0,0.0,0.0,0.0,0.0,0.0,0.0,0.02,0.0,0.06,0.07,0.04,0.18,0.12,0.1,0.1,0.0,0.0,0.1,0.06,0.08,0.04,0.0,0.0,0.0,0.03,0.12,0.0,0.08,0.04,0.0,0.06,0.07,0.0,0.06,0.11,0.0,0.14,0.2,0.04,0.0,0.04,0.04,0.04,0.07,0.04,0.0,0.07,0.14,0.0,0.0,0.0,0.04,0.06,0.08,0.13,0.12,0.12,0.08,0.09,0.08,0.07,0.08,0.08,0.1,0.04,0.08,0.04,0.08,0.06,0.04,0.04,0.07,0.03,0.04,0.09,0.06,0.1,0.11,0.07,0.06,0.07,0.08,0.0,0.08,0.0,0.04,0.07,0.0,0.11,0.07,0.0,0.1,0.12,0.12,0.08,0.0,0.1,0.04,0.1,0.1,0.11,0.18,0.0,0.0,0.0,0.0,0.0,0.0,0.08,0.04,0.0,0.04,0.04,0.1,0.12,0.1,0.0,0.07,0.04,0.17,0.0,0.04,0.05,0.0,0.08,0.08,0.04,0.08,0.04,0.1,0.07,0.08,0.09,0.0,0.16,0.08,0.12,0.04,0.16,0.12,0.06,0.12,0.16,0.08,0.16,0.08,0.04,0.05,0.08,0.0,0.08,0.16,0.08,0.04,0.04,0.06,0.12,0.08,0.14,0.08,0.09,0.05,0.12,0.08,0.0,0.1,0.1,0.04,0.04,0.11,0.11,0.0,0.07,0.08,0.07,0.13,0.1,0.08,0.0,0.0,0.08,0.1,0.0,0.0,0.03,0.04,0.08,0.0,0.0,0.08,0.08,0.12,0.11,0.0,0.14,0.12,0.0,0.08,0.0,0.07,0.04,0.04,0.0,0.0,0.08,0.0,0.1,0.1,0.11,0.06,0.02,0.16,0.04,0.12,0.16,0.11,0.12,0.08,0.04,0.08,0.04,0.06,0.04,0.0,0.09,0.04,0.0,0.0,0.0,0.12,0.08,0.03,0.04,0.04,0.02,0.1,0.1,0.04,0.0,0.08,0.08,0.0,0.12,0.08,0.0,0.1,0.08,0.1,0.0,0.07,0.0,0.08,0.08,0.12,0.09,0.12,0.08,0.04,0.04,0.06,0.08,0.1,0.0,0.0,0.04,0.12,0.1,0.04,0.04,0.0,0.07,0.0,0.0,0.07,0.1,0.05,0.04,0.04,0.0,0.12,0.07,0.0,0.05,0.0,0.0,0.12,0.0,0.0,0.04,0.0,0.0,0.0,0.0,0.0,0.0,0.14,0.14,0.2,0.0,0.15,0.08,0.0,0.07
caesar salad con salsa alla senape,0.03,0.12,0.1,0.11,0.12,0.06,0.24,0.09,0.0,0.2,0.0,0.04,0.1,0.04,0.12,0.04,0.13,0.1,0.12,0.07,0.18,0.08,1.0,0.24,0.06,0.14,0.05,0.1,0.04,0.09,0.06,0.1,0.1,0.14,0.1,0.1,0.06,0.0,0.0,0.04,0.06,0.12,0.08,0.06,0.03,0.0,0.0,0.05,0.04,0.1,0.08,0.08,0.08,0.0,0.0,0.14,0.08,0.07,0.0,0.12,0.05,0.14,0.0,0.11,0.06,0.16,0.06,0.06,0.19,0.1,0.07,0.04,0.1,0.0,0.18,0.22,0.0,0.0,0.05,0.05,0.1,0.04,0.05,0.06,0.14,0.19,0.0,0.07,0.06,0.04,0.3,0.32,0.26,0.34,0.2,0.21,0.19,0.32,0.31,0.23,0.18,0.24,0.05,0.27,0.06,0.32,0.18,0.05,0.11,0.3,0.0,0.06,0.34,0.26,0.22,0.28,0.31,0.38,0.26,0.44,0.0,0.17,0.04,0.18,0.1,0.04,0.15,0.1,0.09,0.2,0.11,0.08,0.0,0.0,0.12,0.05,0.1,0.1,0.1,0.1,0.04,0.08,0.0,0.05,0.09,0.0,0.22,0.0,0.0,0.0,0.05,0.1,0.16,0.04,0.1,0.05,0.0,0.03,0.0,0.06,0.06,0.0,0.1,0.1,0.06,0.15,0.06,0.11,0.04,0.1,0.12,0.1,0.1,0.06,0.11,0.06,0.1,0.11,0.08,0.06,0.1,0.06,0.11,0.1,0.05,0.06,0.11,0.0,0.11,0.09,0.1,0.06,0.06,0.04,0.11,0.1,0.16,0.2,0.12,0.06,0.11,0.1,0.09,0.12,0.2,0.18,0.05,0.1,0.1,0.0,0.1,0.06,0.1,0.14,0.14,0.1,0.0,0.0,0.1,0.12,0.0,0.0,0.33,0.17,0.22,0.0,0.04,0.06,0.11,0.1,0.1,0.0,0.05,0.24,0.1,0.06,0.0,0.1,0.0,0.16,0.0,0.09,0.14,0.0,0.1,0.1,0.14,0.08,0.12,0.09,0.06,0.11,0.11,0.1,0.16,0.05,0.0,0.06,0.0,0.19,0.06,0.0,0.12,0.0,0.0,0.0,0.0,0.1,0.1,0.0,0.06,0.06,0.03,0.23,0.06,0.06,0.0,0.1,0.16,0.12,0.06,0.06,0.09,0.08,0.08,0.1,0.0,0.05,0.09,0.11,0.06,0.16,0.26,0.04,0.1,0.12,0.06,0.08,0.1,0.13,0.0,0.0,0.06,0.25,0.25,0.2,0.22,0.0,0.1,0.0,0.0,0.2,0.29,0.19,0.05,0.3,0.0,0.26,0.18,0.04,0.0,0.0,0.04,0.18,0.0,0.04,0.06,0.04,0.0,0.0,0.04,0.06,0.0,0.05,0.1,0.08,0.04,0.1,0.06,0.04,0.05
calamarata con salsa di soia,0.08,0.14,0.12,0.14,0.1,0.0,0.24,0.1,0.0,0.18,0.0,0.16,0.18,0.09,0.14,0.14,0.16,0.18,0.14,0.08,0.16,0.14,0.24,1.0,0.38,0.16,0.06,0.12,0.06,0.14,0.16,0.18,0.12,0.16,0.17,0.12,0.06,0.0,0.0,0.0,0.06,0.18,0.05,0.0,0.04,0.0,0.0,0.12,0.05,0.18,0.1,0.15,0.15,0.0,0.0,0.17,0.05,0.08,0.0,0.09,0.06,0.12,0.05,0.2,0.06,0.15,0.08,0.06,0.19,0.12,0.0,0.15,0.18,0.0,0.14,0.26,0.06,0.06,0.06,0.06,0.06,0.11,0.06,0.06,0.11,0.2,0.05,0.0,0.08,0.06,0.23,0.22,0.23,0.26,0.21,0.22,0.2,0.32,0.24,0.22,0.19,0.2,0.0,0.32,0.14,0.25,0.22,0.12,0.06,0.29,0.05,0.06,0.27,0.23,0.18,0.22,0.24,0.26,0.3,0.26,0.06,0.26,0.11,0.16,0.12,0.05,0.12,0.12,0.05,0.2,0.2,0.14,0.0,0.0,0.15,0.06,0.23,0.12,0.18,0.12,0.09,0.15,0.0,0.0,0.16,0.0,0.22,0.12,0.06,0.23,0.12,0.17,0.19,0.06,0.12,0.12,0.12,0.12,0.06,0.07,0.08,0.0,0.12,0.12,0.07,0.14,0.06,0.16,0.11,0.12,0.14,0.12,0.19,0.14,0.14,0.06,0.19,0.2,0.1,0.14,0.19,0.06,0.2,0.12,0.06,0.08,0.14,0.07,0.06,0.16,0.12,0.14,0.14,0.15,0.2,0.12,0.23,0.2,0.14,0.08,0.2,0.06,0.16,0.15,0.2,0.16,0.06,0.18,0.18,0.0,0.12,0.06,0.12,0.21,0.16,0.12,0.0,0.0,0.12,0.15,0.0,0.06,0.22,0.15,0.22,0.06,0.1,0.06,0.14,0.19,0.12,0.0,0.12,0.24,0.12,0.14,0.05,0.12,0.06,0.15,0.0,0.05,0.13,0.0,0.12,0.16,0.18,0.1,0.15,0.16,0.07,0.2,0.2,0.18,0.12,0.18,0.11,0.06,0.07,0.19,0.06,0.0,0.14,0.07,0.0,0.0,0.0,0.06,0.12,0.0,0.06,0.07,0.04,0.24,0.16,0.07,0.0,0.12,0.12,0.19,0.14,0.14,0.1,0.1,0.14,0.12,0.0,0.12,0.16,0.06,0.12,0.19,0.23,0.04,0.16,0.07,0.06,0.09,0.12,0.16,0.0,0.0,0.07,0.25,0.25,0.14,0.19,0.0,0.12,0.0,0.0,0.2,0.28,0.18,0.06,0.22,0.0,0.29,0.18,0.05,0.08,0.0,0.05,0.18,0.0,0.05,0.06,0.1,0.0,0.0,0.04,0.06,0.0,0.12,0.17,0.14,0.1,0.18,0.12,0.11,0.06
calamarata napoletana,0.08,0.04,0.06,0.06,0.05,0.0,0.06,0.0,0.0,0.07,0.0,0.05,0.06,0.04,0.07,0.14,0.08,0.12,0.07,0.08,0.11,0.09,0.06,0.38,1.0,0.16,0.0,0.12,0.06,0.08,0.08,0.12,0.06,0.16,0.17,0.06,0.06,0.0,0.0,0.0,0.0,0.14,0.0,0.0,0.04,0.0,0.0,0.17,0.05,0.12,0.15,0.1,0.1,0.0,0.0,0.06,0.0,0.0,0.0,0.09,0.06,0.06,0.05,0.14,0.0,0.0,0.08,0.0,0.05,0.06,0.0,0.05,0.18,0.0,0.07,0.11,0.0,0.06,0.06,0.0,0.0,0.11,0.0,0.0,0.06,0.1,0.0,0.0,0.0,0.06,0.05,0.06,0.1,0.06,0.06,0.06,0.07,0.06,0.06,0.06,0.06,0.06,0.0,0.06,0.06,0.06,0.05,0.06,0.06,0.06,0.05,0.06,0.07,0.05,0.06,0.06,0.06,0.05,0.06,0.04,0.0,0.06,0.0,0.0,0.06,0.0,0.06,0.06,0.0,0.06,0.14,0.14,0.0,0.0,0.05,0.0,0.12,0.06,0.12,0.06,0.09,0.2,0.0,0.0,0.1,0.0,0.06,0.06,0.0,0.07,0.0,0.12,0.12,0.0,0.06,0.17,0.06,0.12,0.11,0.07,0.08,0.0,0.06,0.06,0.0,0.04,0.0,0.06,0.11,0.12,0.07,0.12,0.19,0.14,0.06,0.06,0.12,0.2,0.05,0.14,0.12,0.06,0.14,0.06,0.06,0.08,0.06,0.0,0.0,0.1,0.06,0.07,0.07,0.1,0.14,0.06,0.07,0.06,0.07,0.08,0.14,0.0,0.1,0.1,0.06,0.0,0.06,0.12,0.12,0.0,0.06,0.0,0.12,0.17,0.06,0.12,0.0,0.0,0.06,0.08,0.0,0.06,0.0,0.0,0.06,0.0,0.0,0.14,0.06,0.06,0.06,0.05,0.06,0.08,0.06,0.06,0.05,0.06,0.06,0.0,0.0,0.0,0.04,0.0,0.06,0.08,0.08,0.04,0.0,0.1,0.07,0.14,0.2,0.12,0.06,0.12,0.06,0.06,0.0,0.05,0.06,0.0,0.07,0.07,0.0,0.0,0.0,0.0,0.06,0.0,0.06,0.0,0.04,0.08,0.23,0.0,0.0,0.06,0.06,0.1,0.14,0.14,0.1,0.05,0.09,0.06,0.0,0.17,0.06,0.06,0.06,0.1,0.05,0.09,0.04,0.0,0.06,0.04,0.06,0.1,0.0,0.0,0.0,0.1,0.05,0.0,0.0,0.0,0.12,0.0,0.0,0.06,0.05,0.0,0.06,0.0,0.0,0.1,0.06,0.05,0.16,0.0,0.0,0.15,0.0,0.0,0.06,0.1,0.0,0.0,0.0,0.0,0.0,0.12,0.12,0.1,0.1,0.18,0.12,0.11,0.0
calamari ripieni,0.06,0.1,0.08,0.1,0.08,0.0,0.1,0.08,0.0,0.18,0.0,0.08,0.09,0.07,0.11,0.07,0.12,0.14,0.11,0.06,0.16,0.14,0.14,0.16,0.16,1.0,0.04,0.13,0.08,0.11,0.12,0.14,0.1,0.16,0.18,0.1,0.05,0.0,0.0,0.0,0.05,0.14,0.08,0.0,0.03,0.0,0.0,0.13,0.04,0.14,0.12,0.12,0.12,0.0,0.0,0.13,0.08,0.06,0.04,0.18,0.04,0.08,0.04,0.16,0.05,0.04,0.06,0.05,0.08,0.08,0.06,0.08,0.18,0.0,0.16,0.12,0.0,0.04,0.04,0.08,0.05,0.12,0.04,0.05,0.08,0.2,0.0,0.0,0.06,0.04,0.12,0.14,0.12,0.16,0.1,0.1,0.16,0.14,0.22,0.1,0.09,0.13,0.0,0.1,0.05,0.1,0.08,0.04,0.05,0.08,0.04,0.05,0.16,0.08,0.08,0.14,0.08,0.12,0.08,0.14,0.0,0.1,0.04,0.05,0.08,0.04,0.14,0.08,0.08,0.08,0.16,0.11,0.0,0.0,0.12,0.04,0.18,0.08,0.14,0.08,0.07,0.12,0.0,0.0,0.12,0.0,0.09,0.05,0.0,0.06,0.04,0.13,0.19,0.08,0.1,0.13,0.04,0.06,0.04,0.06,0.06,0.0,0.1,0.09,0.06,0.14,0.05,0.13,0.08,0.1,0.11,0.09,0.24,0.1,0.16,0.05,0.14,0.2,0.08,0.1,0.19,0.1,0.16,0.1,0.04,0.06,0.1,0.0,0.1,0.12,0.1,0.06,0.11,0.12,0.16,0.1,0.11,0.09,0.11,0.06,0.16,0.14,0.12,0.16,0.08,0.05,0.04,0.14,0.14,0.0,0.08,0.05,0.13,0.16,0.16,0.09,0.0,0.0,0.1,0.12,0.05,0.05,0.08,0.04,0.09,0.0,0.04,0.05,0.1,0.1,0.09,0.04,0.08,0.12,0.09,0.1,0.08,0.08,0.1,0.05,0.0,0.04,0.13,0.0,0.08,0.12,0.13,0.07,0.03,0.12,0.06,0.16,0.16,0.14,0.14,0.09,0.04,0.05,0.0,0.08,0.05,0.0,0.16,0.06,0.0,0.0,0.0,0.14,0.14,0.04,0.05,0.06,0.02,0.12,0.18,0.06,0.0,0.14,0.14,0.14,0.1,0.1,0.08,0.08,0.1,0.08,0.0,0.18,0.08,0.05,0.1,0.18,0.15,0.04,0.09,0.11,0.1,0.07,0.1,0.12,0.0,0.0,0.06,0.2,0.12,0.08,0.05,0.0,0.13,0.0,0.0,0.08,0.12,0.06,0.04,0.04,0.0,0.14,0.08,0.04,0.12,0.0,0.04,0.16,0.0,0.04,0.05,0.08,0.0,0.0,0.04,0.05,0.0,0.08,0.18,0.11,0.08,0.14,0.1,0.08,0.04
california roll,0.0,0.0,0.05,0.0,0.0,0.06,0.11,0.13,0.0,0.12,0.0,0.0,0.05,0.0,0.06,0.0,0.06,0.05,0.0,0.0,0.09,0.0,0.05,0.06,0.0,0.04,1.0,0.1,0.0,0.06,0.06,0.05,0.0,0.04,0.05,0.06,0.06,0.0,0.0,0.0,0.0,0.0,0.0,0.0,0.0,0.0,0.0,0.05,0.04,0.1,0.04,0.04,0.04,0.0,0.0,0.14,0.08,0.1,0.09,0.0,0.0,0.0,0.0,0.06,0.0,0.08,0.03,0.0,0.09,0.14,0.0,0.0,0.05,0.0,0.06,0.04,0.04,0.0,0.0,0.1,0.06,0.04,0.05,0.0,0.04,0.1,0.0,0.0,0.0,0.04,0.04,0.1,0.04,0.06,0.06,0.11,0.06,0.06,0.1,0.06,0.05,0.1,0.0,0.06,0.0,0.1,0.04,0.05,0.0,0.04,0.0,0.06,0.06,0.04,0.05,0.05,0.05,0.04,0.05,0.04,0.05,0.06,0.0,0.06,0.05,0.0,0.05,0.05,0.0,0.05,0.06,0.04,0.06,0.0,0.08,0.05,0.05,0.05,0.05,0.05,0.0,0.0,0.0,0.0,0.0,0.0,0.05,0.0,0.0,0.0,0.14,0.05,0.06,0.04,0.0,0.05,0.0,0.03,0.0,0.0,0.0,0.0,0.06,0.05,0.06,0.08,0.06,0.08,0.04,0.06,0.06,0.0,0.06,0.06,0.06,0.0,0.06,0.06,0.04,0.0,0.06,0.0,0.06,0.06,0.0,0.0,0.06,0.0,0.06,0.04,0.06,0.0,0.0,0.0,0.06,0.06,0.06,0.05,0.06,0.0,0.06,0.06,0.0,0.04,0.1,0.06,0.1,0.05,0.05,0.08,0.1,0.06,0.1,0.1,0.09,0.1,0.05,0.0,0.16,0.1,0.0,0.0,0.04,0.04,0.05,0.11,0.0,0.06,0.11,0.06,0.05,0.04,0.05,0.06,0.0,0.06,0.0,0.05,0.0,0.11,0.04,0.0,0.08,0.0,0.05,0.06,0.08,0.08,0.1,0.04,0.06,0.06,0.06,0.05,0.06,0.0,0.0,0.0,0.0,0.09,0.0,0.0,0.06,0.0,0.0,0.0,0.0,0.06,0.05,0.0,0.0,0.06,0.03,0.06,0.0,0.06,0.0,0.05,0.06,0.0,0.0,0.0,0.0,0.04,0.04,0.05,0.0,0.05,0.0,0.0,0.06,0.12,0.08,0.0,0.06,0.06,0.0,0.08,0.06,0.09,0.0,0.0,0.06,0.08,0.12,0.05,0.06,0.0,0.0,0.0,0.04,0.05,0.12,0.06,0.0,0.04,0.0,0.08,0.05,0.0,0.04,0.0,0.0,0.04,0.0,0.0,0.0,0.0,0.0,0.0,0.0,0.0,0.0,0.0,0.05,0.04,0.0,0.1,0.0,0.0,0.05
calzoni fritti con pomodoro e mozzarella,0.12,0.14,0.09,0.16,0.08,0.0,0.1,0.12,0.04,0.16,0.0,0.04,0.1,0.04,0.12,0.08,0.12,0.14,0.12,0.06,0.13,0.07,0.1,0.12,0.12,0.13,0.1,1.0,0.3,0.08,0.06,0.1,0.1,0.13,0.09,0.1,0.1,0.0,0.0,0.0,0.1,0.11,0.04,0.05,0.03,0.06,0.0,0.09,0.12,0.1,0.16,0.08,0.08,0.14,0.04,0.18,0.08,0.1,0.08,0.08,0.09,0.14,0.04,0.1,0.05,0.1,0.24,0.1,0.16,0.14,0.0,0.04,0.1,0.0,0.12,0.08,0.04,0.09,0.1,0.18,0.05,0.08,0.05,0.1,0.08,0.14,0.0,0.0,0.06,0.04,0.08,0.1,0.08,0.1,0.15,0.16,0.12,0.1,0.18,0.1,0.1,0.14,0.05,0.1,0.06,0.1,0.08,0.05,0.06,0.08,0.04,0.1,0.12,0.08,0.09,0.1,0.14,0.12,0.09,0.11,0.09,0.1,0.04,0.06,0.14,0.12,0.1,0.09,0.08,0.09,0.1,0.12,0.06,0.0,0.12,0.05,0.14,0.09,0.1,0.09,0.04,0.12,0.0,0.05,0.08,0.32,0.1,0.0,0.0,0.0,0.04,0.09,0.1,0.08,0.1,0.04,0.0,0.06,0.04,0.14,0.06,0.0,0.1,0.1,0.06,0.1,0.05,0.1,0.08,0.15,0.12,0.14,0.1,0.16,0.1,0.06,0.1,0.1,0.12,0.06,0.1,0.1,0.1,0.1,0.09,0.06,0.1,0.06,0.06,0.08,0.1,0.12,0.12,0.08,0.1,0.15,0.06,0.1,0.12,0.06,0.1,0.05,0.08,0.08,0.14,0.06,0.1,0.1,0.1,0.0,0.18,0.06,0.28,0.32,0.18,0.24,0.14,0.18,0.15,0.24,0.1,0.0,0.04,0.04,0.1,0.0,0.04,0.16,0.16,0.1,0.14,0.12,0.09,0.16,0.1,0.06,0.12,0.09,0.1,0.1,0.12,0.08,0.14,0.0,0.09,0.12,0.14,0.19,0.1,0.08,0.12,0.1,0.1,0.1,0.1,0.05,0.0,0.06,0.0,0.12,0.2,0.0,0.12,0.06,0.0,0.0,0.0,0.05,0.1,0.04,0.05,0.06,0.12,0.12,0.12,0.06,0.0,0.1,0.1,0.12,0.06,0.06,0.16,0.08,0.11,0.09,0.0,0.09,0.08,0.06,0.05,0.22,0.16,0.08,0.1,0.06,0.06,0.1,0.1,0.21,0.12,0.0,0.06,0.12,0.16,0.04,0.05,0.0,0.09,0.0,0.16,0.14,0.16,0.06,0.04,0.04,0.06,0.12,0.09,0.0,0.03,0.05,0.1,0.12,0.0,0.04,0.1,0.08,0.0,0.06,0.08,0.05,0.04,0.04,0.09,0.08,0.04,0.19,0.1,0.08,0.04
calzoni ripieni al forno alla siciliana,0.0,0.0,0.04,0.0,0.0,0.0,0.05,0.16,0.04,0.1,0.0,0.0,0.04,0.0,0.06,0.0,0.06,0.04,0.0,0.0,0.08,0.0,0.04,0.06,0.06,0.08,0.0,0.3,1.0,0.11,0.09,0.04,0.0,0.08,0.04,0.05,0.05,0.0,0.0,0.0,0.0,0.0,0.0,0.0,0.03,0.05,0.0,0.04,0.08,0.09,0.08,0.04,0.04,0.0,0.0,0.13,0.08,0.16,0.12,0.0,0.0,0.0,0.04,0.05,0.0,0.07,0.17,0.0,0.12,0.13,0.0,0.0,0.04,0.0,0.06,0.04,0.04,0.0,0.04,0.18,0.05,0.12,0.04,0.0,0.04,0.12,0.0,0.0,0.0,0.0,0.04,0.04,0.04,0.05,0.05,0.05,0.06,0.05,0.13,0.05,0.04,0.08,0.04,0.05,0.0,0.05,0.04,0.0,0.0,0.04,0.04,0.05,0.06,0.08,0.04,0.04,0.04,0.08,0.04,0.07,0.08,0.05,0.0,0.05,0.04,0.0,0.04,0.04,0.0,0.04,0.05,0.07,0.05,0.0,0.08,0.04,0.13,0.04,0.04,0.04,0.0,0.0,0.0,0.0,0.0,0.0,0.04,0.0,0.0,0.0,0.04,0.04,0.05,0.08,0.0,0.04,0.0,0.03,0.0,0.08,0.0,0.0,0.05,0.04,0.06,0.07,0.05,0.08,0.08,0.1,0.06,0.0,0.05,0.16,0.05,0.0,0.05,0.05,0.08,0.0,0.05,0.05,0.05,0.05,0.04,0.0,0.05,0.06,0.05,0.04,0.05,0.06,0.06,0.04,0.05,0.05,0.06,0.04,0.06,0.0,0.05,0.05,0.0,0.04,0.08,0.05,0.14,0.04,0.04,0.0,0.18,0.05,0.22,0.13,0.12,0.14,0.14,0.13,0.19,0.14,0.1,0.0,0.04,0.04,0.04,0.0,0.0,0.1,0.1,0.05,0.09,0.16,0.08,0.06,0.0,0.05,0.0,0.04,0.1,0.1,0.11,0.0,0.13,0.0,0.04,0.06,0.06,0.18,0.09,0.04,0.11,0.05,0.05,0.04,0.05,0.0,0.0,0.0,0.0,0.08,0.0,0.0,0.06,0.06,0.0,0.0,0.0,0.05,0.04,0.0,0.0,0.06,0.08,0.06,0.06,0.06,0.0,0.04,0.05,0.0,0.0,0.0,0.0,0.04,0.04,0.04,0.0,0.04,0.0,0.0,0.05,0.14,0.11,0.07,0.06,0.11,0.0,0.1,0.05,0.12,0.0,0.0,0.06,0.08,0.12,0.04,0.05,0.0,0.08,0.0,0.18,0.04,0.12,0.06,0.0,0.04,0.06,0.1,0.08,0.0,0.03,0.0,0.0,0.08,0.0,0.0,0.05,0.0,0.0,0.1,0.0,0.0,0.0,0.0,0.04,0.04,0.0,0.14,0.05,0.0,0.04
"cannelloni ricotta e spinaci, la ricetta che piaceva anche a d’annunzio",0.18,0.18,0.08,0.1,0.13,0.0,0.17,0.1,0.0,0.14,0.0,0.08,0.09,0.07,0.11,0.04,0.12,0.12,0.11,0.04,0.14,0.09,0.09,0.14,0.08,0.11,0.06,0.08,0.11,1.0,0.22,0.15,0.1,0.11,0.12,0.16,0.06,0.0,0.1,0.02,0.06,0.16,0.08,0.03,0.04,0.22,0.0,0.06,0.02,0.12,0.05,0.16,0.16,0.03,0.14,0.14,0.05,0.14,0.1,0.12,0.12,0.18,0.02,0.14,0.22,0.04,0.04,0.13,0.18,0.08,0.04,0.02,0.12,0.0,0.14,0.11,0.0,0.03,0.12,0.23,0.19,0.2,0.18,0.1,0.08,0.18,0.06,0.0,0.08,0.03,0.08,0.09,0.08,0.1,0.1,0.1,0.11,0.1,0.08,0.1,0.15,0.08,0.0,0.1,0.04,0.16,0.08,0.06,0.04,0.08,0.02,0.04,0.11,0.14,0.08,0.09,0.08,0.08,0.08,0.07,0.0,0.1,0.16,0.14,0.14,0.18,0.15,0.4,0.18,0.08,0.17,0.19,0.0,0.0,0.13,0.15,0.18,0.08,0.18,0.14,0.07,0.13,0.04,0.06,0.16,0.1,0.22,0.03,0.0,0.04,0.06,0.18,0.16,0.14,0.22,0.06,0.03,0.04,0.03,0.07,0.04,0.0,0.26,0.18,0.11,0.3,0.22,0.29,0.08,0.13,0.18,0.18,0.13,0.1,0.14,0.04,0.13,0.14,0.12,0.07,0.13,0.04,0.14,0.19,0.03,0.04,0.17,0.0,0.1,0.1,0.16,0.08,0.04,0.05,0.14,0.26,0.11,0.12,0.18,0.04,0.14,0.1,0.16,0.23,0.12,0.17,0.06,0.15,0.15,0.0,0.14,0.07,0.18,0.15,0.2,0.09,0.0,0.04,0.19,0.12,0.0,0.16,0.12,0.16,0.15,0.0,0.1,0.04,0.1,0.1,0.09,0.05,0.08,0.12,0.18,0.34,0.08,0.18,0.04,0.07,0.0,0.06,0.24,0.0,0.08,0.22,0.22,0.17,0.04,0.16,0.08,0.17,0.14,0.12,0.1,0.09,0.03,0.1,0.0,0.08,0.06,0.08,0.11,0.04,0.14,0.04,0.04,0.1,0.22,0.08,0.06,0.18,0.02,0.12,0.08,0.14,0.07,0.15,0.13,0.12,0.07,0.07,0.14,0.13,0.14,0.18,0.0,0.06,0.14,0.04,0.16,0.19,0.2,0.14,0.18,0.14,0.04,0.27,0.13,0.22,0.0,0.09,0.08,0.16,0.41,0.08,0.16,0.04,0.12,0.0,0.05,0.14,0.28,0.24,0.06,0.22,0.0,0.5,0.2,0.08,0.04,0.0,0.12,0.13,0.1,0.05,0.07,0.15,0.0,0.07,0.05,0.16,0.06,0.06,0.12,0.14,0.05,0.12,0.06,0.08,0.12
cappone ripieno,0.12,0.15,0.06,0.07,0.14,0.0,0.11,0.12,0.0,0.13,0.0,0.17,0.06,0.12,0.08,0.05,0.08,0.13,0.08,0.0,0.12,0.12,0.06,0.16,0.08,0.12,0.06,0.06,0.09,0.22,1.0,0.16,0.07,0.12,0.12,0.14,0.04,0.0,0.04,0.0,0.07,0.2,0.08,0.0,0.12,0.04,0.0,0.06,0.0,0.13,0.0,0.14,0.16,0.0,0.0,0.12,0.06,0.14,0.03,0.1,0.09,0.09,0.06,0.18,0.17,0.05,0.0,0.07,0.14,0.12,0.0,0.02,0.16,0.0,0.12,0.14,0.0,0.06,0.03,0.09,0.1,0.18,0.1,0.11,0.06,0.15,0.08,0.0,0.08,0.0,0.06,0.06,0.08,0.11,0.07,0.07,0.08,0.07,0.06,0.07,0.1,0.06,0.0,0.07,0.0,0.1,0.06,0.0,0.0,0.06,0.06,0.0,0.08,0.08,0.09,0.06,0.06,0.06,0.06,0.05,0.0,0.07,0.09,0.11,0.09,0.12,0.1,0.12,0.08,0.12,0.18,0.2,0.07,0.0,0.11,0.13,0.18,0.06,0.22,0.22,0.1,0.16,0.0,0.0,0.12,0.0,0.06,0.07,0.0,0.08,0.06,0.16,0.17,0.2,0.1,0.06,0.06,0.06,0.06,0.0,0.0,0.0,0.1,0.13,0.12,0.12,0.1,0.22,0.18,0.1,0.12,0.13,0.14,0.14,0.11,0.07,0.2,0.14,0.08,0.07,0.14,0.0,0.14,0.14,0.0,0.0,0.11,0.0,0.11,0.2,0.2,0.04,0.0,0.06,0.14,0.07,0.16,0.1,0.12,0.0,0.14,0.1,0.17,0.14,0.09,0.11,0.06,0.16,0.16,0.0,0.06,0.07,0.09,0.14,0.14,0.06,0.0,0.04,0.1,0.08,0.0,0.17,0.1,0.08,0.06,0.0,0.08,0.0,0.07,0.07,0.06,0.02,0.12,0.13,0.16,0.22,0.08,0.09,0.07,0.07,0.0,0.06,0.12,0.0,0.06,0.13,0.14,0.1,0.04,0.2,0.12,0.14,0.18,0.2,0.07,0.13,0.06,0.04,0.0,0.06,0.04,0.08,0.08,0.08,0.07,0.04,0.0,0.1,0.13,0.02,0.04,0.16,0.0,0.08,0.08,0.12,0.07,0.1,0.1,0.2,0.07,0.07,0.17,0.19,0.22,0.09,0.0,0.06,0.09,0.0,0.17,0.13,0.13,0.1,0.11,0.16,0.0,0.1,0.1,0.08,0.0,0.0,0.08,0.14,0.11,0.09,0.14,0.12,0.09,0.0,0.02,0.12,0.16,0.08,0.06,0.12,0.0,0.19,0.18,0.08,0.08,0.0,0.07,0.11,0.04,0.06,0.07,0.16,0.04,0.04,0.05,0.1,0.06,0.06,0.16,0.23,0.18,0.13,0.07,0.09,0.16
carbonara di asparagi vegetariana,0.1,0.19,0.1,0.11,0.08,0.0,0.11,0.13,0.0,0.14,0.0,0.13,0.1,0.08,0.18,0.08,0.13,0.15,0.12,0.14,0.14,0.11,0.1,0.18,0.12,0.14,0.05,0.1,0.04,0.15,0.16,1.0,0.1,0.14,0.14,0.1,0.16,0.0,0.1,0.0,0.06,0.16,0.04,0.0,0.03,0.06,0.0,0.1,0.04,0.15,0.08,0.12,0.12,0.0,0.04,0.14,0.04,0.1,0.09,0.12,0.05,0.1,0.04,0.17,0.06,0.04,0.06,0.06,0.13,0.1,0.0,0.04,0.15,0.06,0.24,0.14,0.0,0.05,0.05,0.1,0.06,0.14,0.1,0.06,0.09,0.17,0.0,0.0,0.06,0.04,0.09,0.15,0.09,0.11,0.1,0.11,0.12,0.1,0.1,0.16,0.1,0.1,0.0,0.16,0.06,0.1,0.09,0.05,0.06,0.14,0.04,0.06,0.12,0.13,0.1,0.1,0.19,0.08,0.1,0.12,0.0,0.11,0.09,0.11,0.1,0.09,0.15,0.14,0.09,0.1,0.22,0.16,0.06,0.0,0.12,0.15,0.14,0.1,0.15,0.1,0.12,0.12,0.06,0.1,0.13,0.08,0.15,0.1,0.0,0.12,0.05,0.14,0.21,0.04,0.21,0.1,0.1,0.06,0.04,0.08,0.06,0.0,0.1,0.15,0.12,0.11,0.1,0.22,0.09,0.16,0.12,0.15,0.16,0.11,0.22,0.06,0.16,0.22,0.12,0.11,0.16,0.06,0.17,0.16,0.05,0.06,0.11,0.0,0.11,0.18,0.1,0.12,0.06,0.08,0.17,0.1,0.12,0.15,0.12,0.06,0.22,0.1,0.18,0.21,0.14,0.06,0.05,0.25,0.25,0.0,0.1,0.06,0.14,0.18,0.18,0.1,0.0,0.0,0.16,0.12,0.0,0.1,0.16,0.18,0.2,0.0,0.04,0.06,0.17,0.1,0.1,0.0,0.1,0.17,0.15,0.22,0.04,0.14,0.06,0.06,0.0,0.04,0.14,0.0,0.1,0.16,0.22,0.16,0.04,0.13,0.06,0.17,0.17,0.15,0.1,0.15,0.09,0.06,0.0,0.13,0.06,0.06,0.12,0.06,0.06,0.0,0.0,0.06,0.15,0.04,0.16,0.18,0.03,0.13,0.13,0.06,0.06,0.1,0.21,0.12,0.11,0.11,0.09,0.08,0.16,0.14,0.0,0.1,0.09,0.06,0.1,0.16,0.16,0.12,0.1,0.06,0.06,0.15,0.16,0.22,0.04,0.1,0.06,0.21,0.38,0.32,0.16,0.06,0.1,0.0,0.0,0.19,0.21,0.13,0.19,0.13,0.06,0.24,0.1,0.08,0.06,0.0,0.08,0.12,0.06,0.04,0.11,0.12,0.0,0.0,0.08,0.06,0.0,0.14,0.14,0.12,0.08,0.15,0.1,0.09,0.05
"causa rellena, l’antipasto militante della cucina peruviana",0.0,0.0,0.1,0.0,0.0,0.0,0.12,0.09,0.0,0.15,0.0,0.0,0.1,0.0,0.12,0.0,0.14,0.1,0.0,0.0,0.14,0.0,0.1,0.12,0.06,0.1,0.0,0.1,0.0,0.1,0.07,0.1,1.0,0.1,0.1,0.11,0.06,0.0,0.06,0.0,0.0,0.0,0.0,0.0,0.0,0.0,0.0,0.05,0.04,0.1,0.09,0.09,0.09,0.0,0.0,0.15,0.04,0.08,0.0,0.0,0.0,0.0,0.0,0.12,0.0,0.08,0.06,0.0,0.09,0.1,0.0,0.04,0.1,0.0,0.12,0.1,0.0,0.0,0.06,0.05,0.06,0.1,0.1,0.0,0.1,0.16,0.0,0.0,0.0,0.05,0.09,0.1,0.09,0.12,0.11,0.12,0.12,0.11,0.1,0.11,0.1,0.1,0.0,0.11,0.06,0.16,0.09,0.06,0.06,0.1,0.0,0.12,0.12,0.09,0.1,0.1,0.1,0.09,0.1,0.12,0.0,0.12,0.0,0.06,0.1,0.0,0.1,0.1,0.0,0.1,0.12,0.08,0.0,0.0,0.14,0.06,0.1,0.1,0.1,0.15,0.0,0.0,0.0,0.0,0.0,0.0,0.1,0.0,0.0,0.06,0.05,0.15,0.11,0.05,0.0,0.05,0.05,0.04,0.0,0.06,0.07,0.0,0.11,0.1,0.06,0.12,0.06,0.12,0.05,0.11,0.12,0.0,0.11,0.06,0.12,0.06,0.11,0.12,0.08,0.06,0.11,0.06,0.12,0.11,0.05,0.07,0.12,0.0,0.06,0.09,0.11,0.06,0.06,0.04,0.12,0.11,0.06,0.1,0.12,0.07,0.12,0.06,0.0,0.09,0.15,0.06,0.1,0.1,0.1,0.08,0.1,0.06,0.1,0.15,0.14,0.1,0.0,0.04,0.11,0.14,0.0,0.0,0.04,0.04,0.1,0.0,0.0,0.06,0.12,0.16,0.1,0.0,0.1,0.18,0.0,0.06,0.0,0.15,0.0,0.06,0.0,0.0,0.12,0.05,0.1,0.1,0.16,0.08,0.04,0.09,0.06,0.12,0.18,0.1,0.11,0.1,0.0,0.12,0.0,0.14,0.06,0.0,0.12,0.0,0.0,0.0,0.0,0.06,0.1,0.0,0.06,0.12,0.03,0.2,0.07,0.06,0.06,0.16,0.11,0.0,0.06,0.06,0.0,0.09,0.08,0.1,0.0,0.05,0.0,0.06,0.06,0.16,0.13,0.04,0.1,0.06,0.06,0.08,0.16,0.14,0.0,0.0,0.06,0.14,0.14,0.05,0.06,0.06,0.05,0.0,0.0,0.15,0.14,0.07,0.05,0.04,0.0,0.14,0.15,0.0,0.0,0.0,0.0,0.09,0.0,0.0,0.12,0.0,0.0,0.0,0.0,0.0,0.0,0.05,0.1,0.08,0.0,0.1,0.06,0.0,0.05
cavatelli alla lucana,0.06,0.1,0.08,0.1,0.08,0.0,0.1,0.08,0.0,0.18,0.0,0.08,0.09,0.07,0.11,0.07,0.12,0.18,0.11,0.06,0.12,0.1,0.14,0.16,0.16,0.16,0.04,0.13,0.08,0.11,0.12,0.14,0.1,1.0,0.13,0.1,0.05,0.0,0.0,0.0,0.05,0.14,0.08,0.0,0.03,0.0,0.0,0.13,0.04,0.18,0.12,0.12,0.12,0.0,0.04,0.18,0.16,0.06,0.0,0.1,0.08,0.08,0.04,0.16,0.05,0.04,0.06,0.05,0.08,0.08,0.06,0.04,0.18,0.0,0.16,0.12,0.0,0.04,0.04,0.04,0.05,0.08,0.04,0.05,0.08,0.2,0.0,0.0,0.06,0.04,0.12,0.14,0.08,0.16,0.1,0.1,0.11,0.14,0.13,0.1,0.09,0.13,0.0,0.1,0.05,0.1,0.08,0.04,0.05,0.08,0.08,0.05,0.16,0.08,0.08,0.14,0.08,0.08,0.08,0.1,0.0,0.1,0.04,0.05,0.08,0.04,0.14,0.08,0.08,0.08,0.16,0.18,0.0,0.0,0.16,0.04,0.13,0.08,0.14,0.08,0.07,0.16,0.0,0.0,0.2,0.0,0.14,0.05,0.0,0.06,0.04,0.18,0.19,0.04,0.1,0.08,0.04,0.09,0.08,0.06,0.06,0.0,0.1,0.09,0.06,0.14,0.05,0.16,0.12,0.14,0.11,0.14,0.19,0.16,0.1,0.05,0.14,0.16,0.08,0.1,0.14,0.05,0.16,0.1,0.04,0.06,0.16,0.0,0.1,0.12,0.1,0.06,0.06,0.12,0.16,0.1,0.11,0.09,0.11,0.06,0.16,0.1,0.12,0.16,0.08,0.05,0.09,0.14,0.14,0.0,0.08,0.05,0.13,0.2,0.12,0.14,0.0,0.0,0.1,0.12,0.0,0.05,0.11,0.04,0.09,0.0,0.04,0.1,0.1,0.1,0.14,0.0,0.08,0.12,0.09,0.1,0.04,0.08,0.05,0.05,0.0,0.04,0.13,0.0,0.08,0.15,0.13,0.07,0.03,0.12,0.11,0.16,0.16,0.14,0.14,0.14,0.04,0.05,0.0,0.08,0.05,0.0,0.11,0.11,0.05,0.0,0.0,0.1,0.09,0.0,0.05,0.06,0.02,0.12,0.12,0.11,0.0,0.09,0.14,0.14,0.16,0.1,0.16,0.12,0.14,0.08,0.0,0.08,0.12,0.05,0.14,0.14,0.15,0.07,0.09,0.11,0.05,0.07,0.1,0.12,0.0,0.0,0.06,0.16,0.12,0.08,0.05,0.0,0.13,0.0,0.0,0.08,0.12,0.06,0.04,0.04,0.0,0.14,0.08,0.04,0.12,0.0,0.04,0.12,0.0,0.04,0.05,0.08,0.0,0.0,0.04,0.05,0.04,0.13,0.18,0.14,0.08,0.18,0.1,0.08,0.04
"cavatelli con cime di rapa, crema di fagioli e briciole di pane croccante alle alic",0.09,0.11,0.09,0.1,0.12,0.0,0.1,0.08,0.0,0.14,0.0,0.08,0.15,0.07,0.12,0.08,0.12,0.14,0.12,0.06,0.18,0.1,0.1,0.17,0.17,0.18,0.05,0.09,0.04,0.12,0.12,0.14,0.1,0.13,1.0,0.1,0.05,0.0,0.0,0.0,0.05,0.18,0.04,0.0,0.03,0.0,0.0,0.14,0.04,0.14,0.08,0.16,0.16,0.0,0.0,0.2,0.04,0.06,0.0,0.14,0.04,0.09,0.04,0.16,0.05,0.04,0.06,0.05,0.08,0.09,0.0,0.04,0.19,0.0,0.12,0.13,0.0,0.04,0.05,0.04,0.05,0.13,0.05,0.06,0.08,0.16,0.0,0.0,0.06,0.04,0.08,0.1,0.12,0.1,0.16,0.1,0.12,0.1,0.14,0.1,0.15,0.09,0.0,0.1,0.1,0.1,0.08,0.05,0.06,0.08,0.04,0.06,0.12,0.08,0.09,0.1,0.09,0.08,0.09,0.08,0.0,0.14,0.04,0.06,0.09,0.04,0.1,0.09,0.04,0.09,0.16,0.12,0.0,0.0,0.16,0.05,0.14,0.09,0.26,0.09,0.11,0.12,0.0,0.0,0.12,0.0,0.1,0.05,0.0,0.06,0.04,0.14,0.15,0.04,0.1,0.14,0.04,0.06,0.04,0.06,0.06,0.0,0.1,0.1,0.06,0.1,0.05,0.14,0.08,0.1,0.12,0.1,0.26,0.1,0.1,0.06,0.15,0.22,0.08,0.16,0.15,0.06,0.16,0.15,0.04,0.06,0.1,0.0,0.06,0.22,0.1,0.06,0.06,0.13,0.16,0.1,0.12,0.1,0.12,0.06,0.16,0.05,0.12,0.12,0.09,0.06,0.05,0.14,0.14,0.0,0.09,0.06,0.09,0.23,0.13,0.1,0.0,0.0,0.1,0.12,0.0,0.05,0.04,0.04,0.1,0.0,0.04,0.06,0.1,0.1,0.1,0.04,0.09,0.13,0.1,0.1,0.04,0.16,0.06,0.06,0.0,0.04,0.1,0.0,0.09,0.18,0.2,0.12,0.03,0.16,0.06,0.16,0.16,0.14,0.1,0.1,0.04,0.06,0.0,0.08,0.05,0.0,0.12,0.06,0.0,0.0,0.0,0.05,0.1,0.0,0.11,0.06,0.03,0.12,0.39,0.06,0.0,0.1,0.1,0.15,0.1,0.1,0.08,0.12,0.11,0.09,0.0,0.14,0.08,0.06,0.1,0.15,0.12,0.04,0.1,0.06,0.06,0.07,0.1,0.12,0.0,0.0,0.06,0.12,0.12,0.04,0.05,0.0,0.09,0.0,0.0,0.09,0.12,0.06,0.04,0.04,0.0,0.16,0.09,0.04,0.12,0.0,0.04,0.12,0.0,0.04,0.06,0.08,0.0,0.0,0.04,0.05,0.0,0.14,0.14,0.12,0.12,0.25,0.1,0.08,0.04
ceci in zimino la zuppa ligure per il pranzo di magro,0.1,0.16,0.1,0.12,0.18,0.0,0.18,0.09,0.0,0.15,0.0,0.04,0.1,0.08,0.19,0.04,0.2,0.16,0.12,0.08,0.14,0.16,0.1,0.12,0.06,0.1,0.06,0.1,0.05,0.16,0.14,0.1,0.11,0.1,0.1,1.0,0.06,0.0,0.0,0.0,0.06,0.2,0.14,0.0,0.0,0.0,0.08,0.05,0.04,0.1,0.09,0.14,0.38,0.0,0.0,0.15,0.09,0.08,0.0,0.08,0.1,0.15,0.0,0.12,0.11,0.04,0.06,0.06,0.09,0.1,0.0,0.04,0.1,0.0,0.12,0.1,0.0,0.0,0.1,0.1,0.11,0.05,0.06,0.06,0.1,0.16,0.04,0.0,0.07,0.05,0.09,0.1,0.14,0.18,0.11,0.12,0.12,0.11,0.1,0.11,0.16,0.1,0.0,0.11,0.06,0.16,0.09,0.06,0.06,0.1,0.0,0.06,0.12,0.09,0.2,0.16,0.1,0.09,0.1,0.08,0.0,0.12,0.05,0.06,0.1,0.04,0.1,0.15,0.09,0.1,0.12,0.12,0.06,0.0,0.14,0.06,0.1,0.1,0.16,0.25,0.12,0.14,0.0,0.0,0.09,0.0,0.1,0.0,0.0,0.0,0.05,0.15,0.11,0.14,0.11,0.05,0.0,0.1,0.0,0.06,0.14,0.0,0.11,0.16,0.06,0.12,0.06,0.14,0.05,0.11,0.19,0.16,0.11,0.06,0.12,0.06,0.33,0.12,0.13,0.06,0.11,0.06,0.12,0.16,0.05,0.07,0.18,0.0,0.06,0.18,0.16,0.06,0.06,0.04,0.12,0.11,0.06,0.1,0.19,0.07,0.12,0.06,0.14,0.09,0.1,0.12,0.06,0.1,0.1,0.0,0.1,0.12,0.1,0.15,0.19,0.1,0.0,0.0,0.11,0.14,0.0,0.0,0.04,0.04,0.1,0.0,0.09,0.06,0.12,0.11,0.1,0.0,0.05,0.14,0.16,0.06,0.0,0.1,0.0,0.06,0.0,0.04,0.12,0.0,0.1,0.1,0.19,0.08,0.04,0.23,0.06,0.12,0.12,0.1,0.11,0.06,0.0,0.12,0.0,0.09,0.06,0.0,0.12,0.0,0.06,0.0,0.0,0.06,0.16,0.0,0.06,0.12,0.03,0.14,0.07,0.12,0.06,0.16,0.11,0.16,0.06,0.06,0.23,0.18,0.08,0.15,0.0,0.05,0.14,0.06,0.11,0.16,0.13,0.12,0.1,0.06,0.06,0.12,0.11,0.14,0.04,0.0,0.06,0.09,0.14,0.05,0.11,0.0,0.05,0.0,0.0,0.1,0.18,0.07,0.05,0.09,0.0,0.14,0.15,0.0,0.0,0.0,0.04,0.09,0.0,0.09,0.06,0.13,0.0,0.0,0.08,0.11,0.04,0.05,0.1,0.25,0.13,0.1,0.06,0.05,0.1
cestini autunnali di radicchio di chioggia igp e zucca,0.1,0.12,0.05,0.12,0.09,0.0,0.06,0.04,0.0,0.09,0.0,0.04,0.06,0.0,0.12,0.08,0.07,0.06,0.06,0.15,0.05,0.04,0.06,0.06,0.06,0.05,0.06,0.1,0.05,0.06,0.04,0.16,0.06,0.05,0.05,0.06,1.0,0.0,0.11,0.0,0.06,0.08,0.0,0.0,0.0,0.06,0.0,0.1,0.09,0.06,0.14,0.04,0.04,0.05,0.04,0.1,0.04,0.0,0.14,0.04,0.0,0.05,0.0,0.06,0.06,0.0,0.1,0.06,0.14,0.1,0.0,0.04,0.06,0.07,0.19,0.05,0.05,0.05,0.1,0.1,0.06,0.0,0.06,0.0,0.05,0.06,0.0,0.0,0.0,0.05,0.04,0.1,0.04,0.06,0.06,0.06,0.06,0.06,0.1,0.06,0.06,0.1,0.0,0.11,0.06,0.06,0.04,0.06,0.06,0.1,0.0,0.06,0.06,0.04,0.05,0.06,0.1,0.04,0.05,0.08,0.05,0.06,0.05,0.06,0.05,0.04,0.1,0.1,0.04,0.05,0.12,0.08,0.06,0.0,0.04,0.1,0.05,0.05,0.06,0.05,0.08,0.04,0.06,0.06,0.04,0.08,0.1,0.06,0.0,0.06,0.05,0.05,0.11,0.0,0.11,0.05,0.05,0.07,0.0,0.09,0.07,0.0,0.06,0.1,0.06,0.04,0.06,0.12,0.0,0.11,0.06,0.1,0.06,0.0,0.12,0.06,0.06,0.06,0.08,0.06,0.06,0.06,0.06,0.11,0.05,0.07,0.06,0.0,0.06,0.04,0.06,0.12,0.06,0.04,0.06,0.06,0.0,0.1,0.06,0.14,0.06,0.06,0.09,0.14,0.15,0.0,0.0,0.16,0.16,0.0,0.1,0.0,0.1,0.11,0.1,0.1,0.06,0.0,0.16,0.1,0.0,0.06,0.08,0.09,0.1,0.0,0.0,0.12,0.12,0.06,0.06,0.04,0.0,0.07,0.1,0.12,0.0,0.1,0.0,0.06,0.04,0.0,0.08,0.0,0.05,0.07,0.16,0.16,0.07,0.04,0.0,0.06,0.06,0.06,0.06,0.1,0.05,0.06,0.0,0.09,0.06,0.07,0.06,0.0,0.06,0.0,0.06,0.06,0.1,0.21,0.16,0.12,0.06,0.07,0.07,0.0,0.12,0.06,0.16,0.04,0.06,0.06,0.09,0.04,0.08,0.15,0.0,0.1,0.05,0.06,0.0,0.12,0.08,0.12,0.04,0.0,0.06,0.12,0.11,0.23,0.09,0.06,0.06,0.22,0.09,0.1,0.11,0.06,0.05,0.08,0.04,0.15,0.18,0.14,0.2,0.09,0.12,0.17,0.24,0.04,0.04,0.0,0.02,0.09,0.06,0.0,0.12,0.17,0.0,0.0,0.08,0.0,0.04,0.05,0.05,0.04,0.04,0.1,0.06,0.1,0.0
cestini di lenticchie e cotechino,0.0,0.0,0.0,0.0,0.0,0.0,0.0,0.0,0.0,0.0,0.0,0.0,0.0,0.0,0.0,0.0,0.0,0.0,0.0,0.0,0.0,0.0,0.0,0.0,0.0,0.0,0.0,0.0,0.0,0.0,0.0,0.0,0.0,0.0,0.0,0.0,0.0,1.0,0.0,0.0,0.0,0.0,0.0,0.0,0.0,0.0,0.0,0.0,0.0,0.0,0.0,0.0,0.0,0.0,0.0,0.0,0.0,0.0,0.0,0.0,0.0,0.0,0.0,0.0,0.0,0.0,0.0,0.0,0.0,0.0,0.0,0.0,0.0,0.0,0.0,0.0,0.0,0.0,0.0,0.0,0.0,0.0,0.0,0.0,0.0,0.0,0.0,0.0,0.0,0.0,0.0,0.0,0.0,0.0,0.0,0.0,0.0,0.0,0.0,0.0,0.0,0.0,0.0,0.0,0.0,0.0,0.0,0.0,0.0,0.0,0.0,0.0,0.0,0.0,0.0,0.0,0.0,0.0,0.0,0.0,0.0,0.0,0.0,0.0,0.0,0.0,0.0,0.0,0.0,0.0,0.0,0.0,0.0,0.0,0.0,0.0,0.0,0.0,0.0,0.0,0.0,0.0,0.0,0.0,0.0,0.0,0.0,0.0,0.0,0.0,0.0,0.0,0.0,0.0,0.0,0.0,0.0,0.0,0.0,0.0,0.0,0.0,0.0,0.0,0.0,0.0,0.0,0.0,0.0,0.0,0.0,0.0,0.0,0.0,0.0,0.0,0.0,0.0,0.0,0.0,0.0,0.0,0.0,0.0,0.0,0.0,0.0,0.0,0.0,0.0,0.0,0.0,0.0,0.0,0.0,0.0,0.0,0.0,0.0,0.0,0.0,0.0,0.0,0.0,0.0,0.0,0.0,0.0,0.0,0.0,0.0,0.0,0.0,0.0,0.0,0.0,0.0,0.0,0.0,0.0,0.0,0.0,0.0,0.0,0.0,0.0,0.0,0.0,0.0,0.0,0.0,0.0,0.0,0.0,0.0,0.0,0.0,0.08,0.0,0.0,0.0,0.0,0.06,0.0,0.0,0.0,0.0,0.0,0.0,0.0,0.0,0.0,0.0,0.0,0.0,0.0,0.0,0.0,0.0,0.0,0.0,0.0,0.0,0.0,0.0,0.0,0.0,0.0,0.0,0.0,0.0,0.0,0.0,0.0,0.0,0.0,0.0,0.0,0.0,0.0,0.0,0.0,0.0,0.0,0.0,0.0,0.0,0.0,0.0,0.0,0.0,0.0,0.0,0.0,0.0,0.0,0.0,0.0,0.0,0.0,0.06,0.0,0.0,0.0,0.0,0.0,0.08,0.0,0.0,0.0,0.0,0.0,0.0,0.0,0.0,0.0,0.0,0.0,0.0,0.0,0.0,0.0,0.0,0.0,0.0,0.0,0.0,0.0,0.0,0.0,0.0,0.0,0.0,0.0,0.0,0.0,0.0,0.0,0.0,0.0,0.0
cheesecake al salmone e aneto,0.04,0.08,0.0,0.0,0.0,0.0,0.0,0.04,0.15,0.0,0.0,0.04,0.0,0.0,0.06,0.0,0.0,0.0,0.0,0.08,0.0,0.0,0.0,0.0,0.0,0.0,0.0,0.0,0.0,0.1,0.04,0.1,0.06,0.0,0.0,0.0,0.11,0.0,1.0,0.04,0.0,0.0,0.0,0.06,0.0,0.18,0.0,0.0,0.0,0.0,0.0,0.0,0.0,0.0,0.14,0.0,0.0,0.04,0.14,0.08,0.0,0.05,0.0,0.0,0.06,0.04,0.0,0.0,0.09,0.0,0.08,0.04,0.0,0.07,0.12,0.0,0.0,0.0,0.0,0.1,0.06,0.0,0.1,0.06,0.0,0.0,0.0,0.0,0.0,0.0,0.0,0.06,0.0,0.0,0.0,0.16,0.0,0.0,0.0,0.0,0.0,0.0,0.0,0.06,0.0,0.0,0.0,0.0,0.0,0.05,0.0,0.06,0.0,0.0,0.0,0.0,0.05,0.0,0.0,0.04,0.0,0.0,0.05,0.12,0.0,0.09,0.1,0.15,0.09,0.0,0.06,0.08,0.0,0.0,0.0,0.1,0.0,0.0,0.0,0.0,0.04,0.0,0.12,0.1,0.0,0.08,0.1,0.06,0.0,0.12,0.0,0.0,0.06,0.05,0.11,0.0,0.1,0.0,0.0,0.06,0.0,0.0,0.0,0.06,0.06,0.04,0.11,0.12,0.0,0.06,0.0,0.06,0.0,0.0,0.06,0.0,0.0,0.0,0.08,0.0,0.0,0.0,0.0,0.06,0.0,0.0,0.0,0.0,0.06,0.0,0.0,0.06,0.0,0.0,0.0,0.06,0.0,0.06,0.0,0.0,0.0,0.06,0.04,0.14,0.05,0.24,0.0,0.1,0.1,0.0,0.0,0.0,0.05,0.0,0.05,0.0,0.0,0.0,0.06,0.0,0.0,0.11,0.08,0.09,0.06,0.0,0.04,0.0,0.0,0.06,0.0,0.0,0.0,0.0,0.06,0.18,0.0,0.1,0.0,0.0,0.0,0.0,0.08,0.0,0.0,0.07,0.12,0.12,0.0,0.0,0.0,0.06,0.06,0.0,0.0,0.06,0.05,0.06,0.0,0.0,0.06,0.14,0.0,0.0,0.12,0.08,0.06,0.06,0.1,0.13,0.11,0.12,0.03,0.0,0.0,0.0,0.06,0.0,0.11,0.04,0.0,0.0,0.0,0.0,0.08,0.05,0.0,0.0,0.0,0.0,0.0,0.0,0.08,0.12,0.07,0.0,0.0,0.12,0.06,0.09,0.04,0.06,0.0,0.09,0.09,0.25,0.11,0.06,0.0,0.0,0.0,0.15,0.14,0.14,0.1,0.09,0.06,0.17,0.0,0.09,0.0,0.0,0.04,0.09,0.12,0.0,0.06,0.04,0.0,0.0,0.04,0.06,0.0,0.0,0.0,0.0,0.0,0.0,0.0,0.05,0.0
cheesecake salata al salame ungherese,0.0,0.0,0.0,0.0,0.0,0.0,0.0,0.0,0.0,0.0,0.0,0.0,0.04,0.0,0.0,0.0,0.06,0.0,0.0,0.0,0.0,0.0,0.04,0.0,0.0,0.0,0.0,0.0,0.0,0.02,0.0,0.0,0.0,0.0,0.0,0.0,0.0,0.0,0.04,1.0,0.0,0.0,0.0,0.04,0.0,0.05,0.0,0.0,0.0,0.0,0.0,0.0,0.0,0.0,0.08,0.0,0.0,0.03,0.04,0.04,0.0,0.0,0.0,0.0,0.04,0.0,0.0,0.0,0.04,0.0,0.06,0.0,0.0,0.0,0.0,0.0,0.0,0.0,0.0,0.04,0.04,0.0,0.04,0.05,0.0,0.0,0.0,0.0,0.0,0.0,0.0,0.0,0.04,0.0,0.0,0.0,0.0,0.0,0.0,0.0,0.0,0.0,0.0,0.0,0.0,0.0,0.0,0.0,0.05,0.0,0.0,0.0,0.05,0.04,0.0,0.0,0.04,0.0,0.0,0.04,0.0,0.0,0.0,0.05,0.0,0.04,0.04,0.04,0.04,0.0,0.0,0.04,0.0,0.0,0.0,0.0,0.0,0.0,0.0,0.0,0.0,0.0,0.05,0.04,0.0,0.0,0.04,0.0,0.0,0.0,0.0,0.0,0.0,0.04,0.0,0.04,0.0,0.0,0.0,0.02,0.0,0.0,0.0,0.0,0.0,0.04,0.04,0.02,0.0,0.04,0.0,0.04,0.0,0.05,0.0,0.0,0.0,0.0,0.04,0.0,0.0,0.0,0.05,0.04,0.0,0.0,0.0,0.0,0.0,0.0,0.0,0.0,0.0,0.0,0.0,0.0,0.0,0.0,0.0,0.0,0.0,0.0,0.0,0.04,0.0,0.05,0.0,0.0,0.0,0.0,0.0,0.0,0.0,0.03,0.04,0.0,0.0,0.0,0.0,0.03,0.0,0.04,0.0,0.0,0.0,0.0,0.0,0.0,0.0,0.0,0.0,0.0,0.0,0.06,0.0,0.0,0.0,0.04,0.0,0.05,0.0,0.0,0.03,0.0,0.0,0.0,0.03,0.04,0.0,0.0,0.05,0.0,0.0,0.0,0.0,0.0,0.0,0.05,0.0,0.0,0.04,0.06,0.0,0.0,0.05,0.06,0.05,0.04,0.04,0.1,0.0,0.0,0.0,0.0,0.0,0.0,0.0,0.0,0.0,0.04,0.0,0.05,0.0,0.0,0.04,0.0,0.0,0.0,0.0,0.0,0.0,0.0,0.04,0.04,0.06,0.0,0.0,0.06,0.0,0.0,0.0,0.0,0.0,0.0,0.04,0.0,0.0,0.0,0.0,0.0,0.0,0.04,0.04,0.0,0.04,0.0,0.0,0.02,0.0,0.04,0.0,0.0,0.02,0.08,0.05,0.0,0.0,0.0,0.0,0.0,0.0,0.04,0.0,0.0,0.0,0.0,0.0,0.0,0.0,0.04,0.0
chirashi sushi,0.0,0.0,0.05,0.0,0.0,0.07,0.12,0.09,0.0,0.15,0.0,0.0,0.06,0.0,0.12,0.0,0.07,0.06,0.0,0.0,0.1,0.0,0.06,0.06,0.0,0.05,0.0,0.1,0.0,0.06,0.07,0.06,0.0,0.05,0.05,0.06,0.06,0.0,0.0,0.0,1.0,0.0,0.0,0.0,0.0,0.0,0.0,0.05,0.04,0.06,0.04,0.04,0.04,0.0,0.0,0.15,0.09,0.08,0.04,0.0,0.0,0.0,0.0,0.06,0.0,0.08,0.04,0.0,0.09,0.1,0.0,0.0,0.06,0.0,0.06,0.05,0.05,0.0,0.0,0.1,0.06,0.05,0.06,0.0,0.05,0.09,0.0,0.0,0.0,0.05,0.04,0.1,0.04,0.06,0.06,0.12,0.06,0.06,0.1,0.06,0.06,0.1,0.0,0.06,0.0,0.06,0.04,0.06,0.0,0.05,0.0,0.06,0.06,0.04,0.05,0.06,0.05,0.04,0.05,0.04,0.05,0.06,0.0,0.06,0.05,0.0,0.06,0.05,0.0,0.05,0.06,0.04,0.06,0.0,0.09,0.06,0.05,0.05,0.06,0.05,0.0,0.0,0.0,0.0,0.0,0.0,0.06,0.0,0.0,0.0,0.1,0.05,0.06,0.05,0.0,0.0,0.0,0.04,0.0,0.0,0.0,0.0,0.06,0.06,0.06,0.08,0.06,0.09,0.05,0.06,0.06,0.0,0.06,0.06,0.06,0.0,0.06,0.06,0.04,0.0,0.06,0.0,0.06,0.06,0.0,0.0,0.06,0.0,0.06,0.04,0.06,0.0,0.0,0.0,0.06,0.06,0.06,0.06,0.06,0.0,0.06,0.06,0.0,0.04,0.1,0.06,0.06,0.06,0.06,0.0,0.1,0.06,0.05,0.11,0.1,0.1,0.06,0.0,0.11,0.1,0.0,0.0,0.04,0.04,0.06,0.12,0.0,0.06,0.12,0.06,0.06,0.04,0.05,0.07,0.0,0.06,0.0,0.05,0.0,0.12,0.04,0.0,0.08,0.0,0.05,0.07,0.08,0.08,0.1,0.04,0.06,0.06,0.06,0.06,0.06,0.0,0.0,0.0,0.0,0.09,0.0,0.0,0.06,0.0,0.0,0.0,0.0,0.06,0.06,0.0,0.0,0.06,0.03,0.07,0.0,0.06,0.0,0.06,0.06,0.0,0.0,0.0,0.0,0.04,0.04,0.05,0.0,0.05,0.0,0.0,0.06,0.12,0.08,0.0,0.07,0.06,0.0,0.08,0.06,0.09,0.0,0.0,0.06,0.09,0.14,0.05,0.06,0.0,0.0,0.0,0.04,0.05,0.14,0.07,0.0,0.04,0.0,0.08,0.05,0.0,0.04,0.0,0.0,0.04,0.0,0.0,0.0,0.0,0.06,0.0,0.0,0.0,0.0,0.0,0.05,0.04,0.0,0.1,0.0,0.0,0.05
ciceri e tria,0.0,0.0,0.11,0.0,0.0,0.0,0.17,0.06,0.0,0.18,0.0,0.0,0.12,0.0,0.14,0.0,0.15,0.16,0.0,0.0,0.14,0.0,0.12,0.18,0.14,0.14,0.0,0.11,0.0,0.16,0.2,0.16,0.0,0.14,0.18,0.2,0.08,0.0,0.0,0.0,0.0,1.0,0.0,0.0,0.07,0.0,0.0,0.11,0.06,0.19,0.16,0.16,0.22,0.0,0.0,0.14,0.03,0.08,0.04,0.0,0.0,0.0,0.06,0.17,0.0,0.03,0.1,0.0,0.14,0.14,0.0,0.1,0.19,0.0,0.18,0.14,0.0,0.0,0.12,0.08,0.08,0.07,0.04,0.0,0.1,0.2,0.0,0.0,0.0,0.07,0.1,0.12,0.1,0.13,0.16,0.13,0.14,0.12,0.14,0.12,0.16,0.11,0.0,0.12,0.08,0.16,0.1,0.08,0.08,0.1,0.03,0.08,0.14,0.1,0.11,0.12,0.11,0.1,0.11,0.12,0.0,0.13,0.0,0.04,0.11,0.0,0.16,0.14,0.0,0.18,0.17,0.21,0.04,0.0,0.2,0.08,0.14,0.14,0.27,0.26,0.0,0.0,0.0,0.0,0.0,0.0,0.12,0.04,0.0,0.04,0.04,0.18,0.16,0.1,0.0,0.11,0.04,0.12,0.0,0.09,0.1,0.0,0.12,0.19,0.04,0.12,0.08,0.17,0.1,0.12,0.18,0.0,0.16,0.08,0.13,0.13,0.24,0.17,0.1,0.13,0.16,0.08,0.17,0.16,0.11,0.1,0.17,0.0,0.08,0.2,0.24,0.09,0.09,0.1,0.17,0.12,0.09,0.12,0.18,0.1,0.17,0.04,0.0,0.13,0.14,0.08,0.04,0.16,0.16,0.0,0.11,0.04,0.11,0.19,0.18,0.12,0.04,0.03,0.12,0.14,0.0,0.0,0.03,0.04,0.12,0.0,0.0,0.13,0.13,0.12,0.16,0.0,0.08,0.18,0.0,0.08,0.0,0.11,0.04,0.04,0.0,0.0,0.11,0.0,0.14,0.12,0.2,0.09,0.02,0.24,0.04,0.17,0.22,0.19,0.16,0.12,0.04,0.13,0.04,0.1,0.12,0.05,0.14,0.04,0.04,0.06,0.0,0.12,0.16,0.03,0.08,0.09,0.04,0.15,0.15,0.09,0.04,0.16,0.12,0.0,0.13,0.13,0.0,0.2,0.14,0.14,0.0,0.11,0.0,0.08,0.12,0.18,0.12,0.09,0.1,0.04,0.08,0.12,0.12,0.17,0.0,0.0,0.04,0.13,0.13,0.04,0.08,0.04,0.11,0.0,0.0,0.11,0.16,0.05,0.08,0.06,0.0,0.18,0.18,0.0,0.05,0.0,0.0,0.13,0.04,0.0,0.08,0.0,0.0,0.0,0.0,0.0,0.0,0.14,0.18,0.24,0.0,0.23,0.12,0.0,0.14
clam chowder,0.0,0.0,0.04,0.0,0.0,0.0,0.04,0.08,0.0,0.12,0.0,0.0,0.04,0.0,0.1,0.0,0.06,0.04,0.0,0.0,0.08,0.0,0.08,0.05,0.0,0.08,0.0,0.04,0.0,0.08,0.08,0.04,0.0,0.08,0.04,0.14,0.0,0.0,0.0,0.0,0.0,0.0,1.0,0.0,0.02,0.0,0.06,0.04,0.0,0.08,0.04,0.04,0.04,0.0,0.04,0.08,0.1,0.08,0.04,0.0,0.0,0.0,0.0,0.04,0.0,0.03,0.0,0.0,0.04,0.04,0.06,0.0,0.12,0.0,0.15,0.04,0.0,0.0,0.0,0.08,0.09,0.04,0.04,0.0,0.04,0.12,0.0,0.0,0.0,0.0,0.08,0.08,0.08,0.14,0.09,0.04,0.05,0.09,0.08,0.04,0.04,0.08,0.0,0.04,0.0,0.04,0.04,0.0,0.0,0.04,0.0,0.0,0.1,0.04,0.08,0.12,0.04,0.07,0.04,0.1,0.0,0.04,0.0,0.04,0.04,0.0,0.12,0.04,0.0,0.08,0.04,0.1,0.1,0.0,0.1,0.04,0.04,0.08,0.04,0.16,0.0,0.0,0.0,0.0,0.0,0.0,0.08,0.0,0.0,0.0,0.04,0.04,0.09,0.08,0.0,0.0,0.0,0.14,0.0,0.02,0.0,0.0,0.04,0.04,0.1,0.12,0.09,0.1,0.04,0.04,0.05,0.0,0.04,0.04,0.04,0.0,0.04,0.04,0.04,0.0,0.04,0.04,0.04,0.04,0.0,0.0,0.04,0.0,0.14,0.11,0.04,0.0,0.0,0.0,0.04,0.04,0.1,0.04,0.05,0.0,0.04,0.14,0.0,0.14,0.08,0.1,0.08,0.04,0.04,0.0,0.04,0.1,0.04,0.06,0.08,0.04,0.0,0.0,0.04,0.06,0.0,0.0,0.07,0.08,0.04,0.0,0.0,0.04,0.04,0.04,0.08,0.0,0.04,0.08,0.0,0.04,0.0,0.04,0.0,0.04,0.0,0.0,0.18,0.04,0.08,0.06,0.09,0.04,0.03,0.11,0.05,0.1,0.04,0.04,0.14,0.0,0.0,0.0,0.05,0.04,0.04,0.0,0.05,0.0,0.0,0.0,0.0,0.14,0.04,0.04,0.04,0.05,0.0,0.06,0.0,0.05,0.0,0.04,0.09,0.0,0.04,0.0,0.0,0.1,0.06,0.08,0.0,0.0,0.0,0.0,0.04,0.06,0.18,0.1,0.06,0.1,0.0,0.1,0.04,0.08,0.0,0.04,0.1,0.1,0.07,0.08,0.04,0.0,0.04,0.0,0.0,0.04,0.07,0.06,0.04,0.08,0.0,0.07,0.04,0.0,0.03,0.0,0.0,0.07,0.0,0.0,0.0,0.0,0.04,0.0,0.0,0.0,0.0,0.0,0.08,0.16,0.0,0.08,0.0,0.0,0.12
club sandwich,0.0,0.0,0.0,0.0,0.0,0.14,0.0,0.0,0.05,0.0,0.0,0.0,0.0,0.0,0.0,0.0,0.0,0.0,0.0,0.0,0.05,0.0,0.06,0.0,0.0,0.0,0.0,0.05,0.0,0.03,0.0,0.0,0.0,0.0,0.0,0.0,0.0,0.0,0.06,0.04,0.0,0.0,0.0,1.0,0.06,0.18,0.0,0.0,0.04,0.0,0.0,0.0,0.0,0.0,0.09,0.0,0.0,0.04,0.09,0.0,0.0,0.0,0.04,0.0,0.0,0.04,0.1,0.0,0.09,0.0,0.08,0.0,0.0,0.0,0.0,0.0,0.0,0.0,0.06,0.1,0.06,0.1,0.06,0.0,0.0,0.02,0.0,0.0,0.0,0.0,0.0,0.0,0.0,0.0,0.0,0.0,0.0,0.0,0.0,0.0,0.0,0.0,0.06,0.0,0.0,0.06,0.04,0.06,0.0,0.0,0.04,0.06,0.0,0.0,0.0,0.0,0.0,0.0,0.0,0.04,0.05,0.0,0.0,0.06,0.0,0.0,0.06,0.05,0.0,0.0,0.0,0.04,0.0,0.0,0.0,0.0,0.0,0.0,0.0,0.0,0.0,0.0,0.0,0.0,0.0,0.0,0.06,0.0,0.0,0.0,0.0,0.0,0.0,0.05,0.0,0.0,0.0,0.0,0.0,0.09,0.0,0.0,0.0,0.0,0.0,0.04,0.06,0.03,0.0,0.0,0.0,0.0,0.0,0.0,0.0,0.0,0.0,0.0,0.08,0.0,0.0,0.06,0.0,0.0,0.0,0.0,0.0,0.06,0.0,0.0,0.0,0.06,0.0,0.0,0.0,0.0,0.0,0.0,0.0,0.0,0.0,0.0,0.0,0.04,0.0,0.06,0.0,0.0,0.0,0.08,0.05,0.0,0.0,0.0,0.0,0.0,0.1,0.08,0.0,0.04,0.06,0.0,0.0,0.0,0.0,0.0,0.0,0.0,0.0,0.0,0.0,0.04,0.0,0.0,0.0,0.06,0.0,0.05,0.06,0.0,0.17,0.0,0.04,0.0,0.0,0.0,0.04,0.12,0.0,0.0,0.0,0.0,0.0,0.0,0.06,0.0,0.0,0.0,0.0,0.0,0.06,0.07,0.0,0.06,0.06,0.08,0.06,0.06,0.06,0.08,0.0,0.0,0.06,0.0,0.07,0.0,0.0,0.0,0.0,0.0,0.0,0.0,0.0,0.0,0.04,0.0,0.0,0.0,0.0,0.0,0.06,0.0,0.04,0.04,0.07,0.0,0.0,0.08,0.0,0.04,0.0,0.0,0.0,0.0,0.04,0.0,0.0,0.0,0.05,0.0,0.08,0.05,0.04,0.0,0.0,0.0,0.06,0.03,0.0,0.0,0.0,0.0,0.0,0.04,0.06,0.0,0.06,0.0,0.0,0.06,0.0,0.0,0.0,0.0,0.0,0.0,0.0,0.0,0.06,0.0,0.0
club sandwich con patate croccanti,0.12,0.0,0.0,0.0,0.02,0.08,0.0,0.0,0.03,0.0,0.0,0.02,0.0,0.02,0.0,0.02,0.0,0.03,0.0,0.0,0.0,0.02,0.03,0.04,0.04,0.03,0.0,0.03,0.03,0.04,0.12,0.03,0.0,0.03,0.03,0.0,0.0,0.0,0.0,0.0,0.0,0.07,0.02,0.06,1.0,0.04,0.14,0.03,0.02,0.03,0.0,0.02,0.08,0.03,0.02,0.0,0.08,0.0,0.06,0.0,0.0,0.03,0.08,0.04,0.0,0.02,0.06,0.04,0.08,0.09,0.0,0.0,0.03,0.12,0.0,0.03,0.0,0.09,0.03,0.03,0.04,0.06,0.0,0.0,0.0,0.02,0.0,0.04,0.0,0.0,0.0,0.0,0.0,0.0,0.0,0.0,0.0,0.0,0.0,0.0,0.0,0.0,0.12,0.0,0.0,0.04,0.0,0.0,0.0,0.0,0.13,0.04,0.0,0.0,0.0,0.0,0.0,0.0,0.0,0.02,0.15,0.0,0.0,0.0,0.0,0.02,0.03,0.0,0.02,0.06,0.04,0.02,0.0,0.0,0.0,0.0,0.03,0.0,0.1,0.06,0.02,0.02,0.0,0.1,0.02,0.0,0.03,0.04,0.0,0.04,0.0,0.03,0.04,0.06,0.0,0.03,0.03,0.02,0.03,0.09,0.0,0.0,0.0,0.0,0.0,0.02,0.04,0.04,0.08,0.0,0.0,0.0,0.04,0.04,0.0,0.07,0.1,0.04,0.05,0.04,0.04,0.04,0.04,0.0,0.0,0.0,0.0,0.08,0.0,0.08,0.06,0.04,0.0,0.02,0.04,0.0,0.04,0.0,0.0,0.0,0.04,0.0,0.02,0.05,0.0,0.0,0.0,0.03,0.03,0.0,0.06,0.0,0.0,0.02,0.0,0.0,0.03,0.24,0.0,0.04,0.04,0.1,0.0,0.02,0.0,0.0,0.0,0.0,0.0,0.04,0.0,0.02,0.03,0.0,0.0,0.04,0.16,0.0,0.18,0.0,0.08,0.02,0.02,0.0,0.0,0.02,0.02,0.08,0.0,0.02,0.0,0.04,0.04,0.1,0.0,0.03,0.03,0.0,0.0,0.0,0.0,0.0,0.0,0.11,0.0,0.0,0.0,0.0,0.0,0.0,0.0,0.0,0.06,0.0,0.08,0.0,0.0,0.0,0.0,0.08,0.04,0.04,0.06,0.05,0.07,0.0,0.0,0.03,0.0,0.0,0.04,0.0,0.02,0.0,0.0,0.0,0.0,0.02,0.0,0.06,0.21,0.03,0.0,0.05,0.0,0.0,0.04,0.08,0.06,0.0,0.05,0.0,0.0,0.0,0.0,0.02,0.08,0.02,0.06,0.02,0.04,0.04,0.06,0.0,0.0,0.0,0.04,0.08,0.0,0.04,0.0,0.0,0.0,0.03,0.03,0.08,0.08,0.03,0.1,0.03,0.0
conchiglioni ripieni di ricotta e spinaci,0.07,0.04,0.0,0.0,0.0,0.0,0.0,0.0,0.06,0.0,0.0,0.0,0.0,0.0,0.0,0.0,0.0,0.0,0.0,0.0,0.0,0.0,0.0,0.0,0.0,0.0,0.0,0.06,0.05,0.22,0.04,0.06,0.0,0.0,0.0,0.0,0.06,0.0,0.18,0.05,0.0,0.0,0.0,0.18,0.04,1.0,0.0,0.0,0.05,0.0,0.0,0.0,0.0,0.06,0.1,0.0,0.0,0.04,0.14,0.04,0.0,0.1,0.04,0.0,0.06,0.04,0.1,0.0,0.14,0.0,0.08,0.0,0.0,0.0,0.06,0.0,0.0,0.1,0.06,0.1,0.06,0.1,0.11,0.06,0.0,0.02,0.0,0.0,0.0,0.0,0.0,0.0,0.0,0.0,0.0,0.0,0.0,0.0,0.0,0.0,0.0,0.0,0.06,0.0,0.0,0.0,0.0,0.0,0.0,0.0,0.04,0.06,0.0,0.0,0.0,0.0,0.0,0.0,0.0,0.0,0.06,0.0,0.0,0.18,0.06,0.1,0.11,0.29,0.1,0.0,0.06,0.09,0.0,0.0,0.0,0.06,0.0,0.0,0.0,0.0,0.04,0.0,0.06,0.11,0.05,0.0,0.06,0.0,0.0,0.0,0.0,0.0,0.06,0.05,0.12,0.0,0.0,0.0,0.0,0.1,0.0,0.0,0.0,0.06,0.06,0.04,0.12,0.06,0.0,0.06,0.0,0.06,0.0,0.0,0.06,0.0,0.0,0.0,0.14,0.0,0.0,0.06,0.0,0.06,0.0,0.0,0.0,0.06,0.06,0.0,0.0,0.14,0.0,0.0,0.0,0.16,0.0,0.06,0.0,0.0,0.0,0.06,0.0,0.1,0.06,0.06,0.0,0.06,0.06,0.0,0.06,0.0,0.06,0.0,0.0,0.0,0.11,0.08,0.06,0.04,0.06,0.12,0.04,0.05,0.0,0.0,0.0,0.0,0.0,0.0,0.0,0.04,0.0,0.0,0.06,0.31,0.1,0.06,0.06,0.0,0.18,0.0,0.04,0.0,0.0,0.04,0.08,0.14,0.0,0.0,0.0,0.06,0.0,0.0,0.0,0.06,0.0,0.0,0.0,0.0,0.06,0.14,0.0,0.06,0.12,0.08,0.06,0.06,0.11,0.14,0.06,0.06,0.06,0.0,0.07,0.0,0.0,0.0,0.06,0.04,0.0,0.0,0.0,0.0,0.08,0.06,0.0,0.0,0.0,0.0,0.06,0.0,0.09,0.17,0.08,0.0,0.0,0.08,0.06,0.1,0.04,0.0,0.0,0.04,0.2,0.06,0.06,0.06,0.06,0.0,0.09,0.1,0.1,0.17,0.06,0.05,0.06,0.25,0.0,0.1,0.0,0.06,0.07,0.14,0.06,0.0,0.12,0.04,0.0,0.06,0.0,0.06,0.0,0.0,0.0,0.0,0.0,0.0,0.06,0.05,0.0
cous cous con zucchine e carote,0.05,0.0,0.0,0.0,0.06,0.0,0.0,0.0,0.0,0.0,0.0,0.0,0.0,0.0,0.1,0.0,0.0,0.0,0.0,0.0,0.0,0.06,0.0,0.0,0.0,0.0,0.0,0.0,0.0,0.0,0.0,0.0,0.0,0.0,0.0,0.08,0.0,0.0,0.0,0.0,0.0,0.0,0.06,0.0,0.14,0.0,1.0,0.0,0.0,0.0,0.06,0.0,0.0,0.0,0.0,0.0,0.14,0.0,0.0,0.0,0.0,0.0,0.0,0.0,0.0,0.0,0.0,0.0,0.0,0.0,0.0,0.0,0.0,0.1,0.0,0.0,0.0,0.0,0.0,0.0,0.0,0.0,0.0,0.0,0.0,0.0,0.0,0.0,0.0,0.07,0.0,0.0,0.0,0.0,0.0,0.0,0.0,0.0,0.0,0.0,0.0,0.0,0.08,0.0,0.0,0.0,0.0,0.0,0.0,0.0,0.06,0.0,0.0,0.0,0.0,0.08,0.0,0.0,0.0,0.0,0.08,0.0,0.0,0.0,0.0,0.07,0.0,0.0,0.07,0.0,0.0,0.0,0.0,0.0,0.0,0.0,0.0,0.0,0.0,0.08,0.06,0.0,0.0,0.0,0.0,0.0,0.0,0.0,0.0,0.0,0.0,0.0,0.0,0.0,0.0,0.0,0.0,0.05,0.0,0.0,0.0,0.0,0.0,0.0,0.0,0.0,0.0,0.0,0.0,0.0,0.0,0.0,0.0,0.0,0.0,0.0,0.0,0.0,0.0,0.0,0.0,0.0,0.0,0.0,0.0,0.0,0.0,0.0,0.0,0.07,0.0,0.0,0.0,0.0,0.0,0.0,0.0,0.0,0.0,0.0,0.0,0.21,0.0,0.0,0.0,0.0,0.0,0.0,0.0,0.0,0.0,0.18,0.0,0.0,0.0,0.0,0.0,0.12,0.0,0.0,0.0,0.0,0.0,0.0,0.0,0.0,0.0,0.0,0.0,0.0,0.0,0.0,0.0,0.0,0.16,0.0,0.07,0.0,0.09,0.0,0.06,0.0,0.0,0.0,0.08,0.0,0.0,0.0,0.14,0.07,0.0,0.0,0.0,0.0,0.0,0.0,0.0,0.0,0.0,0.0,0.0,0.0,0.0,0.0,0.0,0.0,0.0,0.0,0.0,0.0,0.0,0.0,0.0,0.0,0.0,0.0,0.0,0.0,0.34,0.06,0.0,0.0,0.07,0.0,0.0,0.0,0.0,0.0,0.0,0.0,0.0,0.0,0.0,0.06,0.0,0.0,0.0,0.0,0.0,0.0,0.14,0.0,0.0,0.0,0.0,0.0,0.0,0.0,0.0,0.0,0.0,0.0,0.0,0.0,0.0,0.0,0.0,0.0,0.0,0.0,0.0,0.0,0.0,0.0,0.0,0.06,0.0,0.06,0.0,0.0,0.06,0.0,0.0,0.0,0.0,0.12,0.0,0.0,0.0,0.0,0.0
cous cous di pesce,0.09,0.04,0.04,0.1,0.04,0.0,0.06,0.0,0.0,0.08,0.0,0.04,0.05,0.04,0.06,0.14,0.06,0.14,0.06,0.06,0.08,0.07,0.05,0.12,0.17,0.13,0.05,0.09,0.04,0.06,0.06,0.1,0.05,0.13,0.14,0.05,0.1,0.0,0.0,0.0,0.05,0.11,0.04,0.0,0.03,0.0,0.0,1.0,0.08,0.14,0.12,0.08,0.08,0.04,0.04,0.09,0.08,0.0,0.04,0.08,0.0,0.04,0.04,0.1,0.0,0.0,0.09,0.05,0.08,0.09,0.0,0.04,0.24,0.0,0.06,0.08,0.04,0.09,0.05,0.04,0.0,0.08,0.0,0.0,0.04,0.08,0.0,0.0,0.0,0.04,0.04,0.05,0.08,0.06,0.05,0.06,0.06,0.05,0.09,0.05,0.05,0.09,0.0,0.05,0.06,0.05,0.04,0.05,0.06,0.04,0.08,0.06,0.06,0.04,0.04,0.05,0.04,0.04,0.04,0.04,0.04,0.06,0.0,0.0,0.04,0.0,0.05,0.04,0.0,0.04,0.1,0.12,0.06,0.0,0.08,0.0,0.09,0.04,0.14,0.04,0.08,0.08,0.0,0.0,0.12,0.0,0.05,0.05,0.0,0.06,0.0,0.14,0.1,0.0,0.05,0.14,0.04,0.16,0.04,0.06,0.06,0.0,0.05,0.05,0.0,0.04,0.0,0.08,0.04,0.05,0.06,0.05,0.2,0.06,0.06,0.06,0.1,0.16,0.04,0.1,0.1,0.06,0.1,0.05,0.04,0.06,0.1,0.0,0.0,0.12,0.05,0.06,0.06,0.12,0.1,0.05,0.06,0.05,0.06,0.06,0.1,0.0,0.08,0.08,0.09,0.0,0.0,0.1,0.1,0.0,0.09,0.0,0.04,0.14,0.04,0.1,0.05,0.0,0.1,0.09,0.0,0.05,0.0,0.0,0.05,0.0,0.0,0.1,0.1,0.05,0.1,0.08,0.04,0.06,0.05,0.06,0.04,0.04,0.06,0.06,0.04,0.0,0.04,0.0,0.04,0.06,0.1,0.08,0.06,0.08,0.0,0.1,0.1,0.1,0.05,0.14,0.04,0.06,0.0,0.08,0.1,0.0,0.06,0.12,0.06,0.0,0.0,0.0,0.05,0.0,0.05,0.0,0.06,0.06,0.18,0.06,0.0,0.05,0.05,0.08,0.16,0.1,0.08,0.04,0.11,0.04,0.0,0.18,0.08,0.06,0.1,0.12,0.04,0.04,0.03,0.0,0.06,0.07,0.05,0.12,0.04,0.0,0.0,0.12,0.08,0.0,0.0,0.0,0.09,0.0,0.04,0.04,0.08,0.0,0.04,0.0,0.0,0.08,0.04,0.04,0.25,0.0,0.0,0.08,0.0,0.0,0.06,0.12,0.0,0.0,0.04,0.0,0.08,0.14,0.14,0.12,0.08,0.14,0.1,0.13,0.0
couscous aromatizzato al tè,0.11,0.04,0.04,0.1,0.04,0.0,0.05,0.0,0.04,0.08,0.0,0.0,0.04,0.0,0.05,0.06,0.06,0.04,0.05,0.06,0.04,0.04,0.04,0.05,0.05,0.04,0.04,0.12,0.08,0.02,0.0,0.04,0.04,0.04,0.04,0.04,0.09,0.0,0.0,0.0,0.04,0.06,0.0,0.04,0.02,0.05,0.0,0.08,1.0,0.22,0.11,0.36,0.04,0.08,0.0,0.08,0.04,0.0,0.08,0.0,0.0,0.08,0.04,0.05,0.0,0.04,0.16,0.04,0.12,0.08,0.0,0.04,0.04,0.0,0.05,0.04,0.04,0.08,0.09,0.08,0.0,0.04,0.0,0.0,0.04,0.06,0.0,0.0,0.0,0.04,0.04,0.04,0.04,0.05,0.04,0.05,0.05,0.04,0.08,0.04,0.04,0.08,0.09,0.04,0.05,0.04,0.04,0.04,0.05,0.04,0.04,0.1,0.05,0.04,0.04,0.04,0.04,0.04,0.04,0.04,0.08,0.05,0.0,0.05,0.04,0.0,0.04,0.04,0.0,0.04,0.05,0.04,0.05,0.0,0.04,0.0,0.04,0.08,0.04,0.04,0.04,0.04,0.0,0.04,0.04,0.0,0.04,0.0,0.0,0.0,0.0,0.04,0.04,0.0,0.04,0.04,0.0,0.08,0.0,0.1,0.06,0.0,0.04,0.04,0.0,0.04,0.0,0.02,0.0,0.04,0.05,0.04,0.04,0.0,0.05,0.05,0.04,0.05,0.07,0.05,0.04,0.1,0.05,0.04,0.04,0.06,0.05,0.05,0.0,0.04,0.04,0.1,0.05,0.04,0.05,0.04,0.0,0.04,0.05,0.06,0.05,0.0,0.04,0.04,0.08,0.0,0.0,0.04,0.04,0.0,0.12,0.0,0.04,0.1,0.04,0.09,0.09,0.06,0.09,0.11,0.05,0.0,0.0,0.0,0.09,0.0,0.0,0.1,0.1,0.04,0.04,0.08,0.0,0.06,0.04,0.0,0.08,0.04,0.05,0.05,0.1,0.0,0.03,0.0,0.04,0.03,0.06,0.1,0.09,0.04,0.0,0.05,0.05,0.04,0.04,0.04,0.0,0.05,0.0,0.08,0.04,0.0,0.05,0.05,0.0,0.0,0.0,0.0,0.04,0.0,0.04,0.0,0.1,0.06,0.12,0.0,0.0,0.04,0.04,0.04,0.05,0.05,0.08,0.04,0.04,0.04,0.0,0.08,0.04,0.05,0.0,0.1,0.04,0.04,0.03,0.0,0.05,0.06,0.04,0.16,0.08,0.0,0.0,0.08,0.08,0.0,0.0,0.0,0.08,0.0,0.1,0.04,0.08,0.0,0.04,0.0,0.05,0.04,0.04,0.0,0.03,0.04,0.02,0.04,0.0,0.0,0.1,0.07,0.0,0.22,0.04,0.0,0.04,0.04,0.04,0.04,0.04,0.09,0.09,0.08,0.0
couscous con piselli e gamberi,0.12,0.16,0.1,0.11,0.12,0.0,0.11,0.13,0.0,0.14,0.0,0.09,0.1,0.08,0.12,0.12,0.13,0.2,0.18,0.07,0.14,0.18,0.1,0.18,0.12,0.14,0.1,0.1,0.09,0.12,0.13,0.15,0.1,0.18,0.14,0.1,0.06,0.0,0.0,0.0,0.06,0.19,0.08,0.0,0.03,0.0,0.0,0.14,0.22,1.0,0.12,0.34,0.12,0.0,0.04,0.14,0.08,0.14,0.09,0.08,0.05,0.1,0.04,0.17,0.06,0.04,0.06,0.1,0.09,0.14,0.0,0.04,0.2,0.0,0.18,0.29,0.21,0.1,0.05,0.05,0.06,0.09,0.05,0.06,0.09,0.21,0.0,0.0,0.13,0.04,0.09,0.1,0.09,0.11,0.16,0.11,0.12,0.1,0.1,0.1,0.1,0.1,0.15,0.1,0.06,0.1,0.09,0.05,0.06,0.09,0.08,0.06,0.12,0.09,0.1,0.1,0.1,0.08,0.1,0.12,0.0,0.11,0.04,0.06,0.1,0.04,0.15,0.1,0.04,0.14,0.17,0.2,0.06,0.06,0.12,0.05,0.14,0.14,0.15,0.14,0.08,0.17,0.0,0.0,0.22,0.0,0.1,0.06,0.0,0.06,0.05,0.19,0.16,0.04,0.1,0.14,0.05,0.2,0.04,0.06,0.06,0.0,0.1,0.1,0.06,0.11,0.06,0.17,0.09,0.1,0.12,0.1,0.21,0.11,0.11,0.06,0.16,0.17,0.08,0.11,0.16,0.06,0.17,0.1,0.05,0.06,0.17,0.0,0.11,0.13,0.1,0.06,0.06,0.12,0.17,0.1,0.12,0.1,0.12,0.06,0.17,0.06,0.13,0.12,0.14,0.06,0.1,0.15,0.15,0.0,0.1,0.06,0.14,0.18,0.14,0.1,0.0,0.0,0.16,0.12,0.0,0.06,0.04,0.04,0.1,0.0,0.04,0.11,0.11,0.1,0.2,0.0,0.1,0.17,0.1,0.11,0.04,0.1,0.06,0.06,0.0,0.04,0.11,0.0,0.14,0.13,0.14,0.08,0.04,0.13,0.06,0.17,0.32,0.15,0.16,0.15,0.04,0.21,0.06,0.09,0.06,0.0,0.12,0.12,0.06,0.0,0.0,0.1,0.1,0.04,0.06,0.06,0.03,0.13,0.13,0.12,0.0,0.1,0.1,0.16,0.22,0.11,0.09,0.08,0.16,0.14,0.0,0.1,0.14,0.06,0.16,0.16,0.12,0.12,0.1,0.06,0.06,0.08,0.1,0.13,0.04,0.0,0.06,0.12,0.12,0.05,0.06,0.0,0.1,0.0,0.0,0.1,0.12,0.06,0.05,0.04,0.0,0.16,0.1,0.04,0.13,0.0,0.04,0.12,0.0,0.04,0.06,0.12,0.0,0.16,0.04,0.06,0.04,0.19,0.19,0.2,0.12,0.2,0.1,0.09,0.1
couscous di verdure,0.14,0.13,0.12,0.14,0.1,0.0,0.1,0.0,0.0,0.12,0.0,0.0,0.08,0.06,0.1,0.1,0.11,0.08,0.15,0.12,0.08,0.12,0.08,0.1,0.15,0.12,0.04,0.16,0.08,0.05,0.0,0.08,0.09,0.12,0.08,0.09,0.14,0.0,0.0,0.0,0.04,0.16,0.04,0.0,0.0,0.0,0.06,0.12,0.11,0.12,1.0,0.1,0.07,0.04,0.0,0.12,0.04,0.03,0.08,0.0,0.04,0.08,0.0,0.1,0.0,0.0,0.13,0.04,0.11,0.12,0.0,0.1,0.08,0.0,0.15,0.08,0.08,0.16,0.08,0.04,0.0,0.0,0.0,0.0,0.08,0.16,0.0,0.0,0.0,0.12,0.08,0.08,0.11,0.1,0.14,0.1,0.1,0.14,0.12,0.14,0.08,0.12,0.04,0.09,0.14,0.14,0.08,0.12,0.1,0.08,0.04,0.1,0.1,0.08,0.08,0.08,0.08,0.14,0.08,0.13,0.04,0.1,0.0,0.0,0.08,0.0,0.12,0.08,0.0,0.12,0.19,0.14,0.1,0.0,0.1,0.0,0.12,0.2,0.08,0.12,0.06,0.14,0.0,0.0,0.11,0.0,0.12,0.0,0.0,0.0,0.0,0.12,0.09,0.04,0.09,0.08,0.04,0.16,0.04,0.1,0.11,0.0,0.14,0.12,0.05,0.06,0.04,0.07,0.04,0.14,0.15,0.12,0.14,0.04,0.14,0.1,0.09,0.1,0.07,0.1,0.14,0.14,0.1,0.09,0.08,0.11,0.1,0.05,0.1,0.08,0.09,0.1,0.1,0.07,0.14,0.09,0.0,0.08,0.1,0.11,0.14,0.04,0.11,0.1,0.2,0.0,0.08,0.12,0.12,0.0,0.12,0.0,0.12,0.18,0.08,0.17,0.04,0.0,0.14,0.16,0.0,0.0,0.07,0.0,0.08,0.0,0.0,0.24,0.14,0.09,0.12,0.04,0.0,0.17,0.08,0.0,0.04,0.08,0.04,0.04,0.07,0.0,0.06,0.0,0.12,0.06,0.12,0.1,0.06,0.08,0.05,0.14,0.1,0.08,0.14,0.08,0.04,0.1,0.05,0.11,0.09,0.0,0.1,0.0,0.0,0.0,0.0,0.09,0.08,0.04,0.09,0.0,0.08,0.11,0.11,0.0,0.0,0.08,0.09,0.1,0.1,0.14,0.15,0.07,0.1,0.12,0.06,0.16,0.12,0.1,0.0,0.16,0.07,0.13,0.12,0.0,0.1,0.1,0.14,0.18,0.07,0.0,0.0,0.14,0.1,0.0,0.0,0.0,0.08,0.0,0.04,0.08,0.14,0.0,0.08,0.0,0.0,0.09,0.08,0.04,0.03,0.04,0.0,0.18,0.0,0.04,0.1,0.14,0.0,0.0,0.04,0.0,0.04,0.08,0.12,0.1,0.1,0.26,0.14,0.12,0.04
couscous freddo con verdure,0.06,0.16,0.08,0.1,0.07,0.0,0.14,0.08,0.0,0.14,0.0,0.08,0.08,0.06,0.1,0.06,0.11,0.12,0.1,0.06,0.12,0.1,0.08,0.15,0.1,0.12,0.04,0.08,0.04,0.16,0.14,0.12,0.09,0.12,0.16,0.14,0.04,0.0,0.0,0.0,0.04,0.16,0.04,0.0,0.02,0.0,0.0,0.08,0.36,0.34,0.1,1.0,0.1,0.0,0.0,0.16,0.04,0.06,0.0,0.1,0.08,0.16,0.04,0.14,0.09,0.03,0.05,0.04,0.08,0.08,0.0,0.04,0.12,0.0,0.1,0.2,0.0,0.04,0.08,0.08,0.09,0.08,0.04,0.1,0.08,0.14,0.04,0.0,0.06,0.04,0.08,0.08,0.08,0.1,0.09,0.1,0.1,0.14,0.08,0.09,0.12,0.08,0.08,0.09,0.04,0.14,0.08,0.04,0.04,0.08,0.14,0.04,0.1,0.08,0.08,0.08,0.08,0.22,0.08,0.06,0.0,0.1,0.04,0.04,0.08,0.04,0.08,0.12,0.04,0.08,0.19,0.14,0.0,0.0,0.1,0.08,0.16,0.2,0.17,0.12,0.06,0.1,0.0,0.0,0.15,0.0,0.12,0.04,0.0,0.05,0.04,0.16,0.14,0.08,0.09,0.08,0.08,0.06,0.12,0.05,0.06,0.0,0.09,0.12,0.05,0.1,0.09,0.14,0.08,0.09,0.2,0.17,0.14,0.14,0.1,0.04,0.14,0.14,0.07,0.1,0.14,0.04,0.14,0.18,0.04,0.16,0.19,0.0,0.1,0.11,0.14,0.05,0.1,0.07,0.14,0.09,0.1,0.08,0.15,0.06,0.19,0.04,0.15,0.14,0.08,0.1,0.12,0.17,0.17,0.0,0.08,0.04,0.12,0.15,0.16,0.08,0.0,0.0,0.09,0.1,0.0,0.04,0.1,0.04,0.12,0.0,0.07,0.04,0.1,0.09,0.08,0.0,0.08,0.14,0.08,0.1,0.04,0.08,0.04,0.04,0.0,0.04,0.09,0.0,0.2,0.11,0.16,0.06,0.06,0.15,0.05,0.19,0.14,0.12,0.09,0.08,0.08,0.1,0.0,0.08,0.04,0.0,0.1,0.05,0.04,0.0,0.0,0.04,0.12,0.0,0.04,0.1,0.02,0.11,0.11,0.1,0.04,0.12,0.09,0.1,0.1,0.14,0.11,0.1,0.1,0.08,0.0,0.08,0.16,0.04,0.14,0.14,0.1,0.03,0.12,0.05,0.04,0.1,0.18,0.11,0.0,0.0,0.05,0.1,0.1,0.04,0.09,0.0,0.08,0.0,0.0,0.08,0.18,0.06,0.04,0.08,0.0,0.14,0.12,0.04,0.06,0.0,0.06,0.07,0.0,0.04,0.04,0.1,0.0,0.21,0.04,0.09,0.04,0.08,0.12,0.14,0.07,0.17,0.09,0.08,0.08
crema di ceci e pepite di stoccafisso in pastella,0.14,0.1,0.08,0.1,0.1,0.0,0.1,0.08,0.0,0.12,0.0,0.08,0.08,0.06,0.1,0.06,0.11,0.12,0.1,0.06,0.12,0.1,0.08,0.15,0.1,0.12,0.04,0.08,0.04,0.16,0.16,0.12,0.09,0.12,0.16,0.38,0.04,0.0,0.0,0.0,0.04,0.22,0.04,0.0,0.08,0.0,0.0,0.08,0.04,0.12,0.07,0.1,1.0,0.08,0.04,0.12,0.04,0.06,0.04,0.06,0.04,0.08,0.1,0.14,0.04,0.03,0.05,0.09,0.15,0.12,0.0,0.04,0.12,0.0,0.1,0.12,0.0,0.04,0.04,0.04,0.04,0.12,0.08,0.04,0.08,0.14,0.0,0.0,0.06,0.04,0.08,0.08,0.08,0.1,0.09,0.1,0.1,0.09,0.12,0.09,0.08,0.08,0.0,0.09,0.04,0.09,0.08,0.04,0.04,0.08,0.04,0.04,0.1,0.08,0.08,0.08,0.08,0.07,0.08,0.06,0.0,0.1,0.12,0.04,0.08,0.04,0.08,0.08,0.04,0.12,0.14,0.1,0.0,0.0,0.14,0.08,0.12,0.08,0.21,0.12,0.1,0.1,0.0,0.0,0.15,0.06,0.12,0.09,0.0,0.1,0.04,0.12,0.14,0.08,0.09,0.08,0.04,0.06,0.04,0.05,0.06,0.0,0.09,0.08,0.05,0.12,0.09,0.14,0.12,0.09,0.1,0.08,0.14,0.1,0.1,0.1,0.35,0.14,0.07,0.1,0.14,0.04,0.14,0.09,0.04,0.06,0.1,0.0,0.04,0.18,0.14,0.05,0.05,0.07,0.14,0.09,0.1,0.08,0.1,0.06,0.14,0.04,0.11,0.1,0.08,0.04,0.04,0.12,0.12,0.0,0.12,0.04,0.12,0.15,0.12,0.08,0.0,0.06,0.14,0.1,0.0,0.14,0.1,0.08,0.12,0.0,0.04,0.04,0.1,0.09,0.08,0.0,0.08,0.12,0.08,0.1,0.04,0.08,0.04,0.04,0.0,0.04,0.09,0.0,0.08,0.16,0.12,0.06,0.03,0.15,0.05,0.14,0.14,0.17,0.09,0.08,0.04,0.04,0.0,0.08,0.04,0.0,0.1,0.05,0.0,0.0,0.0,0.04,0.08,0.0,0.04,0.05,0.02,0.11,0.11,0.05,0.0,0.08,0.09,0.16,0.1,0.1,0.11,0.14,0.13,0.08,0.0,0.08,0.08,0.04,0.09,0.16,0.1,0.03,0.12,0.05,0.04,0.1,0.09,0.15,0.0,0.04,0.05,0.1,0.14,0.04,0.04,0.05,0.08,0.0,0.0,0.08,0.14,0.06,0.04,0.08,0.0,0.16,0.12,0.04,0.06,0.0,0.04,0.07,0.0,0.04,0.04,0.1,0.0,0.0,0.04,0.04,0.0,0.12,0.12,0.14,0.18,0.17,0.09,0.08,0.04
crescione integrale,0.0,0.0,0.0,0.0,0.0,0.0,0.0,0.0,0.04,0.03,0.0,0.0,0.0,0.0,0.0,0.0,0.0,0.0,0.0,0.0,0.0,0.0,0.0,0.0,0.0,0.0,0.0,0.14,0.0,0.03,0.0,0.0,0.0,0.0,0.0,0.0,0.05,0.0,0.0,0.0,0.0,0.0,0.0,0.0,0.03,0.06,0.0,0.04,0.08,0.0,0.04,0.0,0.08,1.0,0.0,0.04,0.04,0.0,0.08,0.0,0.0,0.0,0.08,0.0,0.0,0.04,0.15,0.0,0.08,0.04,0.06,0.0,0.0,0.0,0.0,0.0,0.04,0.0,0.1,0.18,0.0,0.04,0.0,0.0,0.0,0.0,0.0,0.0,0.0,0.0,0.0,0.0,0.0,0.0,0.0,0.0,0.0,0.0,0.04,0.0,0.0,0.04,0.05,0.0,0.0,0.0,0.0,0.05,0.0,0.0,0.04,0.06,0.0,0.0,0.0,0.0,0.0,0.0,0.0,0.0,0.09,0.0,0.0,0.0,0.0,0.0,0.0,0.0,0.0,0.04,0.0,0.0,0.06,0.0,0.0,0.0,0.0,0.0,0.0,0.0,0.0,0.0,0.0,0.0,0.0,0.0,0.0,0.0,0.0,0.0,0.0,0.0,0.0,0.04,0.0,0.0,0.0,0.03,0.0,0.08,0.0,0.0,0.05,0.0,0.0,0.0,0.0,0.0,0.0,0.0,0.0,0.0,0.0,0.06,0.0,0.0,0.0,0.0,0.08,0.0,0.0,0.06,0.0,0.0,0.04,0.0,0.0,0.06,0.0,0.0,0.0,0.06,0.0,0.0,0.0,0.0,0.0,0.0,0.0,0.0,0.0,0.0,0.0,0.0,0.04,0.0,0.0,0.0,0.0,0.0,0.14,0.0,0.0,0.04,0.0,0.05,0.1,0.1,0.05,0.06,0.06,0.0,0.04,0.0,0.05,0.0,0.0,0.06,0.06,0.0,0.05,0.12,0.04,0.0,0.0,0.0,0.0,0.0,0.06,0.06,0.12,0.0,0.04,0.0,0.0,0.0,0.0,0.12,0.06,0.0,0.0,0.0,0.0,0.0,0.0,0.0,0.0,0.0,0.0,0.04,0.0,0.0,0.0,0.06,0.0,0.0,0.0,0.0,0.0,0.0,0.0,0.0,0.08,0.0,0.06,0.0,0.0,0.0,0.05,0.0,0.0,0.0,0.0,0.0,0.0,0.0,0.0,0.04,0.0,0.0,0.0,0.04,0.04,0.0,0.0,0.0,0.0,0.04,0.0,0.08,0.0,0.0,0.06,0.04,0.04,0.04,0.0,0.0,0.09,0.0,0.16,0.0,0.04,0.0,0.0,0.04,0.06,0.02,0.0,0.0,0.03,0.0,0.0,0.0,0.0,0.0,0.06,0.0,0.0,0.06,0.0,0.0,0.0,0.0,0.0,0.0,0.0,0.05,0.05,0.0,0.0
crespelle agli asparagi,0.06,0.04,0.0,0.0,0.0,0.0,0.05,0.04,0.0,0.0,0.0,0.04,0.0,0.0,0.05,0.0,0.0,0.09,0.0,0.06,0.0,0.0,0.0,0.0,0.0,0.0,0.0,0.04,0.0,0.14,0.0,0.04,0.0,0.04,0.0,0.0,0.04,0.0,0.14,0.08,0.0,0.0,0.04,0.09,0.02,0.1,0.0,0.04,0.0,0.04,0.0,0.0,0.04,0.0,1.0,0.0,0.04,0.06,0.16,0.1,0.0,0.0,0.0,0.0,0.09,0.04,0.0,0.04,0.12,0.0,0.12,0.0,0.04,0.06,0.05,0.0,0.04,0.0,0.0,0.12,0.18,0.04,0.13,0.1,0.0,0.0,0.0,0.0,0.0,0.0,0.04,0.04,0.04,0.0,0.04,0.05,0.0,0.0,0.0,0.0,0.15,0.04,0.0,0.04,0.0,0.0,0.0,0.0,0.0,0.04,0.04,0.0,0.0,0.0,0.0,0.0,0.12,0.0,0.0,0.04,0.0,0.0,0.12,0.14,0.04,0.19,0.13,0.16,0.12,0.0,0.0,0.1,0.0,0.0,0.0,0.09,0.0,0.0,0.0,0.0,0.0,0.0,0.16,0.18,0.08,0.14,0.22,0.04,0.0,0.05,0.0,0.04,0.0,0.08,0.0,0.0,0.08,0.03,0.0,0.1,0.0,0.0,0.0,0.0,0.0,0.13,0.18,0.17,0.0,0.0,0.0,0.0,0.04,0.0,0.0,0.0,0.0,0.0,0.07,0.0,0.0,0.0,0.0,0.0,0.0,0.0,0.05,0.0,0.0,0.0,0.0,0.0,0.0,0.04,0.0,0.04,0.0,0.0,0.05,0.0,0.0,0.0,0.04,0.15,0.0,0.1,0.0,0.04,0.04,0.0,0.04,0.0,0.04,0.0,0.04,0.0,0.0,0.03,0.04,0.0,0.0,0.14,0.07,0.12,0.09,0.0,0.04,0.0,0.0,0.04,0.04,0.0,0.0,0.03,0.0,0.05,0.0,0.12,0.0,0.0,0.0,0.04,0.12,0.0,0.0,0.12,0.1,0.24,0.0,0.0,0.0,0.0,0.0,0.0,0.0,0.04,0.04,0.0,0.0,0.04,0.09,0.12,0.0,0.05,0.14,0.18,0.1,0.09,0.09,0.18,0.04,0.05,0.02,0.0,0.0,0.05,0.05,0.0,0.04,0.07,0.05,0.0,0.0,0.0,0.14,0.0,0.0,0.0,0.08,0.0,0.04,0.04,0.1,0.06,0.15,0.0,0.0,0.23,0.0,0.12,0.04,0.18,0.0,0.08,0.15,0.04,0.09,0.0,0.0,0.0,0.0,0.16,0.18,0.06,0.04,0.12,0.05,0.12,0.0,0.0,0.06,0.0,0.13,0.08,0.14,0.0,0.0,0.0,0.0,0.0,0.07,0.09,0.04,0.04,0.04,0.04,0.0,0.0,0.0,0.0,0.0
crostata di pasta matta stracchino e fagiolini,0.06,0.18,0.14,0.22,0.12,0.0,0.16,0.16,0.0,0.25,0.0,0.08,0.36,0.07,0.17,0.08,0.18,0.14,0.17,0.06,0.22,0.1,0.14,0.17,0.06,0.13,0.14,0.18,0.13,0.14,0.12,0.14,0.15,0.18,0.2,0.15,0.1,0.0,0.0,0.0,0.15,0.14,0.08,0.0,0.0,0.0,0.0,0.09,0.08,0.14,0.12,0.16,0.12,0.04,0.0,1.0,0.12,0.13,0.04,0.14,0.09,0.14,0.0,0.16,0.1,0.07,0.09,0.15,0.16,0.18,0.0,0.04,0.14,0.0,0.17,0.13,0.04,0.04,0.05,0.14,0.1,0.08,0.1,0.1,0.13,0.22,0.0,0.0,0.12,0.04,0.12,0.14,0.12,0.16,0.4,0.16,0.17,0.15,0.18,0.15,0.36,0.18,0.0,0.15,0.12,0.15,0.12,0.05,0.06,0.13,0.0,0.06,0.17,0.12,0.14,0.14,0.14,0.12,0.14,0.14,0.04,0.22,0.08,0.1,0.14,0.08,0.14,0.14,0.08,0.14,0.16,0.12,0.06,0.0,0.24,0.1,0.14,0.14,0.27,0.14,0.04,0.12,0.0,0.0,0.16,0.0,0.19,0.0,0.0,0.0,0.09,0.14,0.15,0.08,0.15,0.04,0.0,0.06,0.0,0.06,0.06,0.0,0.15,0.14,0.12,0.18,0.1,0.18,0.08,0.15,0.17,0.14,0.25,0.1,0.16,0.06,0.15,0.16,0.12,0.14,0.15,0.06,0.16,0.15,0.04,0.06,0.16,0.16,0.1,0.22,0.15,0.06,0.06,0.11,0.16,0.15,0.12,0.14,0.17,0.06,0.16,0.1,0.12,0.12,0.18,0.1,0.1,0.14,0.14,0.0,0.18,0.1,0.14,0.34,0.22,0.19,0.05,0.0,0.2,0.21,0.0,0.0,0.12,0.08,0.14,0.0,0.08,0.1,0.22,0.15,0.14,0.04,0.09,0.2,0.14,0.1,0.0,0.52,0.0,0.16,0.04,0.08,0.18,0.0,0.14,0.29,0.31,0.22,0.13,0.12,0.12,0.16,0.16,0.14,0.15,0.05,0.0,0.06,0.0,0.16,0.05,0.0,0.17,0.0,0.0,0.0,0.0,0.1,0.14,0.0,0.35,0.12,0.06,0.18,0.16,0.12,0.0,0.14,0.15,0.12,0.06,0.06,0.16,0.12,0.11,0.14,0.0,0.09,0.13,0.06,0.1,0.26,0.2,0.04,0.16,0.12,0.06,0.14,0.15,0.21,0.04,0.0,0.12,0.16,0.24,0.09,0.1,0.0,0.04,0.24,0.04,0.14,0.24,0.12,0.04,0.08,0.06,0.2,0.14,0.0,0.03,0.0,0.08,0.12,0.0,0.08,0.06,0.08,0.0,0.0,0.12,0.1,0.08,0.04,0.14,0.12,0.04,0.29,0.05,0.08,0.09
dhal di lenticchie,0.06,0.06,0.04,0.1,0.07,0.0,0.04,0.08,0.0,0.14,0.0,0.04,0.04,0.03,0.1,0.03,0.06,0.08,0.05,0.0,0.08,0.06,0.08,0.05,0.0,0.08,0.08,0.08,0.08,0.05,0.06,0.04,0.04,0.16,0.04,0.09,0.04,0.0,0.0,0.0,0.09,0.03,0.1,0.0,0.08,0.0,0.14,0.08,0.04,0.08,0.04,0.04,0.04,0.04,0.04,0.12,1.0,0.06,0.04,0.1,0.04,0.04,0.0,0.04,0.04,0.03,0.02,0.09,0.08,0.08,0.06,0.0,0.08,0.06,0.1,0.04,0.04,0.04,0.0,0.08,0.04,0.04,0.04,0.04,0.04,0.1,0.0,0.0,0.06,0.0,0.08,0.08,0.04,0.1,0.04,0.04,0.05,0.09,0.12,0.04,0.04,0.12,0.04,0.04,0.0,0.04,0.04,0.0,0.0,0.04,0.07,0.0,0.1,0.04,0.04,0.12,0.04,0.04,0.04,0.06,0.08,0.04,0.04,0.04,0.04,0.04,0.08,0.04,0.11,0.04,0.04,0.06,0.04,0.0,0.07,0.04,0.04,0.04,0.04,0.08,0.03,0.04,0.0,0.0,0.08,0.0,0.04,0.0,0.0,0.0,0.04,0.08,0.09,0.04,0.04,0.0,0.0,0.08,0.0,0.0,0.0,0.0,0.04,0.04,0.05,0.1,0.04,0.1,0.04,0.04,0.05,0.04,0.09,0.04,0.04,0.0,0.04,0.04,0.04,0.0,0.04,0.0,0.04,0.04,0.0,0.0,0.1,0.0,0.1,0.08,0.04,0.0,0.0,0.04,0.04,0.04,0.05,0.04,0.05,0.0,0.04,0.09,0.04,0.07,0.08,0.04,0.04,0.04,0.04,0.0,0.08,0.1,0.04,0.09,0.08,0.08,0.04,0.06,0.09,0.08,0.0,0.0,0.07,0.04,0.04,0.0,0.04,0.04,0.1,0.04,0.08,0.04,0.04,0.06,0.08,0.04,0.04,0.04,0.04,0.1,0.04,0.04,0.09,0.0,0.04,0.06,0.06,0.06,0.12,0.08,0.05,0.04,0.04,0.04,0.09,0.04,0.0,0.0,0.0,0.08,0.0,0.0,0.05,0.05,0.04,0.0,0.0,0.09,0.04,0.0,0.0,0.05,0.02,0.06,0.0,0.1,0.0,0.04,0.09,0.1,0.04,0.0,0.11,0.04,0.06,0.04,0.0,0.04,0.08,0.0,0.09,0.1,0.1,0.03,0.06,0.1,0.0,0.06,0.04,0.08,0.1,0.0,0.05,0.1,0.1,0.08,0.04,0.0,0.04,0.0,0.04,0.04,0.1,0.06,0.0,0.04,0.0,0.07,0.04,0.0,0.08,0.0,0.06,0.04,0.0,0.07,0.0,0.07,0.0,0.0,0.1,0.04,0.11,0.04,0.08,0.14,0.0,0.08,0.0,0.04,0.04
doppio hamburger di manzo,0.06,0.13,0.06,0.08,0.12,0.0,0.08,0.18,0.04,0.14,0.0,0.09,0.07,0.05,0.08,0.0,0.09,0.07,0.12,0.0,0.12,0.08,0.07,0.08,0.0,0.06,0.1,0.1,0.16,0.14,0.14,0.1,0.08,0.06,0.06,0.08,0.0,0.0,0.04,0.03,0.08,0.08,0.08,0.04,0.0,0.04,0.0,0.0,0.0,0.14,0.03,0.06,0.06,0.0,0.06,0.13,0.06,1.0,0.09,0.13,0.06,0.06,0.0,0.08,0.14,0.05,0.02,0.11,0.09,0.13,0.05,0.0,0.07,0.0,0.12,0.06,0.0,0.06,0.0,0.1,0.11,0.12,0.1,0.12,0.1,0.18,0.03,0.05,0.18,0.0,0.09,0.07,0.09,0.08,0.11,0.08,0.08,0.08,0.06,0.11,0.07,0.06,0.0,0.08,0.0,0.08,0.06,0.0,0.0,0.06,0.0,0.0,0.08,0.12,0.1,0.07,0.06,0.06,0.06,0.08,0.0,0.08,0.1,0.12,0.06,0.09,0.14,0.1,0.09,0.1,0.08,0.11,0.04,0.04,0.12,0.07,0.1,0.1,0.07,0.1,0.0,0.08,0.04,0.07,0.12,0.0,0.1,0.0,0.0,0.0,0.06,0.06,0.08,0.1,0.11,0.04,0.0,0.06,0.0,0.02,0.0,0.0,0.08,0.07,0.08,0.13,0.11,0.14,0.06,0.08,0.08,0.07,0.08,0.08,0.12,0.0,0.08,0.08,0.08,0.0,0.08,0.0,0.08,0.08,0.0,0.0,0.08,0.0,0.12,0.09,0.08,0.0,0.0,0.0,0.08,0.08,0.08,0.07,0.08,0.0,0.08,0.08,0.06,0.08,0.1,0.12,0.1,0.07,0.07,0.0,0.06,0.08,0.13,0.1,0.12,0.1,0.04,0.02,0.11,0.11,0.0,0.04,0.06,0.09,0.1,0.0,0.06,0.04,0.08,0.08,0.1,0.06,0.06,0.14,0.1,0.08,0.03,0.1,0.0,0.08,0.0,0.06,0.15,0.04,0.1,0.09,0.12,0.11,0.07,0.06,0.08,0.08,0.08,0.07,0.11,0.0,0.0,0.0,0.04,0.09,0.04,0.04,0.08,0.0,0.04,0.05,0.04,0.14,0.1,0.08,0.0,0.08,0.0,0.09,0.0,0.08,0.0,0.07,0.08,0.11,0.0,0.0,0.06,0.06,0.08,0.1,0.0,0.0,0.06,0.0,0.08,0.11,0.14,0.08,0.14,0.12,0.04,0.13,0.08,0.06,0.03,0.0,0.08,0.06,0.18,0.06,0.08,0.0,0.04,0.0,0.03,0.1,0.14,0.09,0.04,0.06,0.0,0.15,0.1,0.0,0.0,0.0,0.09,0.12,0.04,0.06,0.0,0.03,0.0,0.04,0.06,0.11,0.0,0.04,0.06,0.08,0.03,0.1,0.0,0.0,0.1
dorayaki salati,0.22,0.1,0.0,0.05,0.04,0.0,0.0,0.12,0.21,0.02,0.0,0.04,0.0,0.0,0.05,0.04,0.0,0.0,0.05,0.06,0.0,0.04,0.0,0.0,0.0,0.04,0.09,0.08,0.12,0.1,0.03,0.09,0.0,0.0,0.0,0.0,0.14,0.0,0.14,0.04,0.04,0.04,0.04,0.09,0.06,0.14,0.0,0.04,0.08,0.09,0.08,0.0,0.04,0.08,0.16,0.04,0.04,0.09,1.0,0.06,0.0,0.04,0.08,0.0,0.04,0.2,0.24,0.14,0.32,0.12,0.06,0.0,0.0,0.06,0.16,0.0,0.04,0.16,0.3,0.21,0.04,0.08,0.13,0.05,0.0,0.04,0.0,0.0,0.06,0.0,0.0,0.09,0.0,0.0,0.04,0.0,0.05,0.0,0.08,0.0,0.0,0.04,0.21,0.04,0.0,0.04,0.0,0.0,0.05,0.04,0.29,0.15,0.0,0.0,0.0,0.0,0.08,0.0,0.0,0.06,0.38,0.0,0.08,0.1,0.0,0.08,0.13,0.08,0.08,0.04,0.05,0.1,0.1,0.05,0.0,0.13,0.0,0.04,0.0,0.04,0.04,0.04,0.1,0.13,0.08,0.14,0.13,0.04,0.0,0.05,0.0,0.0,0.09,0.04,0.04,0.04,0.04,0.08,0.0,0.15,0.0,0.0,0.0,0.04,0.05,0.06,0.14,0.12,0.0,0.04,0.0,0.04,0.0,0.0,0.05,0.0,0.0,0.0,0.14,0.0,0.0,0.18,0.0,0.04,0.0,0.0,0.0,0.1,0.1,0.0,0.0,0.16,0.0,0.0,0.0,0.0,0.0,0.04,0.0,0.0,0.0,0.09,0.04,0.11,0.12,0.05,0.04,0.09,0.09,0.0,0.16,0.0,0.12,0.03,0.04,0.04,0.09,0.29,0.18,0.11,0.05,0.14,0.1,0.12,0.09,0.0,0.0,0.1,0.05,0.04,0.04,0.08,0.0,0.03,0.04,0.1,0.08,0.08,0.05,0.05,0.14,0.0,0.06,0.0,0.04,0.08,0.12,0.21,0.06,0.0,0.0,0.0,0.0,0.0,0.04,0.04,0.04,0.0,0.05,0.04,0.04,0.12,0.0,0.1,0.1,0.06,0.05,0.09,0.13,0.18,0.09,0.1,0.2,0.0,0.06,0.0,0.05,0.0,0.09,0.07,0.0,0.0,0.04,0.0,0.06,0.08,0.0,0.08,0.0,0.0,0.0,0.07,0.07,0.14,0.09,0.0,0.1,0.16,0.04,0.19,0.18,0.09,0.0,0.11,0.11,0.08,0.09,0.05,0.2,0.0,0.6,0.12,0.18,0.06,0.08,0.12,0.32,0.12,0.0,0.11,0.03,0.04,0.06,0.11,0.1,0.0,0.1,0.1,0.0,0.05,0.07,0.04,0.04,0.0,0.0,0.04,0.04,0.09,0.09,0.04,0.04
eggs benedict,0.0,0.0,0.08,0.0,0.0,0.0,0.08,0.17,0.0,0.18,0.0,0.0,0.08,0.0,0.14,0.0,0.1,0.08,0.0,0.0,0.21,0.0,0.12,0.09,0.09,0.18,0.0,0.08,0.0,0.12,0.1,0.12,0.0,0.1,0.14,0.08,0.04,0.0,0.08,0.04,0.0,0.0,0.0,0.0,0.0,0.04,0.0,0.08,0.0,0.08,0.0,0.1,0.06,0.0,0.1,0.14,0.1,0.13,0.06,1.0,0.0,0.0,0.0,0.08,0.0,0.06,0.0,0.0,0.1,0.08,0.16,0.0,0.16,0.0,0.18,0.07,0.0,0.0,0.0,0.14,0.12,0.14,0.12,0.0,0.07,0.16,0.0,0.0,0.0,0.0,0.1,0.16,0.14,0.13,0.12,0.08,0.09,0.12,0.11,0.08,0.08,0.11,0.0,0.12,0.0,0.08,0.06,0.0,0.0,0.1,0.0,0.0,0.14,0.06,0.08,0.12,0.11,0.06,0.08,0.12,0.0,0.08,0.0,0.13,0.08,0.0,0.16,0.11,0.0,0.08,0.08,0.09,0.0,0.0,0.13,0.12,0.08,0.08,0.08,0.08,0.0,0.0,0.0,0.0,0.0,0.06,0.16,0.04,0.0,0.04,0.08,0.08,0.12,0.1,0.0,0.08,0.04,0.0,0.0,0.04,0.0,0.0,0.08,0.08,0.09,0.17,0.12,0.2,0.07,0.08,0.14,0.0,0.16,0.08,0.08,0.0,0.08,0.17,0.1,0.0,0.08,0.0,0.08,0.08,0.0,0.0,0.08,0.0,0.13,0.06,0.08,0.0,0.0,0.0,0.08,0.08,0.09,0.08,0.09,0.0,0.08,0.12,0.0,0.16,0.08,0.13,0.08,0.12,0.12,0.0,0.08,0.08,0.08,0.11,0.18,0.08,0.0,0.0,0.08,0.1,0.0,0.0,0.12,0.1,0.12,0.0,0.0,0.0,0.13,0.08,0.08,0.06,0.08,0.1,0.0,0.13,0.0,0.14,0.0,0.08,0.0,0.0,0.2,0.0,0.08,0.12,0.16,0.12,0.05,0.06,0.09,0.08,0.08,0.08,0.12,0.0,0.04,0.0,0.0,0.06,0.04,0.05,0.09,0.0,0.04,0.06,0.04,0.16,0.12,0.06,0.04,0.14,0.0,0.1,0.1,0.09,0.04,0.08,0.16,0.0,0.0,0.0,0.0,0.06,0.09,0.08,0.0,0.08,0.0,0.0,0.08,0.12,0.19,0.03,0.16,0.14,0.0,0.14,0.08,0.1,0.0,0.04,0.09,0.13,0.16,0.14,0.12,0.0,0.04,0.0,0.0,0.14,0.2,0.15,0.04,0.1,0.04,0.16,0.08,0.0,0.1,0.0,0.0,0.16,0.08,0.0,0.0,0.0,0.0,0.0,0.0,0.0,0.0,0.0,0.08,0.06,0.0,0.08,0.0,0.0,0.08
enchiladas,0.0,0.0,0.04,0.0,0.0,0.0,0.1,0.08,0.04,0.08,0.0,0.0,0.05,0.0,0.06,0.0,0.06,0.05,0.0,0.0,0.13,0.0,0.05,0.06,0.06,0.04,0.0,0.09,0.0,0.12,0.09,0.05,0.0,0.08,0.04,0.1,0.0,0.0,0.0,0.0,0.0,0.0,0.0,0.0,0.0,0.0,0.0,0.0,0.0,0.05,0.04,0.08,0.04,0.0,0.0,0.09,0.04,0.06,0.0,0.0,1.0,0.0,0.0,0.06,0.0,0.04,0.0,0.0,0.04,0.04,0.0,0.0,0.05,0.0,0.06,0.04,0.0,0.0,0.05,0.09,0.1,0.04,0.05,0.0,0.04,0.08,0.0,0.0,0.0,0.0,0.04,0.05,0.04,0.06,0.05,0.06,0.06,0.05,0.04,0.05,0.1,0.04,0.0,0.05,0.0,0.15,0.04,0.0,0.0,0.04,0.0,0.0,0.06,0.04,0.04,0.05,0.04,0.04,0.04,0.04,0.0,0.06,0.0,0.06,0.04,0.0,0.05,0.09,0.0,0.04,0.06,0.12,0.0,0.0,0.12,0.05,0.04,0.04,0.1,0.09,0.0,0.0,0.0,0.0,0.0,0.0,0.05,0.05,0.0,0.0,0.04,0.09,0.05,0.08,0.0,0.0,0.0,0.0,0.0,0.0,0.0,0.0,0.05,0.14,0.06,0.07,0.05,0.14,0.08,0.15,0.12,0.0,0.05,0.1,0.06,0.0,0.05,0.06,0.04,0.0,0.05,0.0,0.06,0.1,0.04,0.0,0.1,0.0,0.06,0.08,0.1,0.0,0.0,0.0,0.06,0.05,0.06,0.1,0.12,0.0,0.06,0.05,0.0,0.04,0.04,0.1,0.1,0.05,0.05,0.0,0.04,0.06,0.09,0.1,0.13,0.1,0.0,0.0,0.05,0.06,0.0,0.0,0.04,0.04,0.05,0.0,0.0,0.06,0.06,0.1,0.1,0.04,0.04,0.06,0.0,0.06,0.0,0.09,0.0,0.06,0.0,0.0,0.07,0.04,0.04,0.06,0.1,0.08,0.03,0.12,0.12,0.06,0.06,0.05,0.05,0.05,0.04,0.06,0.0,0.04,0.0,0.0,0.06,0.0,0.06,0.0,0.06,0.05,0.1,0.0,0.0,0.12,0.0,0.06,0.0,0.12,0.06,0.1,0.05,0.0,0.0,0.0,0.0,0.12,0.04,0.04,0.0,0.0,0.0,0.0,0.1,0.08,0.08,0.04,0.06,0.06,0.0,0.07,0.05,0.04,0.0,0.0,0.06,0.04,0.08,0.04,0.1,0.0,0.0,0.0,0.0,0.04,0.12,0.06,0.0,0.08,0.0,0.08,0.09,0.0,0.0,0.0,0.0,0.08,0.0,0.0,0.0,0.0,0.0,0.0,0.0,0.0,0.0,0.0,0.04,0.08,0.0,0.1,0.0,0.0,0.09
fajitas,0.0,0.0,0.09,0.0,0.0,0.0,0.16,0.08,0.04,0.16,0.0,0.0,0.1,0.0,0.12,0.0,0.12,0.1,0.0,0.0,0.13,0.0,0.14,0.12,0.06,0.08,0.0,0.14,0.0,0.18,0.09,0.1,0.0,0.08,0.09,0.15,0.05,0.0,0.05,0.0,0.0,0.0,0.0,0.0,0.03,0.1,0.0,0.04,0.08,0.1,0.08,0.16,0.08,0.0,0.0,0.14,0.04,0.06,0.04,0.0,0.0,1.0,0.04,0.1,0.0,0.07,0.15,0.0,0.12,0.09,0.0,0.04,0.1,0.0,0.12,0.18,0.0,0.0,0.14,0.14,0.1,0.08,0.05,0.0,0.08,0.14,0.0,0.0,0.0,0.04,0.08,0.1,0.08,0.1,0.1,0.1,0.12,0.1,0.09,0.1,0.14,0.09,0.05,0.1,0.06,0.15,0.08,0.05,0.06,0.08,0.08,0.1,0.12,0.08,0.09,0.1,0.09,0.12,0.09,0.08,0.04,0.1,0.0,0.06,0.09,0.0,0.1,0.18,0.0,0.09,0.1,0.12,0.0,0.0,0.16,0.05,0.09,0.09,0.14,0.14,0.0,0.0,0.0,0.0,0.0,0.0,0.1,0.0,0.0,0.0,0.04,0.14,0.1,0.08,0.0,0.04,0.0,0.03,0.0,0.11,0.06,0.0,0.1,0.19,0.06,0.1,0.05,0.16,0.04,0.15,0.17,0.0,0.1,0.06,0.1,0.06,0.1,0.1,0.12,0.1,0.1,0.1,0.16,0.15,0.09,0.12,0.16,0.06,0.06,0.12,0.15,0.12,0.06,0.04,0.1,0.15,0.06,0.14,0.17,0.06,0.1,0.05,0.0,0.08,0.09,0.1,0.1,0.1,0.1,0.08,0.14,0.1,0.09,0.14,0.18,0.1,0.05,0.07,0.1,0.15,0.06,0.0,0.04,0.04,0.1,0.0,0.0,0.06,0.1,0.1,0.1,0.04,0.09,0.13,0.0,0.1,0.0,0.14,0.06,0.06,0.08,0.0,0.1,0.0,0.14,0.12,0.18,0.15,0.03,0.16,0.06,0.16,0.1,0.1,0.1,0.1,0.0,0.1,0.0,0.08,0.05,0.0,0.12,0.06,0.06,0.0,0.06,0.05,0.14,0.0,0.05,0.12,0.08,0.12,0.12,0.12,0.06,0.14,0.1,0.0,0.06,0.06,0.0,0.16,0.08,0.09,0.0,0.04,0.0,0.06,0.1,0.15,0.12,0.04,0.1,0.06,0.06,0.1,0.1,0.16,0.0,0.0,0.06,0.08,0.16,0.04,0.1,0.0,0.09,0.0,0.08,0.09,0.16,0.12,0.04,0.08,0.06,0.18,0.14,0.0,0.0,0.0,0.0,0.08,0.0,0.0,0.1,0.0,0.0,0.06,0.0,0.0,0.0,0.04,0.09,0.12,0.0,0.1,0.1,0.0,0.09
falafel di ceci neri con pistacchi,0.1,0.0,0.0,0.0,0.0,0.0,0.0,0.0,0.04,0.0,0.0,0.04,0.0,0.03,0.0,0.03,0.0,0.04,0.0,0.0,0.0,0.03,0.0,0.05,0.05,0.04,0.0,0.04,0.04,0.02,0.06,0.04,0.0,0.04,0.04,0.0,0.0,0.0,0.0,0.0,0.0,0.06,0.0,0.04,0.08,0.04,0.0,0.04,0.04,0.04,0.0,0.04,0.1,0.08,0.0,0.0,0.0,0.0,0.08,0.0,0.0,0.04,1.0,0.04,0.0,0.03,0.08,0.0,0.04,0.04,0.0,0.0,0.04,0.0,0.0,0.04,0.0,0.12,0.08,0.04,0.0,0.08,0.0,0.0,0.0,0.02,0.04,0.0,0.0,0.0,0.0,0.0,0.0,0.0,0.0,0.0,0.0,0.0,0.0,0.0,0.0,0.0,0.04,0.0,0.0,0.0,0.0,0.0,0.0,0.0,0.07,0.04,0.0,0.0,0.0,0.08,0.0,0.0,0.0,0.0,0.08,0.0,0.0,0.0,0.0,0.0,0.0,0.0,0.0,0.0,0.04,0.04,0.0,0.0,0.0,0.04,0.04,0.0,0.04,0.0,0.03,0.04,0.0,0.04,0.08,0.0,0.0,0.04,0.0,0.05,0.0,0.04,0.04,0.0,0.0,0.04,0.04,0.02,0.04,0.1,0.0,0.0,0.0,0.04,0.0,0.0,0.04,0.04,0.04,0.0,0.0,0.04,0.04,0.04,0.0,0.0,0.04,0.04,0.07,0.04,0.04,0.04,0.04,0.0,0.04,0.0,0.0,0.1,0.0,0.04,0.0,0.05,0.0,0.04,0.04,0.0,0.05,0.0,0.0,0.0,0.04,0.0,0.04,0.04,0.0,0.0,0.0,0.04,0.04,0.0,0.08,0.0,0.0,0.03,0.0,0.0,0.04,0.09,0.0,0.06,0.04,0.04,0.0,0.0,0.0,0.0,0.04,0.0,0.0,0.04,0.0,0.04,0.04,0.0,0.0,0.04,0.11,0.0,0.1,0.1,0.07,0.04,0.0,0.0,0.0,0.03,0.03,0.06,0.0,0.04,0.0,0.04,0.04,0.04,0.0,0.04,0.08,0.0,0.0,0.0,0.0,0.0,0.0,0.15,0.0,0.0,0.0,0.0,0.0,0.0,0.0,0.0,0.08,0.0,0.11,0.0,0.0,0.08,0.0,0.04,0.04,0.04,0.0,0.0,0.03,0.0,0.0,0.04,0.0,0.0,0.04,0.0,0.0,0.0,0.0,0.0,0.0,0.0,0.0,0.04,0.07,0.0,0.0,0.04,0.0,0.0,0.0,0.0,0.08,0.0,0.07,0.0,0.0,0.0,0.0,0.0,0.1,0.02,0.0,0.04,0.06,0.04,0.02,0.0,0.0,0.0,0.04,0.04,0.0,0.04,0.0,0.0,0.0,0.04,0.04,0.04,0.04,0.04,0.14,0.04,0.0
filetti di spigola croccanti al forno,0.07,0.13,0.1,0.12,0.1,0.0,0.12,0.1,0.0,0.16,0.0,0.1,0.11,0.08,0.14,0.08,0.14,0.17,0.14,0.08,0.16,0.12,0.11,0.2,0.14,0.16,0.06,0.1,0.05,0.14,0.18,0.17,0.12,0.16,0.16,0.12,0.06,0.0,0.0,0.0,0.06,0.17,0.04,0.0,0.04,0.0,0.0,0.1,0.05,0.17,0.1,0.14,0.14,0.0,0.0,0.16,0.04,0.08,0.0,0.08,0.06,0.1,0.04,1.0,0.06,0.04,0.07,0.06,0.1,0.1,0.0,0.04,0.17,0.0,0.14,0.16,0.0,0.06,0.06,0.06,0.06,0.1,0.06,0.06,0.1,0.19,0.0,0.0,0.07,0.05,0.1,0.11,0.1,0.12,0.12,0.12,0.14,0.12,0.1,0.12,0.11,0.1,0.0,0.12,0.06,0.12,0.1,0.06,0.06,0.1,0.04,0.06,0.14,0.1,0.1,0.11,0.1,0.1,0.1,0.08,0.0,0.12,0.05,0.06,0.16,0.05,0.11,0.1,0.05,0.1,0.18,0.18,0.0,0.0,0.14,0.11,0.22,0.1,0.17,0.1,0.08,0.14,0.0,0.0,0.14,0.0,0.11,0.06,0.0,0.06,0.06,0.16,0.18,0.05,0.12,0.1,0.06,0.07,0.05,0.06,0.07,0.0,0.12,0.11,0.06,0.16,0.06,0.19,0.1,0.12,0.14,0.11,0.18,0.12,0.12,0.06,0.18,0.18,0.09,0.12,0.18,0.06,0.18,0.12,0.06,0.07,0.12,0.0,0.06,0.14,0.12,0.06,0.06,0.1,0.18,0.12,0.14,0.11,0.14,0.07,0.18,0.06,0.2,0.14,0.1,0.06,0.06,0.17,0.17,0.0,0.1,0.06,0.1,0.2,0.16,0.11,0.0,0.0,0.12,0.14,0.0,0.06,0.04,0.05,0.11,0.0,0.04,0.06,0.12,0.12,0.11,0.0,0.1,0.19,0.17,0.18,0.05,0.16,0.06,0.06,0.0,0.05,0.12,0.0,0.1,0.14,0.16,0.09,0.04,0.14,0.06,0.18,0.18,0.17,0.12,0.17,0.05,0.06,0.0,0.1,0.06,0.0,0.14,0.06,0.0,0.0,0.0,0.06,0.11,0.0,0.06,0.06,0.04,0.14,0.14,0.06,0.06,0.11,0.12,0.18,0.12,0.12,0.1,0.1,0.22,0.1,0.0,0.1,0.1,0.06,0.12,0.18,0.14,0.04,0.12,0.14,0.06,0.08,0.12,0.14,0.0,0.0,0.06,0.14,0.14,0.06,0.06,0.0,0.1,0.0,0.0,0.16,0.14,0.07,0.1,0.05,0.0,0.18,0.1,0.04,0.08,0.0,0.05,0.14,0.0,0.04,0.06,0.09,0.0,0.0,0.04,0.06,0.0,0.1,0.16,0.14,0.09,0.17,0.12,0.1,0.06
filetto alla wellington,0.0,0.0,0.05,0.0,0.0,0.0,0.12,0.09,0.0,0.12,0.0,0.0,0.06,0.0,0.06,0.0,0.07,0.06,0.0,0.0,0.1,0.0,0.06,0.06,0.0,0.05,0.0,0.05,0.0,0.22,0.17,0.06,0.0,0.05,0.05,0.11,0.06,0.0,0.06,0.04,0.0,0.0,0.0,0.0,0.0,0.06,0.0,0.0,0.0,0.06,0.0,0.09,0.04,0.0,0.09,0.1,0.04,0.14,0.04,0.0,0.0,0.0,0.0,0.06,1.0,0.04,0.0,0.0,0.09,0.05,0.08,0.0,0.06,0.0,0.06,0.05,0.0,0.0,0.1,0.15,0.16,0.1,0.1,0.0,0.05,0.11,0.0,0.0,0.0,0.0,0.04,0.06,0.04,0.06,0.06,0.06,0.06,0.06,0.05,0.06,0.1,0.05,0.0,0.06,0.0,0.11,0.04,0.0,0.0,0.05,0.0,0.0,0.06,0.09,0.05,0.06,0.05,0.04,0.05,0.04,0.0,0.06,0.0,0.12,0.05,0.0,0.1,0.15,0.0,0.05,0.06,0.12,0.0,0.0,0.09,0.06,0.1,0.05,0.1,0.1,0.0,0.0,0.0,0.0,0.0,0.0,0.1,0.0,0.0,0.0,0.05,0.1,0.06,0.14,0.0,0.0,0.0,0.0,0.0,0.03,0.0,0.0,0.06,0.1,0.06,0.12,0.11,0.14,0.05,0.06,0.12,0.0,0.06,0.06,0.06,0.0,0.06,0.06,0.08,0.0,0.06,0.0,0.06,0.11,0.0,0.0,0.12,0.0,0.06,0.04,0.11,0.0,0.0,0.0,0.06,0.06,0.06,0.06,0.12,0.0,0.06,0.06,0.0,0.09,0.05,0.18,0.06,0.06,0.06,0.0,0.05,0.06,0.05,0.08,0.14,0.06,0.0,0.0,0.06,0.06,0.0,0.0,0.04,0.04,0.06,0.0,0.0,0.0,0.06,0.06,0.06,0.04,0.05,0.07,0.0,0.06,0.0,0.1,0.0,0.06,0.0,0.0,0.16,0.05,0.05,0.07,0.16,0.12,0.04,0.09,0.12,0.06,0.06,0.06,0.06,0.0,0.0,0.06,0.0,0.04,0.06,0.07,0.06,0.0,0.12,0.08,0.06,0.11,0.16,0.08,0.0,0.12,0.0,0.07,0.0,0.12,0.06,0.1,0.06,0.0,0.0,0.0,0.0,0.09,0.08,0.1,0.0,0.0,0.0,0.0,0.11,0.08,0.13,0.08,0.14,0.12,0.0,0.2,0.06,0.04,0.0,0.0,0.12,0.09,0.14,0.05,0.11,0.0,0.05,0.08,0.04,0.1,0.18,0.14,0.05,0.09,0.12,0.17,0.2,0.0,0.0,0.0,0.0,0.09,0.06,0.0,0.0,0.0,0.0,0.06,0.0,0.0,0.0,0.0,0.05,0.08,0.0,0.06,0.0,0.0,0.1
fish burger con salsa allo yogurt,0.04,0.06,0.04,0.08,0.03,0.1,0.18,0.06,0.12,0.08,0.0,0.04,0.04,0.03,0.04,0.0,0.05,0.08,0.04,0.0,0.07,0.08,0.16,0.15,0.0,0.04,0.08,0.1,0.07,0.04,0.05,0.04,0.08,0.04,0.04,0.04,0.0,0.0,0.04,0.0,0.08,0.03,0.03,0.04,0.02,0.04,0.0,0.0,0.04,0.04,0.0,0.03,0.03,0.04,0.04,0.07,0.03,0.05,0.2,0.06,0.04,0.07,0.03,0.04,0.04,1.0,0.16,0.04,0.26,0.04,0.0,0.0,0.04,0.0,0.04,0.24,0.0,0.04,0.16,0.07,0.04,0.07,0.04,0.04,0.04,0.06,0.0,0.0,0.05,0.04,0.16,0.18,0.22,0.16,0.16,0.21,0.1,0.16,0.16,0.14,0.11,0.19,0.18,0.16,0.0,0.16,0.11,0.04,0.0,0.16,0.16,0.2,0.17,0.16,0.1,0.14,0.2,0.2,0.16,0.2,0.16,0.1,0.04,0.14,0.07,0.06,0.04,0.04,0.04,0.12,0.04,0.03,0.0,0.04,0.06,0.04,0.04,0.04,0.04,0.04,0.0,0.03,0.0,0.04,0.04,0.0,0.14,0.0,0.0,0.04,0.07,0.04,0.04,0.04,0.04,0.0,0.04,0.0,0.0,0.04,0.0,0.0,0.04,0.04,0.04,0.06,0.04,0.06,0.04,0.04,0.04,0.04,0.04,0.04,0.04,0.0,0.12,0.04,0.06,0.0,0.04,0.12,0.04,0.04,0.0,0.0,0.04,0.04,0.04,0.04,0.04,0.04,0.0,0.0,0.04,0.08,0.22,0.12,0.04,0.0,0.04,0.04,0.04,0.03,0.12,0.14,0.04,0.04,0.04,0.0,0.07,0.04,0.04,0.06,0.07,0.04,0.04,0.16,0.04,0.07,0.04,0.0,0.2,0.14,0.14,0.04,0.1,0.0,0.04,0.16,0.04,0.1,0.1,0.16,0.04,0.04,0.06,0.04,0.04,0.12,0.06,0.06,0.06,0.0,0.04,0.08,0.06,0.06,0.1,0.04,0.04,0.04,0.08,0.04,0.12,0.0,0.0,0.04,0.0,0.12,0.0,0.0,0.04,0.04,0.0,0.0,0.0,0.04,0.04,0.03,0.0,0.04,0.12,0.14,0.05,0.04,0.0,0.04,0.04,0.03,0.0,0.0,0.04,0.03,0.06,0.04,0.0,0.0,0.04,0.0,0.04,0.06,0.15,0.0,0.05,0.04,0.0,0.03,0.04,0.06,0.03,0.0,0.04,0.13,0.16,0.12,0.16,0.0,0.14,0.0,0.22,0.16,0.19,0.15,0.0,0.2,0.15,0.16,0.11,0.0,0.0,0.04,0.08,0.12,0.0,0.06,0.04,0.0,0.0,0.12,0.03,0.04,0.0,0.0,0.04,0.03,0.0,0.04,0.04,0.0,0.04
"focaccia con fave, salumi e formaggi",0.18,0.05,0.06,0.1,0.05,0.0,0.07,0.02,0.16,0.09,0.0,0.0,0.06,0.0,0.08,0.07,0.08,0.06,0.08,0.09,0.06,0.04,0.06,0.08,0.08,0.06,0.03,0.24,0.17,0.04,0.0,0.06,0.06,0.06,0.06,0.06,0.1,0.0,0.0,0.0,0.04,0.1,0.0,0.1,0.06,0.1,0.0,0.09,0.16,0.06,0.13,0.05,0.05,0.15,0.0,0.09,0.02,0.02,0.24,0.0,0.0,0.15,0.08,0.07,0.0,0.16,1.0,0.04,0.24,0.09,0.0,0.05,0.06,0.0,0.08,0.06,0.03,0.12,0.26,0.15,0.0,0.08,0.0,0.04,0.06,0.08,0.0,0.0,0.0,0.06,0.06,0.06,0.06,0.07,0.06,0.07,0.08,0.06,0.09,0.06,0.06,0.09,0.18,0.06,0.07,0.06,0.06,0.06,0.07,0.06,0.18,0.24,0.08,0.06,0.06,0.06,0.09,0.05,0.06,0.05,0.22,0.07,0.0,0.0,0.06,0.02,0.06,0.06,0.02,0.06,0.07,0.05,0.04,0.0,0.05,0.0,0.06,0.06,0.06,0.06,0.05,0.05,0.0,0.1,0.06,0.0,0.06,0.0,0.0,0.0,0.0,0.06,0.06,0.03,0.06,0.06,0.0,0.06,0.0,0.2,0.08,0.0,0.06,0.06,0.0,0.04,0.0,0.04,0.0,0.06,0.08,0.06,0.06,0.04,0.07,0.07,0.06,0.07,0.12,0.07,0.06,0.24,0.07,0.06,0.09,0.08,0.07,0.11,0.0,0.06,0.06,0.18,0.08,0.05,0.07,0.06,0.0,0.06,0.08,0.08,0.07,0.0,0.06,0.05,0.09,0.0,0.0,0.06,0.06,0.0,0.18,0.0,0.09,0.11,0.06,0.1,0.16,0.26,0.1,0.18,0.1,0.0,0.0,0.0,0.06,0.0,0.0,0.1,0.1,0.06,0.1,0.13,0.03,0.08,0.06,0.0,0.19,0.06,0.1,0.04,0.18,0.0,0.06,0.06,0.06,0.06,0.09,0.17,0.04,0.06,0.0,0.07,0.07,0.06,0.06,0.06,0.0,0.07,0.0,0.08,0.06,0.0,0.08,0.11,0.0,0.0,0.0,0.0,0.06,0.0,0.06,0.0,0.22,0.08,0.2,0.0,0.0,0.06,0.06,0.08,0.07,0.07,0.08,0.05,0.05,0.06,0.0,0.09,0.06,0.07,0.0,0.12,0.08,0.05,0.04,0.0,0.07,0.07,0.06,0.22,0.13,0.2,0.0,0.08,0.08,0.0,0.0,0.0,0.24,0.0,0.33,0.06,0.08,0.0,0.06,0.0,0.2,0.06,0.06,0.02,0.02,0.1,0.04,0.05,0.0,0.0,0.18,0.08,0.0,0.1,0.02,0.0,0.02,0.06,0.06,0.05,0.05,0.1,0.16,0.08,0.0
focaccia in padella,0.0,0.0,0.05,0.0,0.0,0.0,0.06,0.14,0.0,0.12,0.0,0.0,0.06,0.0,0.06,0.0,0.07,0.06,0.0,0.0,0.1,0.0,0.06,0.06,0.0,0.05,0.0,0.1,0.0,0.13,0.07,0.06,0.0,0.05,0.05,0.06,0.06,0.0,0.0,0.0,0.0,0.0,0.0,0.0,0.04,0.0,0.0,0.05,0.04,0.1,0.04,0.04,0.09,0.0,0.04,0.15,0.09,0.11,0.14,0.0,0.0,0.0,0.0,0.06,0.0,0.04,0.04,1.0,0.23,0.2,0.08,0.0,0.06,0.0,0.06,0.05,0.05,0.0,0.0,0.1,0.06,0.1,0.1,0.0,0.05,0.11,0.0,0.0,0.0,0.0,0.04,0.06,0.04,0.06,0.06,0.06,0.06,0.06,0.1,0.06,0.06,0.1,0.0,0.06,0.0,0.06,0.09,0.0,0.0,0.1,0.0,0.0,0.06,0.04,0.05,0.06,0.05,0.04,0.05,0.04,0.05,0.06,0.0,0.06,0.05,0.0,0.1,0.05,0.0,0.1,0.06,0.04,0.06,0.0,0.09,0.16,0.05,0.05,0.06,0.05,0.0,0.0,0.0,0.0,0.0,0.08,0.21,0.0,0.0,0.0,0.05,0.05,0.06,0.05,0.0,0.05,0.0,0.04,0.0,0.03,0.0,0.0,0.06,0.06,0.12,0.16,0.16,0.12,0.05,0.11,0.06,0.0,0.06,0.06,0.06,0.0,0.06,0.06,0.08,0.0,0.06,0.0,0.06,0.06,0.0,0.0,0.06,0.0,0.06,0.04,0.06,0.0,0.0,0.0,0.06,0.06,0.06,0.06,0.06,0.0,0.06,0.06,0.0,0.09,0.1,0.06,0.1,0.06,0.06,0.0,0.15,0.06,0.15,0.11,0.1,0.1,0.06,0.04,0.28,0.1,0.0,0.0,0.17,0.18,0.16,0.0,0.0,0.06,0.12,0.06,0.06,0.04,0.05,0.07,0.0,0.06,0.0,0.05,0.0,0.12,0.04,0.0,0.08,0.05,0.05,0.14,0.08,0.08,0.1,0.04,0.06,0.06,0.06,0.06,0.06,0.0,0.0,0.0,0.0,0.09,0.0,0.0,0.06,0.0,0.0,0.0,0.0,0.06,0.06,0.0,0.06,0.12,0.03,0.07,0.0,0.06,0.0,0.06,0.16,0.0,0.0,0.0,0.0,0.04,0.04,0.05,0.0,0.05,0.0,0.0,0.06,0.16,0.08,0.0,0.1,0.12,0.0,0.12,0.11,0.14,0.0,0.06,0.12,0.09,0.18,0.2,0.11,0.0,0.05,0.0,0.04,0.05,0.18,0.14,0.0,0.14,0.0,0.12,0.05,0.0,0.04,0.0,0.0,0.04,0.06,0.0,0.0,0.0,0.0,0.0,0.0,0.0,0.0,0.0,0.05,0.04,0.0,0.1,0.0,0.0,0.05
focaccia ripiena di zucca e salsiccia in padella,0.16,0.14,0.08,0.14,0.08,0.0,0.18,0.08,0.11,0.15,0.0,0.04,0.09,0.06,0.1,0.06,0.12,0.09,0.1,0.06,0.12,0.06,0.19,0.19,0.05,0.08,0.09,0.16,0.12,0.18,0.14,0.13,0.09,0.08,0.08,0.09,0.14,0.0,0.09,0.04,0.09,0.14,0.04,0.09,0.08,0.14,0.0,0.08,0.12,0.09,0.11,0.08,0.15,0.08,0.12,0.16,0.08,0.09,0.32,0.1,0.04,0.12,0.04,0.1,0.09,0.26,0.24,0.23,1.0,0.21,0.06,0.04,0.09,0.0,0.16,0.16,0.04,0.08,0.19,0.16,0.09,0.12,0.29,0.1,0.08,0.13,0.04,0.0,0.06,0.04,0.18,0.18,0.18,0.2,0.16,0.17,0.28,0.19,0.22,0.18,0.15,0.2,0.13,0.19,0.05,0.19,0.18,0.04,0.05,0.18,0.14,0.16,0.2,0.18,0.14,0.18,0.18,0.2,0.18,0.19,0.18,0.15,0.08,0.23,0.08,0.12,0.18,0.16,0.12,0.51,0.14,0.14,0.05,0.0,0.15,0.13,0.08,0.08,0.13,0.12,0.06,0.11,0.05,0.09,0.12,0.07,0.3,0.0,0.0,0.0,0.04,0.08,0.14,0.12,0.14,0.04,0.0,0.06,0.0,0.15,0.06,0.0,0.09,0.13,0.1,0.16,0.18,0.2,0.12,0.14,0.1,0.13,0.09,0.05,0.14,0.1,0.14,0.1,0.18,0.05,0.09,0.31,0.1,0.14,0.04,0.06,0.1,0.05,0.1,0.12,0.14,0.16,0.05,0.04,0.1,0.09,0.27,0.2,0.1,0.2,0.1,0.09,0.08,0.15,0.24,0.18,0.04,0.13,0.13,0.0,0.21,0.05,0.16,0.16,0.12,0.13,0.09,0.36,0.28,0.16,0.05,0.18,0.27,0.28,0.22,0.0,0.04,0.23,0.14,0.09,0.09,0.08,0.04,0.19,0.13,0.1,0.08,0.12,0.05,0.17,0.1,0.04,0.26,0.0,0.08,0.14,0.19,0.21,0.15,0.08,0.05,0.1,0.1,0.13,0.09,0.09,0.0,0.05,0.0,0.18,0.09,0.12,0.1,0.05,0.1,0.06,0.05,0.09,0.18,0.1,0.09,0.1,0.16,0.18,0.12,0.05,0.0,0.09,0.14,0.14,0.05,0.05,0.16,0.11,0.17,0.12,0.0,0.08,0.08,0.05,0.04,0.21,0.25,0.14,0.18,0.05,0.05,0.2,0.14,0.27,0.08,0.04,0.05,0.24,0.3,0.24,0.19,0.1,0.17,0.0,0.23,0.24,0.36,0.2,0.08,0.28,0.14,0.3,0.18,0.04,0.03,0.04,0.1,0.35,0.05,0.08,0.14,0.14,0.0,0.05,0.07,0.09,0.04,0.04,0.08,0.1,0.07,0.13,0.09,0.08,0.04
focaccia veloce patate e rosmarino,0.12,0.11,0.09,0.16,0.08,0.0,0.1,0.12,0.04,0.2,0.0,0.04,0.1,0.04,0.12,0.08,0.12,0.1,0.12,0.06,0.13,0.07,0.1,0.12,0.06,0.08,0.14,0.14,0.13,0.08,0.12,0.1,0.1,0.08,0.09,0.1,0.1,0.0,0.0,0.0,0.1,0.14,0.04,0.0,0.09,0.0,0.0,0.09,0.08,0.14,0.12,0.08,0.12,0.04,0.0,0.18,0.08,0.13,0.12,0.08,0.04,0.09,0.04,0.1,0.05,0.04,0.09,0.2,0.21,1.0,0.0,0.04,0.1,0.0,0.12,0.08,0.04,0.09,0.05,0.09,0.05,0.04,0.05,0.06,0.08,0.16,0.0,0.0,0.18,0.04,0.08,0.1,0.08,0.1,0.1,0.1,0.12,0.1,0.14,0.1,0.1,0.18,0.0,0.1,0.06,0.1,0.08,0.05,0.06,0.13,0.0,0.06,0.12,0.08,0.09,0.1,0.09,0.08,0.09,0.08,0.09,0.1,0.04,0.06,0.09,0.04,0.1,0.09,0.04,0.14,0.1,0.08,0.06,0.1,0.12,0.05,0.09,0.09,0.14,0.14,0.04,0.08,0.0,0.0,0.08,0.0,0.14,0.0,0.0,0.0,0.04,0.14,0.1,0.08,0.15,0.14,0.0,0.06,0.0,0.14,0.06,0.0,0.1,0.1,0.06,0.1,0.05,0.14,0.08,0.1,0.12,0.1,0.1,0.06,0.1,0.1,0.15,0.1,0.12,0.1,0.1,0.06,0.1,0.1,0.04,0.06,0.1,0.06,0.06,0.12,0.15,0.06,0.06,0.12,0.1,0.1,0.06,0.1,0.12,0.06,0.1,0.05,0.08,0.08,0.18,0.06,0.1,0.1,0.1,0.0,0.18,0.06,0.14,0.17,0.13,0.19,0.05,0.07,0.25,0.18,0.0,0.05,0.08,0.08,0.1,0.0,0.04,0.16,0.16,0.15,0.1,0.04,0.04,0.13,0.1,0.06,0.0,0.09,0.0,0.1,0.04,0.04,0.1,0.0,0.09,0.1,0.18,0.15,0.13,0.08,0.06,0.1,0.1,0.14,0.1,0.05,0.0,0.06,0.0,0.12,0.05,0.0,0.12,0.06,0.0,0.0,0.0,0.05,0.1,0.0,0.05,0.06,0.12,0.12,0.06,0.06,0.06,0.1,0.1,0.15,0.1,0.1,0.21,0.32,0.11,0.09,0.0,0.09,0.08,0.06,0.05,0.19,0.16,0.04,0.1,0.06,0.06,0.1,0.1,0.16,0.08,0.0,0.12,0.12,0.16,0.09,0.05,0.12,0.04,0.0,0.04,0.14,0.2,0.06,0.04,0.04,0.06,0.12,0.18,0.0,0.03,0.0,0.04,0.08,0.0,0.04,0.06,0.16,0.0,0.0,0.08,0.05,0.08,0.04,0.26,0.12,0.08,0.14,0.1,0.08,0.04
"fonduta alla valdostana, la ricetta con la fontina per gli amanti del formaggio",0.0,0.0,0.0,0.0,0.0,0.0,0.0,0.0,0.0,0.08,0.0,0.0,0.0,0.0,0.0,0.0,0.0,0.0,0.0,0.0,0.0,0.0,0.07,0.0,0.0,0.06,0.0,0.0,0.0,0.04,0.0,0.0,0.0,0.06,0.0,0.0,0.0,0.0,0.08,0.06,0.0,0.0,0.06,0.08,0.0,0.08,0.0,0.0,0.0,0.0,0.0,0.0,0.0,0.06,0.12,0.0,0.06,0.05,0.06,0.16,0.0,0.0,0.0,0.0,0.08,0.0,0.0,0.08,0.06,0.0,1.0,0.0,0.0,0.09,0.08,0.0,0.0,0.0,0.0,0.06,0.08,0.0,0.07,0.08,0.0,0.06,0.0,0.0,0.0,0.0,0.06,0.07,0.0,0.08,0.0,0.0,0.0,0.08,0.06,0.0,0.0,0.06,0.0,0.0,0.0,0.0,0.0,0.0,0.0,0.0,0.0,0.0,0.08,0.0,0.0,0.07,0.0,0.0,0.0,0.06,0.0,0.0,0.0,0.08,0.0,0.06,0.14,0.06,0.12,0.06,0.0,0.06,0.0,0.0,0.0,0.0,0.0,0.0,0.0,0.0,0.0,0.0,0.08,0.07,0.0,0.0,0.07,0.0,0.0,0.0,0.0,0.0,0.08,0.06,0.0,0.0,0.0,0.0,0.0,0.04,0.0,0.0,0.0,0.0,0.0,0.1,0.08,0.04,0.0,0.0,0.08,0.0,0.0,0.0,0.0,0.0,0.0,0.0,0.12,0.0,0.0,0.0,0.0,0.0,0.0,0.0,0.0,0.0,0.08,0.0,0.0,0.0,0.0,0.0,0.0,0.0,0.0,0.0,0.0,0.0,0.0,0.08,0.0,0.12,0.0,0.08,0.0,0.0,0.0,0.0,0.0,0.0,0.0,0.0,0.0,0.0,0.0,0.0,0.0,0.0,0.0,0.08,0.12,0.0,0.07,0.0,0.0,0.0,0.0,0.0,0.0,0.0,0.0,0.0,0.0,0.0,0.0,0.06,0.0,0.0,0.0,0.0,0.1,0.0,0.0,0.0,0.05,0.06,0.0,0.0,0.0,0.0,0.0,0.0,0.08,0.0,0.0,0.0,0.0,0.0,0.08,0.09,0.0,0.0,0.08,0.1,0.08,0.15,0.07,0.12,0.0,0.0,0.0,0.0,0.0,0.0,0.0,0.0,0.15,0.11,0.0,0.0,0.0,0.0,0.06,0.0,0.0,0.0,0.0,0.0,0.0,0.0,0.12,0.06,0.1,0.08,0.0,0.1,0.0,0.0,0.0,0.0,0.08,0.06,0.06,0.14,0.0,0.0,0.14,0.0,0.0,0.06,0.06,0.0,0.0,0.0,0.0,0.04,0.0,0.0,0.0,0.0,0.03,0.06,0.08,0.0,0.0,0.0,0.0,0.0,0.0,0.08,0.0,0.0,0.0,0.0,0.0,0.0,0.0,0.0,0.0
fregola risottata alle capesante e cacao,0.02,0.03,0.04,0.04,0.04,0.0,0.04,0.0,0.0,0.05,0.0,0.08,0.12,0.0,0.05,0.03,0.06,0.04,0.05,0.06,0.04,0.06,0.04,0.15,0.05,0.08,0.0,0.04,0.0,0.02,0.02,0.04,0.04,0.04,0.04,0.04,0.04,0.0,0.04,0.0,0.0,0.1,0.0,0.0,0.0,0.0,0.0,0.04,0.04,0.04,0.1,0.04,0.04,0.0,0.0,0.04,0.0,0.0,0.0,0.0,0.0,0.04,0.0,0.04,0.0,0.0,0.05,0.0,0.04,0.04,0.0,1.0,0.08,0.0,0.05,0.04,0.08,0.0,0.04,0.0,0.0,0.0,0.0,0.0,0.04,0.06,0.08,0.0,0.0,0.04,0.04,0.04,0.04,0.04,0.04,0.04,0.05,0.04,0.04,0.04,0.04,0.04,0.0,0.04,0.04,0.04,0.11,0.12,0.04,0.04,0.0,0.04,0.05,0.04,0.04,0.04,0.04,0.04,0.04,0.03,0.08,0.04,0.08,0.0,0.04,0.0,0.04,0.04,0.0,0.04,0.04,0.06,0.0,0.0,0.04,0.0,0.04,0.04,0.04,0.08,0.03,0.04,0.0,0.0,0.04,0.0,0.04,0.09,0.09,0.1,0.08,0.04,0.04,0.04,0.04,0.04,0.08,0.02,0.0,0.05,0.06,0.0,0.04,0.04,0.0,0.03,0.0,0.02,0.0,0.04,0.05,0.04,0.09,0.0,0.1,0.04,0.04,0.04,0.04,0.04,0.09,0.1,0.04,0.04,0.04,0.06,0.04,0.0,0.0,0.04,0.09,0.05,0.05,0.04,0.04,0.09,0.0,0.04,0.05,0.06,0.04,0.04,0.04,0.04,0.04,0.0,0.0,0.04,0.04,0.0,0.04,0.0,0.04,0.06,0.04,0.04,0.0,0.0,0.04,0.06,0.0,0.0,0.0,0.0,0.04,0.1,0.07,0.04,0.04,0.14,0.04,0.0,0.0,0.06,0.04,0.0,0.0,0.04,0.0,0.0,0.0,0.0,0.03,0.0,0.04,0.03,0.06,0.04,0.06,0.08,0.0,0.04,0.1,0.04,0.04,0.04,0.08,0.04,0.1,0.04,0.09,0.06,0.05,0.0,0.0,0.06,0.0,0.09,0.04,0.0,0.04,0.0,0.05,0.06,0.06,0.0,0.0,0.04,0.04,0.04,0.04,0.04,0.04,0.04,0.03,0.04,0.0,0.04,0.04,0.04,0.0,0.06,0.04,0.03,0.08,0.0,0.04,0.03,0.04,0.08,0.0,0.0,0.0,0.07,0.04,0.0,0.0,0.0,0.04,0.0,0.0,0.04,0.04,0.0,0.04,0.0,0.0,0.04,0.04,0.0,0.0,0.0,0.0,0.07,0.04,0.0,0.04,0.04,0.0,0.0,0.0,0.0,0.0,0.04,0.12,0.06,0.07,0.04,0.04,0.04,0.04
fregola sarda con vongole,0.06,0.12,0.1,0.11,0.08,0.0,0.11,0.09,0.0,0.14,0.0,0.09,0.1,0.11,0.12,0.08,0.13,0.2,0.12,0.07,0.18,0.11,0.1,0.18,0.18,0.18,0.05,0.1,0.04,0.12,0.16,0.15,0.1,0.18,0.19,0.1,0.06,0.0,0.0,0.0,0.06,0.19,0.12,0.0,0.03,0.0,0.0,0.24,0.04,0.2,0.08,0.12,0.12,0.0,0.04,0.14,0.08,0.07,0.0,0.16,0.05,0.1,0.04,0.17,0.06,0.04,0.06,0.06,0.09,0.1,0.0,0.08,1.0,0.0,0.12,0.14,0.0,0.05,0.05,0.05,0.06,0.14,0.05,0.06,0.09,0.17,0.0,0.0,0.06,0.04,0.09,0.1,0.13,0.11,0.1,0.11,0.12,0.1,0.1,0.1,0.1,0.1,0.0,0.1,0.06,0.1,0.09,0.05,0.06,0.09,0.08,0.06,0.12,0.09,0.1,0.1,0.1,0.08,0.1,0.08,0.0,0.11,0.04,0.06,0.1,0.04,0.1,0.1,0.04,0.1,0.17,0.2,0.0,0.0,0.21,0.05,0.14,0.1,0.15,0.14,0.08,0.12,0.0,0.0,0.18,0.0,0.1,0.06,0.0,0.06,0.05,0.19,0.16,0.04,0.1,0.19,0.05,0.13,0.04,0.06,0.06,0.0,0.1,0.1,0.06,0.11,0.06,0.17,0.09,0.1,0.12,0.1,0.26,0.11,0.11,0.06,0.21,0.22,0.08,0.11,0.16,0.06,0.17,0.1,0.05,0.06,0.17,0.0,0.06,0.13,0.16,0.06,0.06,0.12,0.17,0.1,0.12,0.1,0.12,0.06,0.17,0.06,0.18,0.12,0.1,0.06,0.05,0.15,0.15,0.0,0.1,0.06,0.1,0.18,0.14,0.1,0.0,0.0,0.1,0.16,0.06,0.06,0.04,0.04,0.1,0.0,0.04,0.06,0.11,0.1,0.15,0.04,0.1,0.14,0.1,0.11,0.04,0.1,0.06,0.06,0.0,0.04,0.11,0.0,0.1,0.13,0.14,0.08,0.04,0.18,0.06,0.35,0.22,0.15,0.1,0.15,0.04,0.06,0.0,0.09,0.16,0.06,0.12,0.12,0.06,0.07,0.0,0.1,0.1,0.0,0.06,0.06,0.03,0.13,0.2,0.12,0.0,0.1,0.1,0.12,0.22,0.11,0.09,0.08,0.16,0.1,0.0,0.14,0.14,0.06,0.16,0.16,0.12,0.04,0.1,0.06,0.06,0.08,0.1,0.13,0.0,0.0,0.06,0.12,0.12,0.05,0.06,0.0,0.1,0.0,0.0,0.1,0.12,0.06,0.05,0.04,0.0,0.16,0.1,0.04,0.23,0.0,0.04,0.12,0.06,0.04,0.06,0.08,0.0,0.0,0.04,0.06,0.04,0.19,0.41,0.2,0.12,0.15,0.1,0.09,0.1
french toast salati,0.0,0.0,0.0,0.0,0.0,0.0,0.0,0.06,0.0,0.0,0.0,0.0,0.0,0.0,0.08,0.0,0.0,0.0,0.0,0.0,0.0,0.0,0.0,0.0,0.0,0.0,0.0,0.0,0.0,0.0,0.0,0.06,0.0,0.0,0.0,0.0,0.07,0.0,0.07,0.0,0.0,0.0,0.0,0.0,0.12,0.0,0.1,0.0,0.0,0.0,0.0,0.0,0.0,0.0,0.06,0.0,0.06,0.0,0.06,0.0,0.0,0.0,0.0,0.0,0.0,0.0,0.0,0.0,0.0,0.0,0.09,0.0,0.0,1.0,0.08,0.0,0.0,0.0,0.0,0.06,0.0,0.0,0.0,0.0,0.0,0.0,0.0,0.0,0.0,0.0,0.0,0.06,0.0,0.0,0.0,0.0,0.0,0.0,0.0,0.0,0.0,0.0,0.06,0.07,0.0,0.0,0.0,0.0,0.0,0.12,0.06,0.0,0.0,0.0,0.0,0.0,0.06,0.0,0.0,0.05,0.06,0.0,0.0,0.0,0.0,0.0,0.0,0.0,0.0,0.06,0.0,0.0,0.0,0.0,0.0,0.13,0.0,0.0,0.0,0.0,0.0,0.0,0.0,0.0,0.0,0.1,0.13,0.07,0.0,0.08,0.0,0.0,0.0,0.0,0.0,0.0,0.06,0.0,0.0,0.04,0.0,0.0,0.0,0.0,0.08,0.05,0.07,0.07,0.0,0.07,0.0,0.0,0.0,0.0,0.0,0.0,0.0,0.0,0.06,0.0,0.0,0.0,0.0,0.0,0.0,0.0,0.0,0.0,0.0,0.0,0.0,0.0,0.0,0.0,0.0,0.0,0.0,0.0,0.0,0.0,0.0,0.0,0.0,0.11,0.0,0.0,0.0,0.06,0.06,0.0,0.0,0.07,0.0,0.0,0.06,0.0,0.0,0.1,0.0,0.0,0.0,0.0,0.1,0.06,0.13,0.0,0.0,0.0,0.0,0.0,0.0,0.0,0.0,0.0,0.0,0.07,0.0,0.06,0.07,0.0,0.0,0.0,0.04,0.06,0.0,0.04,0.04,0.05,0.0,0.0,0.0,0.0,0.0,0.0,0.0,0.0,0.06,0.0,0.0,0.0,0.0,0.0,0.0,0.0,0.0,0.0,0.0,0.0,0.0,0.0,0.14,0.23,0.0,0.0,0.0,0.0,0.07,0.0,0.2,0.0,0.0,0.0,0.0,0.0,0.0,0.0,0.0,0.0,0.0,0.0,0.0,0.0,0.0,0.0,0.0,0.08,0.0,0.05,0.07,0.06,0.0,0.06,0.08,0.06,0.0,0.12,0.07,0.0,0.06,0.0,0.0,0.06,0.06,0.08,0.06,0.06,0.08,0.04,0.0,0.0,0.0,0.0,0.0,0.0,0.14,0.0,0.0,0.0,0.0,0.0,0.0,0.0,0.0,0.0,0.0,0.0,0.0,0.0,0.0,0.0,0.0
frittata di zucchine,0.15,0.28,0.12,0.14,0.15,0.0,0.14,0.16,0.0,0.24,0.0,0.1,0.12,0.04,0.22,0.04,0.16,0.12,0.22,0.17,0.16,0.14,0.18,0.14,0.07,0.16,0.06,0.12,0.06,0.14,0.12,0.24,0.12,0.16,0.12,0.12,0.19,0.0,0.12,0.0,0.06,0.18,0.15,0.0,0.0,0.06,0.0,0.06,0.05,0.18,0.15,0.1,0.1,0.0,0.05,0.17,0.1,0.12,0.16,0.18,0.06,0.12,0.0,0.14,0.06,0.04,0.08,0.06,0.16,0.12,0.08,0.05,0.12,0.08,1.0,0.11,0.0,0.06,0.06,0.12,0.06,0.06,0.12,0.06,0.11,0.26,0.0,0.0,0.08,0.06,0.16,0.24,0.1,0.2,0.19,0.14,0.14,0.19,0.17,0.12,0.12,0.17,0.0,0.19,0.06,0.12,0.1,0.06,0.06,0.16,0.0,0.06,0.22,0.1,0.12,0.18,0.17,0.1,0.12,0.23,0.0,0.14,0.11,0.14,0.12,0.1,0.3,0.17,0.16,0.17,0.2,0.19,0.06,0.0,0.15,0.18,0.12,0.17,0.12,0.17,0.09,0.15,0.07,0.06,0.16,0.1,0.18,0.06,0.0,0.07,0.06,0.12,0.25,0.06,0.19,0.06,0.06,0.12,0.0,0.1,0.08,0.0,0.12,0.18,0.14,0.18,0.12,0.24,0.06,0.19,0.14,0.18,0.12,0.06,0.2,0.06,0.12,0.14,0.14,0.06,0.12,0.06,0.14,0.19,0.06,0.08,0.14,0.0,0.26,0.1,0.12,0.14,0.07,0.05,0.14,0.12,0.07,0.18,0.14,0.08,0.14,0.19,0.16,0.26,0.23,0.06,0.06,0.24,0.24,0.0,0.12,0.06,0.17,0.17,0.22,0.12,0.0,0.0,0.19,0.15,0.0,0.06,0.2,0.16,0.18,0.0,0.05,0.14,0.14,0.12,0.18,0.0,0.06,0.2,0.18,0.2,0.0,0.17,0.0,0.06,0.0,0.05,0.22,0.0,0.17,0.16,0.26,0.19,0.04,0.1,0.07,0.14,0.14,0.12,0.25,0.12,0.06,0.06,0.07,0.1,0.06,0.08,0.14,0.0,0.06,0.0,0.0,0.19,0.18,0.1,0.19,0.22,0.04,0.16,0.08,0.07,0.06,0.12,0.32,0.19,0.06,0.06,0.1,0.1,0.14,0.23,0.0,0.06,0.11,0.06,0.06,0.19,0.24,0.18,0.12,0.14,0.06,0.14,0.19,0.26,0.1,0.06,0.07,0.26,0.15,0.23,0.19,0.07,0.12,0.0,0.0,0.23,0.26,0.16,0.17,0.16,0.07,0.26,0.12,0.05,0.0,0.0,0.08,0.2,0.06,0.05,0.14,0.14,0.0,0.0,0.1,0.06,0.0,0.06,0.12,0.14,0.1,0.18,0.06,0.06,0.12
gamberi in salsa piccante e bulgur,0.06,0.1,0.08,0.1,0.08,0.0,0.2,0.08,0.0,0.21,0.0,0.08,0.2,0.1,0.11,0.1,0.12,0.14,0.11,0.06,0.12,0.2,0.22,0.26,0.11,0.12,0.04,0.08,0.04,0.11,0.14,0.14,0.1,0.12,0.13,0.1,0.05,0.0,0.0,0.0,0.05,0.14,0.04,0.0,0.03,0.0,0.0,0.08,0.04,0.29,0.08,0.2,0.12,0.0,0.0,0.13,0.04,0.06,0.0,0.07,0.04,0.18,0.04,0.16,0.05,0.24,0.06,0.05,0.16,0.08,0.0,0.04,0.14,0.0,0.11,1.0,0.2,0.04,0.04,0.04,0.05,0.08,0.04,0.05,0.08,0.16,0.0,0.0,0.06,0.04,0.2,0.19,0.5,0.22,0.18,0.18,0.17,0.22,0.21,0.2,0.16,0.22,0.15,0.22,0.05,0.22,0.15,0.04,0.05,0.21,0.12,0.05,0.24,0.2,0.15,0.19,0.21,0.32,0.21,0.24,0.0,0.16,0.04,0.15,0.08,0.04,0.09,0.08,0.04,0.17,0.16,0.11,0.0,0.0,0.12,0.04,0.13,0.08,0.14,0.08,0.07,0.12,0.0,0.0,0.12,0.0,0.19,0.05,0.0,0.06,0.04,0.13,0.14,0.04,0.1,0.08,0.04,0.09,0.12,0.06,0.06,0.0,0.1,0.09,0.06,0.1,0.05,0.13,0.08,0.1,0.11,0.09,0.14,0.1,0.1,0.05,0.19,0.16,0.08,0.16,0.14,0.05,0.2,0.1,0.04,0.18,0.1,0.0,0.05,0.12,0.1,0.06,0.06,0.08,0.16,0.1,0.25,0.18,0.11,0.06,0.16,0.05,0.12,0.12,0.17,0.15,0.14,0.14,0.14,0.0,0.08,0.05,0.08,0.16,0.12,0.09,0.0,0.0,0.1,0.12,0.0,0.05,0.2,0.14,0.19,0.0,0.04,0.05,0.1,0.14,0.09,0.0,0.18,0.21,0.09,0.1,0.04,0.08,0.05,0.14,0.0,0.04,0.1,0.0,0.22,0.12,0.13,0.07,0.1,0.12,0.06,0.16,0.3,0.14,0.1,0.09,0.08,0.2,0.0,0.16,0.05,0.0,0.11,0.06,0.0,0.0,0.0,0.05,0.09,0.0,0.05,0.06,0.02,0.2,0.12,0.06,0.0,0.09,0.1,0.11,0.16,0.1,0.08,0.08,0.1,0.08,0.0,0.08,0.16,0.05,0.1,0.14,0.2,0.04,0.09,0.06,0.05,0.07,0.1,0.12,0.0,0.0,0.06,0.22,0.22,0.13,0.18,0.0,0.08,0.0,0.0,0.17,0.24,0.16,0.04,0.2,0.0,0.24,0.16,0.04,0.06,0.0,0.04,0.16,0.0,0.04,0.05,0.08,0.0,0.0,0.04,0.05,0.0,0.13,0.18,0.11,0.08,0.14,0.1,0.08,0.04
gamberi thai,0.03,0.0,0.0,0.05,0.0,0.0,0.05,0.0,0.0,0.02,0.0,0.12,0.04,0.0,0.0,0.07,0.0,0.0,0.0,0.0,0.0,0.04,0.0,0.06,0.0,0.0,0.04,0.04,0.04,0.0,0.0,0.0,0.0,0.0,0.0,0.0,0.05,0.0,0.0,0.0,0.05,0.0,0.0,0.0,0.0,0.0,0.0,0.04,0.04,0.21,0.08,0.0,0.0,0.04,0.04,0.04,0.04,0.0,0.04,0.0,0.0,0.0,0.0,0.0,0.0,0.0,0.03,0.05,0.04,0.04,0.0,0.08,0.0,0.0,0.0,0.2,1.0,0.08,0.0,0.04,0.05,0.0,0.0,0.0,0.0,0.02,0.04,0.0,0.0,0.0,0.04,0.0,0.04,0.0,0.0,0.0,0.0,0.0,0.04,0.0,0.0,0.08,0.21,0.0,0.0,0.0,0.08,0.09,0.0,0.0,0.0,0.0,0.0,0.0,0.0,0.0,0.04,0.0,0.0,0.04,0.08,0.0,0.08,0.05,0.0,0.0,0.0,0.04,0.0,0.0,0.0,0.0,0.05,0.0,0.0,0.0,0.0,0.0,0.0,0.0,0.0,0.0,0.0,0.0,0.0,0.0,0.0,0.05,0.05,0.06,0.08,0.0,0.0,0.0,0.0,0.0,0.18,0.09,0.0,0.0,0.0,0.0,0.0,0.0,0.0,0.0,0.0,0.0,0.0,0.0,0.0,0.0,0.0,0.0,0.0,0.0,0.0,0.0,0.0,0.0,0.0,0.0,0.0,0.0,0.0,0.0,0.0,0.0,0.0,0.0,0.0,0.0,0.0,0.0,0.0,0.0,0.0,0.0,0.06,0.0,0.0,0.0,0.0,0.0,0.08,0.0,0.0,0.04,0.04,0.0,0.04,0.0,0.0,0.03,0.0,0.04,0.04,0.0,0.05,0.03,0.0,0.0,0.04,0.0,0.0,0.05,0.12,0.05,0.05,0.14,0.04,0.04,0.0,0.0,0.0,0.0,0.0,0.0,0.0,0.05,0.04,0.0,0.0,0.0,0.0,0.0,0.0,0.04,0.12,0.0,0.0,0.0,0.22,0.0,0.0,0.0,0.08,0.22,0.11,0.12,0.0,0.0,0.0,0.0,0.0,0.06,0.0,0.0,0.0,0.0,0.0,0.0,0.06,0.0,0.0,0.0,0.0,0.0,0.0,0.0,0.05,0.0,0.04,0.0,0.0,0.0,0.0,0.04,0.04,0.0,0.0,0.04,0.0,0.0,0.06,0.0,0.0,0.04,0.0,0.04,0.04,0.04,0.0,0.04,0.08,0.0,0.05,0.0,0.0,0.0,0.04,0.0,0.08,0.0,0.0,0.0,0.0,0.02,0.0,0.0,0.03,0.0,0.0,0.0,0.0,0.0,0.0,0.04,0.05,0.0,0.11,0.0,0.08,0.04,0.0,0.0,0.0,0.04,0.0,0.04,0.0
gazpacho andaluso,0.0,0.0,0.0,0.0,0.0,0.0,0.0,0.0,0.04,0.03,0.0,0.0,0.0,0.0,0.0,0.0,0.0,0.05,0.0,0.0,0.0,0.0,0.0,0.06,0.06,0.04,0.0,0.09,0.0,0.03,0.06,0.05,0.0,0.04,0.04,0.0,0.05,0.0,0.0,0.0,0.0,0.0,0.0,0.0,0.09,0.1,0.0,0.09,0.08,0.1,0.16,0.04,0.04,0.0,0.0,0.04,0.04,0.06,0.16,0.0,0.0,0.0,0.12,0.06,0.0,0.04,0.12,0.0,0.08,0.09,0.0,0.0,0.05,0.0,0.06,0.04,0.08,1.0,0.05,0.09,0.0,0.13,0.0,0.0,0.0,0.1,0.0,0.0,0.0,0.0,0.0,0.0,0.12,0.0,0.05,0.0,0.0,0.0,0.04,0.0,0.0,0.04,0.05,0.0,0.0,0.05,0.0,0.05,0.0,0.0,0.08,0.06,0.0,0.0,0.0,0.0,0.0,0.0,0.0,0.08,0.14,0.0,0.0,0.0,0.0,0.0,0.05,0.0,0.0,0.04,0.06,0.08,0.1,0.0,0.0,0.0,0.04,0.04,0.05,0.04,0.0,0.0,0.0,0.0,0.0,0.0,0.0,0.05,0.0,0.06,0.0,0.04,0.05,0.0,0.0,0.04,0.04,0.18,0.0,0.11,0.0,0.0,0.0,0.0,0.0,0.0,0.0,0.02,0.04,0.0,0.0,0.0,0.05,0.06,0.0,0.0,0.05,0.06,0.08,0.06,0.05,0.06,0.06,0.0,0.0,0.0,0.0,0.12,0.06,0.04,0.0,0.06,0.0,0.04,0.06,0.0,0.06,0.0,0.0,0.0,0.06,0.0,0.0,0.04,0.14,0.0,0.0,0.1,0.1,0.0,0.14,0.0,0.0,0.06,0.0,0.05,0.14,0.1,0.05,0.09,0.06,0.0,0.04,0.0,0.0,0.0,0.0,0.1,0.06,0.05,0.05,0.08,0.04,0.03,0.0,0.1,0.0,0.0,0.1,0.06,0.2,0.0,0.0,0.04,0.04,0.03,0.04,0.12,0.1,0.04,0.0,0.06,0.06,0.05,0.05,0.05,0.08,0.0,0.06,0.04,0.0,0.0,0.0,0.17,0.0,0.0,0.0,0.05,0.0,0.04,0.0,0.0,0.12,0.0,0.12,0.0,0.0,0.0,0.0,0.0,0.06,0.06,0.0,0.0,0.04,0.04,0.0,0.09,0.0,0.0,0.1,0.04,0.0,0.04,0.03,0.0,0.0,0.04,0.0,0.08,0.0,0.0,0.0,0.08,0.04,0.0,0.0,0.0,0.09,0.0,0.12,0.0,0.04,0.0,0.0,0.0,0.12,0.02,0.0,0.0,0.1,0.0,0.0,0.04,0.0,0.0,0.06,0.0,0.0,0.06,0.0,0.0,0.0,0.04,0.04,0.08,0.0,0.14,0.15,0.0,0.04
girasole di pasta sfoglia salato,0.12,0.08,0.05,0.06,0.08,0.0,0.11,0.0,0.15,0.06,0.0,0.0,0.05,0.0,0.06,0.04,0.06,0.05,0.06,0.07,0.04,0.04,0.05,0.06,0.06,0.04,0.0,0.1,0.04,0.12,0.03,0.05,0.06,0.04,0.05,0.1,0.1,0.0,0.0,0.0,0.0,0.12,0.0,0.06,0.03,0.06,0.0,0.05,0.09,0.05,0.08,0.08,0.04,0.1,0.0,0.05,0.0,0.0,0.3,0.0,0.05,0.14,0.08,0.06,0.1,0.16,0.26,0.0,0.19,0.05,0.0,0.04,0.05,0.0,0.06,0.04,0.0,0.05,1.0,0.14,0.06,0.04,0.0,0.0,0.04,0.06,0.04,0.0,0.0,0.04,0.04,0.05,0.04,0.06,0.06,0.06,0.06,0.06,0.05,0.06,0.1,0.05,0.18,0.06,0.06,0.1,0.04,0.1,0.06,0.04,0.2,0.2,0.06,0.04,0.05,0.05,0.05,0.04,0.05,0.04,0.22,0.06,0.0,0.0,0.05,0.0,0.05,0.1,0.0,0.05,0.06,0.08,0.0,0.0,0.04,0.0,0.05,0.05,0.1,0.1,0.04,0.08,0.0,0.05,0.04,0.0,0.05,0.0,0.0,0.0,0.0,0.1,0.06,0.04,0.06,0.05,0.0,0.03,0.0,0.12,0.06,0.0,0.1,0.1,0.0,0.04,0.0,0.06,0.0,0.06,0.12,0.1,0.06,0.0,0.06,0.06,0.06,0.06,0.08,0.06,0.06,0.21,0.06,0.1,0.05,0.06,0.11,0.06,0.0,0.04,0.1,0.12,0.06,0.04,0.06,0.06,0.0,0.05,0.12,0.06,0.06,0.0,0.09,0.04,0.05,0.06,0.0,0.05,0.05,0.0,0.1,0.0,0.05,0.07,0.09,0.05,0.05,0.2,0.06,0.1,0.06,0.0,0.0,0.0,0.05,0.0,0.04,0.06,0.11,0.06,0.05,0.04,0.0,0.06,0.05,0.0,0.09,0.05,0.06,0.0,0.08,0.0,0.04,0.0,0.05,0.04,0.11,0.08,0.0,0.09,0.0,0.06,0.06,0.05,0.06,0.05,0.0,0.11,0.0,0.04,0.06,0.0,0.06,0.06,0.06,0.0,0.0,0.0,0.1,0.0,0.06,0.06,0.18,0.06,0.13,0.06,0.06,0.1,0.06,0.04,0.06,0.06,0.09,0.08,0.04,0.22,0.0,0.05,0.09,0.06,0.06,0.08,0.04,0.04,0.04,0.0,0.06,0.08,0.06,0.13,0.04,0.05,0.06,0.08,0.04,0.0,0.06,0.0,0.22,0.08,0.33,0.05,0.08,0.06,0.1,0.04,0.24,0.1,0.14,0.0,0.0,0.06,0.02,0.04,0.0,0.0,0.11,0.12,0.0,0.06,0.0,0.06,0.04,0.05,0.05,0.08,0.04,0.05,0.1,0.04,0.05
"gnocchetti tirolesi, come condirli",0.18,0.14,0.04,0.1,0.04,0.0,0.1,0.12,0.04,0.11,0.0,0.08,0.05,0.04,0.12,0.04,0.06,0.05,0.06,0.06,0.08,0.04,0.05,0.06,0.0,0.08,0.1,0.18,0.18,0.23,0.09,0.1,0.05,0.04,0.04,0.1,0.1,0.0,0.1,0.04,0.1,0.08,0.08,0.1,0.03,0.1,0.0,0.04,0.08,0.05,0.04,0.08,0.04,0.18,0.12,0.14,0.08,0.1,0.21,0.14,0.09,0.14,0.04,0.06,0.15,0.07,0.15,0.1,0.16,0.09,0.06,0.0,0.05,0.06,0.12,0.04,0.04,0.09,0.14,1.0,0.15,0.08,0.1,0.16,0.04,0.08,0.04,0.0,0.06,0.0,0.04,0.1,0.04,0.06,0.05,0.06,0.12,0.05,0.09,0.05,0.1,0.09,0.05,0.1,0.0,0.1,0.04,0.05,0.0,0.08,0.04,0.06,0.06,0.04,0.04,0.05,0.09,0.04,0.04,0.08,0.09,0.06,0.08,0.1,0.09,0.16,0.1,0.14,0.16,0.04,0.06,0.15,0.06,0.0,0.08,0.1,0.04,0.04,0.1,0.09,0.0,0.08,0.12,0.14,0.04,0.08,0.14,0.05,0.0,0.06,0.04,0.09,0.05,0.18,0.1,0.0,0.04,0.03,0.0,0.14,0.0,0.0,0.1,0.1,0.06,0.18,0.1,0.22,0.04,0.05,0.12,0.1,0.05,0.1,0.06,0.0,0.05,0.06,0.12,0.0,0.05,0.1,0.06,0.1,0.04,0.0,0.1,0.06,0.06,0.04,0.1,0.06,0.0,0.0,0.06,0.05,0.12,0.05,0.12,0.0,0.06,0.05,0.12,0.2,0.09,0.22,0.05,0.1,0.1,0.0,0.14,0.06,0.04,0.1,0.18,0.1,0.1,0.1,0.1,0.12,0.06,0.05,0.08,0.08,0.1,0.0,0.08,0.06,0.1,0.05,0.1,0.12,0.09,0.06,0.05,0.1,0.12,0.18,0.06,0.1,0.12,0.04,0.24,0.0,0.04,0.1,0.18,0.22,0.1,0.08,0.06,0.06,0.06,0.05,0.05,0.0,0.04,0.06,0.0,0.08,0.05,0.06,0.06,0.06,0.1,0.06,0.06,0.1,0.19,0.12,0.1,0.17,0.08,0.06,0.06,0.12,0.1,0.1,0.1,0.12,0.0,0.0,0.12,0.08,0.08,0.09,0.0,0.09,0.08,0.0,0.1,0.12,0.16,0.04,0.13,0.06,0.06,0.25,0.05,0.16,0.16,0.05,0.06,0.12,0.2,0.09,0.15,0.0,0.04,0.0,0.16,0.14,0.24,0.12,0.09,0.12,0.12,0.2,0.09,0.0,0.03,0.05,0.08,0.08,0.16,0.04,0.06,0.12,0.0,0.06,0.12,0.15,0.08,0.0,0.04,0.08,0.0,0.1,0.05,0.04,0.09
gnocchi con radicchio gorgonzola e noci,0.0,0.12,0.05,0.06,0.04,0.0,0.18,0.09,0.0,0.09,0.0,0.04,0.06,0.04,0.06,0.0,0.07,0.06,0.06,0.0,0.1,0.04,0.1,0.06,0.0,0.05,0.06,0.05,0.05,0.19,0.1,0.06,0.06,0.05,0.05,0.11,0.06,0.0,0.06,0.04,0.06,0.08,0.09,0.06,0.04,0.06,0.0,0.0,0.0,0.06,0.0,0.09,0.04,0.0,0.18,0.1,0.04,0.11,0.04,0.12,0.1,0.1,0.0,0.06,0.16,0.04,0.0,0.06,0.09,0.05,0.08,0.0,0.06,0.0,0.06,0.05,0.05,0.0,0.06,0.15,1.0,0.05,0.23,0.12,0.1,0.09,0.04,0.0,0.07,0.0,0.09,0.06,0.09,0.06,0.06,0.06,0.06,0.06,0.05,0.06,0.1,0.1,0.0,0.06,0.0,0.11,0.04,0.0,0.0,0.05,0.0,0.0,0.06,0.04,0.05,0.06,0.1,0.04,0.05,0.04,0.0,0.06,0.1,0.18,0.05,0.14,0.1,0.2,0.14,0.05,0.06,0.12,0.0,0.0,0.09,0.06,0.05,0.05,0.1,0.1,0.0,0.04,0.06,0.1,0.04,0.0,0.16,0.0,0.0,0.0,0.05,0.1,0.06,0.14,0.06,0.0,0.05,0.0,0.0,0.06,0.0,0.0,0.06,0.1,0.06,0.16,0.16,0.18,0.05,0.06,0.12,0.1,0.06,0.06,0.06,0.0,0.06,0.06,0.08,0.0,0.06,0.0,0.06,0.11,0.0,0.0,0.12,0.0,0.06,0.04,0.11,0.0,0.0,0.0,0.06,0.2,0.06,0.06,0.19,0.16,0.06,0.06,0.09,0.14,0.05,0.18,0.06,0.06,0.06,0.0,0.05,0.06,0.05,0.08,0.14,0.06,0.0,0.0,0.06,0.06,0.0,0.06,0.04,0.09,0.06,0.0,0.14,0.0,0.06,0.11,0.06,0.0,0.05,0.07,0.06,0.06,0.0,0.1,0.0,0.06,0.0,0.04,0.16,0.0,0.05,0.07,0.16,0.08,0.04,0.09,0.06,0.06,0.06,0.06,0.06,0.0,0.0,0.06,0.0,0.09,0.06,0.07,0.06,0.0,0.12,0.15,0.26,0.25,0.16,0.13,0.0,0.12,0.03,0.07,0.0,0.12,0.12,0.1,0.06,0.08,0.0,0.0,0.09,0.09,0.08,0.05,0.0,0.0,0.14,0.16,0.11,0.08,0.17,0.04,0.14,0.06,0.0,0.2,0.06,0.09,0.0,0.1,0.06,0.09,0.18,0.05,0.16,0.0,0.0,0.0,0.0,0.1,0.22,0.07,0.0,0.14,0.0,0.14,0.1,0.0,0.0,0.0,0.14,0.09,0.06,0.04,0.0,0.04,0.0,0.0,0.08,0.16,0.04,0.0,0.05,0.08,0.0,0.06,0.0,0.0,0.1
gnocchi di carote e patate con feta e friggitelli,0.14,0.07,0.04,0.1,0.08,0.0,0.05,0.08,0.04,0.08,0.0,0.12,0.04,0.07,0.06,0.04,0.22,0.09,0.06,0.06,0.12,0.07,0.04,0.11,0.11,0.12,0.04,0.08,0.12,0.2,0.18,0.14,0.1,0.08,0.13,0.05,0.0,0.0,0.0,0.0,0.05,0.07,0.04,0.1,0.06,0.1,0.0,0.08,0.04,0.09,0.0,0.08,0.12,0.04,0.04,0.08,0.04,0.12,0.08,0.14,0.04,0.08,0.08,0.1,0.1,0.07,0.08,0.1,0.12,0.04,0.0,0.0,0.14,0.0,0.06,0.08,0.0,0.13,0.04,0.08,0.05,1.0,0.2,0.1,0.04,0.14,0.04,0.0,0.06,0.0,0.04,0.04,0.08,0.05,0.16,0.05,0.06,0.05,0.04,0.1,0.04,0.04,0.04,0.05,0.11,0.05,0.04,0.0,0.0,0.04,0.08,0.05,0.06,0.12,0.04,0.04,0.04,0.04,0.04,0.07,0.04,0.05,0.12,0.05,0.04,0.08,0.04,0.04,0.04,0.04,0.1,0.07,0.05,0.0,0.08,0.09,0.13,0.04,0.09,0.17,0.04,0.16,0.0,0.09,0.12,0.07,0.09,0.05,0.0,0.06,0.04,0.23,0.1,0.08,0.1,0.08,0.04,0.03,0.04,0.06,0.0,0.0,0.18,0.04,0.06,0.1,0.1,0.13,0.08,0.05,0.06,0.04,0.14,0.1,0.1,0.0,0.1,0.16,0.08,0.05,0.1,0.05,0.1,0.05,0.0,0.0,0.05,0.06,0.05,0.12,0.05,0.06,0.0,0.04,0.1,0.05,0.11,0.04,0.06,0.0,0.1,0.05,0.08,0.08,0.16,0.05,0.16,0.09,0.09,0.0,0.13,0.05,0.08,0.1,0.08,0.04,0.09,0.22,0.1,0.12,0.05,0.14,0.11,0.12,0.27,0.0,0.04,0.0,0.05,0.05,0.04,0.12,0.13,0.16,0.09,0.16,0.16,0.08,0.1,0.05,0.18,0.04,0.1,0.04,0.04,0.15,0.06,0.11,0.03,0.08,0.06,0.1,0.1,0.09,0.05,0.18,0.04,0.0,0.0,0.19,0.0,0.0,0.06,0.11,0.0,0.0,0.0,0.05,0.04,0.0,0.0,0.2,0.06,0.19,0.18,0.06,0.05,0.16,0.05,0.07,0.05,0.05,0.04,0.08,0.07,0.04,0.0,0.13,0.04,0.0,0.14,0.27,0.08,0.04,0.12,0.11,0.0,0.1,0.1,0.12,0.04,0.04,0.06,0.2,0.16,0.16,0.05,0.14,0.13,0.0,0.11,0.16,0.12,0.06,0.17,0.08,0.06,0.14,0.19,0.04,0.12,0.05,0.08,0.08,0.0,0.04,0.26,0.08,0.05,0.1,0.04,0.05,0.08,0.08,0.08,0.07,0.11,0.09,0.1,0.08,0.08
gnocchi di zucca e patate,0.03,0.12,0.05,0.06,0.04,0.0,0.06,0.09,0.0,0.08,0.0,0.04,0.05,0.04,0.06,0.0,0.06,0.05,0.06,0.0,0.09,0.04,0.05,0.06,0.0,0.04,0.05,0.05,0.04,0.18,0.1,0.1,0.1,0.04,0.05,0.06,0.06,0.0,0.1,0.04,0.06,0.04,0.04,0.06,0.0,0.11,0.0,0.0,0.0,0.05,0.0,0.04,0.08,0.0,0.13,0.1,0.04,0.1,0.13,0.12,0.05,0.05,0.0,0.06,0.1,0.04,0.0,0.1,0.29,0.05,0.07,0.0,0.05,0.0,0.12,0.04,0.0,0.0,0.0,0.1,0.23,0.2,1.0,0.11,0.04,0.08,0.0,0.0,0.06,0.0,0.04,0.05,0.04,0.06,0.06,0.06,0.18,0.06,0.05,0.06,0.05,0.05,0.0,0.06,0.0,0.06,0.04,0.0,0.0,0.04,0.0,0.0,0.06,0.04,0.05,0.05,0.05,0.04,0.05,0.08,0.0,0.06,0.09,0.17,0.05,0.13,0.15,0.14,0.13,0.16,0.11,0.12,0.0,0.0,0.08,0.15,0.05,0.05,0.05,0.18,0.04,0.12,0.06,0.05,0.09,0.08,0.15,0.0,0.0,0.0,0.05,0.2,0.1,0.14,0.1,0.0,0.0,0.0,0.0,0.03,0.0,0.0,0.06,0.1,0.12,0.15,0.21,0.17,0.04,0.1,0.06,0.1,0.06,0.06,0.11,0.0,0.06,0.06,0.12,0.0,0.06,0.0,0.06,0.1,0.0,0.0,0.06,0.0,0.11,0.04,0.06,0.06,0.0,0.0,0.06,0.19,0.06,0.1,0.06,0.15,0.06,0.1,0.04,0.12,0.22,0.11,0.17,0.1,0.1,0.0,0.1,0.06,0.14,0.07,0.09,0.05,0.0,0.16,0.16,0.06,0.0,0.21,0.12,0.13,0.1,0.0,0.04,0.0,0.06,0.06,0.05,0.0,0.1,0.1,0.1,0.11,0.0,0.14,0.0,0.06,0.0,0.04,0.24,0.05,0.05,0.13,0.18,0.12,0.04,0.04,0.06,0.06,0.06,0.05,0.06,0.18,0.0,0.0,0.0,0.16,0.06,0.13,0.06,0.0,0.11,0.07,0.11,0.1,0.15,0.2,0.06,0.26,0.0,0.26,0.0,0.06,0.06,0.17,0.1,0.08,0.0,0.0,0.04,0.08,0.16,0.1,0.0,0.0,0.04,0.0,0.06,0.12,0.16,0.12,0.17,0.06,0.0,0.15,0.16,0.13,0.0,0.05,0.06,0.21,0.17,0.1,0.1,0.2,0.0,0.0,0.0,0.26,0.21,0.06,0.05,0.13,0.0,0.18,0.16,0.04,0.0,0.0,0.17,0.12,0.06,0.04,0.21,0.08,0.0,0.0,0.04,0.1,0.04,0.0,0.05,0.04,0.04,0.05,0.0,0.0,0.05
gulash,0.0,0.0,0.06,0.0,0.0,0.0,0.06,0.1,0.0,0.1,0.0,0.0,0.06,0.0,0.06,0.0,0.07,0.06,0.0,0.0,0.1,0.0,0.06,0.06,0.0,0.05,0.0,0.1,0.0,0.1,0.11,0.06,0.0,0.05,0.06,0.06,0.0,0.0,0.06,0.05,0.0,0.0,0.0,0.0,0.0,0.06,0.0,0.0,0.0,0.06,0.0,0.1,0.04,0.0,0.1,0.1,0.04,0.12,0.05,0.0,0.0,0.0,0.0,0.06,0.0,0.04,0.04,0.0,0.1,0.06,0.08,0.0,0.06,0.0,0.06,0.05,0.0,0.0,0.0,0.16,0.12,0.1,0.11,1.0,0.1,0.1,0.0,0.0,0.0,0.0,0.05,0.06,0.05,0.06,0.06,0.06,0.06,0.06,0.06,0.06,0.06,0.06,0.0,0.06,0.0,0.06,0.05,0.0,0.0,0.05,0.0,0.0,0.06,0.05,0.06,0.06,0.06,0.04,0.06,0.04,0.0,0.06,0.0,0.12,0.06,0.0,0.11,0.1,0.0,0.06,0.06,0.09,0.06,0.0,0.1,0.06,0.06,0.06,0.06,0.06,0.0,0.0,0.0,0.0,0.0,0.0,0.11,0.0,0.0,0.0,0.06,0.06,0.06,0.26,0.0,0.0,0.0,0.0,0.0,0.06,0.0,0.0,0.12,0.06,0.06,0.12,0.12,0.12,0.05,0.06,0.06,0.0,0.06,0.12,0.06,0.0,0.06,0.06,0.09,0.0,0.06,0.0,0.06,0.06,0.06,0.0,0.06,0.0,0.06,0.05,0.06,0.0,0.0,0.0,0.06,0.06,0.06,0.06,0.06,0.0,0.06,0.06,0.0,0.1,0.06,0.12,0.06,0.06,0.06,0.0,0.1,0.06,0.06,0.08,0.1,0.06,0.0,0.04,0.06,0.07,0.0,0.0,0.09,0.05,0.06,0.0,0.0,0.0,0.06,0.06,0.11,0.04,0.1,0.12,0.0,0.06,0.0,0.1,0.0,0.06,0.0,0.0,0.16,0.0,0.06,0.08,0.12,0.14,0.04,0.05,0.06,0.06,0.06,0.11,0.06,0.0,0.05,0.0,0.0,0.05,0.06,0.07,0.06,0.0,0.06,0.08,0.06,0.12,0.17,0.09,0.0,0.06,0.0,0.07,0.0,0.06,0.0,0.06,0.06,0.0,0.0,0.0,0.0,0.1,0.08,0.06,0.0,0.0,0.0,0.0,0.06,0.14,0.18,0.04,0.19,0.06,0.0,0.12,0.06,0.05,0.0,0.0,0.06,0.04,0.14,0.06,0.06,0.0,0.0,0.0,0.04,0.1,0.14,0.07,0.0,0.05,0.0,0.12,0.1,0.0,0.0,0.0,0.0,0.1,0.06,0.0,0.06,0.0,0.06,0.0,0.0,0.0,0.0,0.0,0.06,0.04,0.0,0.06,0.0,0.0,0.1
hambuger con cipolle caramellate e formaggio,0.03,0.1,0.08,0.1,0.08,0.0,0.1,0.12,0.04,0.16,0.0,0.04,0.09,0.07,0.11,0.04,0.12,0.09,0.11,0.06,0.12,0.07,0.14,0.11,0.06,0.08,0.04,0.08,0.04,0.08,0.06,0.09,0.1,0.08,0.08,0.1,0.05,0.0,0.0,0.0,0.05,0.1,0.04,0.0,0.0,0.0,0.0,0.04,0.04,0.09,0.08,0.08,0.08,0.0,0.0,0.13,0.04,0.1,0.0,0.07,0.04,0.08,0.0,0.1,0.05,0.04,0.06,0.05,0.08,0.08,0.0,0.04,0.09,0.0,0.11,0.08,0.0,0.0,0.04,0.04,0.1,0.04,0.04,0.1,1.0,0.16,0.0,0.0,0.06,0.04,0.12,0.09,0.08,0.1,0.1,0.1,0.11,0.1,0.08,0.1,0.09,0.08,0.0,0.1,0.05,0.1,0.08,0.04,0.05,0.08,0.0,0.05,0.11,0.08,0.13,0.09,0.08,0.08,0.08,0.07,0.0,0.1,0.04,0.05,0.08,0.04,0.09,0.08,0.04,0.08,0.1,0.07,0.0,0.0,0.12,0.04,0.08,0.08,0.09,0.08,0.04,0.08,0.0,0.0,0.08,0.0,0.09,0.0,0.0,0.0,0.04,0.08,0.1,0.04,0.1,0.04,0.0,0.03,0.0,0.06,0.06,0.0,0.1,0.09,0.06,0.1,0.05,0.1,0.04,0.1,0.11,0.09,0.1,0.05,0.1,0.05,0.1,0.1,0.08,0.05,0.1,0.05,0.1,0.1,0.04,0.06,0.1,0.0,0.05,0.08,0.1,0.06,0.06,0.04,0.1,0.1,0.06,0.09,0.11,0.06,0.1,0.05,0.08,0.08,0.08,0.05,0.04,0.09,0.09,0.0,0.13,0.05,0.08,0.13,0.12,0.09,0.0,0.0,0.1,0.12,0.0,0.0,0.04,0.04,0.09,0.0,0.04,0.05,0.1,0.1,0.09,0.04,0.04,0.12,0.09,0.05,0.0,0.08,0.0,0.05,0.0,0.04,0.1,0.0,0.08,0.09,0.13,0.07,0.03,0.08,0.06,0.1,0.1,0.09,0.1,0.04,0.04,0.05,0.0,0.08,0.05,0.0,0.11,0.0,0.0,0.0,0.0,0.05,0.09,0.0,0.05,0.06,0.02,0.12,0.06,0.06,0.0,0.09,0.1,0.07,0.05,0.05,0.08,0.08,0.07,0.08,0.0,0.04,0.08,0.1,0.05,0.14,0.11,0.04,0.09,0.06,0.1,0.07,0.1,0.12,0.0,0.0,0.06,0.08,0.12,0.04,0.05,0.0,0.04,0.0,0.0,0.08,0.12,0.06,0.04,0.04,0.0,0.12,0.13,0.0,0.0,0.0,0.04,0.08,0.0,0.04,0.05,0.04,0.0,0.0,0.04,0.05,0.0,0.04,0.08,0.07,0.04,0.09,0.05,0.04,0.04
hamburger integrale con manzo e peperoni,0.1,0.2,0.14,0.16,0.16,0.0,0.19,0.16,0.04,0.37,0.0,0.1,0.15,0.1,0.18,0.06,0.19,0.19,0.2,0.09,0.21,0.14,0.19,0.2,0.1,0.2,0.1,0.14,0.12,0.18,0.15,0.17,0.16,0.2,0.16,0.16,0.06,0.0,0.0,0.0,0.09,0.2,0.12,0.02,0.02,0.02,0.0,0.08,0.06,0.21,0.16,0.14,0.14,0.0,0.0,0.22,0.1,0.18,0.04,0.16,0.08,0.14,0.02,0.19,0.11,0.06,0.08,0.11,0.13,0.16,0.06,0.06,0.17,0.0,0.26,0.16,0.02,0.1,0.06,0.08,0.09,0.14,0.08,0.1,0.16,1.0,0.0,0.0,0.14,0.08,0.2,0.21,0.15,0.22,0.18,0.16,0.18,0.24,0.18,0.16,0.15,0.18,0.0,0.18,0.07,0.18,0.15,0.08,0.1,0.14,0.02,0.07,0.22,0.16,0.16,0.21,0.14,0.12,0.16,0.18,0.0,0.16,0.1,0.1,0.14,0.08,0.21,0.14,0.11,0.16,0.19,0.15,0.02,0.02,0.2,0.08,0.18,0.16,0.17,0.16,0.06,0.16,0.0,0.0,0.16,0.0,0.15,0.02,0.0,0.02,0.08,0.16,0.22,0.08,0.16,0.1,0.02,0.1,0.02,0.08,0.11,0.0,0.18,0.15,0.1,0.2,0.09,0.19,0.1,0.16,0.18,0.15,0.18,0.12,0.16,0.1,0.18,0.19,0.12,0.1,0.18,0.07,0.19,0.16,0.06,0.08,0.16,0.0,0.16,0.15,0.16,0.08,0.08,0.07,0.19,0.16,0.12,0.15,0.18,0.08,0.19,0.14,0.15,0.18,0.26,0.1,0.1,0.36,0.36,0.0,0.14,0.12,0.16,0.24,0.21,0.15,0.02,0.0,0.18,0.18,0.0,0.02,0.12,0.08,0.15,0.02,0.07,0.1,0.16,0.16,0.17,0.04,0.1,0.22,0.17,0.14,0.04,0.14,0.02,0.1,0.04,0.08,0.23,0.02,0.16,0.16,0.22,0.14,0.06,0.15,0.1,0.19,0.19,0.17,0.22,0.08,0.04,0.07,0.02,0.13,0.06,0.0,0.18,0.02,0.0,0.0,0.0,0.16,0.15,0.02,0.06,0.1,0.05,0.19,0.11,0.1,0.0,0.15,0.2,0.18,0.1,0.1,0.13,0.12,0.13,0.16,0.02,0.08,0.18,0.07,0.16,0.25,0.22,0.08,0.17,0.18,0.1,0.14,0.16,0.18,0.02,0.0,0.1,0.18,0.2,0.14,0.09,0.0,0.14,0.0,0.02,0.14,0.2,0.11,0.06,0.11,0.0,0.22,0.16,0.02,0.03,0.0,0.07,0.14,0.0,0.1,0.1,0.08,0.0,0.02,0.06,0.09,0.0,0.08,0.16,0.15,0.08,0.19,0.09,0.08,0.1
harumaki,0.0,0.0,0.0,0.0,0.0,0.0,0.05,0.0,0.0,0.0,0.0,0.0,0.04,0.0,0.0,0.0,0.0,0.0,0.0,0.0,0.0,0.0,0.0,0.05,0.0,0.0,0.0,0.0,0.0,0.06,0.08,0.0,0.0,0.0,0.0,0.04,0.0,0.0,0.0,0.0,0.0,0.0,0.0,0.0,0.0,0.0,0.0,0.0,0.0,0.0,0.0,0.04,0.0,0.0,0.0,0.0,0.0,0.03,0.0,0.0,0.0,0.0,0.04,0.0,0.0,0.0,0.0,0.0,0.04,0.0,0.0,0.08,0.0,0.0,0.0,0.0,0.04,0.0,0.04,0.04,0.04,0.04,0.0,0.0,0.0,0.0,1.0,0.0,0.0,0.0,0.0,0.0,0.0,0.0,0.0,0.0,0.0,0.0,0.0,0.0,0.04,0.0,0.0,0.0,0.0,0.04,0.08,0.04,0.0,0.04,0.0,0.0,0.0,0.0,0.0,0.0,0.0,0.0,0.0,0.0,0.04,0.0,0.0,0.0,0.0,0.0,0.0,0.04,0.0,0.0,0.0,0.04,0.05,0.0,0.0,0.04,0.0,0.0,0.04,0.04,0.0,0.0,0.0,0.0,0.0,0.0,0.0,0.04,0.0,0.05,0.04,0.04,0.0,0.08,0.0,0.0,0.04,0.0,0.0,0.02,0.0,0.0,0.04,0.09,0.0,0.0,0.04,0.05,0.0,0.0,0.05,0.0,0.0,0.0,0.0,0.0,0.0,0.0,0.0,0.0,0.0,0.0,0.0,0.04,0.04,0.0,0.05,0.0,0.0,0.0,0.04,0.0,0.0,0.0,0.0,0.0,0.0,0.0,0.05,0.0,0.0,0.0,0.0,0.0,0.0,0.05,0.0,0.0,0.0,0.0,0.0,0.0,0.0,0.0,0.04,0.0,0.0,0.0,0.0,0.0,0.0,0.0,0.04,0.04,0.0,0.1,0.0,0.0,0.0,0.04,0.0,0.0,0.0,0.03,0.0,0.0,0.0,0.0,0.0,0.0,0.0,0.0,0.0,0.0,0.0,0.0,0.03,0.0,0.09,0.04,0.0,0.0,0.0,0.0,0.0,0.0,0.04,0.05,0.05,0.0,0.0,0.0,0.0,0.0,0.05,0.0,0.0,0.0,0.04,0.0,0.0,0.05,0.02,0.0,0.0,0.05,0.05,0.04,0.0,0.0,0.0,0.0,0.0,0.08,0.0,0.0,0.0,0.0,0.0,0.0,0.04,0.04,0.0,0.0,0.06,0.0,0.0,0.04,0.0,0.0,0.0,0.0,0.0,0.0,0.0,0.04,0.04,0.0,0.0,0.0,0.0,0.0,0.04,0.06,0.0,0.08,0.0,0.0,0.04,0.0,0.0,0.0,0.0,0.0,0.0,0.0,0.05,0.0,0.05,0.0,0.0,0.0,0.0,0.0,0.0,0.04,0.0,0.0,0.0,0.0,0.08
hot dog,0.0,0.0,0.0,0.0,0.0,0.09,0.0,0.0,0.0,0.0,0.0,0.0,0.0,0.0,0.0,0.0,0.0,0.0,0.0,0.0,0.0,0.0,0.07,0.0,0.0,0.0,0.0,0.0,0.0,0.0,0.0,0.0,0.0,0.0,0.0,0.0,0.0,0.0,0.0,0.0,0.0,0.0,0.0,0.0,0.04,0.0,0.0,0.0,0.0,0.0,0.0,0.0,0.0,0.0,0.0,0.0,0.0,0.05,0.0,0.0,0.0,0.0,0.0,0.0,0.0,0.0,0.0,0.0,0.0,0.0,0.0,0.0,0.0,0.0,0.0,0.0,0.0,0.0,0.0,0.0,0.0,0.0,0.0,0.0,0.0,0.0,0.0,1.0,0.0,0.0,0.0,0.0,0.0,0.0,0.0,0.0,0.0,0.0,0.0,0.0,0.0,0.0,0.0,0.0,0.0,0.15,0.0,0.0,0.0,0.0,0.0,0.0,0.0,0.0,0.0,0.0,0.0,0.0,0.0,0.06,0.0,0.0,0.0,0.0,0.0,0.0,0.0,0.0,0.0,0.0,0.0,0.0,0.0,0.0,0.0,0.0,0.0,0.0,0.0,0.0,0.0,0.0,0.0,0.0,0.0,0.0,0.0,0.0,0.0,0.0,0.0,0.0,0.0,0.0,0.0,0.0,0.0,0.0,0.0,0.0,0.0,0.0,0.0,0.0,0.0,0.0,0.0,0.0,0.0,0.0,0.0,0.0,0.0,0.0,0.0,0.0,0.0,0.0,0.0,0.0,0.0,0.0,0.0,0.0,0.0,0.0,0.0,0.0,0.0,0.0,0.0,0.0,0.0,0.0,0.0,0.0,0.0,0.0,0.0,0.0,0.0,0.0,0.0,0.0,0.0,0.0,0.0,0.0,0.0,0.11,0.0,0.0,0.0,0.0,0.0,0.0,0.0,0.0,0.0,0.0,0.0,0.0,0.0,0.0,0.0,0.0,0.0,0.0,0.0,0.0,0.0,0.0,0.0,0.0,0.0,0.0,0.0,0.0,0.0,0.0,0.0,0.0,0.0,0.0,0.0,0.0,0.0,0.0,0.0,0.0,0.0,0.0,0.0,0.0,0.0,0.0,0.0,0.0,0.0,0.0,0.0,0.0,0.0,0.0,0.0,0.0,0.0,0.0,0.0,0.0,0.0,0.0,0.0,0.0,0.0,0.0,0.0,0.0,0.0,0.0,0.0,0.0,0.0,0.0,0.0,0.0,0.0,0.0,0.0,0.0,0.0,0.0,0.0,0.0,0.0,0.0,0.0,0.0,0.0,0.0,0.0,0.0,0.0,0.0,0.0,0.0,0.0,0.0,0.0,0.0,0.0,0.0,0.0,0.0,0.0,0.0,0.0,0.0,0.0,0.0,0.0,0.0,0.0,0.0,0.0,0.0,0.0,0.0,0.0,0.0,0.0,0.0,0.0,0.0,0.0,0.0,0.0,0.0,0.0,0.0,0.0
"impasto pizza con il bimby, più facile e più veloce che con la planetaria",0.0,0.0,0.06,0.0,0.0,0.0,0.07,0.22,0.12,0.15,0.0,0.0,0.06,0.0,0.08,0.0,0.08,0.06,0.0,0.0,0.12,0.0,0.06,0.08,0.0,0.06,0.0,0.06,0.0,0.08,0.08,0.06,0.0,0.06,0.06,0.07,0.0,0.0,0.0,0.0,0.0,0.0,0.0,0.0,0.0,0.0,0.0,0.0,0.0,0.13,0.0,0.06,0.06,0.0,0.0,0.12,0.06,0.18,0.06,0.0,0.0,0.0,0.0,0.07,0.0,0.05,0.0,0.0,0.06,0.18,0.0,0.0,0.06,0.0,0.08,0.06,0.0,0.0,0.0,0.06,0.07,0.06,0.06,0.0,0.06,0.14,0.0,0.0,1.0,0.0,0.06,0.06,0.06,0.07,0.07,0.07,0.08,0.07,0.06,0.07,0.06,0.06,0.0,0.07,0.0,0.07,0.06,0.0,0.0,0.06,0.0,0.0,0.08,0.06,0.06,0.06,0.06,0.06,0.06,0.05,0.0,0.07,0.0,0.07,0.06,0.0,0.06,0.06,0.0,0.06,0.07,0.05,0.0,0.0,0.11,0.06,0.06,0.06,0.06,0.06,0.0,0.0,0.0,0.0,0.0,0.0,0.06,0.0,0.0,0.0,0.06,0.06,0.07,0.06,0.0,0.06,0.0,0.0,0.0,0.0,0.0,0.0,0.07,0.06,0.08,0.1,0.07,0.11,0.06,0.07,0.08,0.0,0.07,0.07,0.07,0.0,0.07,0.07,0.06,0.0,0.07,0.0,0.07,0.07,0.0,0.0,0.07,0.0,0.07,0.06,0.07,0.0,0.0,0.0,0.07,0.07,0.08,0.06,0.08,0.0,0.07,0.07,0.0,0.06,0.06,0.07,0.13,0.06,0.06,0.0,0.12,0.07,0.18,0.09,0.12,0.13,0.0,0.04,0.14,0.08,0.0,0.0,0.06,0.06,0.06,0.0,0.0,0.0,0.07,0.07,0.06,0.0,0.06,0.08,0.0,0.07,0.0,0.06,0.0,0.07,0.0,0.0,0.1,0.0,0.06,0.08,0.1,0.05,0.08,0.06,0.08,0.07,0.07,0.06,0.07,0.0,0.0,0.0,0.0,0.06,0.0,0.0,0.08,0.0,0.0,0.0,0.0,0.07,0.06,0.0,0.0,0.08,0.0,0.08,0.0,0.08,0.0,0.06,0.07,0.0,0.0,0.0,0.0,0.06,0.05,0.06,0.0,0.0,0.0,0.0,0.07,0.1,0.1,0.0,0.08,0.08,0.0,0.05,0.07,0.06,0.0,0.0,0.08,0.06,0.11,0.06,0.07,0.0,0.0,0.0,0.0,0.06,0.11,0.08,0.0,0.06,0.0,0.1,0.06,0.0,0.0,0.0,0.0,0.06,0.0,0.0,0.0,0.0,0.0,0.0,0.0,0.0,0.0,0.0,0.06,0.05,0.0,0.06,0.0,0.0,0.06
insalata con avocado,0.03,0.07,0.08,0.1,0.04,0.22,0.28,0.0,0.0,0.06,0.0,0.0,0.04,0.04,0.06,0.04,0.06,0.09,0.06,0.06,0.04,0.04,0.04,0.06,0.06,0.04,0.04,0.04,0.0,0.03,0.0,0.04,0.05,0.04,0.04,0.05,0.05,0.0,0.0,0.0,0.05,0.07,0.0,0.0,0.0,0.0,0.07,0.04,0.04,0.04,0.12,0.04,0.04,0.0,0.0,0.04,0.0,0.0,0.0,0.0,0.0,0.04,0.0,0.05,0.0,0.04,0.06,0.0,0.04,0.04,0.0,0.04,0.04,0.0,0.06,0.04,0.0,0.0,0.04,0.0,0.0,0.0,0.0,0.0,0.04,0.08,0.0,0.0,0.0,1.0,0.08,0.26,0.04,0.05,0.05,0.2,0.06,0.1,0.04,0.05,0.04,0.04,0.0,0.05,0.1,0.05,0.04,0.09,0.1,0.04,0.0,0.18,0.06,0.08,0.04,0.09,0.04,0.08,0.04,0.04,0.0,0.05,0.0,0.0,0.04,0.04,0.04,0.04,0.0,0.04,0.1,0.04,0.0,0.05,0.08,0.0,0.08,0.04,0.04,0.04,0.04,0.04,0.0,0.0,0.04,0.0,0.04,0.0,0.0,0.0,0.17,0.08,0.05,0.0,0.05,0.04,0.0,0.03,0.0,0.06,0.06,0.0,0.1,0.09,0.06,0.04,0.0,0.05,0.0,0.05,0.06,0.04,0.05,0.0,0.05,0.1,0.05,0.05,0.04,0.05,0.05,0.05,0.05,0.05,0.04,0.06,0.05,0.06,0.0,0.04,0.05,0.06,0.06,0.04,0.1,0.05,0.0,0.04,0.06,0.06,0.05,0.05,0.08,0.04,0.04,0.0,0.04,0.04,0.04,0.0,0.04,0.1,0.04,0.06,0.04,0.04,0.0,0.0,0.05,0.08,0.0,0.0,0.0,0.0,0.04,0.22,0.04,0.05,0.05,0.05,0.04,0.0,0.0,0.06,0.09,0.0,0.04,0.04,0.05,0.0,0.0,0.0,0.04,0.0,0.08,0.03,0.06,0.04,0.03,0.04,0.0,0.05,0.05,0.04,0.05,0.04,0.0,0.05,0.0,0.04,0.05,0.0,0.06,0.0,0.0,0.0,0.0,0.0,0.04,0.0,0.05,0.0,0.06,0.06,0.06,0.0,0.0,0.04,0.1,0.04,0.05,0.05,0.04,0.04,0.04,0.04,0.0,0.08,0.12,0.05,0.05,0.07,0.04,0.04,0.03,0.0,0.05,0.04,0.05,0.08,0.0,0.0,0.0,0.04,0.04,0.0,0.0,0.0,0.04,0.0,0.0,0.04,0.04,0.0,0.04,0.0,0.0,0.05,0.04,0.04,0.0,0.05,0.0,0.04,0.0,0.08,0.05,0.04,0.0,0.0,0.0,0.0,0.0,0.04,0.04,0.04,0.04,0.04,0.1,0.04,0.0
insalata di avena,0.03,0.1,0.08,0.1,0.08,0.0,0.32,0.08,0.0,0.18,0.0,0.08,0.09,0.04,0.1,0.04,0.12,0.09,0.1,0.06,0.12,0.06,0.3,0.23,0.05,0.12,0.04,0.08,0.04,0.08,0.06,0.09,0.09,0.12,0.08,0.09,0.04,0.0,0.0,0.0,0.04,0.1,0.08,0.0,0.0,0.0,0.0,0.04,0.04,0.09,0.08,0.08,0.08,0.0,0.04,0.12,0.08,0.09,0.0,0.1,0.04,0.08,0.0,0.1,0.04,0.16,0.06,0.04,0.18,0.08,0.06,0.04,0.09,0.0,0.16,0.2,0.04,0.0,0.04,0.04,0.09,0.04,0.04,0.05,0.12,0.2,0.0,0.0,0.06,0.08,1.0,0.3,0.28,0.36,0.19,0.24,0.18,0.35,0.29,0.22,0.18,0.31,0.0,0.26,0.05,0.26,0.16,0.09,0.14,0.24,0.0,0.05,0.32,0.28,0.2,0.34,0.33,0.32,0.29,0.38,0.0,0.16,0.08,0.22,0.08,0.04,0.13,0.12,0.08,0.18,0.1,0.07,0.0,0.0,0.11,0.04,0.08,0.08,0.09,0.08,0.04,0.08,0.0,0.0,0.08,0.0,0.22,0.0,0.0,0.0,0.04,0.08,0.14,0.04,0.09,0.04,0.04,0.03,0.0,0.05,0.06,0.0,0.09,0.09,0.05,0.13,0.04,0.1,0.04,0.09,0.1,0.09,0.09,0.05,0.1,0.1,0.09,0.1,0.07,0.05,0.09,0.05,0.1,0.09,0.04,0.06,0.1,0.0,0.1,0.08,0.09,0.05,0.05,0.04,0.1,0.09,0.15,0.19,0.16,0.06,0.1,0.09,0.08,0.11,0.18,0.18,0.04,0.09,0.09,0.0,0.08,0.1,0.08,0.12,0.12,0.09,0.0,0.0,0.09,0.11,0.0,0.0,0.32,0.16,0.22,0.0,0.08,0.05,0.1,0.14,0.09,0.04,0.04,0.22,0.09,0.05,0.0,0.08,0.0,0.15,0.0,0.04,0.12,0.0,0.08,0.08,0.12,0.07,0.12,0.08,0.05,0.1,0.1,0.09,0.14,0.04,0.0,0.05,0.0,0.22,0.04,0.0,0.1,0.0,0.0,0.06,0.0,0.09,0.09,0.0,0.04,0.05,0.08,0.22,0.06,0.05,0.0,0.09,0.14,0.1,0.05,0.05,0.08,0.08,0.06,0.12,0.0,0.04,0.16,0.05,0.09,0.18,0.24,0.04,0.09,0.1,0.1,0.1,0.09,0.12,0.0,0.04,0.05,0.24,0.28,0.18,0.26,0.0,0.08,0.0,0.0,0.18,0.32,0.18,0.04,0.29,0.0,0.26,0.17,0.0,0.0,0.0,0.04,0.18,0.0,0.08,0.05,0.04,0.0,0.0,0.07,0.04,0.0,0.04,0.08,0.07,0.04,0.09,0.04,0.04,0.04
insalata di avocado e salmone affumicato,0.06,0.16,0.1,0.17,0.08,0.19,0.48,0.18,0.05,0.2,0.0,0.09,0.1,0.04,0.18,0.04,0.13,0.1,0.12,0.14,0.14,0.08,0.32,0.22,0.06,0.14,0.1,0.1,0.04,0.09,0.06,0.15,0.1,0.14,0.1,0.1,0.1,0.0,0.06,0.0,0.1,0.12,0.08,0.0,0.0,0.0,0.0,0.05,0.04,0.1,0.08,0.08,0.08,0.0,0.04,0.14,0.08,0.07,0.09,0.16,0.05,0.1,0.0,0.11,0.06,0.18,0.06,0.06,0.18,0.1,0.07,0.04,0.1,0.06,0.24,0.19,0.0,0.0,0.05,0.1,0.06,0.04,0.05,0.06,0.09,0.21,0.0,0.0,0.06,0.26,0.3,1.0,0.22,0.3,0.19,0.37,0.18,0.34,0.32,0.2,0.17,0.23,0.05,0.29,0.06,0.29,0.16,0.1,0.17,0.31,0.0,0.18,0.3,0.26,0.2,0.3,0.32,0.29,0.22,0.32,0.0,0.16,0.09,0.16,0.1,0.04,0.15,0.1,0.09,0.18,0.11,0.08,0.0,0.06,0.12,0.1,0.1,0.1,0.1,0.1,0.04,0.08,0.06,0.05,0.09,0.08,0.25,0.06,0.0,0.06,0.2,0.1,0.21,0.04,0.1,0.05,0.05,0.03,0.0,0.08,0.06,0.0,0.1,0.1,0.06,0.15,0.06,0.17,0.04,0.1,0.12,0.1,0.1,0.06,0.11,0.11,0.1,0.11,0.08,0.06,0.1,0.06,0.11,0.1,0.05,0.06,0.11,0.0,0.11,0.09,0.1,0.12,0.06,0.04,0.11,0.1,0.15,0.18,0.12,0.06,0.11,0.1,0.13,0.17,0.18,0.16,0.05,0.15,0.15,0.0,0.1,0.11,0.1,0.14,0.18,0.1,0.0,0.0,0.1,0.16,0.0,0.0,0.29,0.19,0.25,0.18,0.08,0.06,0.11,0.1,0.1,0.0,0.05,0.22,0.1,0.11,0.0,0.14,0.0,0.14,0.04,0.04,0.18,0.0,0.1,0.13,0.18,0.12,0.11,0.09,0.06,0.11,0.11,0.1,0.16,0.05,0.04,0.06,0.0,0.18,0.06,0.0,0.12,0.0,0.0,0.0,0.0,0.1,0.1,0.0,0.1,0.12,0.16,0.22,0.06,0.06,0.06,0.1,0.21,0.12,0.06,0.06,0.09,0.08,0.08,0.1,0.0,0.05,0.14,0.06,0.1,0.16,0.25,0.04,0.1,0.12,0.11,0.11,0.1,0.18,0.04,0.05,0.06,0.27,0.22,0.23,0.23,0.0,0.1,0.0,0.0,0.23,0.3,0.23,0.1,0.26,0.06,0.26,0.16,0.04,0.0,0.0,0.04,0.17,0.06,0.12,0.06,0.04,0.0,0.0,0.08,0.06,0.0,0.05,0.1,0.08,0.04,0.1,0.06,0.04,0.05
insalata di bulgur,0.06,0.1,0.08,0.1,0.11,0.0,0.27,0.08,0.0,0.12,0.0,0.04,0.26,0.06,0.1,0.06,0.17,0.09,0.1,0.06,0.16,0.13,0.26,0.23,0.1,0.12,0.04,0.08,0.04,0.08,0.08,0.09,0.09,0.08,0.12,0.14,0.04,0.0,0.0,0.04,0.04,0.1,0.08,0.0,0.0,0.0,0.0,0.08,0.04,0.09,0.11,0.08,0.08,0.0,0.04,0.12,0.04,0.09,0.0,0.14,0.04,0.08,0.0,0.1,0.04,0.22,0.06,0.04,0.18,0.08,0.0,0.04,0.13,0.0,0.1,0.5,0.04,0.12,0.04,0.04,0.09,0.08,0.04,0.05,0.08,0.15,0.0,0.0,0.06,0.04,0.28,0.22,1.0,0.31,0.19,0.2,0.18,0.26,0.25,0.22,0.18,0.26,0.0,0.26,0.1,0.31,0.16,0.09,0.05,0.29,0.0,0.05,0.32,0.32,0.2,0.22,0.29,0.32,0.25,0.35,0.0,0.16,0.08,0.22,0.08,0.04,0.09,0.12,0.04,0.18,0.1,0.07,0.05,0.0,0.11,0.04,0.08,0.08,0.09,0.12,0.06,0.11,0.0,0.0,0.12,0.0,0.22,0.0,0.0,0.0,0.04,0.08,0.09,0.08,0.09,0.12,0.04,0.08,0.0,0.05,0.06,0.0,0.09,0.09,0.05,0.1,0.04,0.1,0.04,0.14,0.1,0.13,0.14,0.1,0.1,0.05,0.14,0.14,0.07,0.05,0.09,0.05,0.14,0.14,0.04,0.06,0.1,0.0,0.05,0.12,0.09,0.05,0.05,0.04,0.1,0.09,0.2,0.19,0.16,0.06,0.1,0.04,0.08,0.08,0.18,0.18,0.04,0.09,0.09,0.0,0.08,0.05,0.08,0.18,0.16,0.09,0.0,0.0,0.09,0.14,0.0,0.0,0.29,0.16,0.22,0.0,0.08,0.05,0.1,0.18,0.09,0.04,0.08,0.28,0.09,0.05,0.0,0.08,0.0,0.2,0.0,0.04,0.1,0.04,0.08,0.08,0.12,0.07,0.15,0.12,0.1,0.1,0.1,0.09,0.09,0.04,0.04,0.1,0.0,0.22,0.04,0.0,0.1,0.0,0.0,0.06,0.0,0.04,0.09,0.0,0.04,0.05,0.05,0.22,0.12,0.05,0.0,0.09,0.09,0.1,0.05,0.1,0.12,0.11,0.06,0.08,0.06,0.08,0.2,0.05,0.04,0.14,0.2,0.06,0.09,0.05,0.05,0.06,0.09,0.12,0.0,0.04,0.05,0.2,0.28,0.14,0.26,0.0,0.04,0.0,0.0,0.18,0.32,0.18,0.08,0.29,0.0,0.26,0.17,0.0,0.06,0.0,0.04,0.25,0.0,0.08,0.05,0.04,0.0,0.0,0.07,0.04,0.0,0.04,0.08,0.1,0.07,0.09,0.04,0.08,0.04
insalata di carciofi crudi,0.07,0.13,0.1,0.12,0.14,0.0,0.25,0.1,0.0,0.22,0.0,0.05,0.11,0.08,0.14,0.04,0.14,0.11,0.14,0.08,0.16,0.12,0.34,0.26,0.06,0.16,0.06,0.1,0.05,0.1,0.11,0.11,0.12,0.16,0.1,0.18,0.06,0.0,0.0,0.0,0.06,0.13,0.14,0.0,0.0,0.0,0.0,0.06,0.05,0.11,0.1,0.1,0.1,0.0,0.0,0.16,0.1,0.08,0.0,0.13,0.06,0.1,0.0,0.12,0.06,0.16,0.07,0.06,0.2,0.1,0.08,0.04,0.11,0.0,0.2,0.22,0.0,0.0,0.06,0.06,0.06,0.05,0.06,0.06,0.1,0.22,0.0,0.0,0.07,0.05,0.36,0.3,0.31,1.0,0.22,0.22,0.27,0.34,0.32,0.24,0.2,0.26,0.0,0.29,0.06,0.29,0.18,0.06,0.06,0.26,0.0,0.06,0.36,0.26,0.23,0.3,0.27,0.34,0.27,0.42,0.0,0.18,0.05,0.18,0.1,0.05,0.17,0.1,0.1,0.2,0.12,0.09,0.06,0.0,0.14,0.06,0.1,0.1,0.11,0.16,0.08,0.14,0.0,0.0,0.1,0.0,0.24,0.0,0.0,0.0,0.06,0.1,0.18,0.1,0.12,0.06,0.0,0.07,0.0,0.06,0.07,0.0,0.12,0.11,0.06,0.16,0.06,0.12,0.05,0.12,0.14,0.11,0.12,0.06,0.12,0.06,0.12,0.12,0.09,0.06,0.12,0.06,0.12,0.12,0.06,0.07,0.12,0.0,0.12,0.14,0.12,0.06,0.06,0.04,0.12,0.12,0.16,0.21,0.14,0.07,0.12,0.12,0.1,0.14,0.2,0.18,0.06,0.11,0.11,0.0,0.1,0.06,0.1,0.16,0.16,0.11,0.0,0.0,0.12,0.14,0.0,0.0,0.34,0.18,0.24,0.0,0.04,0.06,0.12,0.12,0.11,0.0,0.06,0.25,0.11,0.06,0.0,0.1,0.0,0.16,0.0,0.05,0.16,0.0,0.1,0.11,0.16,0.09,0.12,0.14,0.06,0.12,0.12,0.11,0.18,0.06,0.0,0.06,0.0,0.2,0.06,0.0,0.14,0.0,0.0,0.0,0.0,0.12,0.11,0.0,0.06,0.06,0.04,0.24,0.07,0.06,0.0,0.11,0.18,0.18,0.06,0.06,0.14,0.14,0.08,0.16,0.0,0.06,0.1,0.06,0.06,0.18,0.29,0.08,0.12,0.14,0.06,0.12,0.12,0.14,0.0,0.0,0.06,0.26,0.26,0.2,0.22,0.0,0.1,0.0,0.0,0.2,0.31,0.2,0.06,0.3,0.0,0.28,0.19,0.0,0.0,0.0,0.05,0.2,0.0,0.04,0.06,0.04,0.0,0.0,0.04,0.06,0.0,0.06,0.1,0.14,0.09,0.11,0.06,0.05,0.06
insalata di fagiolini e feta,0.1,0.16,0.1,0.18,0.14,0.0,0.2,0.09,0.0,0.15,0.0,0.04,0.3,0.04,0.12,0.04,0.14,0.16,0.19,0.15,0.14,0.12,0.2,0.21,0.06,0.1,0.06,0.15,0.05,0.1,0.07,0.1,0.11,0.1,0.16,0.11,0.06,0.0,0.0,0.0,0.06,0.16,0.09,0.0,0.0,0.0,0.0,0.05,0.04,0.16,0.14,0.09,0.09,0.0,0.04,0.4,0.04,0.11,0.04,0.12,0.05,0.1,0.0,0.12,0.06,0.16,0.06,0.06,0.16,0.1,0.0,0.04,0.1,0.0,0.19,0.18,0.0,0.05,0.06,0.05,0.06,0.16,0.06,0.06,0.1,0.18,0.0,0.0,0.07,0.05,0.19,0.19,0.19,0.22,1.0,0.24,0.18,0.21,0.2,0.2,0.41,0.17,0.0,0.21,0.24,0.21,0.15,0.06,0.06,0.2,0.0,0.06,0.22,0.19,0.16,0.19,0.25,0.22,0.2,0.29,0.0,0.23,0.05,0.15,0.15,0.09,0.16,0.1,0.04,0.22,0.18,0.12,0.06,0.0,0.14,0.06,0.1,0.15,0.2,0.15,0.04,0.14,0.0,0.0,0.14,0.0,0.19,0.0,0.0,0.0,0.05,0.1,0.11,0.05,0.11,0.05,0.0,0.1,0.0,0.06,0.07,0.0,0.11,0.1,0.06,0.12,0.06,0.12,0.05,0.11,0.12,0.1,0.2,0.06,0.12,0.06,0.11,0.12,0.08,0.13,0.11,0.06,0.12,0.11,0.1,0.07,0.12,0.0,0.12,0.18,0.11,0.06,0.06,0.1,0.12,0.16,0.14,0.18,0.12,0.07,0.12,0.06,0.09,0.09,0.22,0.15,0.06,0.1,0.1,0.0,0.1,0.06,0.1,0.24,0.14,0.1,0.0,0.0,0.11,0.16,0.0,0.0,0.17,0.13,0.36,0.0,0.04,0.12,0.12,0.11,0.16,0.0,0.05,0.29,0.1,0.06,0.0,0.4,0.0,0.13,0.04,0.09,0.12,0.0,0.15,0.23,0.24,0.15,0.1,0.09,0.06,0.12,0.12,0.1,0.16,0.06,0.0,0.06,0.06,0.16,0.06,0.0,0.12,0.0,0.0,0.0,0.0,0.11,0.1,0.08,0.31,0.06,0.03,0.2,0.16,0.06,0.0,0.1,0.11,0.12,0.06,0.06,0.09,0.09,0.12,0.15,0.0,0.1,0.1,0.06,0.06,0.16,0.2,0.08,0.1,0.06,0.06,0.08,0.11,0.14,0.04,0.0,0.06,0.18,0.22,0.26,0.16,0.0,0.05,0.0,0.0,0.22,0.24,0.16,0.18,0.17,0.0,0.23,0.16,0.0,0.0,0.0,0.09,0.2,0.0,0.04,0.06,0.08,0.0,0.0,0.04,0.06,0.04,0.05,0.1,0.12,0.08,0.24,0.06,0.05,0.1
insalata di farro con salmone affumicato e avocado,0.04,0.13,0.1,0.18,0.1,0.17,0.38,0.1,0.12,0.16,0.0,0.05,0.11,0.04,0.14,0.04,0.14,0.17,0.14,0.08,0.16,0.08,0.21,0.22,0.06,0.1,0.11,0.16,0.05,0.1,0.07,0.11,0.12,0.1,0.1,0.12,0.06,0.0,0.16,0.0,0.12,0.13,0.04,0.0,0.0,0.0,0.0,0.06,0.05,0.11,0.1,0.1,0.1,0.0,0.05,0.16,0.04,0.08,0.0,0.08,0.06,0.1,0.0,0.12,0.06,0.21,0.07,0.06,0.17,0.1,0.0,0.04,0.11,0.0,0.14,0.18,0.0,0.0,0.06,0.06,0.06,0.05,0.06,0.06,0.1,0.16,0.0,0.0,0.07,0.2,0.24,0.37,0.2,0.22,0.24,1.0,0.19,0.22,0.2,0.2,0.17,0.23,0.0,0.22,0.06,0.22,0.16,0.17,0.06,0.2,0.0,0.18,0.24,0.2,0.16,0.2,0.26,0.22,0.2,0.21,0.0,0.18,0.05,0.15,0.16,0.1,0.11,0.1,0.05,0.18,0.12,0.09,0.0,0.06,0.14,0.06,0.1,0.1,0.11,0.1,0.04,0.1,0.0,0.0,0.1,0.0,0.2,0.0,0.0,0.0,0.19,0.1,0.12,0.05,0.12,0.06,0.0,0.04,0.0,0.06,0.07,0.0,0.12,0.11,0.06,0.12,0.06,0.12,0.05,0.12,0.14,0.11,0.12,0.06,0.12,0.06,0.12,0.12,0.09,0.06,0.12,0.06,0.12,0.12,0.06,0.07,0.12,0.0,0.06,0.1,0.18,0.06,0.06,0.04,0.12,0.18,0.14,0.18,0.14,0.07,0.12,0.06,0.1,0.1,0.18,0.32,0.06,0.11,0.11,0.0,0.1,0.06,0.1,0.16,0.16,0.11,0.0,0.0,0.12,0.14,0.0,0.0,0.17,0.14,0.2,0.16,0.1,0.06,0.12,0.12,0.11,0.0,0.06,0.26,0.11,0.06,0.0,0.1,0.0,0.13,0.0,0.1,0.12,0.0,0.1,0.14,0.16,0.09,0.1,0.1,0.06,0.12,0.12,0.11,0.12,0.06,0.0,0.06,0.0,0.17,0.06,0.0,0.14,0.0,0.0,0.0,0.0,0.06,0.11,0.04,0.06,0.06,0.04,0.22,0.07,0.06,0.0,0.11,0.12,0.09,0.06,0.06,0.1,0.1,0.13,0.1,0.0,0.06,0.1,0.06,0.06,0.22,0.2,0.04,0.12,0.06,0.12,0.08,0.12,0.14,0.0,0.0,0.06,0.18,0.23,0.27,0.16,0.0,0.06,0.0,0.0,0.23,0.24,0.16,0.06,0.18,0.0,0.24,0.16,0.0,0.0,0.0,0.1,0.16,0.0,0.1,0.06,0.04,0.0,0.0,0.04,0.06,0.0,0.06,0.1,0.26,0.04,0.11,0.06,0.05,0.06
"insalata di farro con zucca, speck, mele e noci",0.04,0.14,0.12,0.14,0.1,0.0,0.2,0.1,0.0,0.18,0.0,0.05,0.12,0.04,0.14,0.04,0.16,0.12,0.14,0.08,0.16,0.09,0.19,0.2,0.07,0.16,0.06,0.12,0.06,0.11,0.08,0.12,0.12,0.11,0.12,0.12,0.06,0.0,0.0,0.0,0.06,0.14,0.05,0.0,0.0,0.0,0.0,0.06,0.05,0.12,0.1,0.1,0.1,0.0,0.0,0.17,0.05,0.08,0.05,0.09,0.06,0.12,0.0,0.14,0.06,0.1,0.08,0.06,0.28,0.12,0.0,0.05,0.12,0.0,0.14,0.17,0.0,0.0,0.06,0.12,0.06,0.06,0.18,0.06,0.11,0.18,0.0,0.0,0.08,0.06,0.18,0.18,0.18,0.27,0.18,0.19,1.0,0.36,0.34,0.18,0.17,0.17,0.0,0.2,0.06,0.2,0.16,0.06,0.06,0.18,0.0,0.06,0.22,0.18,0.16,0.18,0.18,0.18,0.18,0.18,0.0,0.18,0.06,0.12,0.12,0.05,0.12,0.12,0.05,0.3,0.14,0.1,0.0,0.0,0.15,0.06,0.12,0.12,0.12,0.23,0.04,0.15,0.0,0.0,0.1,0.0,0.18,0.0,0.0,0.0,0.06,0.12,0.12,0.06,0.12,0.06,0.0,0.04,0.0,0.07,0.08,0.0,0.12,0.12,0.07,0.14,0.06,0.14,0.06,0.12,0.14,0.12,0.12,0.06,0.14,0.06,0.12,0.14,0.1,0.06,0.12,0.06,0.14,0.12,0.06,0.08,0.14,0.0,0.06,0.1,0.12,0.07,0.07,0.05,0.14,0.12,0.12,0.18,0.14,0.22,0.14,0.06,0.1,0.1,0.17,0.12,0.06,0.12,0.12,0.0,0.12,0.06,0.12,0.17,0.16,0.12,0.0,0.0,0.12,0.15,0.0,0.0,0.14,0.11,0.18,0.0,0.05,0.06,0.14,0.12,0.12,0.0,0.06,0.22,0.12,0.06,0.0,0.12,0.0,0.12,0.0,0.05,0.24,0.0,0.12,0.12,0.18,0.1,0.09,0.1,0.07,0.14,0.14,0.12,0.12,0.06,0.0,0.06,0.0,0.16,0.06,0.0,0.14,0.0,0.0,0.0,0.0,0.06,0.24,0.05,0.06,0.07,0.04,0.21,0.08,0.07,0.0,0.12,0.12,0.1,0.06,0.06,0.1,0.1,0.09,0.12,0.0,0.18,0.11,0.06,0.06,0.19,0.2,0.04,0.12,0.07,0.2,0.09,0.12,0.16,0.0,0.0,0.07,0.16,0.21,0.11,0.14,0.0,0.06,0.0,0.0,0.17,0.22,0.14,0.06,0.14,0.0,0.22,0.16,0.0,0.0,0.0,0.05,0.16,0.0,0.05,0.06,0.05,0.0,0.0,0.04,0.06,0.0,0.06,0.12,0.1,0.05,0.12,0.06,0.06,0.06
insalata di farro e verdure al forno,0.04,0.12,0.1,0.12,0.09,0.0,0.3,0.09,0.0,0.22,0.0,0.04,0.1,0.04,0.12,0.04,0.14,0.1,0.12,0.08,0.14,0.08,0.32,0.32,0.06,0.14,0.06,0.1,0.05,0.1,0.07,0.1,0.11,0.14,0.1,0.11,0.06,0.0,0.0,0.0,0.06,0.12,0.09,0.0,0.0,0.0,0.0,0.05,0.04,0.1,0.14,0.14,0.09,0.0,0.0,0.15,0.09,0.08,0.0,0.12,0.05,0.1,0.0,0.12,0.06,0.16,0.06,0.06,0.19,0.1,0.08,0.04,0.1,0.0,0.19,0.22,0.0,0.0,0.06,0.05,0.06,0.05,0.06,0.06,0.1,0.24,0.0,0.0,0.07,0.1,0.35,0.34,0.26,0.34,0.21,0.22,0.36,1.0,0.7,0.24,0.19,0.25,0.06,0.38,0.12,0.28,0.18,0.06,0.12,0.31,0.04,0.06,0.36,0.31,0.17,0.34,0.26,0.38,0.32,0.37,0.0,0.24,0.05,0.18,0.1,0.04,0.16,0.15,0.09,0.2,0.18,0.08,0.0,0.0,0.14,0.06,0.15,0.2,0.1,0.28,0.04,0.09,0.0,0.0,0.09,0.0,0.29,0.0,0.0,0.0,0.05,0.1,0.16,0.05,0.11,0.05,0.05,0.04,0.0,0.06,0.14,0.0,0.11,0.16,0.06,0.16,0.11,0.12,0.05,0.11,0.19,0.1,0.11,0.06,0.12,0.12,0.11,0.12,0.08,0.06,0.11,0.06,0.12,0.11,0.05,0.07,0.12,0.06,0.18,0.09,0.11,0.12,0.12,0.09,0.12,0.11,0.16,0.2,0.12,0.07,0.18,0.11,0.09,0.18,0.2,0.18,0.06,0.1,0.1,0.0,0.1,0.12,0.1,0.18,0.14,0.1,0.0,0.0,0.11,0.14,0.0,0.0,0.38,0.17,0.23,0.0,0.04,0.06,0.12,0.11,0.1,0.0,0.05,0.28,0.1,0.06,0.0,0.1,0.0,0.16,0.0,0.04,0.16,0.0,0.1,0.1,0.16,0.08,0.12,0.09,0.06,0.18,0.12,0.1,0.16,0.1,0.0,0.06,0.0,0.19,0.06,0.0,0.12,0.0,0.0,0.0,0.0,0.11,0.1,0.0,0.06,0.06,0.06,0.24,0.07,0.06,0.0,0.1,0.16,0.16,0.06,0.12,0.09,0.09,0.08,0.1,0.0,0.05,0.19,0.06,0.11,0.16,0.27,0.04,0.14,0.12,0.06,0.08,0.16,0.14,0.0,0.0,0.06,0.26,0.26,0.2,0.22,0.06,0.1,0.0,0.0,0.2,0.34,0.2,0.05,0.3,0.0,0.26,0.18,0.0,0.0,0.0,0.04,0.19,0.0,0.09,0.06,0.04,0.0,0.0,0.04,0.06,0.0,0.05,0.1,0.08,0.04,0.16,0.06,0.05,0.05
insalata di farro fredda,0.09,0.11,0.09,0.16,0.12,0.0,0.23,0.12,0.04,0.22,0.0,0.04,0.1,0.04,0.12,0.08,0.12,0.1,0.12,0.06,0.13,0.07,0.31,0.24,0.06,0.22,0.1,0.18,0.13,0.08,0.06,0.1,0.1,0.13,0.14,0.1,0.1,0.0,0.0,0.0,0.1,0.14,0.08,0.0,0.0,0.0,0.0,0.09,0.08,0.1,0.12,0.08,0.12,0.04,0.0,0.18,0.12,0.06,0.08,0.11,0.04,0.09,0.0,0.1,0.05,0.16,0.09,0.1,0.22,0.14,0.06,0.04,0.1,0.0,0.17,0.21,0.04,0.04,0.05,0.09,0.05,0.04,0.05,0.06,0.08,0.18,0.0,0.0,0.06,0.04,0.29,0.32,0.25,0.32,0.2,0.2,0.34,0.7,1.0,0.22,0.18,0.28,0.0,0.26,0.06,0.32,0.17,0.05,0.1,0.25,0.0,0.06,0.34,0.25,0.16,0.27,0.3,0.37,0.26,0.4,0.04,0.16,0.04,0.18,0.09,0.04,0.14,0.09,0.08,0.19,0.1,0.08,0.06,0.0,0.16,0.05,0.14,0.14,0.14,0.26,0.08,0.08,0.0,0.0,0.08,0.0,0.22,0.0,0.0,0.0,0.04,0.09,0.2,0.04,0.1,0.04,0.0,0.06,0.0,0.06,0.06,0.0,0.1,0.1,0.06,0.14,0.05,0.1,0.04,0.1,0.12,0.1,0.1,0.06,0.1,0.06,0.1,0.1,0.08,0.06,0.1,0.06,0.1,0.1,0.04,0.06,0.1,0.0,0.1,0.12,0.1,0.12,0.12,0.08,0.1,0.1,0.16,0.2,0.12,0.06,0.1,0.1,0.08,0.12,0.24,0.18,0.05,0.1,0.1,0.0,0.14,0.06,0.14,0.17,0.18,0.14,0.05,0.0,0.15,0.18,0.06,0.0,0.33,0.16,0.22,0.0,0.04,0.1,0.16,0.1,0.1,0.04,0.04,0.23,0.1,0.06,0.0,0.09,0.06,0.2,0.08,0.04,0.14,0.0,0.09,0.1,0.14,0.12,0.18,0.12,0.06,0.1,0.1,0.1,0.15,0.05,0.0,0.06,0.0,0.22,0.05,0.0,0.12,0.0,0.0,0.0,0.0,0.1,0.1,0.0,0.05,0.06,0.06,0.22,0.06,0.06,0.0,0.1,0.15,0.15,0.06,0.06,0.12,0.12,0.08,0.09,0.0,0.09,0.08,0.06,0.05,0.22,0.26,0.04,0.1,0.12,0.1,0.1,0.1,0.16,0.04,0.0,0.06,0.29,0.32,0.19,0.22,0.0,0.09,0.0,0.04,0.19,0.32,0.18,0.04,0.29,0.0,0.25,0.18,0.04,0.03,0.0,0.04,0.18,0.0,0.04,0.06,0.08,0.0,0.0,0.08,0.05,0.04,0.09,0.09,0.08,0.08,0.19,0.05,0.08,0.04
insalata di finocchi e tofu,0.04,0.12,0.1,0.12,0.09,0.0,0.22,0.09,0.0,0.15,0.0,0.04,0.1,0.08,0.12,0.04,0.14,0.1,0.12,0.08,0.14,0.08,0.23,0.22,0.06,0.1,0.06,0.1,0.05,0.1,0.07,0.16,0.11,0.1,0.1,0.11,0.06,0.0,0.0,0.0,0.06,0.12,0.04,0.0,0.0,0.0,0.0,0.05,0.04,0.1,0.14,0.09,0.09,0.0,0.0,0.15,0.04,0.11,0.0,0.08,0.05,0.1,0.0,0.12,0.06,0.14,0.06,0.06,0.18,0.1,0.0,0.04,0.1,0.0,0.12,0.2,0.0,0.0,0.06,0.05,0.06,0.1,0.06,0.06,0.1,0.16,0.0,0.0,0.07,0.05,0.22,0.2,0.22,0.24,0.2,0.2,0.18,0.24,0.22,1.0,0.18,0.18,0.0,0.24,0.06,0.24,0.16,0.06,0.06,0.22,0.0,0.06,0.25,0.26,0.16,0.2,0.22,0.26,0.22,0.24,0.0,0.18,0.05,0.16,0.1,0.04,0.1,0.1,0.04,0.18,0.12,0.08,0.0,0.0,0.14,0.06,0.1,0.1,0.1,0.1,0.04,0.09,0.0,0.06,0.09,0.0,0.2,0.0,0.0,0.0,0.05,0.1,0.11,0.05,0.16,0.05,0.0,0.04,0.0,0.06,0.07,0.0,0.11,0.1,0.06,0.12,0.06,0.12,0.05,0.11,0.12,0.1,0.11,0.06,0.18,0.06,0.11,0.12,0.08,0.06,0.11,0.06,0.12,0.11,0.05,0.07,0.12,0.0,0.06,0.14,0.11,0.06,0.06,0.04,0.12,0.11,0.15,0.19,0.12,0.07,0.12,0.06,0.09,0.09,0.18,0.16,0.06,0.1,0.1,0.0,0.1,0.06,0.1,0.15,0.14,0.1,0.0,0.0,0.11,0.14,0.0,0.0,0.21,0.19,0.26,0.0,0.04,0.06,0.12,0.11,0.1,0.0,0.05,0.26,0.1,0.06,0.0,0.1,0.0,0.15,0.0,0.04,0.12,0.0,0.1,0.1,0.16,0.08,0.11,0.09,0.06,0.12,0.12,0.1,0.11,0.06,0.0,0.06,0.0,0.23,0.06,0.0,0.12,0.0,0.0,0.0,0.0,0.06,0.1,0.0,0.06,0.06,0.03,0.22,0.07,0.06,0.0,0.1,0.11,0.08,0.06,0.06,0.09,0.09,0.24,0.1,0.0,0.05,0.1,0.06,0.06,0.16,0.22,0.04,0.1,0.06,0.06,0.08,0.11,0.14,0.0,0.0,0.06,0.19,0.28,0.14,0.18,0.0,0.05,0.0,0.0,0.18,0.26,0.17,0.1,0.21,0.0,0.24,0.17,0.0,0.0,0.0,0.06,0.18,0.0,0.04,0.06,0.04,0.0,0.0,0.04,0.06,0.0,0.1,0.1,0.08,0.04,0.1,0.06,0.05,0.05
"insalata di gamberi, asparagi e fagiolini",0.03,0.16,0.1,0.11,0.08,0.0,0.24,0.09,0.0,0.14,0.0,0.04,0.28,0.04,0.12,0.04,0.13,0.1,0.12,0.07,0.14,0.08,0.18,0.19,0.06,0.09,0.05,0.1,0.04,0.15,0.1,0.1,0.1,0.09,0.15,0.16,0.06,0.0,0.0,0.0,0.06,0.16,0.04,0.0,0.0,0.0,0.0,0.05,0.04,0.1,0.08,0.12,0.08,0.0,0.15,0.36,0.04,0.07,0.0,0.08,0.1,0.14,0.0,0.11,0.1,0.11,0.06,0.06,0.15,0.1,0.0,0.04,0.1,0.0,0.12,0.16,0.0,0.0,0.1,0.1,0.1,0.04,0.05,0.06,0.09,0.15,0.04,0.0,0.06,0.04,0.18,0.17,0.18,0.2,0.41,0.17,0.17,0.19,0.18,0.18,1.0,0.16,0.0,0.19,0.11,0.24,0.14,0.05,0.06,0.18,0.04,0.06,0.2,0.18,0.15,0.17,0.18,0.18,0.18,0.22,0.0,0.21,0.04,0.12,0.1,0.09,0.1,0.14,0.04,0.16,0.11,0.12,0.0,0.0,0.12,0.05,0.1,0.1,0.24,0.14,0.04,0.08,0.0,0.0,0.09,0.0,0.17,0.0,0.0,0.0,0.05,0.19,0.1,0.09,0.1,0.05,0.0,0.03,0.0,0.06,0.06,0.0,0.1,0.15,0.06,0.11,0.06,0.14,0.04,0.1,0.18,0.15,0.18,0.06,0.11,0.06,0.1,0.11,0.08,0.12,0.1,0.06,0.11,0.16,0.05,0.06,0.17,0.0,0.06,0.16,0.16,0.06,0.06,0.14,0.11,0.1,0.12,0.16,0.18,0.06,0.11,0.06,0.13,0.08,0.16,0.18,0.05,0.1,0.1,0.0,0.1,0.06,0.1,0.21,0.18,0.1,0.0,0.0,0.1,0.12,0.0,0.0,0.14,0.12,0.17,0.0,0.08,0.06,0.11,0.1,0.1,0.0,0.05,0.2,0.1,0.06,0.0,0.34,0.0,0.12,0.0,0.04,0.11,0.0,0.1,0.2,0.25,0.24,0.09,0.13,0.06,0.11,0.11,0.1,0.1,0.05,0.0,0.11,0.0,0.15,0.06,0.0,0.12,0.0,0.06,0.0,0.0,0.06,0.15,0.0,0.27,0.12,0.03,0.19,0.14,0.12,0.06,0.15,0.1,0.08,0.06,0.06,0.13,0.12,0.08,0.1,0.0,0.05,0.14,0.06,0.1,0.16,0.18,0.04,0.1,0.06,0.06,0.11,0.1,0.13,0.0,0.0,0.06,0.2,0.2,0.11,0.19,0.0,0.05,0.0,0.0,0.16,0.26,0.14,0.05,0.19,0.0,0.2,0.2,0.04,0.0,0.0,0.06,0.15,0.0,0.04,0.06,0.08,0.0,0.0,0.04,0.1,0.09,0.05,0.1,0.12,0.04,0.17,0.06,0.04,0.1
insalata di miglio con vongole e verdure,0.06,0.11,0.09,0.16,0.08,0.0,0.24,0.08,0.0,0.22,0.0,0.04,0.1,0.04,0.12,0.08,0.12,0.1,0.12,0.06,0.13,0.1,0.24,0.2,0.06,0.13,0.1,0.14,0.08,0.08,0.06,0.1,0.1,0.13,0.09,0.1,0.1,0.0,0.0,0.0,0.1,0.11,0.08,0.0,0.0,0.0,0.0,0.09,0.08,0.1,0.12,0.08,0.08,0.04,0.04,0.18,0.12,0.06,0.04,0.11,0.04,0.09,0.0,0.1,0.05,0.19,0.09,0.1,0.2,0.18,0.06,0.04,0.1,0.0,0.17,0.22,0.08,0.04,0.05,0.09,0.1,0.04,0.05,0.06,0.08,0.18,0.0,0.0,0.06,0.04,0.31,0.23,0.26,0.26,0.17,0.23,0.17,0.25,0.28,0.18,0.16,1.0,0.0,0.2,0.06,0.2,0.15,0.1,0.06,0.18,0.0,0.06,0.27,0.18,0.14,0.23,0.24,0.2,0.19,0.24,0.04,0.16,0.08,0.19,0.09,0.04,0.14,0.14,0.08,0.16,0.1,0.08,0.06,0.06,0.12,0.05,0.09,0.09,0.1,0.09,0.04,0.08,0.0,0.0,0.08,0.0,0.18,0.0,0.0,0.0,0.04,0.14,0.15,0.04,0.1,0.09,0.04,0.06,0.0,0.06,0.06,0.0,0.1,0.1,0.06,0.14,0.05,0.1,0.04,0.1,0.12,0.1,0.1,0.06,0.1,0.06,0.15,0.1,0.08,0.1,0.1,0.06,0.1,0.1,0.04,0.06,0.1,0.0,0.1,0.08,0.1,0.06,0.06,0.12,0.1,0.1,0.18,0.16,0.17,0.06,0.1,0.1,0.08,0.12,0.2,0.14,0.05,0.1,0.1,0.0,0.14,0.06,0.09,0.17,0.13,0.14,0.05,0.0,0.15,0.15,0.0,0.0,0.2,0.12,0.18,0.0,0.08,0.24,0.16,0.2,0.1,0.04,0.09,0.2,0.1,0.06,0.0,0.09,0.0,0.18,0.04,0.04,0.14,0.0,0.09,0.1,0.14,0.12,0.16,0.08,0.06,0.1,0.1,0.1,0.15,0.05,0.0,0.06,0.0,0.24,0.05,0.0,0.12,0.0,0.0,0.06,0.0,0.1,0.1,0.0,0.05,0.06,0.18,0.2,0.06,0.06,0.06,0.1,0.15,0.12,0.1,0.1,0.16,0.08,0.08,0.09,0.0,0.09,0.13,0.06,0.05,0.22,0.22,0.04,0.1,0.12,0.06,0.1,0.1,0.16,0.04,0.05,0.06,0.24,0.29,0.16,0.2,0.14,0.09,0.0,0.04,0.16,0.3,0.15,0.04,0.16,0.0,0.24,0.15,0.0,0.03,0.0,0.04,0.15,0.0,0.04,0.06,0.12,0.0,0.0,0.12,0.05,0.08,0.04,0.09,0.08,0.04,0.14,0.05,0.08,0.04
insalata di orzo con gamberi e verdure,0.06,0.0,0.0,0.0,0.0,0.0,0.0,0.0,0.14,0.0,0.0,0.0,0.0,0.0,0.0,0.04,0.0,0.0,0.0,0.0,0.0,0.04,0.05,0.0,0.0,0.0,0.0,0.05,0.04,0.0,0.0,0.0,0.0,0.0,0.0,0.0,0.0,0.0,0.0,0.0,0.0,0.0,0.0,0.06,0.12,0.06,0.08,0.0,0.09,0.15,0.04,0.08,0.0,0.05,0.0,0.0,0.04,0.0,0.21,0.0,0.0,0.05,0.04,0.0,0.0,0.18,0.18,0.0,0.13,0.0,0.0,0.0,0.0,0.06,0.0,0.15,0.21,0.05,0.18,0.05,0.0,0.04,0.0,0.0,0.0,0.0,0.0,0.0,0.0,0.0,0.0,0.05,0.0,0.0,0.0,0.0,0.0,0.06,0.0,0.0,0.0,0.0,1.0,0.0,0.0,0.0,0.0,0.0,0.0,0.04,0.25,0.12,0.0,0.0,0.05,0.0,0.0,0.08,0.0,0.0,0.22,0.0,0.0,0.0,0.0,0.0,0.0,0.0,0.0,0.0,0.06,0.0,0.0,0.0,0.0,0.0,0.0,0.14,0.0,0.0,0.0,0.0,0.0,0.05,0.0,0.0,0.05,0.0,0.0,0.0,0.0,0.0,0.0,0.0,0.0,0.0,0.05,0.03,0.0,0.06,0.0,0.0,0.0,0.0,0.0,0.0,0.06,0.0,0.0,0.0,0.06,0.0,0.0,0.0,0.0,0.0,0.0,0.0,0.04,0.0,0.0,0.14,0.0,0.0,0.0,0.0,0.0,0.06,0.06,0.0,0.0,0.06,0.0,0.0,0.0,0.0,0.0,0.0,0.0,0.0,0.06,0.0,0.0,0.04,0.0,0.0,0.0,0.0,0.0,0.0,0.05,0.0,0.0,0.0,0.0,0.0,0.05,0.24,0.0,0.03,0.06,0.0,0.04,0.0,0.05,0.0,0.0,0.0,0.0,0.0,0.0,0.04,0.0,0.04,0.0,0.0,0.13,0.0,0.11,0.0,0.08,0.0,0.0,0.0,0.0,0.0,0.0,0.04,0.04,0.0,0.0,0.06,0.16,0.0,0.0,0.0,0.0,0.16,0.0,0.0,0.0,0.0,0.0,0.06,0.0,0.0,0.0,0.0,0.0,0.0,0.0,0.0,0.13,0.0,0.06,0.0,0.0,0.0,0.0,0.0,0.06,0.06,0.0,0.0,0.0,0.0,0.0,0.0,0.0,0.0,0.0,0.0,0.0,0.0,0.04,0.0,0.0,0.0,0.06,0.04,0.12,0.0,0.0,0.0,0.0,0.0,0.0,0.0,0.15,0.0,0.24,0.0,0.04,0.0,0.0,0.0,0.16,0.0,0.0,0.0,0.0,0.06,0.02,0.0,0.0,0.0,0.06,0.0,0.0,0.06,0.0,0.0,0.0,0.05,0.0,0.0,0.0,0.2,0.06,0.0,0.0
insalata di pasta mediterranea,0.06,0.16,0.1,0.12,0.09,0.0,0.24,0.14,0.0,0.15,0.0,0.09,0.1,0.04,0.19,0.04,0.14,0.1,0.12,0.15,0.14,0.08,0.27,0.32,0.06,0.1,0.06,0.1,0.05,0.1,0.07,0.16,0.11,0.1,0.1,0.11,0.11,0.0,0.06,0.0,0.06,0.12,0.04,0.0,0.0,0.0,0.0,0.05,0.04,0.1,0.09,0.09,0.09,0.0,0.04,0.15,0.04,0.08,0.04,0.12,0.05,0.1,0.0,0.12,0.06,0.16,0.06,0.06,0.19,0.1,0.0,0.04,0.1,0.07,0.19,0.22,0.0,0.0,0.06,0.1,0.06,0.05,0.06,0.06,0.1,0.18,0.0,0.0,0.07,0.05,0.26,0.29,0.26,0.29,0.21,0.22,0.2,0.38,0.26,0.24,0.19,0.2,0.0,1.0,0.12,0.28,0.18,0.06,0.06,0.36,0.04,0.06,0.29,0.26,0.17,0.23,0.32,0.34,0.32,0.37,0.0,0.3,0.1,0.18,0.1,0.04,0.1,0.1,0.04,0.2,0.12,0.08,0.0,0.0,0.14,0.1,0.2,0.1,0.1,0.1,0.04,0.09,0.06,0.06,0.09,0.08,0.29,0.06,0.0,0.06,0.05,0.1,0.11,0.05,0.11,0.05,0.05,0.04,0.0,0.09,0.14,0.0,0.11,0.1,0.06,0.12,0.06,0.18,0.1,0.29,0.19,0.1,0.11,0.24,0.3,0.24,0.29,0.18,0.08,0.06,0.11,0.22,0.12,0.11,0.05,0.07,0.12,0.25,0.06,0.26,0.11,0.32,0.29,0.26,0.3,0.29,0.16,0.2,0.12,0.26,0.12,0.24,0.14,0.14,0.2,0.18,0.06,0.16,0.16,0.0,0.1,0.06,0.1,0.18,0.19,0.1,0.0,0.0,0.11,0.14,0.0,0.0,0.34,0.22,0.29,0.0,0.04,0.06,0.12,0.11,0.1,0.0,0.1,0.24,0.16,0.12,0.0,0.15,0.0,0.16,0.0,0.04,0.16,0.0,0.1,0.14,0.19,0.12,0.12,0.09,0.06,0.12,0.12,0.1,0.11,0.1,0.05,0.06,0.0,0.19,0.06,0.0,0.12,0.0,0.0,0.0,0.0,0.06,0.1,0.0,0.11,0.12,0.03,0.24,0.07,0.06,0.06,0.1,0.16,0.12,0.06,0.06,0.09,0.09,0.08,0.1,0.0,0.05,0.14,0.06,0.06,0.16,0.23,0.04,0.1,0.06,0.06,0.12,0.11,0.18,0.04,0.06,0.06,0.26,0.26,0.2,0.28,0.0,0.05,0.0,0.0,0.25,0.34,0.26,0.1,0.34,0.06,0.3,0.18,0.0,0.0,0.0,0.04,0.19,0.06,0.04,0.06,0.04,0.0,0.0,0.08,0.06,0.0,0.05,0.1,0.08,0.04,0.1,0.06,0.05,0.05
"insalata di pesche, pomodorini, olive nere e feta",0.04,0.08,0.1,0.12,0.04,0.0,0.06,0.0,0.0,0.06,0.0,0.0,0.11,0.04,0.06,0.04,0.07,0.06,0.06,0.16,0.05,0.04,0.06,0.14,0.06,0.05,0.0,0.06,0.0,0.04,0.0,0.06,0.06,0.05,0.1,0.06,0.06,0.0,0.0,0.0,0.0,0.08,0.0,0.0,0.0,0.0,0.0,0.06,0.05,0.06,0.14,0.04,0.04,0.0,0.0,0.12,0.0,0.0,0.0,0.0,0.0,0.06,0.0,0.06,0.0,0.0,0.07,0.0,0.05,0.06,0.0,0.04,0.06,0.0,0.06,0.05,0.0,0.0,0.06,0.0,0.0,0.11,0.0,0.0,0.05,0.07,0.0,0.0,0.0,0.1,0.05,0.06,0.1,0.06,0.24,0.06,0.06,0.12,0.06,0.06,0.11,0.06,0.0,0.12,1.0,0.06,0.05,0.06,0.06,0.16,0.0,0.06,0.06,0.1,0.06,0.06,0.06,0.1,0.1,0.04,0.0,0.22,0.0,0.0,0.06,0.0,0.06,0.06,0.0,0.06,0.12,0.04,0.0,0.0,0.1,0.0,0.16,0.06,0.12,0.06,0.04,0.04,0.0,0.0,0.05,0.0,0.06,0.0,0.0,0.0,0.0,0.1,0.06,0.0,0.06,0.06,0.0,0.04,0.0,0.06,0.07,0.0,0.12,0.11,0.06,0.04,0.0,0.06,0.0,0.06,0.06,0.06,0.12,0.0,0.06,0.06,0.06,0.06,0.04,0.12,0.06,0.06,0.06,0.06,0.06,0.07,0.06,0.2,0.0,0.11,0.06,0.14,0.19,0.2,0.12,0.06,0.0,0.06,0.06,0.07,0.06,0.0,0.1,0.04,0.06,0.0,0.06,0.06,0.06,0.0,0.06,0.0,0.06,0.26,0.05,0.06,0.0,0.0,0.06,0.14,0.0,0.0,0.0,0.0,0.17,0.0,0.0,0.06,0.06,0.06,0.06,0.0,0.0,0.08,0.06,0.0,0.05,0.12,0.06,0.0,0.04,0.0,0.04,0.0,0.06,0.1,0.14,0.1,0.0,0.05,0.0,0.06,0.06,0.06,0.06,0.11,0.0,0.06,0.0,0.05,0.06,0.0,0.06,0.0,0.0,0.0,0.0,0.0,0.06,0.0,0.12,0.0,0.04,0.07,0.13,0.0,0.0,0.06,0.06,0.09,0.06,0.06,0.05,0.04,0.04,0.06,0.0,0.16,0.1,0.06,0.0,0.09,0.04,0.04,0.04,0.0,0.06,0.04,0.06,0.1,0.0,0.0,0.0,0.04,0.04,0.11,0.0,0.0,0.06,0.0,0.0,0.06,0.04,0.0,0.16,0.0,0.0,0.06,0.06,0.04,0.0,0.06,0.0,0.04,0.0,0.0,0.06,0.04,0.0,0.0,0.0,0.0,0.0,0.06,0.06,0.04,0.04,0.12,0.12,0.05,0.0
insalata di pollo,0.04,0.16,0.1,0.12,0.14,0.07,0.3,0.14,0.05,0.15,0.0,0.04,0.1,0.04,0.12,0.04,0.14,0.1,0.12,0.08,0.44,0.08,0.32,0.25,0.06,0.1,0.1,0.1,0.05,0.16,0.1,0.1,0.16,0.1,0.1,0.16,0.06,0.0,0.0,0.0,0.06,0.16,0.04,0.06,0.04,0.0,0.0,0.05,0.04,0.1,0.14,0.14,0.09,0.0,0.0,0.15,0.04,0.08,0.04,0.08,0.15,0.15,0.0,0.12,0.11,0.16,0.06,0.06,0.19,0.1,0.0,0.04,0.1,0.0,0.12,0.22,0.0,0.05,0.1,0.1,0.11,0.05,0.06,0.06,0.1,0.18,0.04,0.15,0.07,0.05,0.26,0.29,0.31,0.29,0.21,0.22,0.2,0.28,0.32,0.24,0.24,0.2,0.0,0.28,0.06,1.0,0.18,0.1,0.12,0.26,0.04,0.06,0.29,0.26,0.17,0.29,0.32,0.34,0.26,0.37,0.0,0.18,0.05,0.18,0.1,0.04,0.1,0.15,0.04,0.2,0.12,0.12,0.0,0.0,0.14,0.06,0.1,0.1,0.16,0.15,0.04,0.09,0.06,0.1,0.09,0.0,0.23,0.06,0.0,0.0,0.05,0.15,0.16,0.1,0.11,0.05,0.0,0.04,0.05,0.06,0.07,0.0,0.11,0.16,0.06,0.12,0.06,0.14,0.05,0.11,0.19,0.16,0.11,0.06,0.12,0.06,0.11,0.12,0.08,0.06,0.11,0.06,0.12,0.16,0.05,0.07,0.18,0.0,0.06,0.09,0.16,0.12,0.06,0.04,0.12,0.11,0.16,0.2,0.19,0.07,0.12,0.06,0.14,0.09,0.2,0.24,0.06,0.1,0.1,0.08,0.1,0.06,0.1,0.15,0.19,0.1,0.0,0.0,0.11,0.16,0.0,0.0,0.3,0.17,0.23,0.0,0.09,0.06,0.12,0.33,0.32,0.17,0.05,0.24,0.1,0.06,0.0,0.1,0.0,0.16,0.04,0.09,0.12,0.05,0.1,0.1,0.19,0.08,0.12,0.14,0.06,0.12,0.12,0.1,0.11,0.06,0.1,0.12,0.0,0.19,0.06,0.0,0.12,0.0,0.06,0.0,0.0,0.06,0.16,0.0,0.06,0.12,0.03,0.24,0.07,0.12,0.06,0.16,0.11,0.08,0.06,0.06,0.14,0.14,0.08,0.1,0.07,0.05,0.19,0.06,0.11,0.16,0.23,0.04,0.1,0.06,0.12,0.12,0.11,0.14,0.0,0.0,0.06,0.22,0.26,0.15,0.28,0.0,0.05,0.0,0.0,0.2,0.34,0.2,0.05,0.34,0.0,0.26,0.24,0.04,0.0,0.06,0.04,0.19,0.0,0.09,0.06,0.08,0.0,0.0,0.04,0.11,0.04,0.05,0.1,0.12,0.04,0.1,0.06,0.05,0.1
insalata di pollo con uva e speck,0.03,0.1,0.08,0.1,0.08,0.0,0.17,0.08,0.0,0.12,0.0,0.08,0.13,0.06,0.1,0.04,0.12,0.09,0.1,0.06,0.12,0.06,0.18,0.22,0.05,0.08,0.04,0.08,0.04,0.08,0.06,0.09,0.09,0.08,0.08,0.09,0.04,0.0,0.0,0.0,0.04,0.1,0.04,0.04,0.0,0.0,0.0,0.04,0.04,0.09,0.08,0.08,0.08,0.0,0.0,0.12,0.04,0.06,0.0,0.06,0.04,0.08,0.0,0.1,0.04,0.11,0.06,0.09,0.18,0.08,0.0,0.11,0.09,0.0,0.1,0.15,0.08,0.0,0.04,0.04,0.04,0.04,0.04,0.05,0.08,0.15,0.08,0.0,0.06,0.04,0.16,0.16,0.16,0.18,0.15,0.16,0.16,0.18,0.17,0.16,0.14,0.15,0.0,0.18,0.05,0.18,1.0,0.22,0.05,0.16,0.0,0.05,0.19,0.16,0.18,0.16,0.17,0.18,0.32,0.16,0.04,0.15,0.08,0.12,0.08,0.04,0.09,0.08,0.04,0.15,0.1,0.07,0.0,0.0,0.11,0.04,0.08,0.08,0.09,0.08,0.04,0.08,0.0,0.0,0.08,0.0,0.16,0.04,0.04,0.05,0.08,0.08,0.09,0.04,0.09,0.04,0.04,0.03,0.0,0.12,0.06,0.0,0.09,0.09,0.05,0.1,0.04,0.1,0.04,0.09,0.1,0.09,0.09,0.05,0.1,0.05,0.09,0.1,0.07,0.05,0.09,0.05,0.1,0.09,0.04,0.06,0.1,0.0,0.05,0.08,0.09,0.05,0.05,0.04,0.1,0.09,0.11,0.15,0.1,0.06,0.1,0.04,0.08,0.08,0.15,0.12,0.04,0.09,0.09,0.0,0.08,0.05,0.08,0.12,0.12,0.09,0.0,0.0,0.09,0.11,0.0,0.0,0.14,0.15,0.16,0.05,0.08,0.05,0.1,0.18,0.13,0.0,0.04,0.18,0.09,0.05,0.0,0.08,0.0,0.11,0.0,0.04,0.1,0.0,0.08,0.08,0.12,0.07,0.12,0.08,0.05,0.1,0.1,0.09,0.21,0.04,0.04,0.05,0.05,0.18,0.04,0.0,0.1,0.0,0.0,0.0,0.0,0.04,0.09,0.0,0.04,0.05,0.02,0.18,0.06,0.05,0.0,0.09,0.09,0.07,0.05,0.05,0.08,0.08,0.06,0.08,0.0,0.04,0.08,0.05,0.04,0.14,0.16,0.04,0.12,0.05,0.05,0.06,0.09,0.12,0.0,0.0,0.05,0.15,0.18,0.15,0.13,0.0,0.04,0.0,0.0,0.15,0.2,0.18,0.04,0.18,0.0,0.18,0.14,0.0,0.0,0.0,0.04,0.14,0.0,0.08,0.05,0.04,0.0,0.0,0.04,0.04,0.0,0.04,0.08,0.07,0.04,0.09,0.04,0.04,0.04
insalata di quinoa con pollo e verdure,0.06,0.04,0.05,0.11,0.04,0.06,0.11,0.0,0.0,0.06,0.0,0.04,0.1,0.0,0.06,0.04,0.06,0.05,0.06,0.07,0.09,0.04,0.05,0.12,0.06,0.04,0.05,0.05,0.0,0.06,0.0,0.05,0.06,0.04,0.05,0.06,0.06,0.0,0.0,0.0,0.06,0.08,0.0,0.06,0.0,0.0,0.0,0.05,0.04,0.05,0.12,0.04,0.04,0.05,0.0,0.05,0.0,0.0,0.0,0.0,0.0,0.05,0.0,0.06,0.0,0.04,0.06,0.0,0.04,0.05,0.0,0.12,0.05,0.0,0.06,0.04,0.09,0.05,0.1,0.05,0.0,0.0,0.0,0.0,0.04,0.08,0.04,0.0,0.0,0.09,0.09,0.1,0.09,0.06,0.06,0.17,0.06,0.06,0.05,0.06,0.05,0.1,0.0,0.06,0.06,0.1,0.22,1.0,0.06,0.04,0.0,0.11,0.06,0.04,0.05,0.05,0.05,0.04,0.05,0.04,0.05,0.06,0.04,0.0,0.05,0.0,0.05,0.05,0.0,0.05,0.06,0.04,0.0,0.06,0.04,0.0,0.05,0.05,0.05,0.05,0.04,0.08,0.0,0.0,0.04,0.0,0.05,0.06,0.06,0.06,0.1,0.05,0.06,0.0,0.06,0.05,0.05,0.03,0.0,0.06,0.06,0.0,0.1,0.05,0.0,0.04,0.0,0.03,0.0,0.06,0.06,0.05,0.06,0.0,0.06,0.06,0.06,0.06,0.04,0.06,0.06,0.06,0.06,0.06,0.05,0.06,0.06,0.0,0.0,0.04,0.06,0.06,0.06,0.04,0.06,0.06,0.0,0.05,0.06,0.06,0.06,0.0,0.04,0.04,0.05,0.0,0.0,0.05,0.05,0.0,0.05,0.0,0.05,0.07,0.04,0.05,0.0,0.0,0.06,0.06,0.0,0.0,0.0,0.0,0.05,0.11,0.08,0.06,0.06,0.1,0.05,0.04,0.0,0.06,0.05,0.0,0.0,0.05,0.0,0.0,0.0,0.0,0.04,0.0,0.05,0.04,0.08,0.04,0.04,0.04,0.0,0.06,0.06,0.05,0.23,0.05,0.09,0.06,0.06,0.04,0.06,0.0,0.06,0.0,0.0,0.0,0.0,0.0,0.05,0.0,0.06,0.0,0.03,0.06,0.06,0.0,0.0,0.05,0.06,0.04,0.06,0.06,0.04,0.04,0.04,0.05,0.06,0.05,0.09,0.06,0.0,0.12,0.04,0.04,0.06,0.0,0.06,0.04,0.06,0.09,0.0,0.0,0.0,0.04,0.04,0.0,0.0,0.0,0.05,0.0,0.0,0.05,0.04,0.0,0.05,0.0,0.0,0.08,0.05,0.0,0.0,0.0,0.0,0.04,0.0,0.08,0.06,0.08,0.0,0.0,0.0,0.0,0.0,0.05,0.05,0.04,0.04,0.05,0.06,0.04,0.0
insalata di quinoa e fave,0.04,0.04,0.06,0.06,0.04,0.0,0.12,0.05,0.06,0.06,0.0,0.0,0.06,0.0,0.06,0.04,0.07,0.06,0.06,0.08,0.05,0.04,0.11,0.06,0.06,0.05,0.0,0.06,0.0,0.04,0.0,0.06,0.06,0.05,0.06,0.06,0.06,0.0,0.0,0.05,0.0,0.08,0.0,0.0,0.0,0.0,0.0,0.06,0.05,0.06,0.1,0.04,0.04,0.0,0.0,0.06,0.0,0.0,0.05,0.0,0.0,0.06,0.0,0.06,0.0,0.0,0.07,0.0,0.05,0.06,0.0,0.04,0.06,0.0,0.06,0.05,0.0,0.0,0.06,0.0,0.0,0.0,0.0,0.0,0.05,0.1,0.0,0.0,0.0,0.1,0.14,0.17,0.05,0.06,0.06,0.06,0.06,0.12,0.1,0.06,0.06,0.06,0.0,0.06,0.06,0.12,0.05,0.06,1.0,0.05,0.0,0.06,0.06,0.1,0.06,0.11,0.16,0.04,0.1,0.04,0.0,0.06,0.0,0.0,0.06,0.0,0.06,0.06,0.0,0.06,0.06,0.04,0.0,0.0,0.04,0.0,0.06,0.06,0.06,0.06,0.04,0.04,0.0,0.0,0.05,0.0,0.06,0.0,0.0,0.0,0.0,0.06,0.12,0.0,0.06,0.06,0.0,0.04,0.0,0.06,0.07,0.0,0.06,0.06,0.0,0.04,0.0,0.03,0.0,0.06,0.06,0.06,0.06,0.0,0.06,0.12,0.06,0.06,0.04,0.06,0.06,0.06,0.06,0.06,0.06,0.07,0.06,0.0,0.0,0.05,0.06,0.14,0.06,0.04,0.06,0.06,0.0,0.06,0.06,0.07,0.06,0.0,0.05,0.04,0.06,0.0,0.0,0.06,0.06,0.0,0.06,0.06,0.06,0.08,0.05,0.06,0.0,0.0,0.06,0.1,0.0,0.0,0.0,0.0,0.06,0.0,0.0,0.06,0.06,0.06,0.06,0.0,0.0,0.08,0.06,0.0,0.0,0.06,0.0,0.0,0.04,0.0,0.04,0.0,0.06,0.04,0.08,0.04,0.0,0.05,0.0,0.06,0.06,0.06,0.06,0.06,0.0,0.06,0.0,0.05,0.06,0.0,0.06,0.0,0.0,0.0,0.0,0.0,0.06,0.0,0.06,0.0,0.06,0.07,0.07,0.0,0.0,0.06,0.06,0.04,0.06,0.06,0.05,0.04,0.04,0.06,0.0,0.06,0.1,0.06,0.06,0.09,0.04,0.04,0.04,0.0,0.12,0.04,0.06,0.1,0.0,0.0,0.0,0.04,0.04,0.0,0.0,0.0,0.06,0.0,0.0,0.06,0.04,0.0,0.06,0.0,0.0,0.06,0.06,0.1,0.0,0.0,0.0,0.04,0.0,0.04,0.06,0.04,0.0,0.0,0.0,0.0,0.0,0.06,0.06,0.04,0.04,0.06,0.06,0.1,0.0
insalata di riso,0.06,0.18,0.08,0.1,0.08,0.0,0.22,0.12,0.0,0.13,0.05,0.08,0.09,0.04,0.16,0.04,0.12,0.09,0.11,0.13,0.12,0.07,0.3,0.29,0.06,0.08,0.04,0.08,0.04,0.08,0.06,0.14,0.1,0.08,0.08,0.1,0.1,0.0,0.05,0.0,0.05,0.1,0.04,0.0,0.0,0.0,0.0,0.04,0.04,0.09,0.08,0.08,0.08,0.0,0.04,0.13,0.04,0.06,0.04,0.1,0.04,0.08,0.0,0.1,0.05,0.16,0.06,0.1,0.18,0.13,0.0,0.04,0.09,0.12,0.16,0.21,0.0,0.0,0.04,0.08,0.05,0.04,0.04,0.05,0.08,0.14,0.04,0.0,0.06,0.04,0.24,0.31,0.29,0.26,0.2,0.2,0.18,0.31,0.25,0.22,0.18,0.18,0.04,0.36,0.16,0.26,0.16,0.04,0.05,1.0,0.2,0.05,0.28,0.29,0.2,0.22,0.3,0.36,0.3,0.36,0.0,0.22,0.08,0.18,0.08,0.04,0.09,0.08,0.04,0.18,0.1,0.07,0.0,0.0,0.12,0.14,0.13,0.26,0.09,0.08,0.04,0.08,0.11,0.04,0.08,0.07,0.31,0.05,0.0,0.06,0.04,0.08,0.1,0.04,0.14,0.04,0.04,0.31,0.0,0.08,0.06,0.0,0.1,0.09,0.11,0.14,0.1,0.18,0.04,0.14,0.11,0.09,0.1,0.05,0.1,0.05,0.1,0.1,0.08,0.05,0.1,0.05,0.1,0.1,0.04,0.06,0.1,0.06,0.05,0.08,0.1,0.11,0.11,0.08,0.1,0.1,0.16,0.19,0.11,0.06,0.1,0.05,0.16,0.16,0.23,0.18,0.04,0.14,0.14,0.0,0.08,0.05,0.08,0.16,0.16,0.09,0.0,0.0,0.1,0.12,0.0,0.0,0.32,0.2,0.26,0.0,0.04,0.05,0.1,0.1,0.09,0.0,0.04,0.22,0.09,0.1,0.0,0.13,0.0,0.15,0.0,0.04,0.13,0.04,0.08,0.12,0.16,0.11,0.12,0.08,0.06,0.1,0.1,0.09,0.1,0.09,0.04,0.05,0.0,0.18,0.05,0.0,0.11,0.0,0.0,0.0,0.0,0.05,0.09,0.0,0.14,0.16,0.02,0.22,0.06,0.06,0.05,0.09,0.19,0.11,0.05,0.05,0.08,0.08,0.07,0.08,0.0,0.04,0.12,0.05,0.05,0.14,0.25,0.04,0.09,0.11,0.05,0.1,0.14,0.45,0.04,0.04,0.11,0.24,0.24,0.18,0.26,0.0,0.04,0.0,0.0,0.28,0.36,0.24,0.08,0.33,0.06,0.27,0.22,0.0,0.0,0.05,0.04,0.18,0.1,0.04,0.05,0.04,0.0,0.0,0.07,0.05,0.0,0.04,0.08,0.07,0.04,0.09,0.05,0.04,0.04
insalata di riso con pesce e verdure,0.08,0.0,0.0,0.0,0.0,0.0,0.0,0.0,0.14,0.02,0.0,0.04,0.0,0.03,0.0,0.03,0.0,0.08,0.0,0.0,0.0,0.03,0.0,0.05,0.05,0.04,0.0,0.04,0.04,0.02,0.06,0.04,0.0,0.08,0.04,0.0,0.0,0.0,0.0,0.0,0.0,0.03,0.0,0.04,0.13,0.04,0.06,0.08,0.04,0.08,0.04,0.14,0.04,0.04,0.04,0.0,0.07,0.0,0.29,0.0,0.0,0.08,0.07,0.04,0.0,0.16,0.18,0.0,0.14,0.0,0.0,0.0,0.08,0.06,0.0,0.12,0.0,0.08,0.2,0.04,0.0,0.08,0.0,0.0,0.0,0.02,0.0,0.0,0.0,0.0,0.0,0.0,0.0,0.0,0.0,0.0,0.0,0.04,0.0,0.0,0.04,0.0,0.25,0.04,0.0,0.04,0.0,0.0,0.0,0.2,1.0,0.18,0.0,0.0,0.0,0.04,0.0,0.1,0.0,0.0,0.24,0.04,0.0,0.0,0.0,0.0,0.0,0.0,0.0,0.0,0.1,0.06,0.0,0.0,0.0,0.0,0.08,0.24,0.04,0.0,0.03,0.04,0.0,0.04,0.08,0.0,0.04,0.04,0.0,0.05,0.0,0.12,0.04,0.0,0.0,0.04,0.08,0.36,0.12,0.05,0.0,0.0,0.0,0.0,0.0,0.0,0.04,0.04,0.04,0.0,0.05,0.0,0.14,0.04,0.0,0.0,0.09,0.1,0.04,0.04,0.04,0.15,0.04,0.0,0.0,0.11,0.04,0.05,0.04,0.04,0.0,0.05,0.0,0.14,0.04,0.0,0.05,0.0,0.0,0.0,0.1,0.0,0.04,0.07,0.0,0.0,0.08,0.04,0.04,0.0,0.04,0.0,0.0,0.03,0.0,0.0,0.04,0.25,0.0,0.02,0.04,0.04,0.04,0.0,0.0,0.0,0.0,0.0,0.0,0.0,0.04,0.04,0.04,0.03,0.04,0.04,0.15,0.0,0.14,0.0,0.07,0.0,0.0,0.0,0.08,0.03,0.0,0.04,0.0,0.04,0.0,0.1,0.04,0.04,0.0,0.12,0.08,0.0,0.0,0.04,0.0,0.0,0.0,0.15,0.04,0.0,0.0,0.0,0.0,0.0,0.0,0.0,0.14,0.0,0.11,0.05,0.0,0.0,0.0,0.04,0.14,0.1,0.0,0.0,0.06,0.0,0.0,0.04,0.08,0.0,0.09,0.0,0.0,0.0,0.03,0.0,0.0,0.0,0.04,0.32,0.1,0.0,0.0,0.07,0.0,0.0,0.0,0.0,0.2,0.0,0.32,0.0,0.04,0.0,0.0,0.0,0.18,0.02,0.0,0.07,0.11,0.04,0.04,0.0,0.0,0.0,0.04,0.04,0.0,0.04,0.0,0.0,0.04,0.12,0.12,0.06,0.04,0.08,0.09,0.04,0.0
insalata di riso con salmone avocado e cocco,0.1,0.04,0.06,0.12,0.04,0.16,0.2,0.0,0.12,0.06,0.0,0.05,0.06,0.0,0.06,0.04,0.07,0.06,0.06,0.08,0.05,0.04,0.06,0.06,0.06,0.05,0.06,0.1,0.05,0.04,0.0,0.06,0.12,0.05,0.06,0.06,0.06,0.0,0.06,0.0,0.06,0.08,0.0,0.06,0.04,0.06,0.0,0.06,0.1,0.06,0.1,0.04,0.04,0.06,0.0,0.06,0.0,0.0,0.15,0.0,0.0,0.1,0.04,0.06,0.0,0.2,0.24,0.0,0.16,0.06,0.0,0.04,0.06,0.0,0.06,0.05,0.0,0.06,0.2,0.06,0.0,0.05,0.0,0.0,0.05,0.07,0.0,0.0,0.0,0.18,0.05,0.18,0.05,0.06,0.06,0.18,0.06,0.06,0.06,0.06,0.06,0.06,0.12,0.06,0.06,0.06,0.05,0.11,0.06,0.05,0.18,1.0,0.06,0.05,0.06,0.06,0.06,0.04,0.06,0.04,0.19,0.06,0.0,0.0,0.06,0.0,0.06,0.06,0.0,0.06,0.06,0.04,0.0,0.06,0.04,0.0,0.06,0.06,0.06,0.06,0.04,0.04,0.0,0.06,0.05,0.0,0.06,0.16,0.0,0.06,0.12,0.06,0.06,0.0,0.06,0.06,0.06,0.04,0.0,0.13,0.07,0.0,0.06,0.06,0.0,0.04,0.0,0.03,0.0,0.06,0.06,0.06,0.06,0.0,0.06,0.06,0.06,0.06,0.09,0.06,0.06,0.18,0.06,0.06,0.06,0.07,0.06,0.06,0.0,0.05,0.06,0.14,0.06,0.04,0.06,0.06,0.0,0.06,0.06,0.07,0.06,0.0,0.05,0.04,0.06,0.0,0.0,0.06,0.06,0.0,0.1,0.0,0.06,0.08,0.05,0.06,0.06,0.15,0.06,0.1,0.06,0.0,0.0,0.0,0.06,0.15,0.14,0.06,0.06,0.12,0.06,0.1,0.0,0.08,0.06,0.0,0.1,0.06,0.06,0.0,0.09,0.0,0.04,0.0,0.06,0.04,0.08,0.09,0.0,0.05,0.0,0.06,0.26,0.06,0.19,0.06,0.15,0.12,0.0,0.16,0.06,0.0,0.06,0.06,0.0,0.0,0.0,0.0,0.06,0.0,0.06,0.0,0.16,0.07,0.14,0.0,0.0,0.06,0.06,0.04,0.06,0.06,0.05,0.04,0.04,0.06,0.0,0.06,0.05,0.06,0.0,0.09,0.04,0.04,0.04,0.0,0.06,0.04,0.06,0.14,0.04,0.0,0.0,0.04,0.04,0.0,0.0,0.0,0.18,0.0,0.19,0.06,0.04,0.0,0.06,0.0,0.14,0.06,0.06,0.0,0.0,0.06,0.02,0.04,0.0,0.04,0.12,0.04,0.0,0.06,0.0,0.0,0.0,0.06,0.06,0.04,0.04,0.06,0.12,0.05,0.0
insalata di riso venere alla caprese,0.04,0.14,0.12,0.14,0.1,0.0,0.26,0.1,0.0,0.24,0.0,0.05,0.18,0.04,0.14,0.04,0.23,0.12,0.14,0.08,0.16,0.09,0.34,0.27,0.07,0.16,0.06,0.12,0.06,0.11,0.08,0.12,0.12,0.16,0.12,0.12,0.06,0.0,0.0,0.05,0.06,0.14,0.1,0.0,0.0,0.0,0.0,0.06,0.05,0.12,0.1,0.1,0.1,0.0,0.0,0.17,0.1,0.08,0.0,0.14,0.06,0.12,0.0,0.14,0.06,0.17,0.08,0.06,0.2,0.12,0.08,0.05,0.12,0.0,0.22,0.24,0.0,0.0,0.06,0.06,0.06,0.06,0.06,0.06,0.11,0.22,0.0,0.0,0.08,0.06,0.32,0.3,0.32,0.36,0.22,0.24,0.22,0.36,0.34,0.25,0.2,0.27,0.0,0.29,0.06,0.29,0.19,0.06,0.06,0.28,0.0,0.06,1.0,0.32,0.18,0.3,0.28,0.35,0.28,0.44,0.0,0.2,0.06,0.19,0.12,0.05,0.18,0.12,0.1,0.22,0.14,0.1,0.0,0.0,0.15,0.06,0.12,0.12,0.12,0.12,0.04,0.1,0.0,0.0,0.1,0.0,0.24,0.0,0.0,0.0,0.06,0.12,0.19,0.06,0.12,0.12,0.0,0.04,0.0,0.07,0.08,0.0,0.12,0.12,0.07,0.18,0.06,0.14,0.06,0.19,0.14,0.18,0.12,0.14,0.14,0.06,0.12,0.14,0.1,0.06,0.12,0.06,0.2,0.19,0.06,0.08,0.14,0.0,0.14,0.1,0.12,0.07,0.07,0.05,0.14,0.12,0.17,0.22,0.14,0.08,0.14,0.12,0.1,0.15,0.22,0.19,0.06,0.12,0.12,0.0,0.12,0.06,0.12,0.21,0.22,0.12,0.0,0.0,0.12,0.19,0.0,0.0,0.35,0.18,0.24,0.0,0.05,0.06,0.14,0.12,0.12,0.0,0.06,0.34,0.12,0.06,0.0,0.12,0.0,0.24,0.0,0.05,0.18,0.0,0.12,0.12,0.18,0.1,0.12,0.1,0.14,0.14,0.14,0.12,0.19,0.06,0.0,0.32,0.2,0.4,0.06,0.0,0.14,0.0,0.0,0.0,0.0,0.12,0.12,0.0,0.06,0.07,0.19,0.26,0.08,0.07,0.0,0.12,0.19,0.14,0.06,0.14,0.1,0.1,0.09,0.12,0.0,0.06,0.11,0.06,0.06,0.19,0.3,0.04,0.12,0.14,0.06,0.09,0.12,0.16,0.0,0.0,0.07,0.28,0.28,0.22,0.23,0.0,0.12,0.0,0.0,0.22,0.32,0.2,0.12,0.3,0.0,0.29,0.2,0.0,0.16,0.0,0.05,0.25,0.0,0.05,0.06,0.05,0.0,0.0,0.04,0.06,0.0,0.06,0.12,0.1,0.05,0.12,0.06,0.11,0.06
"insalata di riso, farro e orzo alla nizzarda",0.06,0.1,0.08,0.1,0.11,0.0,0.27,0.08,0.0,0.12,0.0,0.04,0.13,0.04,0.1,0.04,0.17,0.09,0.1,0.06,0.12,0.06,0.26,0.23,0.05,0.08,0.04,0.08,0.08,0.14,0.08,0.13,0.09,0.08,0.08,0.09,0.04,0.0,0.0,0.04,0.04,0.1,0.04,0.0,0.0,0.0,0.0,0.04,0.04,0.09,0.08,0.08,0.08,0.0,0.0,0.12,0.04,0.12,0.0,0.06,0.04,0.08,0.0,0.1,0.09,0.16,0.06,0.04,0.18,0.08,0.0,0.04,0.09,0.0,0.1,0.2,0.0,0.0,0.04,0.04,0.04,0.12,0.04,0.05,0.08,0.16,0.0,0.0,0.06,0.08,0.28,0.26,0.32,0.26,0.19,0.2,0.18,0.31,0.25,0.26,0.18,0.18,0.0,0.26,0.1,0.26,0.16,0.04,0.1,0.29,0.0,0.05,0.32,1.0,0.16,0.26,0.25,0.36,0.25,0.35,0.0,0.16,0.08,0.18,0.08,0.04,0.09,0.08,0.04,0.18,0.1,0.07,0.0,0.0,0.11,0.04,0.12,0.08,0.09,0.08,0.04,0.08,0.0,0.04,0.08,0.0,0.22,0.0,0.0,0.0,0.04,0.08,0.09,0.04,0.14,0.08,0.0,0.03,0.0,0.05,0.06,0.0,0.09,0.09,0.05,0.1,0.04,0.1,0.04,0.14,0.1,0.13,0.09,0.1,0.14,0.1,0.09,0.1,0.07,0.05,0.09,0.05,0.14,0.14,0.04,0.06,0.1,0.0,0.05,0.12,0.09,0.05,0.05,0.04,0.1,0.09,0.15,0.19,0.1,0.06,0.1,0.04,0.08,0.08,0.18,0.18,0.04,0.09,0.09,0.0,0.08,0.1,0.08,0.18,0.16,0.09,0.0,0.0,0.09,0.14,0.0,0.0,0.29,0.2,0.26,0.0,0.04,0.05,0.1,0.09,0.09,0.04,0.04,0.3,0.13,0.05,0.04,0.08,0.0,0.2,0.0,0.04,0.12,0.0,0.08,0.08,0.12,0.1,0.12,0.08,0.1,0.1,0.1,0.09,0.09,0.04,0.0,0.1,0.0,0.22,0.04,0.0,0.1,0.0,0.0,0.0,0.0,0.04,0.09,0.0,0.04,0.05,0.05,0.22,0.06,0.05,0.0,0.09,0.09,0.07,0.05,0.1,0.08,0.08,0.1,0.08,0.0,0.04,0.12,0.05,0.09,0.14,0.2,0.06,0.09,0.1,0.05,0.1,0.09,0.12,0.0,0.0,0.05,0.2,0.28,0.14,0.21,0.0,0.08,0.0,0.04,0.18,0.28,0.18,0.12,0.29,0.0,0.26,0.21,0.0,0.0,0.0,0.06,0.21,0.0,0.08,0.05,0.04,0.0,0.05,0.04,0.04,0.0,0.08,0.08,0.07,0.04,0.09,0.04,0.08,0.04
"insalata di sedano, mele, formaggio e vinaigrette alle noci",0.06,0.11,0.09,0.1,0.12,0.0,0.16,0.08,0.0,0.14,0.0,0.04,0.1,0.07,0.12,0.04,0.18,0.14,0.12,0.06,0.13,0.1,0.22,0.18,0.06,0.08,0.05,0.09,0.04,0.08,0.09,0.1,0.1,0.08,0.09,0.2,0.05,0.0,0.0,0.0,0.05,0.11,0.08,0.0,0.0,0.0,0.0,0.04,0.04,0.1,0.08,0.08,0.08,0.0,0.0,0.14,0.04,0.1,0.0,0.08,0.04,0.09,0.0,0.1,0.05,0.1,0.06,0.05,0.14,0.09,0.0,0.04,0.1,0.0,0.12,0.15,0.0,0.0,0.05,0.04,0.05,0.04,0.05,0.06,0.13,0.16,0.0,0.0,0.06,0.04,0.2,0.2,0.2,0.23,0.16,0.16,0.16,0.17,0.16,0.16,0.15,0.14,0.05,0.17,0.06,0.17,0.18,0.05,0.06,0.2,0.0,0.06,0.18,0.16,1.0,0.16,0.16,0.2,0.16,0.16,0.0,0.14,0.04,0.12,0.09,0.04,0.1,0.09,0.04,0.14,0.1,0.08,0.06,0.0,0.12,0.05,0.09,0.09,0.1,0.14,0.08,0.12,0.0,0.0,0.08,0.0,0.16,0.0,0.0,0.0,0.04,0.09,0.1,0.08,0.1,0.04,0.0,0.06,0.0,0.11,0.18,0.0,0.1,0.1,0.06,0.1,0.05,0.1,0.04,0.1,0.12,0.1,0.1,0.06,0.1,0.06,0.1,0.1,0.08,0.06,0.1,0.06,0.1,0.1,0.04,0.06,0.1,0.0,0.06,0.12,0.1,0.06,0.06,0.04,0.1,0.1,0.11,0.15,0.12,0.06,0.1,0.05,0.08,0.08,0.14,0.12,0.05,0.1,0.1,0.0,0.09,0.06,0.09,0.14,0.13,0.1,0.0,0.0,0.1,0.12,0.0,0.0,0.12,0.1,0.16,0.0,0.04,0.06,0.1,0.1,0.1,0.04,0.04,0.18,0.1,0.06,0.0,0.09,0.0,0.11,0.0,0.04,0.1,0.0,0.09,0.1,0.14,0.08,0.08,0.12,0.06,0.1,0.1,0.1,0.1,0.05,0.0,0.06,0.0,0.14,0.05,0.0,0.12,0.0,0.0,0.0,0.0,0.05,0.1,0.0,0.05,0.06,0.03,0.18,0.06,0.06,0.0,0.1,0.1,0.12,0.06,0.06,0.12,0.12,0.08,0.09,0.0,0.04,0.08,0.06,0.05,0.15,0.17,0.08,0.1,0.06,0.1,0.07,0.1,0.12,0.0,0.0,0.06,0.14,0.18,0.1,0.12,0.0,0.04,0.0,0.0,0.14,0.19,0.12,0.04,0.12,0.0,0.18,0.24,0.0,0.0,0.0,0.04,0.14,0.0,0.04,0.06,0.04,0.0,0.0,0.04,0.05,0.0,0.04,0.09,0.12,0.08,0.1,0.05,0.04,0.04
"insalata di spinacini, soia e pomodorini",0.06,0.12,0.1,0.11,0.12,0.0,0.27,0.09,0.0,0.2,0.0,0.09,0.1,0.04,0.18,0.04,0.13,0.1,0.12,0.07,0.14,0.11,0.28,0.22,0.06,0.14,0.05,0.1,0.04,0.09,0.06,0.1,0.1,0.14,0.1,0.16,0.06,0.0,0.0,0.0,0.06,0.12,0.12,0.0,0.0,0.0,0.08,0.05,0.04,0.1,0.08,0.08,0.08,0.0,0.0,0.14,0.12,0.07,0.0,0.12,0.05,0.1,0.08,0.11,0.06,0.14,0.06,0.06,0.18,0.1,0.07,0.04,0.1,0.0,0.18,0.19,0.0,0.0,0.05,0.05,0.06,0.04,0.05,0.06,0.09,0.21,0.0,0.0,0.06,0.09,0.34,0.3,0.22,0.3,0.19,0.2,0.18,0.34,0.27,0.2,0.17,0.23,0.0,0.23,0.06,0.29,0.16,0.05,0.11,0.22,0.04,0.06,0.3,0.26,0.16,1.0,0.27,0.25,0.22,0.28,0.0,0.16,0.04,0.16,0.1,0.04,0.15,0.1,0.13,0.18,0.11,0.08,0.0,0.0,0.12,0.05,0.1,0.1,0.1,0.14,0.08,0.08,0.0,0.0,0.09,0.0,0.2,0.0,0.0,0.0,0.05,0.1,0.16,0.04,0.1,0.05,0.0,0.06,0.0,0.06,0.06,0.0,0.1,0.1,0.06,0.15,0.06,0.11,0.04,0.1,0.12,0.1,0.1,0.06,0.11,0.11,0.1,0.11,0.08,0.06,0.1,0.06,0.11,0.1,0.05,0.06,0.11,0.0,0.11,0.13,0.1,0.06,0.06,0.04,0.11,0.1,0.15,0.18,0.12,0.06,0.11,0.1,0.09,0.12,0.18,0.16,0.05,0.1,0.1,0.0,0.1,0.17,0.1,0.14,0.14,0.1,0.0,0.0,0.1,0.12,0.0,0.0,0.24,0.15,0.2,0.0,0.04,0.06,0.11,0.1,0.1,0.0,0.05,0.22,0.15,0.06,0.0,0.1,0.0,0.2,0.0,0.04,0.14,0.0,0.1,0.1,0.14,0.08,0.11,0.13,0.06,0.11,0.11,0.1,0.16,0.05,0.0,0.06,0.0,0.18,0.06,0.0,0.12,0.0,0.0,0.0,0.0,0.1,0.1,0.0,0.06,0.06,0.06,0.22,0.06,0.06,0.0,0.15,0.16,0.16,0.06,0.06,0.13,0.08,0.08,0.1,0.0,0.05,0.14,0.06,0.1,0.16,0.25,0.08,0.1,0.12,0.06,0.08,0.1,0.13,0.0,0.0,0.06,0.22,0.22,0.18,0.18,0.0,0.1,0.0,0.0,0.18,0.25,0.16,0.05,0.21,0.0,0.24,0.16,0.0,0.0,0.0,0.04,0.17,0.0,0.12,0.06,0.08,0.0,0.0,0.08,0.06,0.0,0.05,0.1,0.16,0.04,0.1,0.06,0.04,0.05
insalata di verdure cotte e uova sode,0.06,0.14,0.09,0.1,0.08,0.0,0.29,0.16,0.04,0.14,0.0,0.12,0.1,0.04,0.34,0.04,0.12,0.14,0.12,0.14,0.13,0.07,0.31,0.24,0.06,0.08,0.05,0.14,0.04,0.08,0.06,0.19,0.1,0.08,0.09,0.1,0.1,0.0,0.05,0.04,0.05,0.11,0.04,0.0,0.0,0.0,0.0,0.04,0.04,0.1,0.08,0.08,0.08,0.0,0.12,0.14,0.04,0.06,0.08,0.11,0.04,0.09,0.0,0.1,0.05,0.2,0.09,0.05,0.18,0.09,0.0,0.04,0.1,0.06,0.17,0.21,0.04,0.0,0.05,0.09,0.1,0.04,0.05,0.06,0.08,0.14,0.0,0.0,0.06,0.04,0.33,0.32,0.29,0.27,0.25,0.26,0.18,0.26,0.3,0.22,0.18,0.24,0.0,0.32,0.06,0.32,0.17,0.05,0.16,0.3,0.0,0.06,0.28,0.25,0.16,0.27,1.0,0.33,0.26,0.36,0.0,0.16,0.13,0.23,0.14,0.08,0.1,0.14,0.04,0.19,0.1,0.08,0.0,0.0,0.12,0.1,0.09,0.09,0.1,0.09,0.04,0.08,0.06,0.05,0.08,0.08,0.27,0.05,0.0,0.16,0.04,0.09,0.15,0.04,0.1,0.04,0.09,0.03,0.0,0.08,0.06,0.0,0.1,0.1,0.06,0.1,0.05,0.16,0.04,0.1,0.12,0.1,0.1,0.06,0.1,0.06,0.1,0.1,0.08,0.06,0.1,0.06,0.1,0.1,0.04,0.06,0.1,0.0,0.06,0.08,0.1,0.12,0.06,0.04,0.1,0.15,0.16,0.2,0.17,0.06,0.1,0.05,0.12,0.12,0.19,0.18,0.05,0.14,0.14,0.0,0.09,0.06,0.09,0.14,0.18,0.1,0.0,0.0,0.1,0.15,0.0,0.0,0.33,0.21,0.27,0.0,0.08,0.06,0.1,0.15,0.1,0.0,0.04,0.26,0.1,0.1,0.0,0.14,0.0,0.16,0.04,0.08,0.14,0.0,0.09,0.16,0.18,0.12,0.12,0.08,0.06,0.1,0.1,0.1,0.15,0.05,0.04,0.06,0.0,0.22,0.05,0.0,0.12,0.0,0.0,0.14,0.0,0.05,0.1,0.04,0.1,0.12,0.06,0.22,0.06,0.06,0.06,0.1,0.15,0.08,0.06,0.06,0.08,0.08,0.11,0.09,0.0,0.04,0.13,0.06,0.05,0.15,0.22,0.04,0.1,0.06,0.1,0.1,0.1,0.16,0.04,0.19,0.06,0.24,0.32,0.24,0.32,0.0,0.04,0.0,0.0,0.28,0.36,0.25,0.09,0.34,0.06,0.3,0.18,0.08,0.0,0.0,0.08,0.18,0.3,0.04,0.06,0.08,0.0,0.0,0.12,0.05,0.0,0.04,0.09,0.08,0.04,0.1,0.05,0.04,0.04
insalata di verdure grigliate,0.02,0.16,0.12,0.1,0.07,0.0,0.26,0.08,0.0,0.14,0.0,0.04,0.08,0.06,0.1,0.03,0.11,0.08,0.1,0.06,0.12,0.06,0.38,0.26,0.05,0.12,0.04,0.12,0.08,0.08,0.06,0.08,0.09,0.08,0.08,0.09,0.04,0.0,0.0,0.0,0.04,0.1,0.07,0.0,0.0,0.0,0.0,0.04,0.04,0.08,0.14,0.22,0.07,0.0,0.0,0.12,0.04,0.06,0.0,0.06,0.04,0.12,0.0,0.1,0.04,0.2,0.05,0.04,0.2,0.08,0.0,0.04,0.08,0.0,0.1,0.32,0.0,0.0,0.04,0.04,0.04,0.04,0.04,0.04,0.08,0.12,0.0,0.0,0.06,0.08,0.32,0.29,0.32,0.34,0.22,0.22,0.18,0.38,0.37,0.26,0.18,0.2,0.08,0.34,0.1,0.34,0.18,0.04,0.04,0.36,0.1,0.04,0.35,0.36,0.2,0.25,0.33,1.0,0.33,0.6,0.0,0.16,0.04,0.21,0.08,0.04,0.08,0.08,0.04,0.2,0.19,0.06,0.0,0.0,0.14,0.08,0.2,0.16,0.08,0.08,0.06,0.07,0.0,0.0,0.11,0.0,0.29,0.0,0.0,0.0,0.04,0.12,0.09,0.04,0.09,0.04,0.04,0.02,0.08,0.05,0.06,0.0,0.14,0.12,0.1,0.1,0.09,0.12,0.04,0.09,0.15,0.12,0.09,0.1,0.1,0.04,0.09,0.1,0.07,0.04,0.09,0.04,0.1,0.09,0.04,0.16,0.14,0.05,0.1,0.08,0.09,0.05,0.15,0.07,0.14,0.09,0.18,0.21,0.1,0.06,0.14,0.04,0.11,0.1,0.2,0.21,0.17,0.12,0.12,0.0,0.08,0.04,0.16,0.12,0.16,0.08,0.0,0.0,0.09,0.14,0.04,0.0,0.6,0.2,0.25,0.0,0.04,0.04,0.1,0.09,0.08,0.0,0.04,0.26,0.08,0.04,0.04,0.08,0.1,0.17,0.0,0.04,0.12,0.0,0.2,0.08,0.16,0.06,0.13,0.08,0.05,0.14,0.1,0.08,0.09,0.04,0.04,0.04,0.0,0.2,0.04,0.0,0.1,0.0,0.0,0.0,0.0,0.04,0.08,0.0,0.04,0.05,0.02,0.24,0.06,0.05,0.0,0.08,0.09,0.06,0.04,0.1,0.08,0.1,0.13,0.08,0.0,0.08,0.12,0.04,0.04,0.16,0.23,0.03,0.12,0.05,0.04,0.06,0.18,0.11,0.0,0.0,0.05,0.24,0.27,0.16,0.3,0.0,0.04,0.0,0.0,0.2,0.4,0.22,0.04,0.54,0.0,0.28,0.18,0.07,0.0,0.04,0.04,0.2,0.0,0.04,0.04,0.04,0.0,0.0,0.04,0.04,0.0,0.04,0.08,0.06,0.04,0.12,0.09,0.04,0.04
insalata estiva con frutta fresca,0.03,0.11,0.09,0.1,0.08,0.0,0.23,0.08,0.0,0.14,0.0,0.04,0.1,0.04,0.12,0.04,0.12,0.1,0.12,0.06,0.13,0.07,0.26,0.3,0.06,0.08,0.05,0.09,0.04,0.08,0.06,0.1,0.1,0.08,0.09,0.1,0.05,0.0,0.0,0.0,0.05,0.11,0.04,0.0,0.0,0.0,0.0,0.04,0.04,0.1,0.08,0.08,0.08,0.0,0.0,0.14,0.04,0.06,0.0,0.08,0.04,0.09,0.0,0.1,0.05,0.16,0.06,0.05,0.18,0.09,0.0,0.04,0.1,0.0,0.12,0.21,0.0,0.0,0.05,0.04,0.05,0.04,0.05,0.06,0.08,0.16,0.0,0.0,0.06,0.04,0.29,0.22,0.25,0.27,0.2,0.2,0.18,0.32,0.26,0.22,0.18,0.19,0.0,0.32,0.1,0.26,0.32,0.05,0.1,0.3,0.0,0.06,0.28,0.25,0.16,0.22,0.26,0.33,1.0,0.32,0.0,0.22,0.04,0.18,0.09,0.04,0.1,0.09,0.04,0.19,0.1,0.08,0.0,0.0,0.12,0.05,0.14,0.09,0.1,0.09,0.04,0.08,0.0,0.0,0.08,0.0,0.22,0.0,0.0,0.0,0.04,0.09,0.1,0.04,0.1,0.04,0.0,0.03,0.0,0.08,0.06,0.0,0.1,0.1,0.06,0.1,0.05,0.1,0.04,0.1,0.12,0.1,0.1,0.06,0.1,0.06,0.1,0.1,0.08,0.06,0.1,0.06,0.1,0.1,0.04,0.06,0.1,0.06,0.06,0.08,0.1,0.12,0.12,0.08,0.1,0.1,0.16,0.2,0.12,0.06,0.1,0.05,0.08,0.08,0.19,0.18,0.05,0.1,0.1,0.0,0.09,0.06,0.09,0.14,0.13,0.1,0.0,0.0,0.1,0.12,0.0,0.0,0.29,0.16,0.22,0.0,0.04,0.06,0.1,0.1,0.1,0.0,0.04,0.23,0.1,0.06,0.0,0.09,0.0,0.16,0.0,0.04,0.1,0.0,0.09,0.1,0.14,0.08,0.12,0.08,0.06,0.1,0.1,0.1,0.1,0.1,0.0,0.1,0.0,0.18,0.05,0.0,0.12,0.0,0.0,0.0,0.0,0.05,0.1,0.0,0.05,0.06,0.03,0.22,0.06,0.06,0.0,0.1,0.1,0.12,0.06,0.06,0.08,0.08,0.08,0.09,0.0,0.04,0.13,0.06,0.05,0.15,0.22,0.04,0.1,0.06,0.06,0.07,0.1,0.12,0.0,0.0,0.06,0.2,0.24,0.15,0.22,0.0,0.04,0.0,0.0,0.19,0.29,0.18,0.04,0.29,0.0,0.25,0.18,0.0,0.0,0.0,0.04,0.18,0.0,0.04,0.06,0.04,0.0,0.0,0.04,0.05,0.0,0.04,0.09,0.08,0.04,0.1,0.05,0.04,0.04
insalata nizzarda,0.1,0.14,0.08,0.08,0.13,0.05,0.25,0.1,0.0,0.16,0.0,0.06,0.16,0.03,0.14,0.03,0.15,0.08,0.14,0.11,0.14,0.08,0.44,0.26,0.04,0.14,0.04,0.11,0.07,0.07,0.05,0.12,0.12,0.1,0.08,0.08,0.08,0.0,0.04,0.04,0.04,0.12,0.1,0.04,0.02,0.0,0.0,0.04,0.04,0.12,0.13,0.06,0.06,0.0,0.04,0.14,0.06,0.08,0.06,0.12,0.04,0.08,0.0,0.08,0.04,0.2,0.05,0.04,0.19,0.08,0.06,0.03,0.08,0.05,0.23,0.24,0.04,0.08,0.04,0.08,0.04,0.07,0.08,0.04,0.07,0.18,0.0,0.06,0.05,0.04,0.38,0.32,0.35,0.42,0.29,0.21,0.18,0.37,0.4,0.24,0.22,0.24,0.0,0.37,0.04,0.37,0.16,0.04,0.04,0.36,0.0,0.04,0.44,0.35,0.16,0.28,0.36,0.6,0.32,1.0,0.0,0.16,0.07,0.21,0.08,0.04,0.16,0.08,0.06,0.24,0.08,0.09,0.04,0.0,0.1,0.08,0.11,0.11,0.08,0.14,0.03,0.13,0.04,0.08,0.1,0.06,0.28,0.04,0.0,0.04,0.04,0.11,0.12,0.04,0.08,0.08,0.04,0.1,0.0,0.06,0.1,0.0,0.08,0.08,0.04,0.12,0.04,0.13,0.04,0.12,0.09,0.12,0.08,0.08,0.08,0.04,0.08,0.08,0.06,0.04,0.08,0.04,0.13,0.12,0.08,0.05,0.08,0.0,0.13,0.06,0.08,0.04,0.09,0.06,0.08,0.08,0.17,0.2,0.09,0.05,0.13,0.08,0.1,0.13,0.31,0.21,0.08,0.16,0.16,0.0,0.08,0.04,0.11,0.14,0.21,0.08,0.0,0.03,0.08,0.12,0.04,0.04,0.62,0.23,0.28,0.0,0.06,0.08,0.08,0.08,0.12,0.0,0.08,0.33,0.08,0.08,0.0,0.18,0.04,0.21,0.0,0.06,0.14,0.04,0.11,0.1,0.14,0.09,0.12,0.06,0.09,0.08,0.08,0.08,0.16,0.08,0.04,0.08,0.04,0.22,0.04,0.0,0.09,0.0,0.0,0.0,0.0,0.12,0.08,0.03,0.12,0.14,0.02,0.28,0.05,0.04,0.08,0.12,0.16,0.12,0.04,0.08,0.06,0.06,0.06,0.14,0.0,0.04,0.07,0.04,0.04,0.15,0.25,0.06,0.1,0.09,0.04,0.12,0.12,0.14,0.06,0.04,0.04,0.32,0.26,0.24,0.33,0.04,0.08,0.0,0.0,0.27,0.38,0.26,0.11,0.56,0.04,0.29,0.21,0.0,0.0,0.0,0.04,0.26,0.04,0.03,0.08,0.1,0.0,0.0,0.06,0.04,0.06,0.04,0.08,0.09,0.1,0.12,0.04,0.07,0.08
insalata tiepida di farro,0.12,0.0,0.0,0.06,0.0,0.0,0.0,0.0,0.15,0.03,0.0,0.04,0.05,0.0,0.0,0.04,0.0,0.05,0.0,0.0,0.0,0.0,0.0,0.06,0.0,0.0,0.05,0.09,0.08,0.0,0.0,0.0,0.0,0.0,0.0,0.0,0.05,0.0,0.0,0.0,0.05,0.0,0.0,0.05,0.15,0.06,0.08,0.04,0.08,0.0,0.04,0.0,0.0,0.09,0.0,0.04,0.08,0.0,0.38,0.0,0.0,0.04,0.08,0.0,0.0,0.16,0.22,0.05,0.18,0.09,0.0,0.08,0.0,0.06,0.0,0.0,0.08,0.14,0.22,0.09,0.0,0.04,0.0,0.0,0.0,0.0,0.04,0.0,0.0,0.0,0.0,0.0,0.0,0.0,0.0,0.0,0.0,0.0,0.04,0.0,0.0,0.04,0.22,0.0,0.0,0.0,0.04,0.05,0.0,0.0,0.24,0.19,0.0,0.0,0.0,0.0,0.0,0.0,0.0,0.0,1.0,0.0,0.04,0.0,0.0,0.0,0.0,0.0,0.0,0.0,0.0,0.0,0.06,0.0,0.0,0.0,0.0,0.0,0.0,0.0,0.0,0.0,0.0,0.05,0.0,0.0,0.0,0.05,0.05,0.06,0.04,0.0,0.0,0.0,0.0,0.0,0.04,0.03,0.0,0.11,0.0,0.0,0.0,0.0,0.0,0.0,0.0,0.0,0.0,0.0,0.0,0.0,0.0,0.0,0.06,0.0,0.0,0.0,0.08,0.0,0.05,0.16,0.0,0.0,0.0,0.0,0.0,0.12,0.0,0.0,0.0,0.06,0.0,0.0,0.0,0.0,0.0,0.0,0.0,0.0,0.0,0.0,0.0,0.0,0.04,0.0,0.0,0.0,0.0,0.0,0.14,0.0,0.0,0.04,0.0,0.05,0.1,0.3,0.05,0.09,0.06,0.0,0.0,0.0,0.0,0.06,0.04,0.06,0.06,0.1,0.0,0.08,0.0,0.0,0.0,0.0,0.12,0.0,0.1,0.06,0.12,0.0,0.0,0.0,0.0,0.06,0.07,0.12,0.1,0.0,0.0,0.0,0.0,0.0,0.0,0.0,0.04,0.0,0.06,0.04,0.0,0.0,0.0,0.12,0.0,0.0,0.0,0.0,0.0,0.0,0.0,0.0,0.2,0.0,0.06,0.0,0.0,0.0,0.0,0.0,0.0,0.0,0.04,0.0,0.0,0.0,0.0,0.04,0.0,0.0,0.05,0.04,0.0,0.0,0.03,0.0,0.0,0.04,0.0,0.08,0.2,0.0,0.0,0.04,0.04,0.0,0.0,0.0,0.17,0.0,0.36,0.0,0.04,0.0,0.0,0.0,0.24,0.0,0.0,0.0,0.03,0.05,0.02,0.0,0.0,0.0,0.06,0.04,0.0,0.06,0.04,0.0,0.04,0.0,0.0,0.0,0.0,0.05,0.1,0.04,0.0
insalata tonno olive pomodori e cipolle,0.04,0.13,0.1,0.12,0.1,0.0,0.18,0.1,0.0,0.16,0.0,0.05,0.16,0.04,0.14,0.04,0.14,0.11,0.14,0.08,0.16,0.08,0.17,0.26,0.06,0.1,0.06,0.1,0.05,0.1,0.07,0.11,0.12,0.1,0.14,0.12,0.06,0.0,0.0,0.0,0.06,0.13,0.04,0.0,0.0,0.0,0.0,0.06,0.05,0.11,0.1,0.1,0.1,0.0,0.0,0.22,0.04,0.08,0.0,0.08,0.06,0.1,0.0,0.12,0.06,0.1,0.07,0.06,0.15,0.1,0.0,0.04,0.11,0.0,0.14,0.16,0.0,0.0,0.06,0.06,0.06,0.05,0.06,0.06,0.1,0.16,0.0,0.0,0.07,0.05,0.16,0.16,0.16,0.18,0.23,0.18,0.18,0.24,0.16,0.18,0.21,0.16,0.0,0.3,0.22,0.18,0.15,0.06,0.06,0.22,0.04,0.06,0.2,0.16,0.14,0.16,0.16,0.16,0.22,0.16,0.0,1.0,0.05,0.12,0.1,0.05,0.11,0.1,0.05,0.16,0.12,0.09,0.0,0.0,0.14,0.06,0.22,0.1,0.17,0.1,0.04,0.1,0.0,0.0,0.1,0.0,0.16,0.0,0.0,0.0,0.06,0.1,0.12,0.05,0.12,0.06,0.0,0.04,0.0,0.06,0.07,0.0,0.12,0.11,0.06,0.12,0.06,0.12,0.05,0.12,0.14,0.11,0.18,0.06,0.12,0.06,0.12,0.18,0.09,0.11,0.12,0.06,0.12,0.18,0.06,0.07,0.12,0.12,0.06,0.16,0.12,0.14,0.18,0.44,0.12,0.12,0.12,0.16,0.26,0.07,0.12,0.06,0.1,0.1,0.16,0.12,0.16,0.11,0.11,0.0,0.1,0.06,0.1,0.22,0.16,0.11,0.0,0.0,0.12,0.14,0.0,0.0,0.12,0.11,0.16,0.0,0.04,0.06,0.12,0.12,0.11,0.0,0.06,0.2,0.22,0.06,0.0,0.16,0.0,0.11,0.0,0.05,0.12,0.0,0.1,0.16,0.22,0.14,0.08,0.1,0.06,0.12,0.12,0.11,0.12,0.11,0.0,0.06,0.0,0.15,0.06,0.0,0.14,0.0,0.0,0.0,0.0,0.06,0.11,0.0,0.12,0.06,0.04,0.2,0.12,0.06,0.0,0.11,0.12,0.14,0.06,0.06,0.1,0.1,0.08,0.1,0.0,0.06,0.16,0.06,0.06,0.18,0.18,0.04,0.12,0.06,0.06,0.08,0.12,0.14,0.0,0.0,0.19,0.15,0.2,0.11,0.12,0.0,0.06,0.0,0.0,0.16,0.2,0.12,0.06,0.12,0.0,0.2,0.15,0.0,0.0,0.06,0.05,0.15,0.0,0.04,0.06,0.04,0.0,0.0,0.04,0.06,0.0,0.06,0.1,0.09,0.04,0.16,0.06,0.05,0.06
katsudon,0.0,0.0,0.04,0.0,0.0,0.0,0.1,0.12,0.0,0.08,0.0,0.0,0.09,0.0,0.11,0.0,0.06,0.04,0.0,0.0,0.08,0.0,0.04,0.11,0.0,0.04,0.0,0.04,0.0,0.16,0.09,0.09,0.0,0.04,0.04,0.05,0.05,0.0,0.05,0.0,0.0,0.0,0.0,0.0,0.0,0.0,0.0,0.0,0.0,0.04,0.0,0.04,0.12,0.0,0.12,0.08,0.04,0.1,0.08,0.0,0.0,0.0,0.0,0.05,0.0,0.04,0.0,0.0,0.08,0.04,0.0,0.08,0.04,0.0,0.11,0.04,0.08,0.0,0.0,0.08,0.1,0.12,0.09,0.0,0.04,0.1,0.0,0.0,0.0,0.0,0.08,0.09,0.08,0.05,0.05,0.05,0.06,0.05,0.04,0.05,0.04,0.08,0.0,0.1,0.0,0.05,0.08,0.04,0.0,0.08,0.0,0.0,0.06,0.08,0.04,0.04,0.13,0.04,0.04,0.07,0.04,0.05,1.0,0.1,0.04,0.0,0.04,0.08,0.0,0.04,0.05,0.04,0.0,0.0,0.08,0.14,0.08,0.04,0.04,0.04,0.0,0.0,0.0,0.0,0.0,0.14,0.14,0.14,0.0,0.22,0.08,0.04,0.05,0.04,0.0,0.0,0.13,0.0,0.0,0.02,0.0,0.0,0.05,0.04,0.06,0.1,0.1,0.16,0.04,0.05,0.06,0.0,0.05,0.05,0.05,0.0,0.05,0.05,0.04,0.0,0.05,0.0,0.05,0.05,0.0,0.0,0.05,0.0,0.05,0.04,0.05,0.0,0.0,0.0,0.05,0.05,0.06,0.04,0.11,0.0,0.05,0.05,0.0,0.08,0.04,0.05,0.04,0.09,0.09,0.0,0.08,0.05,0.08,0.13,0.12,0.04,0.0,0.04,0.1,0.06,0.0,0.0,0.15,0.12,0.14,0.05,0.0,0.0,0.05,0.14,0.04,0.04,0.04,0.06,0.0,0.1,0.0,0.08,0.0,0.05,0.0,0.0,0.13,0.0,0.04,0.15,0.1,0.11,0.09,0.04,0.06,0.05,0.05,0.04,0.05,0.0,0.08,0.0,0.06,0.08,0.0,0.0,0.06,0.0,0.0,0.06,0.0,0.05,0.04,0.0,0.05,0.11,0.06,0.06,0.0,0.06,0.05,0.04,0.1,0.0,0.0,0.0,0.0,0.04,0.04,0.04,0.0,0.0,0.0,0.0,0.05,0.11,0.08,0.04,0.12,0.11,0.05,0.17,0.05,0.12,0.0,0.14,0.06,0.08,0.16,0.08,0.14,0.0,0.04,0.0,0.04,0.08,0.2,0.12,0.04,0.12,0.06,0.17,0.08,0.0,0.0,0.0,0.0,0.04,0.05,0.0,0.0,0.0,0.0,0.05,0.0,0.0,0.0,0.0,0.04,0.04,0.0,0.04,0.0,0.0,0.04
lasagne asparagi e salmone,0.0,0.13,0.06,0.06,0.04,0.0,0.44,0.1,0.0,0.1,0.0,0.05,0.06,0.04,0.06,0.0,0.07,0.06,0.06,0.0,0.1,0.04,0.18,0.16,0.0,0.05,0.06,0.06,0.05,0.14,0.11,0.11,0.06,0.05,0.06,0.06,0.06,0.0,0.12,0.05,0.06,0.04,0.04,0.06,0.0,0.18,0.0,0.0,0.05,0.06,0.0,0.04,0.04,0.0,0.14,0.1,0.04,0.12,0.1,0.13,0.06,0.06,0.0,0.06,0.12,0.14,0.0,0.06,0.23,0.06,0.08,0.0,0.06,0.0,0.14,0.15,0.05,0.0,0.0,0.1,0.18,0.05,0.17,0.12,0.05,0.1,0.0,0.0,0.07,0.0,0.22,0.16,0.22,0.18,0.15,0.15,0.12,0.18,0.18,0.16,0.12,0.19,0.0,0.18,0.0,0.18,0.12,0.0,0.0,0.18,0.0,0.0,0.19,0.18,0.12,0.16,0.23,0.21,0.18,0.21,0.0,0.12,0.1,1.0,0.1,0.14,0.17,0.22,0.14,0.14,0.12,0.14,0.0,0.0,0.1,0.11,0.06,0.06,0.06,0.06,0.04,0.04,0.06,0.06,0.1,0.0,0.21,0.0,0.0,0.0,0.06,0.06,0.12,0.1,0.12,0.0,0.06,0.0,0.0,0.03,0.0,0.0,0.06,0.11,0.14,0.12,0.18,0.16,0.05,0.12,0.06,0.11,0.06,0.06,0.12,0.0,0.06,0.06,0.14,0.0,0.06,0.0,0.06,0.12,0.0,0.0,0.06,0.0,0.12,0.05,0.06,0.06,0.0,0.0,0.06,0.06,0.15,0.2,0.14,0.0,0.06,0.12,0.05,0.14,0.19,0.22,0.06,0.11,0.11,0.0,0.06,0.06,0.1,0.08,0.1,0.06,0.0,0.0,0.12,0.07,0.0,0.12,0.26,0.2,0.16,0.0,0.1,0.0,0.06,0.12,0.06,0.0,0.06,0.16,0.11,0.12,0.0,0.1,0.0,0.15,0.0,0.05,0.12,0.0,0.06,0.08,0.16,0.14,0.11,0.05,0.06,0.06,0.06,0.06,0.06,0.06,0.0,0.0,0.0,0.18,0.06,0.14,0.06,0.0,0.12,0.16,0.06,0.12,0.17,0.14,0.06,0.14,0.04,0.16,0.0,0.06,0.0,0.06,0.12,0.09,0.0,0.0,0.05,0.04,0.13,0.1,0.0,0.0,0.1,0.0,0.06,0.09,0.27,0.17,0.15,0.06,0.0,0.12,0.12,0.1,0.0,0.06,0.06,0.2,0.29,0.19,0.3,0.06,0.0,0.0,0.0,0.24,0.36,0.17,0.06,0.26,0.0,0.31,0.12,0.04,0.0,0.0,0.1,0.28,0.06,0.04,0.06,0.04,0.0,0.0,0.09,0.12,0.0,0.0,0.06,0.04,0.0,0.06,0.0,0.0,0.06
lasagne cavolfiore e gorgonzola,0.06,0.11,0.09,0.1,0.08,0.0,0.1,0.08,0.0,0.14,0.0,0.04,0.1,0.04,0.12,0.04,0.12,0.14,0.12,0.06,0.13,0.07,0.1,0.12,0.06,0.08,0.05,0.14,0.04,0.14,0.09,0.1,0.1,0.08,0.09,0.1,0.05,0.0,0.0,0.0,0.05,0.11,0.04,0.0,0.0,0.06,0.0,0.04,0.04,0.1,0.08,0.08,0.08,0.0,0.04,0.14,0.04,0.06,0.0,0.08,0.04,0.09,0.0,0.16,0.05,0.07,0.06,0.05,0.08,0.09,0.0,0.04,0.1,0.0,0.12,0.08,0.0,0.0,0.05,0.09,0.05,0.04,0.05,0.06,0.08,0.14,0.0,0.0,0.06,0.04,0.08,0.1,0.08,0.1,0.15,0.16,0.12,0.1,0.09,0.1,0.1,0.09,0.0,0.1,0.06,0.1,0.08,0.05,0.06,0.08,0.0,0.06,0.12,0.08,0.09,0.1,0.14,0.08,0.09,0.08,0.0,0.1,0.04,0.1,1.0,0.12,0.1,0.09,0.12,0.09,0.1,0.12,0.0,0.0,0.12,0.1,0.14,0.09,0.1,0.09,0.04,0.08,0.0,0.0,0.12,0.0,0.1,0.0,0.0,0.0,0.04,0.09,0.1,0.04,0.15,0.09,0.0,0.03,0.0,0.06,0.06,0.0,0.1,0.1,0.06,0.25,0.05,0.16,0.08,0.1,0.12,0.1,0.1,0.06,0.1,0.06,0.1,0.1,0.08,0.06,0.1,0.06,0.1,0.1,0.04,0.06,0.1,0.0,0.06,0.08,0.1,0.06,0.06,0.04,0.1,0.15,0.06,0.1,0.12,0.06,0.1,0.05,0.12,0.12,0.09,0.06,0.05,0.1,0.1,0.0,0.09,0.06,0.09,0.14,0.13,0.1,0.0,0.0,0.1,0.12,0.0,0.0,0.04,0.04,0.1,0.0,0.04,0.06,0.1,0.1,0.1,0.0,0.04,0.2,0.14,0.1,0.0,0.18,0.0,0.06,0.0,0.08,0.14,0.0,0.09,0.12,0.14,0.08,0.03,0.08,0.06,0.1,0.1,0.1,0.1,0.1,0.0,0.06,0.0,0.08,0.05,0.0,0.12,0.0,0.0,0.0,0.0,0.05,0.1,0.04,0.05,0.06,0.03,0.12,0.06,0.06,0.36,0.1,0.1,0.12,0.06,0.06,0.08,0.08,0.18,0.14,0.0,0.04,0.08,0.06,0.05,0.15,0.12,0.08,0.1,0.12,0.06,0.07,0.1,0.12,0.0,0.0,0.06,0.08,0.16,0.04,0.26,0.0,0.04,0.0,0.0,0.18,0.12,0.06,0.09,0.04,0.0,0.18,0.09,0.0,0.0,0.0,0.08,0.16,0.06,0.04,0.06,0.04,0.0,0.0,0.04,0.1,0.0,0.04,0.09,0.08,0.04,0.1,0.05,0.04,0.04
lasagne con verdure primaverili,0.0,0.0,0.04,0.0,0.0,0.0,0.05,0.08,0.0,0.08,0.0,0.0,0.04,0.0,0.05,0.0,0.06,0.09,0.0,0.0,0.08,0.0,0.04,0.05,0.0,0.04,0.0,0.12,0.0,0.18,0.12,0.09,0.0,0.04,0.04,0.04,0.04,0.0,0.09,0.04,0.0,0.0,0.0,0.0,0.02,0.1,0.07,0.0,0.0,0.04,0.0,0.04,0.04,0.0,0.19,0.08,0.04,0.09,0.08,0.0,0.0,0.0,0.0,0.05,0.0,0.06,0.02,0.0,0.12,0.04,0.06,0.0,0.04,0.0,0.1,0.04,0.0,0.0,0.0,0.16,0.14,0.08,0.13,0.0,0.04,0.08,0.0,0.0,0.0,0.04,0.04,0.04,0.04,0.05,0.09,0.1,0.05,0.04,0.04,0.04,0.09,0.04,0.0,0.04,0.0,0.04,0.04,0.0,0.0,0.04,0.0,0.0,0.05,0.04,0.04,0.04,0.08,0.04,0.04,0.04,0.0,0.05,0.0,0.14,0.12,1.0,0.13,0.12,0.0,0.04,0.1,0.1,0.05,0.0,0.08,0.09,0.04,0.04,0.04,0.04,0.0,0.0,0.0,0.0,0.0,0.0,0.13,0.0,0.0,0.0,0.04,0.04,0.09,0.16,0.0,0.0,0.0,0.0,0.0,0.08,0.0,0.0,0.09,0.09,0.1,0.2,0.18,0.17,0.04,0.09,0.05,0.0,0.04,0.1,0.1,0.0,0.04,0.05,0.1,0.0,0.04,0.0,0.05,0.09,0.04,0.0,0.05,0.0,0.1,0.04,0.04,0.05,0.0,0.0,0.05,0.09,0.05,0.09,0.1,0.0,0.05,0.14,0.0,0.18,0.08,0.1,0.04,0.09,0.09,0.0,0.04,0.1,0.08,0.06,0.08,0.04,0.0,0.03,0.09,0.06,0.0,0.0,0.1,0.12,0.04,0.0,0.0,0.0,0.05,0.04,0.09,0.04,0.08,0.12,0.0,0.1,0.0,0.12,0.0,0.05,0.0,0.0,0.19,0.0,0.08,0.08,0.12,0.18,0.06,0.04,0.05,0.05,0.05,0.04,0.04,0.04,0.0,0.0,0.0,0.04,0.04,0.12,0.05,0.0,0.1,0.06,0.05,0.09,0.13,0.14,0.04,0.1,0.0,0.06,0.0,0.05,0.0,0.04,0.14,0.0,0.0,0.0,0.0,0.08,0.14,0.12,0.0,0.0,0.0,0.0,0.04,0.1,0.22,0.1,0.15,0.05,0.0,0.13,0.09,0.12,0.0,0.04,0.05,0.11,0.15,0.08,0.09,0.05,0.0,0.0,0.04,0.16,0.15,0.06,0.04,0.12,0.0,0.19,0.04,0.0,0.0,0.0,0.0,0.11,0.1,0.0,0.1,0.0,0.05,0.0,0.0,0.0,0.0,0.0,0.04,0.04,0.0,0.04,0.0,0.0,0.08
lasagne radicchio e scamorza,0.1,0.19,0.1,0.11,0.12,0.0,0.11,0.09,0.0,0.2,0.0,0.04,0.1,0.04,0.12,0.04,0.13,0.1,0.18,0.07,0.14,0.11,0.15,0.12,0.06,0.14,0.05,0.1,0.04,0.15,0.1,0.15,0.1,0.14,0.1,0.1,0.1,0.0,0.1,0.04,0.06,0.16,0.12,0.06,0.03,0.11,0.0,0.05,0.04,0.15,0.12,0.08,0.08,0.0,0.13,0.14,0.08,0.14,0.13,0.16,0.05,0.1,0.0,0.11,0.1,0.04,0.06,0.1,0.18,0.1,0.14,0.04,0.1,0.0,0.3,0.09,0.0,0.05,0.05,0.1,0.1,0.04,0.15,0.11,0.09,0.21,0.0,0.0,0.06,0.04,0.13,0.15,0.09,0.17,0.16,0.11,0.12,0.16,0.14,0.1,0.1,0.14,0.0,0.1,0.06,0.1,0.09,0.05,0.06,0.09,0.0,0.06,0.18,0.09,0.1,0.15,0.1,0.08,0.1,0.16,0.0,0.11,0.04,0.17,0.1,0.13,1.0,0.24,0.18,0.14,0.17,0.2,0.06,0.0,0.12,0.1,0.1,0.14,0.1,0.14,0.08,0.12,0.06,0.05,0.13,0.0,0.15,0.0,0.0,0.0,0.05,0.1,0.21,0.09,0.16,0.05,0.0,0.1,0.0,0.08,0.06,0.0,0.1,0.15,0.12,0.18,0.16,0.17,0.04,0.16,0.12,0.15,0.1,0.06,0.17,0.06,0.1,0.11,0.16,0.06,0.1,0.06,0.11,0.16,0.05,0.06,0.11,0.0,0.22,0.09,0.1,0.12,0.06,0.04,0.11,0.1,0.06,0.15,0.12,0.06,0.11,0.16,0.09,0.21,0.19,0.11,0.05,0.15,0.15,0.0,0.1,0.06,0.14,0.14,0.14,0.1,0.0,0.0,0.16,0.12,0.0,0.1,0.12,0.09,0.1,0.0,0.04,0.11,0.11,0.1,0.15,0.0,0.05,0.17,0.15,0.11,0.0,0.14,0.0,0.06,0.0,0.04,0.18,0.0,0.14,0.1,0.22,0.16,0.04,0.09,0.06,0.11,0.11,0.1,0.21,0.1,0.0,0.06,0.06,0.09,0.1,0.13,0.12,0.0,0.11,0.07,0.06,0.21,0.2,0.16,0.1,0.12,0.03,0.13,0.06,0.06,0.0,0.1,0.21,0.2,0.06,0.06,0.09,0.08,0.16,0.19,0.0,0.05,0.09,0.06,0.06,0.16,0.24,0.19,0.17,0.12,0.06,0.15,0.16,0.18,0.04,0.0,0.06,0.17,0.17,0.14,0.16,0.06,0.1,0.0,0.0,0.19,0.21,0.06,0.1,0.09,0.0,0.22,0.1,0.04,0.0,0.0,0.08,0.21,0.06,0.04,0.11,0.12,0.0,0.0,0.04,0.1,0.0,0.05,0.1,0.12,0.08,0.15,0.06,0.04,0.1
lasagne ricotta e spinaci,0.03,0.18,0.09,0.1,0.08,0.0,0.22,0.08,0.0,0.14,0.0,0.04,0.1,0.04,0.12,0.04,0.12,0.1,0.12,0.06,0.13,0.07,0.1,0.12,0.06,0.08,0.05,0.09,0.04,0.4,0.12,0.14,0.1,0.08,0.09,0.15,0.1,0.0,0.15,0.04,0.05,0.14,0.04,0.05,0.0,0.29,0.0,0.04,0.04,0.1,0.08,0.12,0.08,0.0,0.16,0.14,0.04,0.1,0.08,0.11,0.09,0.18,0.0,0.1,0.15,0.04,0.06,0.05,0.16,0.09,0.06,0.04,0.1,0.0,0.17,0.08,0.04,0.0,0.1,0.14,0.2,0.04,0.14,0.1,0.08,0.14,0.04,0.0,0.06,0.04,0.12,0.1,0.12,0.1,0.1,0.1,0.12,0.15,0.09,0.1,0.14,0.14,0.0,0.1,0.06,0.15,0.08,0.05,0.06,0.08,0.0,0.06,0.12,0.08,0.09,0.1,0.14,0.08,0.09,0.08,0.0,0.1,0.08,0.22,0.09,0.12,0.24,1.0,0.12,0.09,0.16,0.19,0.0,0.0,0.12,0.1,0.09,0.09,0.14,0.14,0.08,0.08,0.06,0.05,0.08,0.0,0.14,0.0,0.0,0.0,0.04,0.14,0.15,0.13,0.2,0.04,0.04,0.03,0.0,0.08,0.06,0.0,0.1,0.24,0.12,0.14,0.15,0.18,0.04,0.15,0.17,0.19,0.1,0.06,0.16,0.06,0.1,0.1,0.16,0.06,0.1,0.06,0.1,0.2,0.04,0.06,0.16,0.0,0.1,0.08,0.15,0.12,0.06,0.04,0.1,0.28,0.06,0.14,0.23,0.06,0.1,0.1,0.12,0.16,0.14,0.16,0.05,0.14,0.14,0.0,0.09,0.06,0.14,0.14,0.18,0.1,0.0,0.0,0.15,0.12,0.0,0.1,0.08,0.08,0.1,0.0,0.12,0.06,0.1,0.15,0.1,0.0,0.04,0.13,0.14,0.72,0.0,0.14,0.0,0.06,0.0,0.04,0.14,0.0,0.09,0.12,0.24,0.15,0.03,0.12,0.06,0.16,0.1,0.1,0.1,0.1,0.0,0.1,0.0,0.12,0.1,0.12,0.12,0.0,0.16,0.14,0.06,0.1,0.24,0.12,0.1,0.17,0.06,0.12,0.06,0.12,0.06,0.14,0.15,0.12,0.06,0.06,0.12,0.12,0.14,0.14,0.0,0.04,0.18,0.06,0.1,0.15,0.2,0.14,0.16,0.06,0.06,0.18,0.15,0.16,0.0,0.05,0.06,0.12,0.36,0.09,0.2,0.12,0.04,0.0,0.0,0.18,0.28,0.25,0.09,0.12,0.0,0.64,0.14,0.08,0.0,0.0,0.08,0.16,0.06,0.04,0.1,0.12,0.0,0.0,0.08,0.15,0.04,0.04,0.09,0.12,0.04,0.1,0.05,0.08,0.09
lasagne vegetariane,0.0,0.0,0.04,0.0,0.0,0.0,0.05,0.08,0.04,0.12,0.0,0.0,0.04,0.0,0.1,0.0,0.06,0.04,0.0,0.0,0.08,0.0,0.09,0.05,0.0,0.08,0.0,0.08,0.0,0.18,0.08,0.09,0.0,0.08,0.04,0.09,0.04,0.0,0.09,0.04,0.0,0.0,0.0,0.0,0.02,0.1,0.07,0.0,0.0,0.04,0.0,0.04,0.04,0.0,0.12,0.08,0.11,0.09,0.08,0.0,0.0,0.0,0.0,0.05,0.0,0.04,0.02,0.0,0.12,0.04,0.12,0.0,0.04,0.0,0.16,0.04,0.0,0.0,0.0,0.16,0.14,0.04,0.13,0.0,0.04,0.11,0.0,0.0,0.0,0.0,0.08,0.09,0.04,0.1,0.04,0.05,0.05,0.09,0.08,0.04,0.04,0.08,0.0,0.04,0.0,0.04,0.04,0.0,0.0,0.04,0.0,0.0,0.1,0.04,0.04,0.13,0.04,0.04,0.04,0.06,0.0,0.05,0.0,0.14,0.12,0.0,0.18,0.12,1.0,0.08,0.1,0.1,0.0,0.0,0.08,0.13,0.04,0.04,0.04,0.08,0.0,0.0,0.0,0.0,0.0,0.0,0.13,0.0,0.0,0.0,0.04,0.04,0.14,0.12,0.0,0.0,0.0,0.03,0.0,0.08,0.0,0.0,0.04,0.09,0.16,0.23,0.18,0.17,0.04,0.14,0.05,0.0,0.04,0.1,0.1,0.0,0.04,0.05,0.1,0.0,0.04,0.0,0.05,0.14,0.04,0.0,0.05,0.0,0.14,0.08,0.04,0.05,0.0,0.0,0.05,0.04,0.05,0.09,0.05,0.0,0.05,0.14,0.0,0.22,0.08,0.1,0.04,0.09,0.09,0.0,0.04,0.1,0.08,0.06,0.08,0.04,0.0,0.06,0.09,0.08,0.0,0.0,0.1,0.12,0.04,0.0,0.0,0.0,0.05,0.04,0.09,0.04,0.08,0.06,0.0,0.1,0.0,0.12,0.0,0.05,0.0,0.0,0.22,0.0,0.04,0.06,0.12,0.14,0.03,0.08,0.05,0.05,0.05,0.04,0.09,0.04,0.0,0.0,0.0,0.04,0.04,0.12,0.05,0.0,0.1,0.06,0.05,0.14,0.13,0.1,0.04,0.1,0.05,0.06,0.0,0.05,0.1,0.04,0.14,0.0,0.0,0.0,0.0,0.04,0.1,0.12,0.0,0.0,0.0,0.0,0.04,0.1,0.25,0.14,0.15,0.1,0.0,0.13,0.14,0.12,0.0,0.04,0.05,0.15,0.15,0.12,0.14,0.05,0.04,0.07,0.07,0.12,0.15,0.06,0.04,0.16,0.0,0.19,0.04,0.0,0.0,0.0,0.0,0.11,0.1,0.0,0.05,0.0,0.0,0.0,0.0,0.0,0.0,0.0,0.04,0.1,0.0,0.04,0.04,0.0,0.04
lasagne zucca e salsiccia,0.15,0.14,0.09,0.1,0.12,0.0,0.19,0.08,0.0,0.14,0.0,0.04,0.1,0.04,0.12,0.04,0.12,0.1,0.17,0.06,0.13,0.1,0.2,0.2,0.06,0.08,0.05,0.09,0.04,0.08,0.12,0.1,0.1,0.08,0.09,0.1,0.05,0.0,0.0,0.0,0.05,0.18,0.08,0.0,0.06,0.0,0.0,0.04,0.04,0.14,0.12,0.08,0.12,0.04,0.0,0.14,0.04,0.1,0.04,0.08,0.04,0.09,0.0,0.1,0.05,0.12,0.06,0.1,0.51,0.14,0.06,0.04,0.1,0.06,0.17,0.17,0.0,0.04,0.05,0.04,0.05,0.04,0.16,0.06,0.08,0.16,0.0,0.0,0.06,0.04,0.18,0.18,0.18,0.2,0.22,0.18,0.3,0.2,0.19,0.18,0.16,0.16,0.0,0.2,0.06,0.2,0.15,0.05,0.06,0.18,0.0,0.06,0.22,0.18,0.14,0.18,0.19,0.2,0.19,0.24,0.0,0.16,0.04,0.14,0.09,0.04,0.14,0.09,0.08,1.0,0.1,0.12,0.06,0.0,0.16,0.1,0.09,0.14,0.14,0.18,0.04,0.16,0.0,0.0,0.12,0.0,0.18,0.0,0.0,0.0,0.04,0.09,0.1,0.08,0.1,0.04,0.0,0.09,0.0,0.06,0.06,0.0,0.1,0.1,0.12,0.1,0.05,0.16,0.13,0.15,0.12,0.1,0.1,0.06,0.1,0.1,0.15,0.1,0.12,0.06,0.1,0.18,0.1,0.15,0.04,0.06,0.1,0.0,0.1,0.12,0.15,0.06,0.06,0.04,0.1,0.1,0.28,0.16,0.12,0.21,0.1,0.05,0.08,0.12,0.2,0.14,0.05,0.1,0.1,0.0,0.09,0.06,0.09,0.14,0.13,0.1,0.0,0.19,0.1,0.12,0.0,0.05,0.2,0.12,0.23,0.0,0.04,0.24,0.1,0.1,0.14,0.0,0.04,0.23,0.1,0.06,0.0,0.09,0.0,0.12,0.0,0.04,0.24,0.0,0.14,0.1,0.14,0.08,0.09,0.08,0.06,0.1,0.1,0.14,0.15,0.05,0.0,0.06,0.06,0.16,0.05,0.0,0.12,0.0,0.0,0.0,0.0,0.1,0.1,0.04,0.05,0.06,0.03,0.2,0.06,0.06,0.06,0.1,0.15,0.15,0.06,0.06,0.12,0.12,0.11,0.14,0.0,0.04,0.08,0.06,0.05,0.15,0.18,0.11,0.16,0.06,0.06,0.07,0.15,0.12,0.04,0.0,0.12,0.16,0.2,0.16,0.15,0.06,0.09,0.08,0.04,0.16,0.22,0.15,0.04,0.21,0.0,0.21,0.2,0.0,0.0,0.05,0.04,0.32,0.0,0.04,0.06,0.12,0.0,0.0,0.04,0.05,0.0,0.04,0.09,0.15,0.12,0.14,0.05,0.04,0.09
linguine al pesto di zucchine,0.07,0.22,0.16,0.12,0.1,0.0,0.12,0.1,0.0,0.16,0.0,0.1,0.11,0.12,0.14,0.08,0.14,0.17,0.14,0.08,0.16,0.12,0.11,0.2,0.14,0.16,0.06,0.1,0.05,0.17,0.18,0.22,0.12,0.16,0.16,0.12,0.12,0.0,0.06,0.0,0.06,0.17,0.04,0.0,0.04,0.06,0.0,0.1,0.05,0.17,0.19,0.19,0.14,0.0,0.0,0.16,0.04,0.08,0.05,0.08,0.06,0.1,0.04,0.18,0.06,0.04,0.07,0.06,0.14,0.1,0.0,0.04,0.17,0.0,0.2,0.16,0.0,0.06,0.06,0.06,0.06,0.1,0.11,0.06,0.1,0.19,0.0,0.0,0.07,0.1,0.1,0.11,0.1,0.12,0.18,0.12,0.14,0.18,0.1,0.12,0.11,0.1,0.06,0.12,0.12,0.12,0.1,0.06,0.06,0.1,0.1,0.06,0.14,0.1,0.1,0.11,0.1,0.19,0.1,0.08,0.0,0.12,0.05,0.12,0.1,0.1,0.17,0.16,0.1,0.1,1.0,0.18,0.0,0.0,0.19,0.11,0.22,0.38,0.17,0.1,0.13,0.14,0.0,0.0,0.14,0.0,0.34,0.06,0.0,0.06,0.06,0.22,0.24,0.05,0.18,0.1,0.6,0.07,0.05,0.06,0.07,0.0,0.18,0.22,0.2,0.12,0.42,0.22,0.1,0.18,0.45,0.17,0.18,0.12,0.18,0.06,0.18,0.18,0.14,0.12,0.18,0.06,0.18,0.18,0.1,0.07,0.12,0.06,0.35,0.14,0.12,0.14,0.06,0.1,0.25,0.12,0.14,0.17,0.14,0.07,0.42,0.12,0.2,0.74,0.16,0.06,0.11,0.22,0.22,0.0,0.1,0.06,0.16,0.2,0.16,0.11,0.0,0.0,0.18,0.18,0.0,0.12,0.14,0.1,0.11,0.0,0.04,0.06,0.12,0.12,0.11,0.0,0.1,0.19,0.17,0.18,0.1,0.1,0.12,0.06,0.0,0.05,0.12,0.0,0.1,0.14,0.2,0.14,0.04,0.14,0.06,0.42,0.18,0.17,0.12,0.17,0.05,0.06,0.0,0.1,0.06,0.07,0.14,0.06,0.06,0.0,0.0,0.06,0.17,0.04,0.12,0.14,0.04,0.14,0.14,0.06,0.0,0.11,0.18,0.14,0.12,0.35,0.1,0.1,0.17,0.16,0.0,0.16,0.1,0.06,0.12,0.18,0.18,0.13,0.15,0.06,0.06,0.08,0.24,0.2,0.0,0.0,0.06,0.19,0.14,0.1,0.12,0.06,0.1,0.0,0.0,0.16,0.48,0.07,0.1,0.1,0.0,0.24,0.1,0.14,0.08,0.06,0.07,0.14,0.0,0.04,0.12,0.14,0.0,0.0,0.04,0.06,0.0,0.1,0.16,0.14,0.09,0.22,0.18,0.1,0.06
lumaconi,0.1,0.18,0.08,0.09,0.1,0.0,0.14,0.07,0.0,0.12,0.0,0.07,0.08,0.06,0.1,0.06,0.1,0.16,0.14,0.06,0.11,0.12,0.08,0.14,0.14,0.11,0.04,0.12,0.07,0.19,0.2,0.16,0.08,0.18,0.12,0.12,0.08,0.0,0.08,0.04,0.04,0.21,0.1,0.04,0.02,0.09,0.0,0.12,0.04,0.2,0.14,0.14,0.1,0.0,0.1,0.12,0.06,0.11,0.1,0.09,0.12,0.12,0.04,0.18,0.12,0.03,0.05,0.04,0.14,0.08,0.06,0.06,0.2,0.0,0.19,0.11,0.0,0.08,0.08,0.15,0.12,0.07,0.12,0.09,0.07,0.15,0.04,0.0,0.05,0.04,0.07,0.08,0.07,0.09,0.12,0.09,0.1,0.08,0.08,0.08,0.12,0.08,0.0,0.08,0.04,0.12,0.07,0.04,0.04,0.07,0.06,0.04,0.1,0.07,0.08,0.08,0.08,0.06,0.08,0.09,0.0,0.09,0.04,0.14,0.12,0.1,0.2,0.19,0.1,0.12,0.18,1.0,0.04,0.0,0.1,0.12,0.15,0.12,0.16,0.19,0.09,0.16,0.04,0.04,0.18,0.0,0.12,0.04,0.0,0.04,0.04,0.19,0.16,0.11,0.12,0.08,0.04,0.13,0.07,0.07,0.05,0.0,0.08,0.16,0.1,0.14,0.12,0.22,0.11,0.16,0.14,0.2,0.16,0.14,0.14,0.04,0.12,0.14,0.13,0.09,0.12,0.09,0.14,0.16,0.04,0.05,0.18,0.0,0.14,0.1,0.16,0.1,0.04,0.1,0.14,0.08,0.14,0.12,0.14,0.05,0.14,0.08,0.18,0.2,0.15,0.18,0.08,0.16,0.16,0.0,0.08,0.04,0.15,0.17,0.14,0.12,0.0,0.0,0.12,0.1,0.0,0.12,0.06,0.07,0.08,0.0,0.06,0.14,0.09,0.08,0.16,0.0,0.08,0.16,0.16,0.18,0.04,0.15,0.04,0.04,0.0,0.04,0.14,0.0,0.12,0.1,0.2,0.12,0.02,0.18,0.1,0.14,0.18,0.12,0.12,0.2,0.04,0.09,0.04,0.07,0.12,0.16,0.1,0.1,0.18,0.11,0.04,0.16,0.2,0.13,0.12,0.14,0.02,0.1,0.1,0.14,0.09,0.12,0.12,0.19,0.14,0.09,0.14,0.1,0.24,0.15,0.0,0.08,0.14,0.04,0.16,0.12,0.16,0.18,0.14,0.1,0.04,0.18,0.12,0.14,0.04,0.0,0.04,0.14,0.14,0.08,0.12,0.04,0.08,0.0,0.0,0.19,0.2,0.05,0.15,0.1,0.0,0.19,0.12,0.06,0.1,0.0,0.06,0.24,0.09,0.04,0.09,0.16,0.0,0.0,0.03,0.12,0.07,0.12,0.19,0.22,0.13,0.2,0.08,0.07,0.15
macco di piselli,0.14,0.04,0.0,0.06,0.1,0.0,0.0,0.0,0.0,0.03,0.0,0.05,0.0,0.04,0.0,0.04,0.0,0.0,0.06,0.0,0.0,0.08,0.0,0.0,0.0,0.0,0.06,0.06,0.05,0.0,0.07,0.06,0.0,0.0,0.0,0.06,0.06,0.0,0.0,0.0,0.06,0.04,0.1,0.0,0.0,0.0,0.0,0.06,0.05,0.06,0.1,0.0,0.0,0.06,0.0,0.06,0.04,0.04,0.1,0.0,0.0,0.0,0.0,0.0,0.0,0.0,0.04,0.06,0.05,0.06,0.0,0.0,0.0,0.0,0.06,0.0,0.05,0.1,0.0,0.06,0.0,0.05,0.0,0.06,0.0,0.02,0.05,0.0,0.0,0.0,0.0,0.0,0.05,0.06,0.06,0.0,0.0,0.0,0.06,0.0,0.0,0.06,0.0,0.0,0.0,0.0,0.0,0.0,0.0,0.0,0.0,0.0,0.0,0.0,0.06,0.0,0.0,0.0,0.0,0.04,0.06,0.0,0.0,0.0,0.0,0.05,0.06,0.0,0.0,0.06,0.0,0.04,1.0,0.0,0.0,0.0,0.0,0.06,0.0,0.1,0.04,0.14,0.0,0.0,0.05,0.0,0.0,0.0,0.0,0.0,0.0,0.0,0.0,0.1,0.0,0.0,0.0,0.14,0.0,0.0,0.0,0.0,0.06,0.0,0.0,0.0,0.0,0.0,0.0,0.0,0.0,0.0,0.0,0.0,0.0,0.0,0.0,0.06,0.0,0.0,0.0,0.0,0.0,0.0,0.0,0.0,0.0,0.0,0.06,0.05,0.0,0.0,0.0,0.0,0.0,0.0,0.0,0.0,0.0,0.0,0.06,0.0,0.0,0.0,0.1,0.0,0.0,0.0,0.0,0.0,0.06,0.0,0.0,0.04,0.0,0.06,0.06,0.0,0.06,0.04,0.0,0.0,0.04,0.0,0.0,0.0,0.0,0.12,0.06,0.0,0.06,0.04,0.0,0.08,0.0,0.0,0.0,0.0,0.0,0.06,0.04,0.0,0.0,0.0,0.06,0.0,0.0,0.04,0.08,0.05,0.0,0.0,0.0,0.0,0.06,0.0,0.0,0.0,0.06,0.05,0.0,0.0,0.0,0.0,0.0,0.0,0.0,0.06,0.0,0.04,0.0,0.0,0.04,0.0,0.0,0.0,0.0,0.0,0.0,0.09,0.0,0.0,0.1,0.1,0.0,0.06,0.0,0.06,0.0,0.0,0.0,0.09,0.0,0.08,0.04,0.0,0.0,0.04,0.0,0.05,0.1,0.0,0.0,0.04,0.04,0.0,0.0,0.0,0.0,0.0,0.04,0.0,0.04,0.0,0.0,0.0,0.0,0.0,0.0,0.0,0.04,0.0,0.0,0.04,0.0,0.0,0.06,0.09,0.06,0.0,0.04,0.0,0.1,0.0,0.0,0.09,0.14,0.11,0.0,0.1,0.1
maki sushi,0.0,0.0,0.0,0.0,0.0,0.07,0.06,0.05,0.0,0.0,0.0,0.0,0.0,0.0,0.0,0.0,0.0,0.0,0.0,0.0,0.0,0.0,0.0,0.0,0.0,0.0,0.0,0.0,0.0,0.0,0.0,0.0,0.0,0.0,0.0,0.0,0.0,0.0,0.0,0.0,0.0,0.0,0.0,0.0,0.0,0.0,0.0,0.0,0.0,0.06,0.0,0.0,0.0,0.0,0.0,0.0,0.0,0.04,0.05,0.0,0.0,0.0,0.0,0.0,0.0,0.04,0.0,0.0,0.0,0.1,0.0,0.0,0.0,0.0,0.0,0.0,0.0,0.0,0.0,0.0,0.0,0.0,0.0,0.0,0.0,0.02,0.0,0.0,0.0,0.05,0.0,0.06,0.0,0.0,0.0,0.06,0.0,0.0,0.0,0.0,0.0,0.06,0.0,0.0,0.0,0.0,0.0,0.06,0.0,0.0,0.0,0.06,0.0,0.0,0.0,0.0,0.0,0.0,0.0,0.0,0.0,0.0,0.0,0.0,0.0,0.0,0.0,0.0,0.0,0.0,0.0,0.0,0.0,1.0,0.0,0.0,0.0,0.0,0.0,0.0,0.0,0.0,0.0,0.0,0.0,0.0,0.0,0.0,0.0,0.0,0.1,0.06,0.0,0.0,0.0,0.1,0.0,0.0,0.0,0.0,0.0,0.0,0.0,0.0,0.0,0.0,0.0,0.0,0.0,0.0,0.0,0.0,0.0,0.0,0.0,0.0,0.0,0.0,0.0,0.06,0.0,0.0,0.0,0.0,0.0,0.0,0.0,0.0,0.0,0.0,0.0,0.0,0.0,0.1,0.0,0.0,0.0,0.0,0.0,0.0,0.0,0.0,0.0,0.0,0.0,0.0,0.06,0.0,0.0,0.0,0.0,0.0,0.06,0.0,0.0,0.0,0.0,0.0,0.06,0.0,0.0,0.0,0.0,0.0,0.0,0.18,0.0,0.06,0.0,0.0,0.0,0.0,0.0,0.0,0.0,0.0,0.0,0.0,0.0,0.0,0.0,0.0,0.0,0.0,0.0,0.0,0.0,0.0,0.0,0.0,0.0,0.0,0.0,0.0,0.0,0.0,0.0,0.0,0.0,0.0,0.0,0.0,0.0,0.0,0.0,0.0,0.0,0.0,0.0,0.0,0.0,0.0,0.04,0.0,0.0,0.0,0.06,0.0,0.0,0.0,0.06,0.06,0.0,0.0,0.0,0.0,0.0,0.0,0.0,0.0,0.0,0.0,0.0,0.0,0.0,0.0,0.0,0.0,0.0,0.0,0.0,0.0,0.0,0.0,0.0,0.0,0.0,0.06,0.0,0.0,0.0,0.0,0.0,0.0,0.0,0.0,0.0,0.0,0.0,0.0,0.0,0.0,0.0,0.0,0.0,0.0,0.0,0.0,0.0,0.0,0.0,0.0,0.0,0.0,0.0,0.0,0.0,0.0,0.0,0.0,0.0
malloreddus,0.06,0.2,0.2,0.14,0.14,0.0,0.14,0.15,0.0,0.2,0.0,0.08,0.12,0.12,0.15,0.06,0.16,0.12,0.15,0.06,0.2,0.1,0.12,0.15,0.05,0.12,0.08,0.12,0.08,0.13,0.11,0.12,0.14,0.16,0.16,0.14,0.04,0.0,0.0,0.0,0.09,0.2,0.1,0.0,0.0,0.0,0.0,0.08,0.04,0.12,0.1,0.1,0.14,0.0,0.0,0.24,0.07,0.12,0.0,0.13,0.12,0.16,0.0,0.14,0.09,0.06,0.05,0.09,0.15,0.12,0.0,0.04,0.21,0.0,0.15,0.12,0.0,0.0,0.04,0.08,0.09,0.08,0.08,0.1,0.12,0.2,0.0,0.0,0.11,0.08,0.11,0.12,0.11,0.14,0.14,0.14,0.15,0.14,0.16,0.14,0.12,0.12,0.0,0.14,0.1,0.14,0.11,0.04,0.04,0.12,0.0,0.04,0.15,0.11,0.12,0.12,0.12,0.14,0.12,0.1,0.0,0.14,0.08,0.1,0.12,0.08,0.12,0.12,0.08,0.16,0.19,0.1,0.0,0.0,1.0,0.08,0.16,0.12,0.17,0.12,0.1,0.1,0.0,0.0,0.15,0.0,0.17,0.0,0.0,0.0,0.08,0.16,0.14,0.08,0.14,0.08,0.0,0.02,0.0,0.05,0.06,0.0,0.18,0.21,0.15,0.16,0.09,0.24,0.12,0.18,0.15,0.12,0.14,0.1,0.14,0.04,0.18,0.14,0.1,0.04,0.14,0.1,0.14,0.14,0.12,0.06,0.14,0.05,0.1,0.18,0.14,0.05,0.05,0.04,0.19,0.14,0.15,0.21,0.15,0.06,0.14,0.09,0.18,0.1,0.12,0.1,0.12,0.12,0.12,0.0,0.12,0.1,0.12,0.18,0.2,0.12,0.04,0.03,0.14,0.22,0.04,0.0,0.1,0.08,0.12,0.0,0.07,0.1,0.14,0.14,0.12,0.0,0.08,0.17,0.12,0.1,0.04,0.16,0.04,0.1,0.0,0.08,0.16,0.0,0.12,0.16,0.18,0.14,0.06,0.18,0.1,0.14,0.14,0.12,0.14,0.08,0.0,0.04,0.0,0.11,0.09,0.0,0.15,0.0,0.0,0.0,0.04,0.09,0.12,0.0,0.04,0.1,0.02,0.16,0.06,0.1,0.0,0.12,0.14,0.14,0.04,0.04,0.15,0.18,0.1,0.12,0.0,0.08,0.12,0.04,0.09,0.2,0.18,0.03,0.14,0.1,0.04,0.1,0.14,0.15,0.0,0.0,0.1,0.1,0.18,0.08,0.09,0.0,0.04,0.0,0.0,0.12,0.18,0.11,0.04,0.08,0.0,0.18,0.12,0.04,0.03,0.04,0.07,0.14,0.0,0.07,0.04,0.04,0.0,0.0,0.06,0.09,0.0,0.12,0.12,0.1,0.07,0.17,0.09,0.04,0.08
medaglioni di melanzane,0.06,0.23,0.05,0.06,0.04,0.0,0.06,0.13,0.0,0.08,0.06,0.09,0.05,0.04,0.12,0.0,0.06,0.05,0.06,0.07,0.09,0.04,0.05,0.06,0.0,0.04,0.05,0.05,0.04,0.15,0.13,0.15,0.06,0.04,0.05,0.06,0.1,0.0,0.1,0.0,0.06,0.08,0.04,0.0,0.0,0.06,0.0,0.0,0.0,0.05,0.0,0.08,0.08,0.0,0.09,0.1,0.04,0.07,0.13,0.12,0.05,0.05,0.04,0.11,0.06,0.04,0.0,0.16,0.13,0.05,0.0,0.0,0.05,0.13,0.18,0.04,0.0,0.0,0.0,0.1,0.06,0.09,0.15,0.06,0.04,0.08,0.04,0.0,0.06,0.0,0.04,0.1,0.04,0.06,0.06,0.06,0.06,0.06,0.05,0.06,0.05,0.05,0.0,0.1,0.0,0.06,0.04,0.0,0.0,0.14,0.0,0.0,0.06,0.04,0.05,0.05,0.1,0.08,0.05,0.08,0.0,0.06,0.14,0.11,0.1,0.09,0.1,0.1,0.13,0.1,0.11,0.12,0.0,0.0,0.08,1.0,0.64,0.05,0.05,0.05,0.04,0.04,0.12,0.05,0.18,0.16,0.2,0.06,0.0,0.06,0.05,0.05,0.1,0.04,0.1,0.0,0.05,0.0,0.0,0.03,0.0,0.0,0.06,0.15,0.24,0.18,0.26,0.25,0.04,0.21,0.06,0.2,0.06,0.28,0.11,0.0,0.06,0.06,0.08,0.0,0.06,0.0,0.06,0.16,0.05,0.0,0.28,0.0,0.11,0.04,0.06,0.06,0.18,0.0,0.06,0.06,0.06,0.1,0.06,0.0,0.06,0.1,0.18,0.17,0.1,0.06,0.05,0.2,0.2,0.0,0.1,0.06,0.19,0.07,0.14,0.05,0.0,0.08,0.16,0.06,0.0,0.1,0.2,0.18,0.15,0.0,0.04,0.0,0.06,0.06,0.05,0.0,0.05,0.1,0.15,0.22,0.0,0.14,0.0,0.06,0.0,0.04,0.11,0.05,0.1,0.16,0.14,0.12,0.04,0.04,0.06,0.06,0.06,0.05,0.06,0.1,0.04,0.0,0.0,0.04,0.0,0.06,0.06,0.0,0.06,0.0,0.0,0.06,0.1,0.04,0.16,0.24,0.0,0.06,0.0,0.06,0.17,0.05,0.21,0.08,0.0,0.0,0.04,0.04,0.16,0.1,0.0,0.0,0.04,0.0,0.06,0.12,0.12,0.08,0.14,0.18,0.0,0.11,0.26,0.18,0.04,0.1,0.06,0.12,0.12,0.14,0.16,0.06,0.0,0.08,0.04,0.19,0.21,0.13,0.14,0.22,0.06,0.18,0.05,0.04,0.0,0.1,0.06,0.12,0.11,0.04,0.06,0.04,0.0,0.0,0.08,0.06,0.0,0.0,0.05,0.04,0.0,0.05,0.0,0.0,0.05
melanzane ripiene al forno,0.09,0.18,0.14,0.1,0.12,0.0,0.1,0.08,0.0,0.14,0.0,0.08,0.1,0.1,0.12,0.08,0.12,0.14,0.12,0.06,0.13,0.1,0.1,0.23,0.12,0.18,0.05,0.14,0.13,0.18,0.18,0.14,0.1,0.13,0.14,0.1,0.05,0.0,0.0,0.0,0.05,0.14,0.04,0.0,0.03,0.0,0.0,0.09,0.04,0.14,0.12,0.16,0.12,0.0,0.0,0.14,0.04,0.1,0.0,0.08,0.04,0.09,0.04,0.22,0.1,0.04,0.06,0.05,0.08,0.09,0.0,0.04,0.14,0.0,0.12,0.13,0.0,0.04,0.05,0.04,0.05,0.13,0.05,0.06,0.08,0.18,0.0,0.0,0.06,0.08,0.08,0.1,0.08,0.1,0.1,0.1,0.12,0.15,0.14,0.1,0.1,0.09,0.0,0.2,0.16,0.1,0.08,0.05,0.06,0.13,0.08,0.06,0.12,0.12,0.09,0.1,0.09,0.2,0.14,0.11,0.0,0.22,0.08,0.06,0.14,0.04,0.1,0.09,0.04,0.09,0.22,0.15,0.0,0.0,0.16,0.64,1.0,0.09,0.14,0.09,0.08,0.12,0.0,0.0,0.16,0.0,0.1,0.05,0.0,0.06,0.04,0.18,0.15,0.04,0.1,0.09,0.04,0.06,0.04,0.06,0.06,0.0,0.15,0.14,0.12,0.14,0.05,0.18,0.08,0.1,0.12,0.14,0.15,0.32,0.1,0.06,0.15,0.22,0.08,0.1,0.15,0.06,0.16,0.1,0.04,0.06,0.32,0.12,0.06,0.12,0.1,0.12,0.36,0.2,0.22,0.1,0.12,0.1,0.12,0.06,0.16,0.05,0.21,0.12,0.09,0.06,0.1,0.19,0.19,0.0,0.09,0.06,0.18,0.17,0.18,0.1,0.0,0.0,0.1,0.15,0.06,0.05,0.08,0.04,0.1,0.0,0.04,0.06,0.1,0.1,0.1,0.04,0.09,0.16,0.24,0.16,0.12,0.14,0.16,0.06,0.0,0.04,0.14,0.0,0.14,0.12,0.14,0.12,0.03,0.12,0.06,0.16,0.16,0.14,0.1,0.19,0.04,0.06,0.0,0.08,0.05,0.0,0.12,0.06,0.0,0.0,0.0,0.05,0.1,0.0,0.05,0.06,0.03,0.12,0.12,0.06,0.06,0.1,0.1,0.19,0.1,0.1,0.08,0.08,0.18,0.09,0.0,0.14,0.13,0.06,0.1,0.19,0.12,0.08,0.1,0.17,0.06,0.1,0.15,0.12,0.0,0.0,0.06,0.12,0.12,0.04,0.05,0.0,0.14,0.0,0.04,0.14,0.12,0.06,0.09,0.04,0.0,0.18,0.14,0.08,0.06,0.05,0.04,0.12,0.0,0.04,0.06,0.08,0.0,0.06,0.04,0.05,0.0,0.09,0.14,0.12,0.08,0.14,0.15,0.08,0.04
millefoglie di riso gamberetti e zucchine,0.09,0.14,0.09,0.1,0.12,0.0,0.1,0.08,0.0,0.14,0.0,0.04,0.1,0.04,0.12,0.04,0.12,0.1,0.17,0.06,0.13,0.1,0.1,0.12,0.06,0.08,0.05,0.09,0.04,0.08,0.06,0.1,0.1,0.08,0.09,0.1,0.05,0.0,0.0,0.0,0.05,0.14,0.08,0.0,0.0,0.0,0.0,0.04,0.08,0.14,0.2,0.2,0.08,0.0,0.0,0.14,0.04,0.1,0.04,0.08,0.04,0.09,0.0,0.1,0.05,0.04,0.06,0.05,0.08,0.09,0.0,0.04,0.1,0.0,0.17,0.08,0.0,0.04,0.05,0.04,0.05,0.04,0.05,0.06,0.08,0.16,0.0,0.0,0.06,0.04,0.08,0.1,0.08,0.1,0.15,0.1,0.12,0.2,0.14,0.1,0.1,0.09,0.14,0.1,0.06,0.1,0.08,0.05,0.06,0.26,0.24,0.06,0.12,0.08,0.09,0.1,0.09,0.16,0.09,0.11,0.0,0.1,0.04,0.06,0.09,0.04,0.14,0.09,0.04,0.14,0.38,0.12,0.06,0.0,0.12,0.05,0.09,1.0,0.1,0.14,0.04,0.12,0.0,0.0,0.12,0.0,0.29,0.0,0.0,0.0,0.04,0.09,0.1,0.04,0.1,0.04,0.3,0.29,0.0,0.06,0.06,0.0,0.1,0.1,0.06,0.1,0.28,0.1,0.04,0.1,0.36,0.1,0.1,0.06,0.1,0.06,0.1,0.1,0.08,0.06,0.1,0.06,0.32,0.1,0.04,0.06,0.1,0.0,0.32,0.08,0.1,0.06,0.06,0.04,0.1,0.1,0.06,0.1,0.12,0.06,0.32,0.05,0.08,0.32,0.14,0.06,0.05,0.1,0.1,0.0,0.09,0.06,0.09,0.14,0.13,0.1,0.0,0.0,0.1,0.12,0.0,0.0,0.12,0.04,0.14,0.0,0.04,0.1,0.1,0.1,0.14,0.0,0.04,0.22,0.1,0.06,0.0,0.09,0.0,0.06,0.0,0.04,0.1,0.0,0.14,0.1,0.14,0.08,0.06,0.08,0.06,0.32,0.1,0.1,0.15,0.05,0.0,0.06,0.22,0.08,0.05,0.0,0.12,0.0,0.0,0.0,0.0,0.1,0.1,0.04,0.05,0.06,0.03,0.12,0.06,0.06,0.0,0.1,0.1,0.12,0.06,0.46,0.08,0.08,0.08,0.14,0.0,0.04,0.08,0.1,0.05,0.15,0.12,0.08,0.16,0.06,0.06,0.07,0.2,0.33,0.04,0.0,0.06,0.08,0.16,0.04,0.05,0.0,0.04,0.0,0.0,0.09,0.32,0.06,0.04,0.04,0.0,0.12,0.09,0.0,0.0,0.0,0.04,0.12,0.0,0.04,0.06,0.08,0.0,0.0,0.04,0.05,0.0,0.04,0.09,0.12,0.08,0.24,0.05,0.04,0.09
minestra di fagioli,0.12,0.16,0.1,0.11,0.12,0.0,0.17,0.09,0.0,0.14,0.0,0.09,0.18,0.08,0.12,0.08,0.13,0.15,0.12,0.07,0.14,0.11,0.1,0.18,0.12,0.14,0.05,0.1,0.04,0.18,0.22,0.15,0.1,0.14,0.26,0.16,0.06,0.0,0.0,0.0,0.06,0.27,0.04,0.0,0.1,0.0,0.0,0.14,0.04,0.15,0.08,0.17,0.21,0.0,0.0,0.27,0.04,0.07,0.0,0.08,0.1,0.14,0.04,0.17,0.1,0.04,0.06,0.06,0.13,0.14,0.0,0.04,0.15,0.0,0.12,0.14,0.0,0.05,0.1,0.1,0.1,0.09,0.05,0.06,0.09,0.17,0.04,0.0,0.06,0.04,0.09,0.1,0.09,0.11,0.2,0.11,0.12,0.1,0.14,0.1,0.24,0.1,0.0,0.1,0.12,0.16,0.09,0.05,0.06,0.09,0.04,0.06,0.12,0.09,0.1,0.1,0.1,0.08,0.1,0.08,0.0,0.17,0.04,0.06,0.1,0.04,0.1,0.14,0.04,0.14,0.17,0.16,0.0,0.0,0.17,0.05,0.14,0.1,1.0,0.19,0.12,0.12,0.0,0.0,0.13,0.0,0.1,0.06,0.0,0.06,0.05,0.19,0.16,0.14,0.1,0.1,0.05,0.06,0.04,0.06,0.06,0.0,0.1,0.15,0.06,0.11,0.06,0.17,0.14,0.1,0.18,0.15,0.29,0.11,0.11,0.11,0.21,0.17,0.08,0.21,0.16,0.06,0.17,0.16,0.05,0.06,0.17,0.0,0.11,0.39,0.21,0.06,0.06,0.17,0.17,0.1,0.12,0.1,0.18,0.06,0.17,0.06,0.18,0.12,0.14,0.11,0.05,0.15,0.15,0.0,0.1,0.06,0.1,0.3,0.18,0.1,0.0,0.04,0.1,0.12,0.0,0.1,0.04,0.04,0.1,0.0,0.08,0.06,0.11,0.1,0.1,0.0,0.1,0.14,0.1,0.11,0.04,0.26,0.06,0.06,0.0,0.04,0.11,0.0,0.1,0.26,0.3,0.16,0.04,0.22,0.06,0.17,0.17,0.2,0.1,0.1,0.04,0.11,0.0,0.09,0.06,0.0,0.12,0.06,0.06,0.0,0.0,0.06,0.15,0.0,0.18,0.12,0.03,0.13,0.26,0.12,0.06,0.15,0.1,0.2,0.11,0.11,0.18,0.21,0.16,0.1,0.0,0.1,0.14,0.06,0.16,0.16,0.12,0.04,0.1,0.06,0.06,0.11,0.1,0.13,0.0,0.0,0.06,0.12,0.12,0.05,0.1,0.06,0.1,0.0,0.0,0.1,0.17,0.06,0.05,0.09,0.0,0.16,0.19,0.04,0.06,0.0,0.04,0.08,0.0,0.04,0.06,0.16,0.0,0.0,0.04,0.1,0.04,0.14,0.14,0.24,0.16,0.32,0.1,0.09,0.1
"minestra di farro verza e patate, la ricetta per una consistenza densa e cremosa",0.18,0.18,0.09,0.1,0.2,0.0,0.16,0.08,0.0,0.14,0.0,0.04,0.1,0.07,0.17,0.04,0.12,0.1,0.17,0.06,0.13,0.18,0.1,0.12,0.06,0.08,0.05,0.09,0.04,0.14,0.22,0.1,0.15,0.08,0.09,0.25,0.05,0.0,0.0,0.0,0.05,0.26,0.16,0.0,0.06,0.0,0.08,0.04,0.04,0.14,0.12,0.12,0.12,0.0,0.0,0.14,0.08,0.1,0.04,0.08,0.09,0.14,0.0,0.1,0.1,0.04,0.06,0.05,0.12,0.14,0.0,0.08,0.14,0.0,0.17,0.08,0.0,0.04,0.1,0.09,0.1,0.17,0.18,0.06,0.08,0.16,0.04,0.0,0.06,0.04,0.08,0.1,0.12,0.16,0.15,0.1,0.23,0.28,0.26,0.1,0.14,0.09,0.0,0.1,0.06,0.15,0.08,0.05,0.06,0.08,0.0,0.06,0.12,0.08,0.14,0.14,0.09,0.08,0.09,0.14,0.0,0.1,0.04,0.06,0.09,0.04,0.14,0.14,0.08,0.18,0.1,0.19,0.1,0.0,0.12,0.05,0.09,0.14,0.19,1.0,0.11,0.2,0.0,0.0,0.12,0.0,0.1,0.0,0.0,0.0,0.04,0.3,0.1,0.18,0.1,0.04,0.0,0.16,0.0,0.06,0.06,0.0,0.1,0.14,0.06,0.1,0.05,0.14,0.08,0.1,0.17,0.14,0.1,0.06,0.1,0.1,0.15,0.1,0.08,0.06,0.1,0.06,0.1,0.15,0.04,0.06,0.16,0.0,0.1,0.21,0.25,0.06,0.06,0.04,0.1,0.1,0.06,0.1,0.17,0.06,0.1,0.05,0.12,0.08,0.26,0.1,0.18,0.1,0.1,0.0,0.09,0.1,0.09,0.14,0.18,0.1,0.0,0.17,0.1,0.12,0.0,0.1,0.04,0.04,0.1,0.0,0.08,0.1,0.1,0.1,0.14,0.0,0.09,0.2,0.14,0.06,0.0,0.14,0.0,0.06,0.0,0.04,0.1,0.04,0.14,0.1,0.18,0.08,0.03,0.25,0.06,0.1,0.16,0.14,0.15,0.2,0.0,0.1,0.06,0.21,0.1,0.06,0.12,0.0,0.06,0.06,0.0,0.15,0.14,0.04,0.05,0.27,0.03,0.27,0.06,0.12,0.1,0.28,0.1,0.22,0.06,0.06,0.25,0.2,0.11,0.14,0.0,0.04,0.13,0.06,0.1,0.15,0.12,0.14,0.1,0.06,0.06,0.1,0.15,0.12,0.04,0.0,0.06,0.22,0.12,0.04,0.1,0.22,0.04,0.0,0.0,0.22,0.16,0.06,0.04,0.08,0.0,0.12,0.3,0.0,0.0,0.0,0.04,0.12,0.06,0.08,0.23,0.24,0.0,0.0,0.08,0.1,0.08,0.04,0.14,0.34,0.24,0.14,0.05,0.04,0.18
"minestra maritata alla napoletana, la ricetta originale e una variante più semplice",0.0,0.0,0.04,0.0,0.0,0.0,0.04,0.0,0.0,0.06,0.0,0.0,0.04,0.0,0.09,0.0,0.05,0.08,0.0,0.0,0.04,0.0,0.04,0.09,0.09,0.07,0.0,0.04,0.0,0.07,0.1,0.12,0.0,0.07,0.11,0.12,0.08,0.0,0.04,0.0,0.0,0.0,0.0,0.0,0.02,0.04,0.06,0.08,0.04,0.08,0.06,0.06,0.1,0.0,0.0,0.04,0.03,0.0,0.04,0.0,0.0,0.0,0.03,0.08,0.0,0.0,0.05,0.0,0.06,0.04,0.0,0.03,0.08,0.0,0.09,0.07,0.0,0.0,0.04,0.0,0.0,0.04,0.04,0.0,0.04,0.06,0.0,0.0,0.0,0.04,0.04,0.04,0.06,0.08,0.04,0.04,0.04,0.04,0.08,0.04,0.04,0.04,0.0,0.04,0.04,0.04,0.04,0.04,0.04,0.04,0.03,0.04,0.04,0.04,0.08,0.08,0.04,0.06,0.04,0.03,0.0,0.04,0.0,0.04,0.04,0.0,0.08,0.08,0.0,0.04,0.13,0.09,0.04,0.0,0.1,0.04,0.08,0.04,0.12,0.11,1.0,0.0,0.0,0.0,0.0,0.0,0.04,0.04,0.0,0.04,0.0,0.08,0.12,0.04,0.0,0.08,0.04,0.1,0.0,0.04,0.05,0.0,0.04,0.12,0.04,0.03,0.04,0.08,0.04,0.12,0.04,0.0,0.08,0.04,0.08,0.04,0.08,0.08,0.06,0.08,0.08,0.04,0.08,0.08,0.08,0.05,0.04,0.0,0.04,0.2,0.04,0.09,0.04,0.06,0.08,0.04,0.04,0.12,0.04,0.05,0.08,0.04,0.0,0.1,0.08,0.0,0.0,0.12,0.12,0.0,0.04,0.04,0.08,0.08,0.04,0.04,0.0,0.0,0.08,0.05,0.0,0.0,0.03,0.04,0.04,0.0,0.0,0.04,0.04,0.04,0.04,0.0,0.04,0.05,0.0,0.08,0.0,0.08,0.04,0.0,0.0,0.0,0.06,0.0,0.04,0.05,0.11,0.09,0.0,0.24,0.0,0.08,0.08,0.08,0.04,0.16,0.04,0.04,0.0,0.04,0.04,0.05,0.09,0.04,0.04,0.0,0.04,0.0,0.08,0.03,0.08,0.04,0.04,0.05,0.1,0.0,0.0,0.04,0.08,0.0,0.08,0.08,0.0,0.16,0.12,0.08,0.0,0.08,0.0,0.04,0.04,0.06,0.06,0.14,0.02,0.0,0.04,0.03,0.08,0.1,0.0,0.0,0.0,0.1,0.03,0.04,0.04,0.04,0.08,0.0,0.0,0.08,0.06,0.0,0.08,0.04,0.0,0.1,0.04,0.0,0.05,0.0,0.0,0.06,0.0,0.0,0.08,0.0,0.0,0.0,0.0,0.0,0.0,0.11,0.08,0.15,0.0,0.12,0.08,0.0,0.0
minestrone di verdure,0.0,0.0,0.12,0.0,0.0,0.0,0.1,0.08,0.0,0.12,0.0,0.0,0.08,0.0,0.1,0.0,0.11,0.12,0.0,0.0,0.12,0.0,0.08,0.15,0.2,0.12,0.0,0.12,0.0,0.13,0.16,0.12,0.0,0.16,0.12,0.14,0.04,0.0,0.0,0.0,0.0,0.0,0.0,0.0,0.02,0.0,0.0,0.08,0.04,0.17,0.14,0.1,0.1,0.0,0.0,0.12,0.04,0.08,0.04,0.0,0.0,0.0,0.04,0.14,0.0,0.03,0.05,0.0,0.11,0.08,0.0,0.04,0.12,0.0,0.15,0.12,0.0,0.0,0.08,0.08,0.04,0.16,0.12,0.0,0.08,0.16,0.0,0.0,0.0,0.04,0.08,0.08,0.11,0.14,0.14,0.1,0.15,0.09,0.08,0.09,0.08,0.08,0.0,0.09,0.04,0.09,0.08,0.08,0.04,0.08,0.04,0.04,0.1,0.08,0.12,0.08,0.08,0.07,0.08,0.13,0.0,0.1,0.0,0.04,0.08,0.0,0.12,0.08,0.0,0.16,0.14,0.16,0.14,0.0,0.1,0.04,0.12,0.12,0.12,0.2,0.0,1.0,0.0,0.0,0.0,0.0,0.08,0.04,0.0,0.05,0.04,0.16,0.14,0.12,0.0,0.08,0.04,0.16,0.0,0.05,0.06,0.0,0.18,0.08,0.05,0.1,0.04,0.12,0.12,0.14,0.1,0.0,0.18,0.14,0.1,0.04,0.14,0.14,0.07,0.14,0.14,0.04,0.14,0.09,0.04,0.06,0.1,0.0,0.1,0.15,0.09,0.05,0.05,0.07,0.14,0.09,0.1,0.12,0.1,0.11,0.14,0.04,0.0,0.1,0.16,0.04,0.12,0.12,0.12,0.0,0.08,0.04,0.12,0.18,0.12,0.12,0.0,0.03,0.09,0.1,0.0,0.0,0.07,0.04,0.08,0.0,0.0,0.14,0.1,0.09,0.12,0.0,0.12,0.2,0.0,0.1,0.0,0.12,0.04,0.04,0.0,0.0,0.12,0.04,0.12,0.11,0.12,0.06,0.03,0.15,0.1,0.14,0.19,0.17,0.14,0.12,0.04,0.04,0.1,0.11,0.04,0.0,0.1,0.05,0.0,0.0,0.0,0.09,0.08,0.04,0.04,0.1,0.02,0.16,0.11,0.05,0.04,0.12,0.09,0.0,0.1,0.1,0.0,0.14,0.1,0.12,0.0,0.08,0.0,0.04,0.09,0.16,0.1,0.13,0.12,0.05,0.04,0.06,0.14,0.11,0.0,0.0,0.05,0.14,0.1,0.04,0.04,0.05,0.08,0.0,0.0,0.12,0.1,0.06,0.04,0.04,0.0,0.16,0.12,0.0,0.06,0.0,0.0,0.14,0.0,0.0,0.14,0.0,0.04,0.0,0.0,0.0,0.0,0.08,0.12,0.16,0.0,0.21,0.09,0.0,0.12
monte cristo sandwich,0.0,0.0,0.0,0.0,0.0,0.0,0.0,0.05,0.0,0.0,0.0,0.0,0.0,0.0,0.07,0.0,0.0,0.0,0.0,0.0,0.0,0.0,0.0,0.0,0.0,0.0,0.0,0.0,0.0,0.04,0.0,0.06,0.0,0.0,0.0,0.0,0.06,0.0,0.12,0.05,0.0,0.0,0.0,0.0,0.0,0.06,0.0,0.0,0.0,0.0,0.0,0.0,0.0,0.0,0.16,0.0,0.0,0.04,0.1,0.0,0.0,0.0,0.0,0.0,0.0,0.0,0.0,0.0,0.05,0.0,0.08,0.0,0.0,0.0,0.07,0.0,0.0,0.0,0.0,0.12,0.06,0.0,0.06,0.0,0.0,0.0,0.0,0.0,0.0,0.0,0.0,0.06,0.0,0.0,0.0,0.0,0.0,0.0,0.0,0.0,0.0,0.0,0.0,0.06,0.0,0.06,0.0,0.0,0.0,0.11,0.0,0.0,0.0,0.0,0.0,0.0,0.06,0.0,0.0,0.04,0.0,0.0,0.0,0.06,0.0,0.0,0.06,0.06,0.0,0.0,0.0,0.04,0.0,0.0,0.0,0.12,0.0,0.0,0.0,0.0,0.0,0.0,1.0,0.0,0.0,0.1,0.18,0.06,0.0,0.07,0.0,0.0,0.0,0.06,0.0,0.0,0.06,0.0,0.0,0.07,0.0,0.0,0.0,0.0,0.07,0.09,0.12,0.1,0.0,0.06,0.0,0.0,0.0,0.0,0.0,0.0,0.0,0.0,0.05,0.0,0.0,0.0,0.0,0.0,0.0,0.0,0.0,0.0,0.0,0.0,0.0,0.0,0.0,0.0,0.0,0.0,0.0,0.0,0.0,0.0,0.0,0.0,0.0,0.15,0.0,0.06,0.0,0.12,0.06,0.1,0.0,0.0,0.0,0.0,0.06,0.0,0.0,0.0,0.0,0.0,0.0,0.0,0.05,0.05,0.06,0.0,0.0,0.0,0.0,0.0,0.0,0.0,0.0,0.0,0.0,0.06,0.0,0.12,0.0,0.0,0.0,0.0,0.08,0.06,0.0,0.04,0.08,0.1,0.0,0.0,0.0,0.0,0.0,0.0,0.0,0.0,0.06,0.0,0.0,0.0,0.06,0.08,0.0,0.0,0.06,0.08,0.06,0.06,0.06,0.1,0.12,0.14,0.0,0.0,0.0,0.0,0.06,0.0,0.12,0.0,0.0,0.0,0.0,0.0,0.04,0.0,0.0,0.0,0.0,0.0,0.0,0.0,0.05,0.04,0.08,0.07,0.0,0.14,0.06,0.05,0.0,0.06,0.0,0.05,0.05,0.06,0.06,0.0,0.0,0.0,0.0,0.12,0.1,0.08,0.06,0.05,0.07,0.06,0.0,0.0,0.0,0.0,0.0,0.1,0.2,0.0,0.0,0.0,0.0,0.0,0.0,0.0,0.0,0.0,0.0,0.0,0.0,0.0,0.0,0.0,0.0
monte cristo sandwich il toast super condito della tradizione americana,0.0,0.0,0.0,0.0,0.0,0.06,0.0,0.04,0.05,0.0,0.0,0.0,0.0,0.0,0.06,0.0,0.0,0.0,0.0,0.0,0.0,0.0,0.05,0.0,0.0,0.0,0.0,0.05,0.0,0.06,0.0,0.1,0.0,0.0,0.0,0.0,0.06,0.0,0.1,0.04,0.0,0.0,0.0,0.0,0.1,0.11,0.0,0.0,0.04,0.0,0.0,0.0,0.0,0.0,0.18,0.0,0.0,0.07,0.13,0.0,0.0,0.0,0.04,0.0,0.0,0.04,0.1,0.0,0.09,0.0,0.07,0.0,0.0,0.0,0.06,0.0,0.0,0.0,0.05,0.14,0.1,0.09,0.05,0.0,0.0,0.0,0.0,0.0,0.0,0.0,0.0,0.05,0.0,0.0,0.0,0.0,0.0,0.0,0.0,0.06,0.0,0.0,0.05,0.06,0.0,0.1,0.0,0.0,0.0,0.04,0.04,0.06,0.0,0.04,0.0,0.0,0.05,0.0,0.0,0.08,0.05,0.0,0.0,0.06,0.0,0.0,0.05,0.05,0.0,0.0,0.0,0.04,0.0,0.0,0.0,0.05,0.0,0.0,0.0,0.0,0.0,0.0,0.0,1.0,0.0,0.08,0.15,0.06,0.0,0.06,0.0,0.0,0.0,0.04,0.0,0.0,0.05,0.0,0.0,0.14,0.0,0.0,0.0,0.0,0.0,0.08,0.1,0.11,0.0,0.0,0.0,0.0,0.0,0.0,0.06,0.0,0.0,0.0,0.08,0.0,0.0,0.06,0.0,0.0,0.0,0.0,0.0,0.06,0.0,0.04,0.0,0.06,0.0,0.0,0.0,0.0,0.0,0.0,0.0,0.0,0.0,0.0,0.0,0.12,0.0,0.06,0.0,0.05,0.05,0.08,0.05,0.0,0.0,0.0,0.04,0.0,0.05,0.08,0.0,0.03,0.06,0.0,0.04,0.13,0.1,0.0,0.0,0.0,0.0,0.0,0.0,0.04,0.0,0.04,0.0,0.06,0.0,0.1,0.06,0.0,0.08,0.0,0.11,0.0,0.0,0.04,0.08,0.12,0.0,0.0,0.0,0.0,0.0,0.0,0.0,0.0,0.04,0.0,0.0,0.04,0.06,0.06,0.0,0.06,0.06,0.07,0.06,0.06,0.05,0.08,0.06,0.06,0.06,0.0,0.06,0.0,0.06,0.0,0.06,0.0,0.0,0.0,0.0,0.0,0.04,0.0,0.0,0.0,0.0,0.0,0.0,0.0,0.08,0.04,0.06,0.06,0.0,0.15,0.0,0.13,0.0,0.1,0.0,0.08,0.08,0.05,0.06,0.0,0.05,0.0,0.08,0.1,0.08,0.06,0.1,0.09,0.18,0.06,0.0,0.0,0.0,0.0,0.0,0.04,0.11,0.0,0.06,0.0,0.0,0.06,0.0,0.0,0.0,0.05,0.0,0.0,0.0,0.0,0.06,0.0,0.0
moussaka,0.0,0.0,0.08,0.0,0.0,0.0,0.1,0.08,0.0,0.12,0.0,0.0,0.09,0.0,0.1,0.0,0.12,0.18,0.0,0.0,0.12,0.0,0.09,0.16,0.1,0.12,0.0,0.08,0.0,0.16,0.12,0.13,0.0,0.2,0.12,0.09,0.04,0.0,0.0,0.0,0.0,0.0,0.0,0.0,0.02,0.05,0.0,0.12,0.04,0.22,0.11,0.15,0.15,0.0,0.08,0.16,0.08,0.12,0.08,0.0,0.0,0.0,0.08,0.14,0.0,0.04,0.06,0.0,0.12,0.08,0.0,0.04,0.18,0.0,0.16,0.12,0.0,0.0,0.04,0.04,0.04,0.12,0.09,0.0,0.08,0.16,0.0,0.0,0.0,0.04,0.08,0.09,0.12,0.1,0.14,0.1,0.1,0.09,0.08,0.09,0.09,0.08,0.0,0.09,0.05,0.09,0.08,0.04,0.05,0.08,0.08,0.05,0.1,0.08,0.08,0.09,0.08,0.11,0.08,0.1,0.0,0.1,0.0,0.1,0.12,0.0,0.13,0.08,0.0,0.12,0.14,0.18,0.05,0.0,0.15,0.18,0.16,0.12,0.13,0.12,0.0,0.0,0.0,0.0,1.0,0.07,0.18,0.04,0.0,0.05,0.04,0.16,0.14,0.04,0.0,0.08,0.04,0.17,0.0,0.05,0.06,0.0,0.09,0.13,0.05,0.13,0.14,0.2,0.08,0.09,0.1,0.0,0.18,0.14,0.1,0.05,0.14,0.14,0.07,0.1,0.14,0.05,0.14,0.09,0.08,0.06,0.2,0.0,0.1,0.12,0.09,0.05,0.1,0.11,0.14,0.09,0.1,0.09,0.1,0.06,0.14,0.04,0.0,0.11,0.12,0.05,0.04,0.18,0.18,0.0,0.12,0.05,0.16,0.16,0.12,0.09,0.0,0.03,0.14,0.11,0.0,0.0,0.14,0.08,0.13,0.0,0.0,0.1,0.1,0.09,0.18,0.0,0.08,0.15,0.0,0.1,0.0,0.08,0.05,0.05,0.0,0.0,0.1,0.04,0.16,0.2,0.12,0.07,0.03,0.12,0.05,0.14,0.14,0.13,0.14,0.13,0.04,0.05,0.05,0.08,0.04,0.0,0.1,0.1,0.05,0.0,0.0,0.09,0.09,0.04,0.04,0.05,0.02,0.12,0.12,0.1,0.0,0.09,0.09,0.0,0.14,0.1,0.0,0.08,0.14,0.12,0.0,0.08,0.0,0.05,0.14,0.18,0.1,0.1,0.12,0.05,0.05,0.1,0.14,0.16,0.0,0.04,0.05,0.11,0.15,0.04,0.04,0.0,0.08,0.0,0.0,0.08,0.15,0.06,0.04,0.08,0.0,0.16,0.08,0.0,0.12,0.0,0.0,0.15,0.0,0.0,0.05,0.0,0.0,0.0,0.0,0.0,0.0,0.12,0.16,0.18,0.0,0.18,0.09,0.0,0.08
mozzarella in carrozza al forno light,0.1,0.12,0.0,0.0,0.0,0.0,0.0,0.07,0.0,0.0,0.0,0.07,0.0,0.0,0.1,0.0,0.0,0.0,0.0,0.11,0.0,0.0,0.0,0.0,0.0,0.0,0.0,0.32,0.0,0.1,0.0,0.08,0.0,0.0,0.0,0.0,0.08,0.0,0.08,0.0,0.0,0.0,0.0,0.0,0.0,0.0,0.0,0.0,0.0,0.0,0.0,0.0,0.06,0.0,0.14,0.0,0.0,0.0,0.14,0.06,0.0,0.0,0.0,0.0,0.0,0.0,0.0,0.08,0.07,0.0,0.0,0.0,0.0,0.1,0.1,0.0,0.0,0.0,0.0,0.08,0.0,0.07,0.08,0.0,0.0,0.0,0.0,0.0,0.0,0.0,0.0,0.08,0.0,0.0,0.0,0.0,0.0,0.0,0.0,0.0,0.0,0.0,0.0,0.08,0.0,0.0,0.0,0.0,0.0,0.07,0.0,0.0,0.0,0.0,0.0,0.0,0.08,0.0,0.0,0.06,0.0,0.0,0.14,0.0,0.0,0.0,0.0,0.0,0.0,0.0,0.0,0.0,0.0,0.0,0.0,0.16,0.0,0.0,0.0,0.0,0.0,0.0,0.1,0.08,0.07,1.0,0.16,0.08,0.0,0.1,0.0,0.0,0.0,0.0,0.0,0.0,0.08,0.0,0.0,0.04,0.0,0.0,0.0,0.0,0.0,0.06,0.08,0.14,0.0,0.0,0.0,0.0,0.0,0.0,0.0,0.0,0.0,0.0,0.0,0.0,0.0,0.0,0.0,0.0,0.0,0.0,0.0,0.0,0.0,0.0,0.0,0.0,0.0,0.0,0.0,0.0,0.0,0.0,0.0,0.0,0.0,0.0,0.07,0.06,0.0,0.0,0.0,0.08,0.08,0.0,0.08,0.0,0.15,0.0,0.07,0.08,0.0,0.06,0.08,0.05,0.0,0.08,0.13,0.14,0.16,0.0,0.0,0.0,0.0,0.0,0.0,0.0,0.0,0.0,0.0,0.09,0.0,0.08,0.0,0.0,0.0,0.0,0.06,0.0,0.0,0.16,0.06,0.06,0.0,0.0,0.0,0.0,0.0,0.0,0.0,0.0,0.07,0.0,0.0,0.0,0.21,0.0,0.0,0.0,0.0,0.0,0.0,0.0,0.0,0.0,0.08,0.1,0.0,0.0,0.0,0.0,0.09,0.0,0.08,0.0,0.0,0.0,0.0,0.0,0.0,0.0,0.0,0.0,0.0,0.0,0.0,0.06,0.0,0.0,0.06,0.0,0.0,0.12,0.0,0.14,0.06,0.16,0.0,0.06,0.06,0.08,0.08,0.0,0.0,0.0,0.0,0.08,0.14,0.1,0.08,0.14,0.1,0.08,0.0,0.0,0.0,0.0,0.0,0.0,0.09,0.0,0.0,0.0,0.0,0.0,0.06,0.0,0.0,0.0,0.0,0.0,0.0,0.0,0.0,0.0,0.0
muffin salati prosciutto e zucchine,0.1,0.19,0.1,0.11,0.08,0.0,0.21,0.13,0.0,0.14,0.06,0.09,0.1,0.04,0.18,0.04,0.13,0.1,0.12,0.14,0.14,0.08,0.22,0.22,0.06,0.09,0.05,0.1,0.04,0.22,0.06,0.15,0.1,0.14,0.1,0.1,0.1,0.0,0.1,0.04,0.06,0.12,0.08,0.06,0.03,0.06,0.0,0.05,0.04,0.1,0.12,0.12,0.12,0.0,0.22,0.19,0.04,0.1,0.13,0.16,0.05,0.1,0.0,0.11,0.1,0.14,0.06,0.21,0.3,0.14,0.07,0.04,0.1,0.13,0.18,0.19,0.0,0.0,0.05,0.14,0.16,0.09,0.15,0.11,0.09,0.15,0.0,0.0,0.06,0.04,0.22,0.25,0.22,0.24,0.19,0.2,0.18,0.29,0.22,0.2,0.17,0.18,0.05,0.29,0.06,0.23,0.16,0.05,0.06,0.31,0.04,0.06,0.24,0.22,0.16,0.2,0.27,0.29,0.22,0.28,0.0,0.16,0.14,0.21,0.1,0.13,0.15,0.14,0.13,0.18,0.34,0.12,0.0,0.0,0.17,0.2,0.1,0.29,0.1,0.1,0.04,0.08,0.18,0.15,0.18,0.16,1.0,0.06,0.0,0.06,0.05,0.1,0.1,0.09,0.1,0.05,0.26,0.03,0.0,0.18,0.06,0.0,0.1,0.1,0.12,0.26,0.44,0.25,0.04,0.26,0.3,0.1,0.1,0.06,0.11,0.06,0.1,0.11,0.12,0.06,0.1,0.06,0.11,0.1,0.05,0.06,0.11,0.0,0.21,0.09,0.1,0.06,0.06,0.04,0.11,0.1,0.15,0.18,0.12,0.06,0.27,0.06,0.18,0.46,0.18,0.21,0.05,0.15,0.15,0.0,0.14,0.06,0.14,0.14,0.18,0.1,0.0,0.04,0.21,0.12,0.0,0.1,0.41,0.32,0.3,0.0,0.04,0.06,0.11,0.1,0.1,0.0,0.05,0.26,0.1,0.11,0.0,0.19,0.0,0.14,0.0,0.04,0.22,0.05,0.1,0.23,0.22,0.16,0.11,0.09,0.06,0.27,0.11,0.1,0.1,0.05,0.04,0.06,0.0,0.18,0.1,0.06,0.12,0.0,0.06,0.07,0.06,0.1,0.15,0.08,0.26,0.28,0.03,0.22,0.06,0.06,0.06,0.1,0.21,0.12,0.06,0.21,0.09,0.08,0.12,0.1,0.0,0.05,0.09,0.06,0.06,0.2,0.29,0.08,0.24,0.12,0.06,0.26,0.34,0.26,0.04,0.15,0.06,0.27,0.31,0.23,0.23,0.0,0.05,0.0,0.0,0.28,0.63,0.23,0.1,0.34,0.06,0.32,0.16,0.0,0.0,0.06,0.13,0.21,0.17,0.04,0.06,0.04,0.0,0.0,0.08,0.1,0.0,0.05,0.1,0.08,0.04,0.15,0.06,0.04,0.05
"nasi goreng, il riso fritto indonesiano",0.06,0.04,0.0,0.0,0.0,0.0,0.0,0.04,0.0,0.0,0.0,0.18,0.06,0.04,0.06,0.04,0.0,0.06,0.0,0.08,0.05,0.04,0.0,0.12,0.06,0.05,0.0,0.0,0.0,0.03,0.07,0.1,0.0,0.05,0.05,0.0,0.06,0.0,0.06,0.0,0.0,0.04,0.0,0.0,0.04,0.0,0.0,0.05,0.0,0.06,0.0,0.04,0.09,0.0,0.04,0.0,0.0,0.0,0.04,0.04,0.05,0.0,0.04,0.06,0.0,0.0,0.0,0.0,0.0,0.0,0.0,0.09,0.06,0.07,0.06,0.05,0.05,0.05,0.0,0.05,0.0,0.05,0.0,0.0,0.0,0.02,0.04,0.0,0.0,0.0,0.0,0.06,0.0,0.0,0.0,0.0,0.0,0.0,0.0,0.0,0.0,0.0,0.0,0.06,0.0,0.06,0.04,0.06,0.0,0.05,0.04,0.16,0.0,0.0,0.0,0.0,0.05,0.0,0.0,0.04,0.05,0.0,0.14,0.0,0.0,0.0,0.0,0.0,0.0,0.0,0.06,0.04,0.0,0.0,0.0,0.06,0.05,0.0,0.06,0.0,0.04,0.04,0.06,0.06,0.04,0.08,0.06,1.0,0.06,0.25,0.05,0.05,0.06,0.0,0.0,0.05,0.15,0.04,0.1,0.03,0.0,0.0,0.0,0.0,0.0,0.0,0.0,0.09,0.05,0.0,0.0,0.0,0.06,0.06,0.0,0.0,0.06,0.06,0.0,0.06,0.11,0.06,0.06,0.0,0.0,0.07,0.0,0.0,0.0,0.04,0.0,0.0,0.0,0.04,0.06,0.0,0.06,0.0,0.0,0.0,0.06,0.06,0.09,0.09,0.0,0.0,0.06,0.1,0.1,0.0,0.0,0.0,0.0,0.04,0.05,0.0,0.0,0.0,0.0,0.0,0.0,0.06,0.08,0.04,0.06,0.06,0.09,0.0,0.0,0.11,0.06,0.09,0.05,0.0,0.0,0.12,0.04,0.05,0.06,0.0,0.0,0.0,0.08,0.05,0.0,0.07,0.04,0.04,0.04,0.04,0.0,0.06,0.29,0.06,0.22,0.06,0.74,0.0,0.06,0.0,0.11,0.07,0.0,0.06,0.0,0.0,0.0,0.0,0.0,0.0,0.06,0.06,0.0,0.0,0.07,0.0,0.06,0.0,0.06,0.04,0.06,0.06,0.0,0.0,0.04,0.0,0.0,0.05,0.0,0.06,0.06,0.0,0.0,0.0,0.04,0.0,0.0,0.04,0.0,0.04,0.04,0.06,0.0,0.14,0.0,0.05,0.06,0.0,0.05,0.0,0.0,0.05,0.04,0.07,0.05,0.04,0.06,0.06,0.0,0.04,0.07,0.0,0.0,0.0,0.12,0.0,0.0,0.04,0.0,0.0,0.04,0.0,0.0,0.05,0.1,0.04,0.04,0.06,0.06,0.05,0.0
nigiri,0.0,0.0,0.0,0.0,0.0,0.0,0.0,0.0,0.0,0.0,0.0,0.0,0.06,0.0,0.0,0.0,0.0,0.0,0.0,0.0,0.0,0.0,0.0,0.06,0.0,0.0,0.0,0.0,0.0,0.0,0.0,0.0,0.0,0.0,0.0,0.0,0.0,0.0,0.0,0.0,0.0,0.0,0.0,0.0,0.0,0.0,0.0,0.0,0.0,0.0,0.0,0.0,0.0,0.0,0.0,0.0,0.0,0.0,0.0,0.0,0.0,0.0,0.0,0.0,0.0,0.0,0.0,0.0,0.0,0.0,0.0,0.09,0.0,0.0,0.0,0.0,0.05,0.0,0.0,0.0,0.0,0.0,0.0,0.0,0.0,0.0,0.0,0.0,0.0,0.0,0.0,0.0,0.0,0.0,0.0,0.0,0.0,0.0,0.0,0.0,0.0,0.0,0.0,0.0,0.0,0.0,0.04,0.06,0.0,0.0,0.0,0.0,0.0,0.0,0.0,0.0,0.0,0.0,0.0,0.0,0.05,0.0,0.0,0.0,0.0,0.0,0.0,0.0,0.0,0.0,0.0,0.0,0.0,0.0,0.0,0.0,0.0,0.0,0.0,0.0,0.0,0.0,0.0,0.0,0.0,0.0,0.0,0.06,1.0,0.06,0.05,0.0,0.0,0.0,0.0,0.0,0.05,0.0,0.0,0.0,0.0,0.0,0.0,0.0,0.0,0.0,0.0,0.0,0.0,0.0,0.0,0.0,0.0,0.0,0.0,0.0,0.0,0.0,0.0,0.0,0.0,0.0,0.0,0.0,0.0,0.0,0.0,0.0,0.0,0.0,0.0,0.0,0.0,0.0,0.0,0.0,0.0,0.0,0.0,0.0,0.0,0.0,0.0,0.0,0.0,0.0,0.0,0.0,0.0,0.0,0.0,0.0,0.0,0.0,0.0,0.0,0.0,0.0,0.0,0.0,0.0,0.0,0.0,0.0,0.0,0.12,0.0,0.0,0.0,0.06,0.0,0.0,0.0,0.0,0.0,0.0,0.0,0.0,0.0,0.0,0.0,0.0,0.0,0.0,0.0,0.0,0.0,0.0,0.04,0.0,0.0,0.0,0.0,0.0,0.0,0.0,0.05,0.0,0.06,0.0,0.0,0.0,0.0,0.0,0.0,0.0,0.0,0.0,0.0,0.0,0.0,0.0,0.0,0.0,0.0,0.0,0.0,0.0,0.0,0.0,0.0,0.0,0.0,0.0,0.0,0.0,0.0,0.0,0.0,0.0,0.0,0.0,0.0,0.0,0.04,0.0,0.0,0.0,0.0,0.0,0.0,0.0,0.0,0.0,0.0,0.0,0.0,0.0,0.0,0.0,0.0,0.0,0.0,0.0,0.0,0.0,0.0,0.0,0.0,0.0,0.0,0.0,0.0,0.0,0.0,0.0,0.0,0.0,0.0,0.0,0.0,0.0,0.0,0.0,0.0,0.0,0.0,0.0,0.0,0.0,0.0
"noodle con uova, salsa di soia e lime",0.08,0.04,0.0,0.0,0.0,0.0,0.0,0.05,0.0,0.0,0.0,0.21,0.06,0.04,0.17,0.04,0.0,0.06,0.0,0.08,0.0,0.04,0.0,0.23,0.07,0.06,0.0,0.0,0.0,0.04,0.08,0.12,0.06,0.06,0.06,0.0,0.06,0.0,0.12,0.0,0.0,0.04,0.0,0.0,0.04,0.0,0.0,0.06,0.0,0.06,0.0,0.05,0.1,0.0,0.05,0.0,0.0,0.0,0.05,0.04,0.0,0.0,0.05,0.06,0.0,0.04,0.0,0.0,0.0,0.0,0.0,0.1,0.06,0.08,0.07,0.06,0.06,0.06,0.0,0.06,0.0,0.06,0.0,0.0,0.0,0.02,0.05,0.0,0.0,0.0,0.0,0.06,0.0,0.0,0.0,0.0,0.0,0.0,0.0,0.0,0.0,0.0,0.0,0.06,0.0,0.0,0.05,0.06,0.0,0.06,0.05,0.06,0.0,0.0,0.0,0.0,0.16,0.0,0.0,0.04,0.06,0.0,0.22,0.0,0.0,0.0,0.0,0.0,0.0,0.0,0.06,0.04,0.0,0.0,0.0,0.06,0.06,0.0,0.06,0.0,0.04,0.05,0.07,0.06,0.05,0.1,0.06,0.25,0.06,1.0,0.06,0.06,0.06,0.0,0.0,0.06,0.23,0.04,0.06,0.04,0.0,0.0,0.0,0.0,0.0,0.0,0.0,0.1,0.06,0.0,0.0,0.0,0.06,0.06,0.0,0.0,0.06,0.06,0.0,0.06,0.06,0.0,0.06,0.0,0.0,0.0,0.0,0.0,0.0,0.05,0.0,0.0,0.0,0.05,0.06,0.0,0.07,0.0,0.0,0.0,0.06,0.0,0.1,0.1,0.0,0.0,0.0,0.12,0.12,0.0,0.0,0.0,0.0,0.12,0.06,0.0,0.0,0.0,0.0,0.0,0.0,0.06,0.1,0.05,0.06,0.06,0.1,0.0,0.0,0.22,0.0,0.0,0.06,0.0,0.0,0.14,0.05,0.06,0.06,0.0,0.0,0.0,0.04,0.0,0.0,0.08,0.04,0.04,0.08,0.05,0.0,0.06,0.22,0.06,0.0,0.06,0.16,0.06,0.07,0.0,0.0,0.0,0.0,0.07,0.0,0.0,0.0,0.0,0.0,0.0,0.06,0.07,0.04,0.0,0.08,0.0,0.06,0.0,0.06,0.04,0.06,0.06,0.0,0.0,0.04,0.0,0.0,0.06,0.0,0.0,0.06,0.0,0.0,0.0,0.04,0.0,0.06,0.09,0.0,0.05,0.05,0.06,0.0,0.1,0.0,0.06,0.06,0.0,0.06,0.0,0.0,0.06,0.05,0.08,0.06,0.05,0.07,0.06,0.0,0.05,0.08,0.0,0.0,0.0,0.19,0.0,0.0,0.05,0.0,0.0,0.04,0.0,0.0,0.06,0.06,0.04,0.05,0.06,0.06,0.06,0.0
"onigirazu, sandwich di riso con tofu e avocado",0.0,0.08,0.04,0.1,0.04,0.18,0.2,0.08,0.0,0.08,0.0,0.12,0.1,0.04,0.06,0.0,0.06,0.05,0.06,0.0,0.08,0.04,0.05,0.12,0.0,0.04,0.14,0.04,0.04,0.06,0.06,0.05,0.05,0.04,0.04,0.05,0.05,0.0,0.0,0.0,0.1,0.04,0.04,0.0,0.0,0.0,0.0,0.0,0.0,0.05,0.0,0.04,0.04,0.0,0.0,0.09,0.04,0.06,0.0,0.08,0.04,0.04,0.0,0.06,0.05,0.07,0.0,0.05,0.04,0.04,0.0,0.08,0.05,0.0,0.06,0.04,0.08,0.0,0.0,0.04,0.05,0.04,0.05,0.06,0.04,0.08,0.04,0.0,0.06,0.17,0.04,0.2,0.04,0.06,0.05,0.19,0.06,0.05,0.04,0.05,0.05,0.04,0.0,0.05,0.0,0.05,0.08,0.1,0.0,0.04,0.0,0.12,0.06,0.04,0.04,0.05,0.04,0.04,0.04,0.04,0.04,0.06,0.08,0.06,0.04,0.04,0.05,0.04,0.04,0.04,0.06,0.04,0.0,0.1,0.08,0.05,0.04,0.04,0.05,0.04,0.0,0.04,0.0,0.0,0.04,0.0,0.05,0.05,0.05,0.06,1.0,0.04,0.05,0.04,0.05,0.0,0.09,0.0,0.0,0.0,0.0,0.0,0.05,0.05,0.06,0.07,0.05,0.08,0.04,0.05,0.06,0.05,0.05,0.06,0.06,0.0,0.05,0.06,0.04,0.0,0.05,0.0,0.06,0.05,0.0,0.0,0.06,0.0,0.06,0.04,0.05,0.0,0.0,0.0,0.06,0.05,0.06,0.05,0.06,0.0,0.06,0.05,0.04,0.04,0.04,0.06,0.05,0.05,0.05,0.0,0.04,0.06,0.04,0.06,0.08,0.05,0.0,0.0,0.05,0.06,0.0,0.0,0.04,0.04,0.05,0.23,0.16,0.0,0.06,0.1,0.05,0.0,0.04,0.06,0.05,0.06,0.0,0.04,0.0,0.06,0.0,0.04,0.07,0.0,0.04,0.06,0.07,0.04,0.1,0.04,0.06,0.06,0.06,0.05,0.05,0.0,0.08,0.0,0.12,0.04,0.0,0.0,0.06,0.0,0.0,0.0,0.0,0.05,0.05,0.04,0.0,0.06,0.0,0.06,0.0,0.06,0.0,0.05,0.05,0.04,0.0,0.0,0.04,0.04,0.04,0.04,0.06,0.0,0.04,0.0,0.05,0.08,0.08,0.0,0.1,0.06,0.0,0.04,0.05,0.04,0.0,0.0,0.06,0.04,0.08,0.04,0.05,0.0,0.0,0.0,0.0,0.04,0.08,0.06,0.0,0.04,0.0,0.08,0.09,0.0,0.0,0.0,0.04,0.04,0.0,0.12,0.0,0.04,0.06,0.0,0.08,0.05,0.04,0.0,0.04,0.04,0.0,0.05,0.0,0.0,0.04
orata al forno con patate e pomodorini,0.06,0.18,0.14,0.1,0.08,0.0,0.16,0.08,0.0,0.14,0.0,0.08,0.1,0.1,0.12,0.08,0.12,0.19,0.12,0.06,0.13,0.1,0.1,0.17,0.12,0.13,0.05,0.09,0.04,0.18,0.16,0.14,0.15,0.18,0.14,0.15,0.05,0.0,0.0,0.0,0.05,0.18,0.04,0.0,0.03,0.0,0.0,0.14,0.04,0.19,0.12,0.16,0.12,0.0,0.04,0.14,0.08,0.06,0.0,0.08,0.09,0.14,0.04,0.16,0.1,0.04,0.06,0.05,0.08,0.14,0.0,0.04,0.19,0.0,0.12,0.13,0.0,0.04,0.1,0.09,0.1,0.23,0.2,0.06,0.08,0.16,0.04,0.0,0.06,0.08,0.08,0.1,0.08,0.1,0.1,0.1,0.12,0.1,0.09,0.1,0.19,0.14,0.0,0.1,0.1,0.15,0.08,0.05,0.06,0.08,0.12,0.06,0.12,0.08,0.09,0.1,0.09,0.12,0.09,0.11,0.0,0.1,0.04,0.06,0.09,0.04,0.1,0.14,0.04,0.09,0.22,0.19,0.0,0.06,0.16,0.05,0.18,0.09,0.19,0.3,0.08,0.16,0.0,0.0,0.16,0.0,0.1,0.05,0.0,0.06,0.04,1.0,0.15,0.08,0.1,0.14,0.04,0.09,0.04,0.06,0.06,0.0,0.15,0.19,0.12,0.1,0.05,0.22,0.08,0.1,0.17,0.14,0.2,0.1,0.1,0.06,0.15,0.16,0.08,0.16,0.15,0.06,0.22,0.15,0.04,0.06,0.22,0.06,0.06,0.12,0.15,0.06,0.06,0.24,0.22,0.1,0.12,0.1,0.17,0.06,0.16,0.05,0.21,0.12,0.24,0.1,0.24,0.14,0.14,0.0,0.09,0.06,0.09,0.17,0.18,0.1,0.0,0.16,0.1,0.15,0.0,0.1,0.04,0.04,0.1,0.0,0.08,0.1,0.1,0.1,0.14,0.0,0.14,0.16,0.1,0.1,0.08,0.14,0.1,0.06,0.0,0.04,0.1,0.04,0.09,0.12,0.18,0.08,0.03,0.16,0.06,0.16,0.16,0.14,0.1,0.32,0.04,0.1,0.0,0.22,0.05,0.0,0.12,0.12,0.1,0.0,0.0,0.05,0.14,0.0,0.05,0.3,0.06,0.29,0.12,0.17,0.16,0.29,0.1,0.12,0.22,0.16,0.16,0.12,0.14,0.09,0.0,0.14,0.18,0.06,0.2,0.15,0.12,0.04,0.1,0.06,0.06,0.1,0.15,0.12,0.0,0.0,0.06,0.32,0.12,0.04,0.1,0.24,0.09,0.0,0.0,0.24,0.16,0.06,0.04,0.08,0.0,0.16,0.26,0.12,0.12,0.05,0.06,0.08,0.0,0.04,0.27,0.2,0.0,0.0,0.04,0.1,0.16,0.14,0.18,0.19,0.12,0.14,0.15,0.08,0.09
orzo al pesto di rucola e pomodorini,0.06,0.16,0.1,0.12,0.09,0.0,0.12,0.24,0.14,0.22,0.0,0.09,0.1,0.08,0.12,0.08,0.14,0.16,0.12,0.08,0.14,0.12,0.16,0.19,0.12,0.19,0.06,0.1,0.05,0.16,0.17,0.21,0.11,0.19,0.15,0.11,0.11,0.0,0.06,0.0,0.06,0.16,0.09,0.0,0.04,0.06,0.0,0.1,0.04,0.16,0.09,0.14,0.14,0.0,0.0,0.15,0.09,0.08,0.09,0.12,0.05,0.1,0.04,0.18,0.06,0.04,0.06,0.06,0.14,0.1,0.08,0.04,0.16,0.0,0.25,0.14,0.0,0.05,0.06,0.05,0.06,0.1,0.1,0.06,0.1,0.22,0.0,0.0,0.07,0.05,0.14,0.21,0.09,0.18,0.11,0.12,0.12,0.16,0.2,0.11,0.1,0.15,0.0,0.11,0.06,0.16,0.09,0.06,0.12,0.1,0.04,0.06,0.19,0.09,0.1,0.16,0.15,0.09,0.1,0.12,0.0,0.12,0.05,0.12,0.1,0.09,0.21,0.15,0.14,0.1,0.24,0.16,0.0,0.0,0.14,0.1,0.15,0.1,0.16,0.1,0.12,0.14,0.0,0.0,0.14,0.0,0.1,0.06,0.0,0.06,0.05,0.15,1.0,0.05,0.16,0.1,0.05,0.07,0.05,0.06,0.07,0.0,0.11,0.16,0.12,0.16,0.11,0.18,0.1,0.16,0.12,0.16,0.16,0.12,0.18,0.06,0.16,0.18,0.13,0.12,0.16,0.06,0.18,0.16,0.05,0.07,0.12,0.0,0.18,0.14,0.11,0.29,0.06,0.09,0.18,0.11,0.12,0.16,0.12,0.07,0.18,0.16,0.14,0.22,0.15,0.06,0.06,0.21,0.21,0.0,0.1,0.06,0.15,0.18,0.14,0.1,0.0,0.0,0.16,0.16,0.0,0.11,0.13,0.09,0.1,0.0,0.04,0.06,0.12,0.11,0.1,0.0,0.1,0.14,0.16,0.18,0.04,0.1,0.06,0.06,0.04,0.04,0.16,0.0,0.1,0.18,0.19,0.12,0.04,0.14,0.06,0.18,0.18,0.16,0.16,0.16,0.05,0.06,0.0,0.09,0.06,0.07,0.12,0.06,0.06,0.0,0.0,0.11,0.16,0.04,0.11,0.12,0.03,0.14,0.14,0.06,0.0,0.1,0.22,0.16,0.12,0.12,0.09,0.09,0.16,0.15,0.0,0.1,0.1,0.06,0.11,0.16,0.22,0.12,0.1,0.12,0.12,0.08,0.16,0.18,0.0,0.0,0.06,0.22,0.14,0.15,0.11,0.06,0.15,0.0,0.0,0.15,0.18,0.07,0.1,0.09,0.0,0.22,0.1,0.14,0.07,0.0,0.06,0.14,0.0,0.04,0.12,0.13,0.0,0.06,0.04,0.06,0.0,0.1,0.15,0.12,0.08,0.16,0.11,0.1,0.2
"ossobuco alla milanese, la ricetta tradizionale con la gremolada",0.06,0.1,0.04,0.05,0.08,0.0,0.1,0.08,0.0,0.08,0.0,0.08,0.04,0.07,0.06,0.0,0.06,0.04,0.06,0.0,0.08,0.1,0.04,0.06,0.0,0.08,0.04,0.08,0.08,0.14,0.2,0.04,0.05,0.04,0.04,0.14,0.0,0.0,0.05,0.04,0.05,0.1,0.08,0.05,0.06,0.05,0.0,0.0,0.0,0.04,0.04,0.08,0.08,0.04,0.08,0.08,0.04,0.1,0.04,0.1,0.08,0.08,0.0,0.05,0.14,0.04,0.03,0.05,0.12,0.08,0.06,0.04,0.04,0.0,0.06,0.04,0.0,0.0,0.04,0.18,0.14,0.08,0.14,0.26,0.04,0.08,0.08,0.0,0.06,0.0,0.04,0.04,0.08,0.1,0.05,0.05,0.06,0.05,0.04,0.05,0.09,0.04,0.0,0.05,0.0,0.1,0.04,0.0,0.0,0.04,0.0,0.0,0.06,0.04,0.08,0.04,0.04,0.04,0.04,0.04,0.0,0.05,0.04,0.1,0.04,0.16,0.09,0.13,0.12,0.08,0.05,0.11,0.1,0.0,0.08,0.04,0.04,0.04,0.14,0.18,0.04,0.12,0.06,0.04,0.04,0.0,0.09,0.0,0.0,0.0,0.04,0.08,0.05,1.0,0.05,0.0,0.0,0.03,0.0,0.06,0.0,0.0,0.1,0.09,0.06,0.1,0.1,0.13,0.08,0.05,0.11,0.09,0.1,0.1,0.1,0.05,0.1,0.05,0.08,0.0,0.1,0.05,0.05,0.1,0.04,0.0,0.1,0.0,0.05,0.12,0.14,0.0,0.0,0.0,0.05,0.05,0.06,0.04,0.11,0.0,0.05,0.1,0.08,0.08,0.04,0.16,0.04,0.04,0.04,0.0,0.04,0.05,0.04,0.06,0.12,0.04,0.0,0.06,0.05,0.06,0.0,0.1,0.08,0.04,0.04,0.0,0.08,0.0,0.05,0.05,0.09,0.04,0.08,0.09,0.04,0.05,0.04,0.08,0.0,0.05,0.0,0.04,0.13,0.0,0.04,0.06,0.16,0.11,0.03,0.12,0.06,0.05,0.05,0.14,0.05,0.0,0.0,0.05,0.0,0.04,0.05,0.06,0.06,0.0,0.1,0.06,0.05,0.14,0.18,0.11,0.0,0.11,0.0,0.12,0.0,0.11,0.05,0.09,0.05,0.18,0.0,0.0,0.16,0.23,0.14,0.04,0.0,0.0,0.08,0.0,0.1,0.11,0.15,0.07,0.16,0.06,0.0,0.14,0.05,0.04,0.04,0.0,0.06,0.08,0.12,0.04,0.1,0.06,0.0,0.0,0.04,0.08,0.16,0.06,0.0,0.08,0.0,0.1,0.13,0.0,0.0,0.0,0.08,0.12,0.05,0.04,0.05,0.08,0.05,0.0,0.04,0.19,0.08,0.0,0.08,0.14,0.11,0.04,0.0,0.04,0.13
paccheri al forno vegetariani,0.0,0.0,0.1,0.0,0.0,0.0,0.12,0.09,0.0,0.15,0.0,0.0,0.1,0.0,0.12,0.0,0.14,0.1,0.0,0.0,0.14,0.0,0.1,0.12,0.06,0.1,0.0,0.1,0.0,0.22,0.1,0.21,0.0,0.1,0.1,0.11,0.11,0.0,0.11,0.0,0.0,0.0,0.0,0.0,0.0,0.12,0.0,0.05,0.04,0.1,0.09,0.09,0.09,0.0,0.0,0.15,0.04,0.11,0.04,0.0,0.0,0.0,0.0,0.12,0.0,0.04,0.06,0.0,0.14,0.15,0.0,0.04,0.1,0.0,0.19,0.1,0.0,0.0,0.06,0.1,0.06,0.1,0.1,0.0,0.1,0.16,0.0,0.0,0.0,0.05,0.09,0.1,0.09,0.12,0.11,0.12,0.12,0.11,0.1,0.16,0.1,0.1,0.0,0.11,0.06,0.11,0.09,0.06,0.06,0.14,0.0,0.06,0.12,0.14,0.1,0.1,0.1,0.09,0.1,0.08,0.0,0.12,0.0,0.12,0.15,0.0,0.16,0.2,0.0,0.1,0.18,0.12,0.0,0.0,0.14,0.1,0.1,0.1,0.1,0.1,0.0,0.0,0.0,0.0,0.0,0.0,0.1,0.0,0.0,0.0,0.05,0.1,0.16,0.05,1.0,0.05,0.0,0.04,0.0,0.06,0.07,0.0,0.11,0.16,0.12,0.2,0.11,0.2,0.05,0.16,0.12,0.0,0.11,0.06,0.24,0.06,0.11,0.12,0.13,0.06,0.11,0.06,0.12,0.16,0.05,0.07,0.12,0.0,0.12,0.14,0.11,0.12,0.06,0.04,0.12,0.16,0.06,0.16,0.12,0.07,0.12,0.11,0.0,0.18,0.2,0.06,0.06,0.16,0.16,0.0,0.1,0.06,0.15,0.15,0.14,0.1,0.0,0.0,0.16,0.14,0.0,0.0,0.08,0.14,0.16,0.0,0.0,0.06,0.12,0.11,0.1,0.0,0.05,0.18,0.0,0.18,0.0,0.15,0.0,0.06,0.0,0.0,0.16,0.0,0.1,0.14,0.19,0.12,0.04,0.09,0.06,0.18,0.12,0.1,0.11,0.1,0.0,0.06,0.0,0.14,0.06,0.07,0.12,0.0,0.06,0.0,0.0,0.06,0.16,0.04,0.11,0.12,0.03,0.14,0.07,0.06,0.0,0.1,0.16,0.0,0.06,0.06,0.0,0.09,0.12,0.2,0.0,0.05,0.0,0.06,0.06,0.16,0.22,0.12,0.1,0.06,0.06,0.08,0.16,0.18,0.0,0.0,0.12,0.14,0.26,0.1,0.11,0.06,0.05,0.0,0.0,0.2,0.22,0.14,0.15,0.09,0.0,0.31,0.15,0.0,0.0,0.0,0.0,0.14,0.06,0.0,0.12,0.0,0.0,0.0,0.0,0.0,0.0,0.1,0.1,0.08,0.0,0.1,0.06,0.0,0.05
paccheri con stracciatella e pomodoro,0.06,0.04,0.04,0.06,0.04,0.0,0.06,0.21,0.0,0.06,0.0,0.04,0.1,0.07,0.06,0.08,0.12,0.31,0.06,0.06,0.08,0.07,0.05,0.12,0.17,0.13,0.05,0.04,0.04,0.06,0.06,0.1,0.05,0.08,0.14,0.05,0.05,0.0,0.0,0.04,0.0,0.11,0.0,0.0,0.03,0.0,0.0,0.14,0.04,0.14,0.08,0.08,0.08,0.0,0.0,0.04,0.0,0.04,0.04,0.08,0.0,0.04,0.04,0.1,0.0,0.0,0.06,0.05,0.04,0.14,0.0,0.04,0.19,0.0,0.06,0.08,0.0,0.04,0.05,0.0,0.0,0.08,0.0,0.0,0.04,0.1,0.0,0.0,0.06,0.04,0.04,0.05,0.12,0.06,0.05,0.06,0.06,0.05,0.04,0.05,0.05,0.09,0.0,0.05,0.06,0.05,0.04,0.05,0.06,0.04,0.04,0.06,0.12,0.08,0.04,0.05,0.04,0.04,0.04,0.08,0.0,0.06,0.0,0.0,0.09,0.0,0.05,0.04,0.0,0.04,0.1,0.08,0.0,0.1,0.08,0.0,0.09,0.04,0.1,0.04,0.08,0.08,0.0,0.0,0.08,0.0,0.05,0.05,0.0,0.06,0.0,0.14,0.1,0.0,0.05,1.0,0.04,0.06,0.04,0.06,0.06,0.0,0.05,0.05,0.0,0.07,0.0,0.06,0.08,0.1,0.06,0.1,0.15,0.1,0.06,0.06,0.15,0.16,0.04,0.16,0.1,0.06,0.16,0.1,0.04,0.06,0.06,0.0,0.0,0.08,0.05,0.06,0.06,0.16,0.29,0.05,0.06,0.05,0.06,0.06,0.1,0.0,0.12,0.08,0.04,0.0,0.05,0.1,0.1,0.0,0.04,0.0,0.09,0.14,0.08,0.05,0.0,0.0,0.1,0.12,0.06,0.05,0.0,0.0,0.05,0.0,0.0,0.1,0.06,0.05,0.05,0.04,0.04,0.13,0.05,0.06,0.04,0.04,0.06,0.06,0.0,0.0,0.04,0.0,0.04,0.06,0.07,0.04,0.0,0.08,0.06,0.1,0.1,0.1,0.05,0.1,0.04,0.1,0.0,0.04,0.05,0.0,0.06,0.06,0.0,0.0,0.0,0.0,0.05,0.0,0.05,0.0,0.06,0.06,0.18,0.0,0.06,0.05,0.05,0.08,0.16,0.22,0.08,0.04,0.08,0.04,0.0,0.14,0.04,0.06,0.05,0.08,0.04,0.04,0.03,0.0,0.06,0.04,0.05,0.08,0.0,0.0,0.0,0.08,0.04,0.0,0.0,0.06,0.09,0.0,0.0,0.04,0.04,0.0,0.09,0.0,0.0,0.08,0.04,0.04,0.12,0.0,0.0,0.12,0.0,0.0,0.06,0.12,0.0,0.0,0.0,0.05,0.04,0.14,0.09,0.08,0.08,0.1,0.1,0.13,0.0
pad thai con gamberi e zucchine,0.06,0.04,0.0,0.0,0.0,0.0,0.06,0.04,0.0,0.0,0.0,0.21,0.05,0.04,0.06,0.04,0.0,0.05,0.0,0.06,0.0,0.04,0.0,0.12,0.06,0.04,0.0,0.0,0.0,0.03,0.06,0.1,0.05,0.04,0.04,0.0,0.05,0.0,0.1,0.0,0.0,0.04,0.0,0.0,0.03,0.0,0.0,0.04,0.0,0.05,0.04,0.08,0.04,0.0,0.08,0.0,0.0,0.0,0.04,0.04,0.0,0.0,0.04,0.06,0.0,0.04,0.0,0.0,0.0,0.0,0.0,0.08,0.05,0.06,0.06,0.04,0.18,0.04,0.0,0.04,0.05,0.04,0.0,0.0,0.0,0.02,0.04,0.0,0.0,0.0,0.04,0.05,0.04,0.0,0.0,0.0,0.0,0.05,0.0,0.0,0.0,0.04,0.05,0.05,0.0,0.0,0.04,0.05,0.0,0.04,0.08,0.06,0.0,0.0,0.0,0.0,0.09,0.04,0.0,0.04,0.04,0.0,0.13,0.06,0.0,0.0,0.0,0.04,0.0,0.0,0.6,0.04,0.0,0.0,0.0,0.05,0.04,0.3,0.05,0.0,0.04,0.04,0.06,0.05,0.04,0.08,0.26,0.15,0.05,0.23,0.09,0.04,0.05,0.0,0.0,0.04,1.0,0.03,0.04,0.03,0.0,0.0,0.0,0.0,0.0,0.0,0.3,0.08,0.04,0.0,0.3,0.0,0.05,0.06,0.0,0.0,0.05,0.06,0.0,0.06,0.05,0.0,0.1,0.0,0.0,0.0,0.0,0.0,0.22,0.04,0.0,0.0,0.0,0.04,0.06,0.0,0.06,0.0,0.06,0.0,0.27,0.0,0.08,0.62,0.0,0.0,0.0,0.1,0.1,0.0,0.0,0.0,0.0,0.04,0.04,0.0,0.0,0.0,0.0,0.0,0.0,0.05,0.08,0.04,0.05,0.06,0.16,0.0,0.0,0.15,0.0,0.0,0.04,0.03,0.0,0.1,0.04,0.04,0.06,0.0,0.0,0.0,0.04,0.0,0.0,0.06,0.04,0.04,0.06,0.04,0.0,0.27,0.1,0.05,0.0,0.05,0.18,0.06,0.17,0.04,0.0,0.0,0.0,0.06,0.0,0.06,0.0,0.0,0.0,0.0,0.05,0.06,0.03,0.0,0.06,0.0,0.06,0.0,0.05,0.04,0.06,0.32,0.0,0.0,0.04,0.0,0.0,0.04,0.04,0.06,0.05,0.0,0.0,0.0,0.06,0.0,0.0,0.04,0.05,0.04,0.04,0.1,0.0,0.08,0.04,0.04,0.1,0.0,0.04,0.0,0.0,0.04,0.37,0.06,0.04,0.04,0.06,0.08,0.0,0.04,0.06,0.0,0.0,0.0,0.06,0.0,0.0,0.04,0.06,0.0,0.12,0.0,0.04,0.04,0.04,0.04,0.04,0.1,0.05,0.04,0.0
paella de marisco,0.18,0.1,0.03,0.07,0.14,0.0,0.04,0.0,0.0,0.06,0.0,0.03,0.03,0.05,0.08,0.15,0.04,0.1,0.12,0.04,0.03,0.17,0.03,0.12,0.12,0.06,0.03,0.06,0.03,0.04,0.06,0.06,0.04,0.09,0.06,0.1,0.07,0.0,0.0,0.0,0.04,0.12,0.14,0.0,0.02,0.0,0.05,0.16,0.08,0.2,0.16,0.06,0.06,0.03,0.03,0.06,0.08,0.06,0.08,0.0,0.0,0.03,0.02,0.07,0.0,0.0,0.06,0.04,0.06,0.06,0.0,0.02,0.13,0.0,0.12,0.09,0.09,0.18,0.03,0.03,0.0,0.03,0.0,0.0,0.03,0.1,0.0,0.0,0.0,0.03,0.03,0.03,0.08,0.07,0.1,0.04,0.04,0.04,0.06,0.04,0.03,0.06,0.03,0.04,0.04,0.04,0.03,0.03,0.04,0.31,0.36,0.04,0.04,0.03,0.06,0.06,0.03,0.02,0.03,0.1,0.03,0.04,0.0,0.0,0.03,0.0,0.1,0.03,0.03,0.09,0.07,0.13,0.14,0.0,0.02,0.0,0.06,0.29,0.06,0.16,0.1,0.16,0.0,0.0,0.17,0.0,0.03,0.04,0.0,0.04,0.0,0.09,0.07,0.03,0.04,0.06,0.03,1.0,0.03,0.04,0.04,0.0,0.04,0.03,0.0,0.02,0.0,0.06,0.03,0.04,0.04,0.03,0.14,0.04,0.04,0.04,0.1,0.07,0.02,0.07,0.07,0.04,0.07,0.04,0.03,0.04,0.07,0.0,0.07,0.12,0.04,0.04,0.04,0.08,0.07,0.04,0.04,0.06,0.04,0.04,0.07,0.0,0.06,0.06,0.16,0.0,0.0,0.1,0.1,0.0,0.06,0.04,0.03,0.09,0.03,0.06,0.03,0.0,0.07,0.06,0.0,0.04,0.02,0.0,0.03,0.0,0.0,0.14,0.07,0.04,0.13,0.02,0.03,0.08,0.06,0.04,0.03,0.03,0.04,0.04,0.02,0.0,0.02,0.03,0.09,0.04,0.07,0.05,0.04,0.12,0.0,0.11,0.11,0.1,0.1,0.13,0.03,0.07,0.12,0.06,0.04,0.0,0.04,0.08,0.04,0.0,0.0,0.07,0.03,0.06,0.04,0.0,0.04,0.04,0.08,0.04,0.0,0.03,0.04,0.16,0.22,0.07,0.12,0.06,0.08,0.09,0.0,0.09,0.06,0.04,0.07,0.08,0.02,0.12,0.04,0.0,0.04,0.05,0.04,0.62,0.08,0.0,0.0,0.08,0.06,0.0,0.0,0.0,0.06,0.0,0.02,0.03,0.06,0.0,0.03,0.0,0.0,0.05,0.03,0.02,0.1,0.0,0.0,0.08,0.0,0.02,0.04,0.16,0.0,0.0,0.05,0.0,0.06,0.16,0.16,0.2,0.13,0.16,0.07,0.09,0.06
"paella valenciana, la ricetta del piatto tipico della cucina spagnola",0.0,0.0,0.0,0.0,0.0,0.0,0.0,0.0,0.0,0.02,0.0,0.0,0.0,0.0,0.0,0.0,0.0,0.04,0.0,0.0,0.04,0.0,0.0,0.06,0.11,0.04,0.0,0.04,0.0,0.03,0.06,0.04,0.0,0.08,0.04,0.0,0.0,0.0,0.0,0.0,0.0,0.0,0.0,0.0,0.03,0.0,0.0,0.04,0.0,0.04,0.04,0.12,0.04,0.0,0.0,0.0,0.0,0.0,0.0,0.0,0.0,0.0,0.04,0.05,0.0,0.0,0.0,0.0,0.0,0.0,0.0,0.0,0.04,0.0,0.0,0.12,0.0,0.0,0.0,0.0,0.0,0.04,0.0,0.0,0.0,0.02,0.0,0.0,0.0,0.0,0.0,0.0,0.0,0.0,0.0,0.0,0.0,0.0,0.0,0.0,0.0,0.0,0.0,0.0,0.0,0.05,0.0,0.0,0.0,0.0,0.12,0.0,0.0,0.0,0.0,0.0,0.0,0.08,0.0,0.0,0.0,0.0,0.0,0.0,0.0,0.0,0.0,0.0,0.0,0.0,0.05,0.07,0.0,0.0,0.0,0.0,0.04,0.0,0.04,0.0,0.0,0.0,0.0,0.0,0.0,0.0,0.0,0.1,0.0,0.06,0.0,0.04,0.05,0.0,0.0,0.04,0.04,0.03,1.0,0.0,0.0,0.0,0.0,0.0,0.0,0.0,0.0,0.02,0.08,0.05,0.0,0.0,0.05,0.1,0.0,0.0,0.05,0.05,0.0,0.05,0.05,0.0,0.05,0.0,0.0,0.12,0.0,0.0,0.0,0.04,0.0,0.0,0.0,0.04,0.05,0.0,0.06,0.04,0.0,0.0,0.05,0.0,0.0,0.04,0.0,0.0,0.14,0.04,0.04,0.0,0.0,0.0,0.04,0.06,0.0,0.04,0.0,0.0,0.0,0.0,0.0,0.0,0.0,0.0,0.0,0.0,0.0,0.05,0.0,0.05,0.04,0.04,0.04,0.0,0.0,0.05,0.0,0.0,0.05,0.0,0.0,0.0,0.0,0.04,0.08,0.03,0.0,0.0,0.0,0.04,0.06,0.05,0.05,0.04,0.0,0.04,0.12,0.0,0.0,0.0,0.0,0.0,0.0,0.06,0.0,0.0,0.0,0.0,0.0,0.0,0.0,0.0,0.0,0.06,0.06,0.0,0.0,0.0,0.0,0.0,0.05,0.05,0.0,0.0,0.04,0.0,0.0,0.04,0.0,0.0,0.05,0.0,0.04,0.04,0.0,0.0,0.0,0.0,0.0,0.0,0.0,0.0,0.0,0.04,0.0,0.0,0.0,0.0,0.08,0.0,0.0,0.0,0.0,0.0,0.0,0.0,0.0,0.02,0.0,0.0,0.06,0.0,0.0,0.04,0.0,0.0,0.0,0.0,0.0,0.0,0.0,0.0,0.0,0.04,0.04,0.04,0.0,0.09,0.05,0.0,0.0
pancakes alla ricotta e carote con crema di burrata,0.16,0.06,0.06,0.06,0.05,0.0,0.06,0.02,0.06,0.06,0.0,0.02,0.06,0.0,0.1,0.04,0.21,0.06,0.07,0.12,0.06,0.04,0.06,0.07,0.07,0.06,0.0,0.14,0.08,0.07,0.0,0.08,0.06,0.06,0.06,0.06,0.09,0.0,0.06,0.02,0.0,0.09,0.02,0.09,0.09,0.1,0.0,0.06,0.1,0.06,0.1,0.05,0.05,0.08,0.1,0.06,0.0,0.02,0.15,0.04,0.0,0.11,0.1,0.06,0.03,0.04,0.2,0.03,0.15,0.14,0.04,0.05,0.06,0.04,0.1,0.06,0.0,0.11,0.12,0.14,0.06,0.06,0.03,0.06,0.06,0.08,0.02,0.0,0.0,0.06,0.05,0.08,0.05,0.06,0.06,0.06,0.07,0.06,0.06,0.06,0.06,0.06,0.06,0.09,0.06,0.06,0.12,0.06,0.06,0.08,0.05,0.13,0.07,0.05,0.11,0.06,0.08,0.05,0.08,0.06,0.11,0.06,0.02,0.03,0.06,0.08,0.08,0.08,0.08,0.06,0.06,0.07,0.0,0.0,0.05,0.03,0.06,0.06,0.06,0.06,0.04,0.05,0.07,0.14,0.05,0.04,0.18,0.03,0.0,0.04,0.0,0.06,0.06,0.06,0.06,0.06,0.03,0.04,0.0,1.0,0.08,0.0,0.06,0.06,0.0,0.08,0.06,0.1,0.0,0.06,0.07,0.06,0.06,0.15,0.06,0.06,0.06,0.06,0.16,0.06,0.06,0.13,0.06,0.06,0.08,0.08,0.06,0.14,0.0,0.05,0.06,0.14,0.07,0.05,0.06,0.06,0.0,0.06,0.07,0.08,0.06,0.0,0.08,0.12,0.06,0.03,0.0,0.08,0.08,0.0,0.16,0.0,0.06,0.08,0.08,0.18,0.06,0.14,0.09,0.14,0.06,0.03,0.04,0.08,0.08,0.03,0.02,0.06,0.06,0.12,0.08,0.08,0.03,0.08,0.06,0.03,0.12,0.11,0.06,0.0,0.1,0.0,0.12,0.0,0.06,0.06,0.17,0.2,0.0,0.05,0.16,0.06,0.06,0.06,0.06,0.06,0.02,0.06,0.0,0.05,0.09,0.04,0.07,0.14,0.03,0.04,0.03,0.03,0.08,0.04,0.09,0.04,0.16,0.08,0.15,0.0,0.03,0.06,0.09,0.09,0.06,0.06,0.05,0.05,0.06,0.06,0.0,0.06,0.06,0.06,0.0,0.09,0.12,0.06,0.08,0.0,0.06,0.13,0.06,0.2,0.14,0.06,0.0,0.1,0.08,0.06,0.03,0.0,0.11,0.0,0.12,0.11,0.1,0.04,0.08,0.05,0.18,0.1,0.06,0.0,0.0,0.06,0.08,0.08,0.06,0.0,0.13,0.04,0.0,0.06,0.02,0.03,0.0,0.06,0.06,0.04,0.04,0.06,0.32,0.06,0.0
pane cunzato,0.04,0.05,0.06,0.07,0.06,0.0,0.07,0.0,0.0,0.08,0.0,0.0,0.06,0.0,0.08,0.05,0.16,0.13,0.08,0.09,0.06,0.05,0.06,0.08,0.08,0.06,0.0,0.06,0.0,0.04,0.0,0.06,0.07,0.06,0.06,0.14,0.07,0.0,0.0,0.0,0.0,0.1,0.0,0.0,0.0,0.0,0.0,0.06,0.06,0.06,0.11,0.06,0.06,0.0,0.0,0.06,0.0,0.0,0.0,0.0,0.0,0.06,0.0,0.07,0.0,0.0,0.08,0.0,0.06,0.06,0.0,0.06,0.06,0.0,0.08,0.06,0.0,0.0,0.06,0.0,0.0,0.0,0.0,0.0,0.06,0.11,0.0,0.0,0.0,0.06,0.06,0.06,0.06,0.07,0.07,0.07,0.08,0.14,0.06,0.07,0.06,0.06,0.0,0.14,0.07,0.07,0.06,0.06,0.07,0.06,0.0,0.07,0.08,0.06,0.18,0.06,0.06,0.06,0.06,0.1,0.0,0.07,0.0,0.0,0.06,0.0,0.06,0.06,0.0,0.06,0.07,0.05,0.0,0.0,0.06,0.0,0.06,0.06,0.06,0.06,0.05,0.06,0.0,0.0,0.06,0.0,0.06,0.0,0.0,0.0,0.0,0.06,0.07,0.0,0.07,0.06,0.0,0.04,0.0,0.08,1.0,0.0,0.07,0.06,0.0,0.05,0.0,0.04,0.0,0.07,0.08,0.06,0.07,0.0,0.07,0.07,0.07,0.07,0.06,0.07,0.07,0.07,0.07,0.07,0.12,0.08,0.07,0.0,0.0,0.06,0.07,0.08,0.08,0.06,0.07,0.07,0.0,0.06,0.08,0.08,0.07,0.0,0.06,0.06,0.06,0.0,0.0,0.06,0.06,0.0,0.06,0.0,0.06,0.14,0.06,0.06,0.0,0.0,0.07,0.08,0.0,0.0,0.0,0.0,0.06,0.0,0.0,0.07,0.07,0.07,0.06,0.0,0.0,0.08,0.06,0.0,0.0,0.06,0.0,0.0,0.0,0.0,0.04,0.0,0.06,0.04,0.1,0.05,0.0,0.06,0.0,0.07,0.07,0.06,0.07,0.06,0.0,0.07,0.0,0.06,0.07,0.0,0.08,0.0,0.0,0.0,0.0,0.0,0.06,0.0,0.07,0.0,0.04,0.08,0.08,0.0,0.0,0.06,0.07,0.05,0.07,0.07,0.06,0.06,0.05,0.06,0.0,0.06,0.06,0.07,0.0,0.1,0.06,0.05,0.04,0.0,0.07,0.05,0.07,0.12,0.0,0.0,0.0,0.06,0.06,0.0,0.0,0.0,0.06,0.0,0.0,0.06,0.06,0.0,0.06,0.0,0.0,0.07,0.06,0.0,0.0,0.0,0.0,0.06,0.0,0.0,0.07,0.06,0.0,0.0,0.0,0.0,0.0,0.06,0.06,0.05,0.06,0.06,0.07,0.06,0.0
"panino con la porchetta, una variante casalinga dello street food umbro",0.0,0.0,0.0,0.0,0.0,0.0,0.0,0.0,0.0,0.0,0.0,0.0,0.0,0.0,0.0,0.0,0.0,0.0,0.0,0.0,0.0,0.0,0.0,0.0,0.0,0.0,0.0,0.0,0.0,0.0,0.0,0.0,0.0,0.0,0.0,0.0,0.0,0.0,0.0,0.0,0.0,0.0,0.0,0.0,0.0,0.0,0.0,0.0,0.0,0.0,0.0,0.0,0.0,0.0,0.0,0.0,0.0,0.0,0.0,0.0,0.0,0.0,0.0,0.0,0.0,0.0,0.0,0.0,0.0,0.0,0.0,0.0,0.0,0.0,0.0,0.0,0.0,0.0,0.0,0.0,0.0,0.0,0.0,0.0,0.0,0.0,0.0,0.0,0.0,0.0,0.0,0.0,0.0,0.0,0.0,0.0,0.0,0.0,0.0,0.0,0.0,0.0,0.0,0.0,0.0,0.0,0.0,0.0,0.0,0.0,0.0,0.0,0.0,0.0,0.0,0.0,0.0,0.0,0.0,0.0,0.0,0.0,0.0,0.0,0.0,0.0,0.0,0.0,0.0,0.0,0.0,0.0,0.0,0.0,0.0,0.0,0.0,0.0,0.0,0.0,0.0,0.0,0.0,0.0,0.0,0.0,0.0,0.0,0.0,0.0,0.0,0.0,0.0,0.0,0.0,0.0,0.0,0.0,0.0,0.0,0.0,1.0,0.0,0.0,0.0,0.0,0.0,0.0,0.0,0.0,0.0,0.0,0.0,0.0,0.0,0.0,0.0,0.0,0.0,0.0,0.0,0.0,0.0,0.0,0.0,0.0,0.0,0.0,0.0,0.0,0.0,0.0,0.0,0.0,0.0,0.0,0.0,0.0,0.0,0.0,0.0,0.0,0.0,0.0,0.0,0.0,0.0,0.0,0.0,0.0,0.0,0.0,0.0,0.0,0.0,0.0,0.0,0.0,0.0,0.0,0.0,0.0,0.0,0.0,0.0,0.0,0.0,0.0,0.0,0.0,0.0,0.0,0.0,0.0,0.0,0.0,0.0,0.0,0.0,0.0,0.0,0.0,0.0,0.0,0.0,0.0,0.0,0.0,0.0,0.0,0.0,0.0,0.0,0.0,0.0,0.0,0.0,0.0,0.0,0.0,0.0,0.0,0.0,0.0,0.0,0.0,0.0,0.0,0.0,0.0,0.0,0.0,0.0,0.0,0.0,0.0,0.0,0.0,0.0,0.0,0.0,0.0,0.0,0.0,0.0,0.0,0.0,0.0,0.0,0.0,0.0,0.0,0.0,0.0,0.0,0.0,0.0,0.0,0.0,0.0,0.0,0.0,0.0,0.0,0.0,0.0,0.0,0.0,0.0,0.0,0.0,0.0,0.0,0.0,0.0,0.0,0.0,0.0,0.0,0.0,0.0,0.0,0.0,0.0,0.0,0.0,0.0,0.0,0.0,0.0,0.0,0.0,0.0,0.0,0.0,0.0,0.0,0.0,0.0,0.0,0.0
parmigiana di carote spinaci e toma allo zenzero,0.06,0.16,0.15,0.12,0.09,0.0,0.12,0.09,0.0,0.15,0.0,0.09,0.1,0.08,0.12,0.04,0.14,0.1,0.12,0.08,0.14,0.08,0.1,0.12,0.06,0.1,0.06,0.1,0.05,0.26,0.1,0.1,0.11,0.1,0.1,0.11,0.06,0.0,0.0,0.0,0.06,0.12,0.04,0.0,0.0,0.0,0.0,0.05,0.04,0.1,0.14,0.09,0.09,0.05,0.0,0.15,0.04,0.08,0.0,0.08,0.05,0.1,0.0,0.12,0.06,0.04,0.06,0.06,0.09,0.1,0.0,0.04,0.1,0.0,0.12,0.1,0.0,0.0,0.1,0.1,0.06,0.18,0.06,0.12,0.1,0.18,0.04,0.0,0.07,0.1,0.09,0.1,0.09,0.12,0.11,0.12,0.12,0.11,0.1,0.11,0.1,0.1,0.0,0.11,0.12,0.11,0.09,0.1,0.06,0.1,0.0,0.06,0.12,0.09,0.1,0.1,0.1,0.14,0.1,0.08,0.0,0.12,0.05,0.06,0.1,0.09,0.1,0.1,0.04,0.1,0.18,0.08,0.06,0.0,0.18,0.06,0.15,0.1,0.1,0.1,0.04,0.18,0.0,0.0,0.09,0.0,0.1,0.0,0.0,0.0,0.05,0.15,0.11,0.1,0.11,0.05,0.0,0.04,0.0,0.06,0.07,0.0,1.0,0.16,0.12,0.12,0.06,0.14,0.05,0.11,0.12,0.1,0.11,0.06,0.12,0.06,0.11,0.12,0.08,0.06,0.11,0.06,0.12,0.11,0.05,0.07,0.12,0.06,0.06,0.09,0.11,0.06,0.06,0.04,0.18,0.11,0.06,0.1,0.12,0.07,0.12,0.06,0.14,0.09,0.1,0.06,0.1,0.1,0.1,0.0,0.1,0.06,0.1,0.15,0.14,0.1,0.0,0.0,0.11,0.16,0.0,0.0,0.08,0.04,0.1,0.0,0.04,0.06,0.12,0.11,0.1,0.0,0.05,0.18,0.1,0.06,0.04,0.1,0.06,0.06,0.0,0.04,0.12,0.0,0.1,0.1,0.16,0.08,0.04,0.09,0.06,0.12,0.12,0.1,0.11,0.06,0.0,0.06,0.0,0.09,0.06,0.0,0.12,0.0,0.0,0.0,0.0,0.06,0.1,0.0,0.06,0.06,0.03,0.14,0.07,0.06,0.0,0.1,0.11,0.08,0.06,0.06,0.09,0.14,0.08,0.1,0.0,0.1,0.1,0.06,0.06,0.42,0.13,0.04,0.14,0.06,0.06,0.08,0.11,0.14,0.0,0.0,0.06,0.09,0.14,0.05,0.06,0.0,0.05,0.0,0.0,0.1,0.14,0.07,0.05,0.04,0.0,0.17,0.1,0.04,0.0,0.06,0.04,0.09,0.0,0.04,0.18,0.08,0.06,0.0,0.04,0.06,0.04,0.05,0.1,0.08,0.08,0.1,0.11,0.1,0.1
parmigiana di melanzane,0.03,0.27,0.14,0.11,0.08,0.0,0.17,0.09,0.0,0.14,0.0,0.04,0.1,0.08,0.12,0.08,0.13,0.1,0.12,0.07,0.14,0.08,0.1,0.12,0.06,0.09,0.05,0.1,0.04,0.18,0.13,0.15,0.1,0.09,0.1,0.16,0.1,0.0,0.06,0.0,0.06,0.19,0.04,0.0,0.0,0.06,0.0,0.05,0.04,0.1,0.12,0.12,0.08,0.0,0.0,0.14,0.04,0.07,0.04,0.08,0.14,0.19,0.04,0.11,0.1,0.04,0.06,0.06,0.13,0.1,0.0,0.04,0.1,0.0,0.18,0.09,0.0,0.0,0.1,0.1,0.1,0.04,0.1,0.06,0.09,0.15,0.09,0.0,0.06,0.09,0.09,0.1,0.09,0.11,0.1,0.11,0.12,0.16,0.1,0.1,0.15,0.1,0.0,0.1,0.11,0.16,0.09,0.05,0.06,0.09,0.0,0.06,0.12,0.09,0.1,0.1,0.1,0.12,0.1,0.08,0.0,0.11,0.04,0.11,0.1,0.09,0.15,0.24,0.09,0.1,0.22,0.16,0.0,0.0,0.21,0.15,0.14,0.1,0.15,0.14,0.12,0.08,0.0,0.0,0.13,0.0,0.1,0.0,0.0,0.0,0.05,0.19,0.16,0.09,0.16,0.05,0.0,0.03,0.0,0.06,0.06,0.0,0.16,1.0,0.34,0.11,0.32,0.28,0.04,0.21,0.18,0.25,0.1,0.06,0.17,0.06,0.1,0.11,0.12,0.06,0.1,0.06,0.11,0.21,0.14,0.06,0.17,0.06,0.11,0.13,0.16,0.12,0.06,0.04,0.17,0.1,0.06,0.2,0.18,0.06,0.11,0.1,0.18,0.12,0.14,0.11,0.1,0.15,0.15,0.0,0.1,0.06,0.4,0.14,0.18,0.1,0.0,0.0,0.16,0.16,0.0,0.06,0.08,0.09,0.1,0.0,0.08,0.06,0.11,0.1,0.1,0.0,0.05,0.14,0.15,0.11,0.04,0.14,0.06,0.06,0.0,0.04,0.11,0.0,0.1,0.1,0.22,0.16,0.04,0.18,0.06,0.11,0.11,0.1,0.1,0.15,0.0,0.11,0.0,0.09,0.06,0.06,0.12,0.0,0.11,0.0,0.06,0.06,0.2,0.04,0.1,0.18,0.03,0.13,0.06,0.12,0.06,0.15,0.16,0.08,0.06,0.06,0.18,0.17,0.12,0.14,0.0,0.1,0.14,0.06,0.1,0.16,0.16,0.12,0.1,0.06,0.06,0.11,0.16,0.18,0.0,0.0,0.06,0.12,0.12,0.1,0.16,0.12,0.05,0.0,0.0,0.14,0.21,0.06,0.1,0.13,0.0,0.18,0.14,0.08,0.0,0.06,0.06,0.12,0.0,0.04,0.11,0.12,0.0,0.0,0.04,0.1,0.04,0.05,0.1,0.12,0.04,0.1,0.1,0.04,0.1
parmigiana di melanzane bianca,0.0,0.23,0.12,0.06,0.05,0.0,0.06,0.1,0.0,0.1,0.06,0.05,0.06,0.09,0.07,0.0,0.08,0.06,0.07,0.0,0.11,0.04,0.06,0.07,0.0,0.06,0.06,0.06,0.06,0.11,0.12,0.12,0.06,0.06,0.06,0.06,0.06,0.0,0.06,0.0,0.06,0.04,0.1,0.0,0.0,0.06,0.0,0.0,0.0,0.06,0.05,0.05,0.05,0.0,0.0,0.12,0.05,0.08,0.05,0.09,0.06,0.06,0.0,0.06,0.06,0.04,0.0,0.12,0.1,0.06,0.0,0.0,0.06,0.08,0.14,0.06,0.0,0.0,0.0,0.06,0.06,0.06,0.12,0.06,0.06,0.1,0.0,0.0,0.08,0.06,0.05,0.06,0.05,0.06,0.06,0.06,0.07,0.06,0.06,0.06,0.06,0.06,0.0,0.06,0.06,0.06,0.05,0.0,0.0,0.11,0.0,0.0,0.07,0.05,0.06,0.06,0.06,0.1,0.06,0.04,0.0,0.06,0.06,0.14,0.06,0.1,0.12,0.12,0.16,0.12,0.2,0.1,0.0,0.0,0.15,0.24,0.12,0.06,0.06,0.06,0.04,0.05,0.07,0.0,0.05,0.0,0.12,0.0,0.0,0.0,0.06,0.12,0.12,0.06,0.12,0.0,0.0,0.0,0.0,0.0,0.0,0.0,0.12,0.34,1.0,0.14,0.36,0.16,0.06,0.25,0.07,0.12,0.06,0.06,0.14,0.0,0.06,0.06,0.1,0.0,0.06,0.0,0.06,0.19,0.0,0.0,0.06,0.07,0.14,0.05,0.06,0.07,0.0,0.0,0.14,0.06,0.07,0.12,0.07,0.0,0.06,0.12,0.16,0.15,0.12,0.06,0.18,0.12,0.12,0.0,0.06,0.06,0.36,0.08,0.11,0.06,0.0,0.04,0.12,0.12,0.0,0.06,0.1,0.1,0.06,0.0,0.05,0.0,0.06,0.06,0.06,0.0,0.06,0.08,0.12,0.14,0.05,0.06,0.06,0.06,0.0,0.05,0.08,0.06,0.06,0.08,0.13,0.1,0.04,0.05,0.07,0.06,0.06,0.06,0.06,0.06,0.0,0.0,0.0,0.05,0.0,0.08,0.07,0.0,0.06,0.0,0.0,0.06,0.12,0.05,0.12,0.22,0.0,0.08,0.0,0.07,0.06,0.06,0.19,0.04,0.0,0.0,0.05,0.05,0.09,0.12,0.0,0.06,0.06,0.0,0.06,0.1,0.14,0.09,0.12,0.14,0.0,0.04,0.25,0.1,0.0,0.0,0.07,0.1,0.1,0.12,0.12,0.07,0.0,0.1,0.05,0.12,0.15,0.08,0.06,0.16,0.0,0.16,0.06,0.1,0.0,0.19,0.08,0.1,0.06,0.05,0.06,0.05,0.0,0.0,0.04,0.06,0.0,0.0,0.06,0.04,0.0,0.06,0.06,0.0,0.06
parmigiana di patate,0.1,0.17,0.1,0.12,0.1,0.0,0.12,0.13,0.0,0.22,0.04,0.06,0.11,0.06,0.14,0.03,0.14,0.11,0.14,0.06,0.17,0.08,0.15,0.14,0.04,0.14,0.08,0.1,0.07,0.3,0.12,0.11,0.12,0.14,0.1,0.12,0.04,0.0,0.04,0.04,0.08,0.12,0.12,0.04,0.02,0.04,0.0,0.04,0.04,0.11,0.06,0.1,0.12,0.0,0.13,0.18,0.1,0.13,0.06,0.17,0.07,0.1,0.0,0.16,0.12,0.06,0.04,0.16,0.16,0.1,0.1,0.03,0.11,0.05,0.18,0.1,0.0,0.0,0.04,0.18,0.16,0.1,0.15,0.12,0.1,0.2,0.0,0.0,0.1,0.04,0.13,0.15,0.1,0.16,0.12,0.12,0.14,0.16,0.14,0.12,0.11,0.14,0.0,0.12,0.04,0.12,0.1,0.04,0.04,0.14,0.0,0.04,0.18,0.1,0.1,0.15,0.1,0.1,0.1,0.12,0.0,0.12,0.1,0.12,0.25,0.2,0.18,0.14,0.23,0.1,0.12,0.14,0.0,0.0,0.16,0.18,0.14,0.1,0.11,0.1,0.03,0.1,0.09,0.08,0.13,0.06,0.26,0.0,0.0,0.0,0.07,0.1,0.16,0.1,0.2,0.07,0.0,0.02,0.0,0.08,0.05,0.0,0.12,0.11,0.14,1.0,0.28,0.27,0.1,0.16,0.14,0.11,0.12,0.08,0.12,0.04,0.12,0.12,0.12,0.04,0.12,0.04,0.12,0.12,0.04,0.05,0.12,0.0,0.12,0.1,0.12,0.04,0.04,0.03,0.12,0.12,0.09,0.11,0.14,0.05,0.12,0.12,0.16,0.28,0.1,0.12,0.08,0.11,0.11,0.0,0.14,0.08,0.14,0.16,0.17,0.11,0.0,0.02,0.16,0.14,0.0,0.08,0.12,0.13,0.15,0.0,0.06,0.04,0.12,0.12,0.11,0.0,0.07,0.18,0.15,0.12,0.0,0.25,0.0,0.12,0.0,0.06,0.27,0.04,0.1,0.17,0.19,0.12,0.05,0.1,0.09,0.12,0.12,0.11,0.16,0.08,0.0,0.04,0.0,0.1,0.08,0.05,0.14,0.0,0.04,0.06,0.04,0.16,0.15,0.06,0.08,0.14,0.02,0.14,0.05,0.09,0.04,0.11,0.24,0.18,0.04,0.04,0.1,0.1,0.17,0.18,0.0,0.04,0.1,0.04,0.08,0.2,0.24,0.06,0.2,0.22,0.04,0.2,0.16,0.2,0.0,0.08,0.09,0.16,0.28,0.1,0.08,0.0,0.07,0.0,0.0,0.18,0.22,0.1,0.07,0.13,0.0,0.28,0.1,0.0,0.0,0.04,0.12,0.16,0.16,0.06,0.04,0.03,0.0,0.0,0.06,0.16,0.0,0.04,0.1,0.09,0.03,0.11,0.04,0.04,0.07
parmigiana di zucchine bianca,0.04,0.16,0.05,0.06,0.04,0.0,0.06,0.09,0.0,0.09,0.06,0.04,0.06,0.04,0.06,0.0,0.07,0.06,0.06,0.0,0.1,0.04,0.06,0.06,0.0,0.05,0.06,0.05,0.05,0.22,0.1,0.1,0.06,0.05,0.05,0.06,0.06,0.0,0.11,0.04,0.06,0.08,0.09,0.06,0.04,0.12,0.0,0.0,0.0,0.06,0.04,0.09,0.09,0.0,0.18,0.1,0.04,0.11,0.14,0.12,0.05,0.05,0.04,0.06,0.11,0.04,0.0,0.16,0.18,0.05,0.08,0.0,0.06,0.07,0.12,0.05,0.0,0.0,0.0,0.1,0.16,0.1,0.21,0.12,0.05,0.09,0.04,0.0,0.07,0.0,0.04,0.06,0.04,0.06,0.06,0.06,0.06,0.11,0.05,0.06,0.06,0.05,0.06,0.06,0.0,0.06,0.04,0.0,0.0,0.1,0.04,0.0,0.06,0.04,0.05,0.06,0.05,0.09,0.05,0.04,0.0,0.06,0.1,0.18,0.05,0.18,0.16,0.15,0.18,0.05,0.42,0.12,0.0,0.0,0.09,0.26,0.05,0.28,0.06,0.05,0.04,0.04,0.12,0.1,0.14,0.08,0.44,0.0,0.0,0.0,0.05,0.05,0.11,0.1,0.11,0.0,0.3,0.0,0.0,0.06,0.0,0.0,0.06,0.32,0.36,0.28,1.0,0.24,0.05,0.16,0.29,0.16,0.06,0.06,0.12,0.0,0.06,0.06,0.13,0.0,0.06,0.0,0.06,0.11,0.05,0.0,0.06,0.0,0.3,0.04,0.06,0.06,0.0,0.0,0.06,0.06,0.06,0.1,0.06,0.0,0.24,0.11,0.09,0.52,0.1,0.12,0.06,0.1,0.1,0.0,0.1,0.06,0.4,0.08,0.1,0.06,0.0,0.04,0.16,0.06,0.0,0.16,0.17,0.18,0.1,0.0,0.04,0.0,0.06,0.06,0.06,0.0,0.05,0.1,0.1,0.12,0.0,0.1,0.0,0.12,0.0,0.04,0.16,0.05,0.05,0.14,0.16,0.12,0.04,0.04,0.06,0.24,0.06,0.06,0.06,0.06,0.0,0.0,0.0,0.04,0.06,0.14,0.06,0.0,0.12,0.08,0.06,0.11,0.16,0.13,0.11,0.19,0.0,0.07,0.0,0.06,0.0,0.06,0.22,0.08,0.0,0.18,0.04,0.04,0.12,0.1,0.0,0.0,0.05,0.0,0.06,0.12,0.22,0.12,0.22,0.12,0.0,0.2,0.22,0.18,0.0,0.1,0.06,0.14,0.18,0.1,0.11,0.06,0.0,0.0,0.0,0.15,0.43,0.07,0.05,0.18,0.0,0.2,0.05,0.04,0.0,0.06,0.16,0.14,0.12,0.04,0.06,0.04,0.0,0.0,0.04,0.11,0.0,0.0,0.05,0.04,0.0,0.1,0.0,0.0,0.05
pasta al forno,0.12,0.28,0.14,0.12,0.1,0.0,0.16,0.2,0.0,0.18,0.0,0.14,0.11,0.1,0.2,0.06,0.14,0.17,0.14,0.12,0.18,0.1,0.11,0.16,0.06,0.13,0.08,0.1,0.08,0.29,0.22,0.22,0.12,0.16,0.14,0.14,0.12,0.0,0.12,0.02,0.09,0.17,0.1,0.03,0.04,0.06,0.0,0.08,0.02,0.17,0.07,0.14,0.14,0.0,0.17,0.18,0.1,0.14,0.12,0.2,0.14,0.16,0.04,0.19,0.14,0.06,0.04,0.12,0.2,0.14,0.04,0.02,0.17,0.07,0.24,0.13,0.0,0.02,0.06,0.22,0.18,0.13,0.17,0.12,0.1,0.19,0.05,0.0,0.11,0.05,0.1,0.17,0.1,0.12,0.12,0.12,0.14,0.12,0.1,0.12,0.14,0.1,0.0,0.18,0.06,0.14,0.1,0.03,0.03,0.18,0.04,0.03,0.14,0.1,0.1,0.11,0.16,0.12,0.1,0.13,0.0,0.12,0.16,0.16,0.16,0.17,0.17,0.18,0.17,0.16,0.22,0.22,0.0,0.0,0.24,0.25,0.18,0.1,0.17,0.14,0.08,0.12,0.1,0.11,0.2,0.14,0.25,0.09,0.0,0.1,0.08,0.22,0.18,0.13,0.2,0.06,0.08,0.06,0.02,0.1,0.04,0.0,0.14,0.28,0.16,0.27,0.24,1.0,0.13,0.18,0.45,0.2,0.18,0.12,0.16,0.03,0.14,0.16,0.14,0.22,0.14,0.06,0.16,0.45,0.36,0.04,0.38,0.04,0.32,0.14,0.42,0.06,0.04,0.07,0.19,0.12,0.16,0.17,0.36,0.04,0.16,0.12,0.24,0.26,0.16,0.16,0.11,0.22,0.22,0.0,0.14,0.1,0.16,0.18,0.26,0.11,0.0,0.04,0.18,0.16,0.0,0.12,0.16,0.2,0.2,0.0,0.1,0.06,0.12,0.12,0.14,0.0,0.1,0.17,0.17,0.25,0.05,0.26,0.06,0.1,0.0,0.08,0.24,0.0,0.1,0.22,0.26,0.2,0.06,0.17,0.1,0.16,0.16,0.14,0.12,0.17,0.08,0.06,0.0,0.1,0.06,0.07,0.14,0.06,0.12,0.04,0.06,0.12,0.2,0.07,0.12,0.24,0.02,0.14,0.07,0.16,0.12,0.14,0.2,0.16,0.1,0.06,0.14,0.14,0.22,0.16,0.0,0.08,0.16,0.03,0.18,0.2,0.28,0.08,0.2,0.14,0.03,0.23,0.14,0.24,0.04,0.11,0.14,0.22,0.24,0.16,0.2,0.04,0.06,0.0,0.0,0.26,0.33,0.18,0.14,0.22,0.06,0.3,0.16,0.07,0.08,0.03,0.13,0.19,0.12,0.07,0.06,0.09,0.0,0.0,0.11,0.14,0.05,0.08,0.16,0.16,0.04,0.14,0.09,0.05,0.1
pasta al forno furba,0.06,0.07,0.04,0.05,0.04,0.0,0.05,0.08,0.0,0.08,0.0,0.08,0.04,0.07,0.06,0.04,0.06,0.09,0.06,0.0,0.08,0.07,0.04,0.11,0.11,0.08,0.04,0.08,0.08,0.08,0.18,0.09,0.05,0.12,0.08,0.05,0.0,0.0,0.0,0.0,0.05,0.1,0.04,0.0,0.08,0.0,0.0,0.04,0.0,0.09,0.04,0.08,0.12,0.0,0.0,0.08,0.04,0.06,0.0,0.07,0.08,0.04,0.04,0.1,0.05,0.04,0.0,0.05,0.12,0.08,0.0,0.0,0.09,0.0,0.06,0.08,0.0,0.04,0.0,0.04,0.05,0.08,0.04,0.05,0.04,0.1,0.0,0.0,0.06,0.0,0.04,0.04,0.04,0.05,0.05,0.05,0.06,0.05,0.04,0.05,0.04,0.04,0.0,0.1,0.0,0.05,0.04,0.0,0.0,0.04,0.04,0.0,0.06,0.04,0.04,0.04,0.04,0.04,0.04,0.04,0.0,0.05,0.04,0.05,0.08,0.04,0.04,0.04,0.04,0.13,0.1,0.11,0.0,0.0,0.12,0.04,0.08,0.04,0.14,0.08,0.04,0.12,0.0,0.0,0.08,0.0,0.04,0.05,0.0,0.06,0.04,0.08,0.1,0.08,0.05,0.08,0.04,0.03,0.08,0.0,0.0,0.0,0.05,0.04,0.06,0.1,0.05,0.13,1.0,0.14,0.06,0.09,0.1,0.2,0.1,0.1,0.19,0.1,0.04,0.05,0.1,0.1,0.1,0.05,0.0,0.0,0.05,0.06,0.05,0.16,0.1,0.06,0.06,0.08,0.16,0.1,0.16,0.04,0.06,0.06,0.1,0.1,0.08,0.08,0.04,0.05,0.09,0.09,0.09,0.0,0.04,0.05,0.08,0.13,0.08,0.09,0.0,0.06,0.05,0.06,0.0,0.1,0.04,0.04,0.04,0.0,0.04,0.1,0.05,0.05,0.04,0.0,0.08,0.06,0.04,0.1,0.04,0.04,0.05,0.05,0.0,0.04,0.06,0.0,0.04,0.09,0.06,0.11,0.03,0.08,0.11,0.1,0.1,0.18,0.05,0.04,0.04,0.0,0.0,0.04,0.0,0.0,0.06,0.06,0.0,0.0,0.0,0.05,0.04,0.0,0.0,0.06,0.0,0.06,0.06,0.06,0.0,0.04,0.05,0.11,0.05,0.05,0.12,0.08,0.1,0.04,0.0,0.04,0.04,0.0,0.1,0.07,0.08,0.04,0.06,0.06,0.0,0.04,0.05,0.04,0.04,0.04,0.06,0.08,0.08,0.04,0.05,0.06,0.04,0.0,0.0,0.04,0.08,0.06,0.0,0.04,0.0,0.1,0.08,0.04,0.06,0.0,0.04,0.12,0.0,0.04,0.0,0.08,0.0,0.0,0.04,0.1,0.0,0.04,0.08,0.11,0.08,0.14,0.05,0.04,0.04
pasta al forno senza besciamella con prosciutto e mozzarella,0.04,0.2,0.1,0.12,0.09,0.0,0.12,0.09,0.0,0.15,0.06,0.04,0.16,0.04,0.12,0.08,0.2,0.1,0.12,0.08,0.14,0.08,0.1,0.12,0.12,0.1,0.06,0.15,0.1,0.13,0.1,0.16,0.11,0.14,0.1,0.11,0.11,0.0,0.06,0.04,0.06,0.12,0.04,0.0,0.0,0.06,0.0,0.05,0.04,0.1,0.14,0.09,0.09,0.0,0.0,0.15,0.04,0.08,0.04,0.08,0.15,0.15,0.0,0.12,0.06,0.04,0.06,0.11,0.14,0.1,0.0,0.04,0.1,0.07,0.19,0.1,0.0,0.0,0.06,0.05,0.06,0.05,0.1,0.06,0.1,0.16,0.0,0.0,0.07,0.05,0.09,0.1,0.14,0.12,0.11,0.12,0.12,0.11,0.1,0.11,0.1,0.1,0.0,0.29,0.06,0.11,0.09,0.06,0.06,0.14,0.0,0.06,0.19,0.14,0.1,0.1,0.1,0.09,0.1,0.12,0.0,0.12,0.05,0.12,0.1,0.09,0.16,0.15,0.14,0.15,0.18,0.16,0.0,0.0,0.18,0.21,0.1,0.1,0.1,0.1,0.12,0.14,0.06,0.0,0.09,0.0,0.26,0.0,0.0,0.0,0.05,0.1,0.16,0.05,0.16,0.1,0.0,0.04,0.05,0.06,0.07,0.0,0.11,0.21,0.25,0.16,0.16,0.18,0.14,1.0,0.12,0.26,0.11,0.34,0.34,0.22,0.26,0.12,0.13,0.06,0.11,0.2,0.18,0.4,0.1,0.07,0.12,0.16,0.12,0.29,0.11,0.29,0.21,0.16,0.28,0.26,0.06,0.21,0.12,0.24,0.12,0.26,0.14,0.18,0.15,0.06,0.1,0.16,0.16,0.0,0.1,0.06,0.2,0.22,0.19,0.16,0.0,0.04,0.16,0.16,0.0,0.06,0.08,0.09,0.1,0.0,0.04,0.12,0.12,0.11,0.1,0.0,0.05,0.22,0.16,0.12,0.0,0.15,0.0,0.12,0.0,0.04,0.12,0.05,0.1,0.1,0.19,0.16,0.04,0.14,0.19,0.12,0.12,0.1,0.11,0.16,0.0,0.12,0.0,0.09,0.06,0.07,0.12,0.0,0.06,0.0,0.06,0.06,0.16,0.04,0.26,0.29,0.03,0.14,0.07,0.06,0.06,0.1,0.22,0.08,0.06,0.12,0.18,0.14,0.12,0.15,0.0,0.05,0.1,0.06,0.06,0.16,0.17,0.16,0.14,0.12,0.06,0.08,0.4,0.18,0.0,0.0,0.06,0.14,0.14,0.1,0.11,0.06,0.05,0.08,0.04,0.15,0.18,0.07,0.15,0.14,0.0,0.2,0.1,0.04,0.0,0.11,0.06,0.22,0.06,0.04,0.12,0.08,0.0,0.0,0.04,0.06,0.0,0.05,0.1,0.08,0.04,0.16,0.06,0.1,0.05
pasta alla carbonara di zucchine,0.04,0.18,0.12,0.14,0.1,0.0,0.2,0.1,0.0,0.18,0.0,0.05,0.12,0.04,0.14,0.04,0.16,0.12,0.14,0.08,0.16,0.09,0.12,0.14,0.07,0.11,0.06,0.12,0.06,0.18,0.12,0.12,0.12,0.11,0.12,0.19,0.06,0.0,0.0,0.0,0.06,0.18,0.05,0.0,0.0,0.0,0.0,0.06,0.05,0.12,0.15,0.2,0.1,0.0,0.0,0.17,0.05,0.08,0.0,0.14,0.12,0.17,0.0,0.14,0.12,0.04,0.08,0.06,0.1,0.12,0.08,0.05,0.12,0.0,0.14,0.11,0.0,0.0,0.12,0.12,0.12,0.06,0.06,0.06,0.11,0.18,0.05,0.0,0.08,0.06,0.1,0.12,0.1,0.14,0.12,0.14,0.14,0.19,0.12,0.12,0.18,0.12,0.06,0.19,0.06,0.19,0.1,0.06,0.06,0.11,0.05,0.06,0.14,0.1,0.12,0.12,0.12,0.15,0.12,0.09,0.0,0.14,0.06,0.06,0.12,0.05,0.12,0.17,0.05,0.12,0.45,0.14,0.0,0.0,0.15,0.06,0.12,0.36,0.18,0.17,0.04,0.1,0.0,0.0,0.1,0.0,0.3,0.0,0.0,0.0,0.06,0.17,0.12,0.11,0.12,0.06,0.3,0.04,0.0,0.07,0.08,0.0,0.12,0.18,0.07,0.14,0.29,0.45,0.06,0.12,1.0,0.18,0.12,0.06,0.14,0.06,0.12,0.14,0.1,0.24,0.12,0.06,0.14,0.42,0.28,0.08,0.39,0.0,0.54,0.1,0.42,0.07,0.07,0.05,0.14,0.12,0.07,0.12,0.41,0.08,0.32,0.06,0.16,0.4,0.12,0.14,0.06,0.12,0.12,0.0,0.12,0.06,0.12,0.17,0.22,0.12,0.0,0.0,0.12,0.15,0.0,0.0,0.1,0.05,0.12,0.0,0.1,0.06,0.14,0.12,0.12,0.0,0.12,0.2,0.12,0.06,0.0,0.12,0.0,0.06,0.0,0.05,0.13,0.0,0.12,0.12,0.22,0.1,0.04,0.16,0.07,0.32,0.14,0.12,0.12,0.06,0.0,0.14,0.0,0.1,0.06,0.0,0.14,0.0,0.06,0.0,0.0,0.06,0.18,0.0,0.06,0.14,0.04,0.16,0.08,0.14,0.06,0.18,0.12,0.1,0.06,0.26,0.16,0.15,0.09,0.12,0.0,0.06,0.16,0.06,0.12,0.19,0.2,0.04,0.16,0.07,0.06,0.14,0.19,0.16,0.0,0.0,0.07,0.1,0.15,0.06,0.12,0.0,0.06,0.0,0.0,0.12,0.42,0.08,0.06,0.1,0.0,0.16,0.17,0.0,0.0,0.0,0.05,0.1,0.0,0.05,0.06,0.1,0.0,0.0,0.04,0.12,0.05,0.06,0.12,0.14,0.05,0.18,0.06,0.06,0.12
pasta alla siciliana,0.0,0.0,0.1,0.0,0.0,0.0,0.17,0.09,0.0,0.14,0.0,0.0,0.15,0.0,0.12,0.0,0.2,0.1,0.0,0.0,0.14,0.0,0.1,0.12,0.12,0.09,0.0,0.14,0.0,0.18,0.13,0.15,0.0,0.14,0.1,0.16,0.1,0.0,0.06,0.04,0.0,0.0,0.0,0.0,0.0,0.06,0.0,0.05,0.04,0.1,0.12,0.17,0.08,0.0,0.0,0.14,0.04,0.07,0.04,0.0,0.0,0.0,0.04,0.11,0.0,0.04,0.06,0.0,0.13,0.1,0.0,0.04,0.1,0.0,0.18,0.09,0.0,0.0,0.1,0.1,0.1,0.04,0.1,0.0,0.09,0.15,0.0,0.0,0.0,0.04,0.09,0.1,0.13,0.11,0.1,0.11,0.12,0.1,0.1,0.1,0.15,0.1,0.0,0.1,0.06,0.16,0.09,0.05,0.06,0.09,0.0,0.06,0.18,0.13,0.1,0.1,0.1,0.12,0.1,0.12,0.0,0.11,0.0,0.11,0.1,0.0,0.15,0.19,0.0,0.1,0.17,0.2,0.0,0.0,0.12,0.2,0.14,0.1,0.15,0.14,0.0,0.0,0.0,0.0,0.0,0.0,0.1,0.0,0.0,0.0,0.05,0.14,0.16,0.09,0.0,0.1,0.0,0.03,0.0,0.06,0.06,0.0,0.1,0.25,0.12,0.11,0.16,0.2,0.09,0.26,0.18,1.0,0.1,0.22,0.17,0.06,0.1,0.11,0.12,0.06,0.1,0.06,0.17,0.26,0.1,0.06,0.22,0.0,0.11,0.09,0.16,0.12,0.12,0.04,0.11,0.1,0.06,0.15,0.18,0.06,0.11,0.1,0.0,0.12,0.14,0.17,0.1,0.2,0.2,0.0,0.1,0.06,0.24,0.21,0.23,0.15,0.0,0.0,0.16,0.16,0.0,0.0,0.12,0.09,0.1,0.0,0.0,0.11,0.11,0.1,0.1,0.0,0.05,0.2,0.0,0.11,0.0,0.1,0.0,0.11,0.0,0.0,0.11,0.0,0.14,0.1,0.22,0.12,0.04,0.13,0.18,0.11,0.11,0.1,0.1,0.1,0.0,0.17,0.0,0.09,0.06,0.06,0.12,0.0,0.11,0.0,0.0,0.06,0.2,0.04,0.1,0.18,0.03,0.13,0.06,0.12,0.06,0.15,0.16,0.0,0.06,0.11,0.0,0.12,0.12,0.14,0.0,0.05,0.0,0.06,0.1,0.16,0.16,0.16,0.1,0.06,0.06,0.11,0.21,0.18,0.0,0.0,0.06,0.12,0.12,0.1,0.16,0.06,0.05,0.0,0.0,0.14,0.21,0.06,0.14,0.13,0.0,0.18,0.14,0.0,0.0,0.0,0.0,0.21,0.0,0.0,0.11,0.0,0.0,0.0,0.0,0.0,0.0,0.05,0.1,0.12,0.0,0.15,0.06,0.0,0.1
pasta broccoli e cozze,0.06,0.12,0.28,0.12,0.09,0.0,0.12,0.09,0.0,0.15,0.0,0.09,0.18,0.08,0.12,0.08,0.14,0.21,0.12,0.08,0.19,0.16,0.1,0.19,0.19,0.24,0.06,0.1,0.05,0.13,0.14,0.16,0.11,0.19,0.26,0.11,0.06,0.0,0.0,0.0,0.06,0.16,0.04,0.0,0.04,0.0,0.0,0.2,0.04,0.21,0.14,0.14,0.14,0.0,0.04,0.25,0.09,0.08,0.0,0.16,0.05,0.1,0.04,0.18,0.06,0.04,0.06,0.06,0.09,0.1,0.0,0.09,0.26,0.0,0.12,0.14,0.0,0.05,0.06,0.05,0.06,0.14,0.06,0.06,0.1,0.18,0.0,0.0,0.07,0.05,0.09,0.1,0.14,0.12,0.2,0.12,0.12,0.11,0.1,0.11,0.18,0.1,0.0,0.11,0.12,0.11,0.09,0.06,0.06,0.1,0.14,0.06,0.12,0.09,0.1,0.1,0.1,0.09,0.1,0.08,0.0,0.18,0.05,0.06,0.1,0.04,0.1,0.1,0.04,0.1,0.18,0.16,0.0,0.0,0.14,0.06,0.15,0.1,0.29,0.1,0.08,0.18,0.0,0.0,0.18,0.0,0.1,0.06,0.0,0.06,0.05,0.2,0.16,0.1,0.11,0.15,0.05,0.14,0.05,0.06,0.07,0.0,0.11,0.1,0.06,0.12,0.06,0.18,0.1,0.11,0.12,0.1,1.0,0.12,0.18,0.06,0.32,0.24,0.08,0.38,0.22,0.12,0.18,0.11,0.05,0.07,0.18,0.0,0.06,0.24,0.11,0.06,0.06,0.2,0.18,0.11,0.12,0.1,0.12,0.07,0.18,0.11,0.14,0.14,0.1,0.06,0.06,0.16,0.16,0.0,0.1,0.06,0.1,0.29,0.14,0.1,0.0,0.0,0.11,0.14,0.0,0.06,0.04,0.04,0.1,0.0,0.04,0.06,0.12,0.11,0.16,0.04,0.1,0.14,0.1,0.12,0.04,0.22,0.06,0.06,0.0,0.04,0.12,0.0,0.1,0.24,0.26,0.16,0.04,0.14,0.06,0.18,0.18,0.16,0.11,0.31,0.05,0.06,0.0,0.09,0.06,0.0,0.12,0.12,0.06,0.0,0.0,0.11,0.1,0.0,0.16,0.06,0.03,0.14,0.3,0.12,0.0,0.1,0.11,0.12,0.24,0.12,0.09,0.09,0.16,0.1,0.0,0.15,0.14,0.06,0.16,0.16,0.13,0.04,0.1,0.06,0.06,0.08,0.11,0.14,0.0,0.0,0.06,0.18,0.14,0.05,0.06,0.0,0.1,0.0,0.0,0.1,0.14,0.07,0.05,0.04,0.0,0.17,0.1,0.04,0.21,0.0,0.04,0.18,0.0,0.04,0.06,0.13,0.0,0.0,0.04,0.06,0.04,0.36,0.4,0.16,0.08,0.26,0.11,0.1,0.05
pasta burrata e melanzane,0.04,0.13,0.06,0.06,0.04,0.0,0.06,0.1,0.0,0.1,0.0,0.1,0.11,0.08,0.06,0.04,0.34,0.11,0.06,0.0,0.1,0.08,0.06,0.14,0.14,0.1,0.06,0.16,0.16,0.1,0.14,0.11,0.06,0.16,0.1,0.06,0.0,0.0,0.0,0.05,0.06,0.08,0.04,0.0,0.04,0.0,0.0,0.06,0.0,0.11,0.04,0.14,0.1,0.06,0.0,0.1,0.04,0.08,0.0,0.08,0.1,0.06,0.04,0.12,0.06,0.04,0.04,0.06,0.05,0.06,0.0,0.0,0.11,0.0,0.06,0.1,0.0,0.06,0.0,0.1,0.06,0.1,0.06,0.12,0.05,0.12,0.0,0.0,0.07,0.0,0.05,0.06,0.1,0.06,0.06,0.06,0.06,0.06,0.06,0.06,0.06,0.06,0.0,0.24,0.0,0.06,0.05,0.0,0.0,0.05,0.04,0.0,0.14,0.1,0.06,0.06,0.06,0.1,0.06,0.08,0.0,0.06,0.05,0.06,0.06,0.1,0.06,0.06,0.1,0.06,0.12,0.14,0.0,0.0,0.1,0.28,0.32,0.06,0.11,0.06,0.04,0.14,0.0,0.0,0.14,0.0,0.06,0.06,0.0,0.06,0.06,0.1,0.12,0.1,0.06,0.1,0.06,0.04,0.1,0.15,0.0,0.0,0.06,0.06,0.06,0.08,0.06,0.12,0.2,0.34,0.06,0.22,0.12,1.0,0.22,0.16,0.28,0.12,0.04,0.06,0.12,0.15,0.18,0.12,0.06,0.0,0.22,0.16,0.06,0.24,0.06,0.16,0.34,0.16,0.29,0.22,0.14,0.06,0.06,0.17,0.12,0.22,0.1,0.1,0.06,0.06,0.11,0.17,0.17,0.0,0.06,0.06,0.16,0.2,0.16,0.3,0.0,0.04,0.06,0.1,0.0,0.06,0.09,0.05,0.06,0.0,0.04,0.06,0.06,0.06,0.11,0.04,0.16,0.15,0.06,0.12,0.1,0.06,0.06,0.12,0.0,0.05,0.12,0.0,0.1,0.11,0.08,0.09,0.04,0.1,0.43,0.12,0.12,0.11,0.06,0.06,0.05,0.06,0.0,0.05,0.0,0.0,0.06,0.06,0.0,0.0,0.0,0.06,0.06,0.0,0.0,0.06,0.0,0.07,0.07,0.06,0.0,0.06,0.06,0.14,0.06,0.12,0.1,0.04,0.08,0.06,0.0,0.06,0.05,0.0,0.12,0.09,0.14,0.04,0.08,0.06,0.0,0.04,0.12,0.05,0.04,0.0,0.06,0.1,0.1,0.06,0.06,0.0,0.06,0.0,0.04,0.06,0.1,0.07,0.06,0.05,0.0,0.12,0.06,0.04,0.08,0.0,0.05,0.14,0.0,0.04,0.0,0.04,0.0,0.0,0.04,0.06,0.0,0.06,0.1,0.09,0.04,0.17,0.24,0.1,0.06
pasta carciofi e pancetta,0.04,0.17,0.1,0.12,0.1,0.0,0.12,0.1,0.0,0.16,0.0,0.05,0.11,0.04,0.14,0.04,0.14,0.3,0.14,0.08,0.16,0.12,0.11,0.14,0.06,0.16,0.06,0.1,0.05,0.14,0.11,0.22,0.12,0.1,0.1,0.12,0.12,0.0,0.06,0.0,0.06,0.13,0.04,0.0,0.0,0.06,0.0,0.06,0.05,0.11,0.14,0.1,0.1,0.0,0.0,0.16,0.04,0.12,0.05,0.08,0.06,0.1,0.0,0.12,0.06,0.04,0.07,0.06,0.14,0.1,0.0,0.1,0.11,0.0,0.2,0.1,0.0,0.0,0.06,0.06,0.06,0.1,0.11,0.06,0.1,0.16,0.0,0.0,0.07,0.05,0.1,0.11,0.1,0.12,0.12,0.12,0.14,0.12,0.1,0.18,0.11,0.1,0.0,0.3,0.06,0.12,0.1,0.06,0.06,0.1,0.0,0.06,0.14,0.14,0.1,0.11,0.1,0.1,0.1,0.08,0.06,0.12,0.05,0.12,0.1,0.1,0.17,0.16,0.1,0.1,0.18,0.14,0.0,0.0,0.14,0.11,0.1,0.1,0.11,0.1,0.08,0.1,0.0,0.06,0.1,0.0,0.11,0.0,0.0,0.0,0.06,0.1,0.18,0.1,0.24,0.06,0.0,0.04,0.0,0.06,0.07,0.0,0.12,0.17,0.14,0.12,0.12,0.16,0.1,0.34,0.14,0.17,0.18,0.22,1.0,0.22,0.28,0.12,0.14,0.06,0.36,0.27,0.12,0.18,0.06,0.07,0.12,0.16,0.12,0.3,0.12,0.3,0.22,0.16,0.29,0.34,0.06,0.17,0.14,0.24,0.12,0.34,0.1,0.14,0.16,0.06,0.06,0.17,0.17,0.0,0.1,0.06,0.16,0.16,0.16,0.11,0.0,0.0,0.18,0.14,0.0,0.06,0.09,0.14,0.17,0.0,0.04,0.06,0.12,0.12,0.11,0.0,0.06,0.19,0.17,0.12,0.0,0.1,0.0,0.06,0.0,0.05,0.12,0.0,0.1,0.29,0.34,0.14,0.04,0.1,0.06,0.12,0.12,0.11,0.12,0.11,0.0,0.06,0.0,0.14,0.06,0.07,0.14,0.0,0.06,0.0,0.0,0.12,0.17,0.04,0.12,0.14,0.04,0.14,0.07,0.06,0.0,0.11,0.18,0.09,0.06,0.06,0.1,0.1,0.13,0.16,0.0,0.06,0.1,0.06,0.22,0.18,0.18,0.13,0.12,0.06,0.06,0.08,0.18,0.2,0.0,0.0,0.06,0.19,0.19,0.1,0.12,0.06,0.06,0.0,0.0,0.16,0.19,0.07,0.16,0.1,0.0,0.21,0.1,0.04,0.0,0.0,0.1,0.19,0.0,0.04,0.12,0.09,0.0,0.0,0.04,0.06,0.0,0.1,0.16,0.09,0.04,0.11,0.06,0.05,0.06
pasta carciofi e speck,0.07,0.04,0.06,0.06,0.04,0.0,0.12,0.0,0.0,0.06,0.0,0.0,0.06,0.0,0.06,0.04,0.07,0.06,0.06,0.08,0.05,0.04,0.06,0.06,0.06,0.05,0.0,0.06,0.0,0.04,0.07,0.06,0.06,0.05,0.06,0.06,0.06,0.0,0.0,0.0,0.0,0.13,0.0,0.0,0.07,0.0,0.0,0.06,0.05,0.06,0.1,0.04,0.1,0.0,0.0,0.06,0.0,0.0,0.0,0.0,0.0,0.06,0.0,0.06,0.0,0.0,0.07,0.0,0.1,0.1,0.0,0.04,0.06,0.0,0.06,0.05,0.0,0.0,0.06,0.0,0.0,0.0,0.0,0.0,0.05,0.1,0.0,0.0,0.0,0.1,0.1,0.11,0.05,0.06,0.06,0.06,0.06,0.12,0.06,0.06,0.06,0.06,0.0,0.24,0.06,0.06,0.05,0.06,0.12,0.05,0.0,0.06,0.06,0.1,0.06,0.11,0.06,0.04,0.06,0.04,0.0,0.06,0.0,0.0,0.06,0.0,0.06,0.06,0.0,0.1,0.06,0.04,0.0,0.0,0.04,0.0,0.06,0.06,0.11,0.1,0.04,0.04,0.0,0.0,0.05,0.0,0.06,0.0,0.0,0.0,0.0,0.06,0.06,0.05,0.06,0.06,0.0,0.04,0.0,0.06,0.07,0.0,0.06,0.06,0.0,0.04,0.0,0.03,0.1,0.22,0.06,0.06,0.06,0.16,0.22,1.0,0.28,0.06,0.04,0.06,0.06,0.21,0.06,0.06,0.06,0.07,0.06,0.16,0.0,0.24,0.12,0.24,0.22,0.16,0.22,0.22,0.0,0.06,0.06,0.24,0.06,0.16,0.05,0.04,0.06,0.06,0.0,0.06,0.06,0.0,0.06,0.06,0.06,0.08,0.05,0.06,0.0,0.04,0.06,0.07,0.0,0.06,0.0,0.0,0.06,0.0,0.0,0.06,0.06,0.06,0.06,0.0,0.0,0.08,0.06,0.0,0.0,0.06,0.0,0.0,0.0,0.0,0.04,0.0,0.06,0.04,0.08,0.04,0.0,0.05,0.0,0.06,0.06,0.11,0.06,0.06,0.0,0.06,0.0,0.05,0.06,0.0,0.06,0.0,0.0,0.0,0.0,0.0,0.11,0.0,0.06,0.0,0.06,0.07,0.07,0.0,0.0,0.06,0.06,0.09,0.06,0.06,0.1,0.1,0.08,0.06,0.0,0.06,0.1,0.06,0.06,0.09,0.04,0.04,0.04,0.0,0.06,0.04,0.06,0.1,0.0,0.0,0.0,0.04,0.04,0.0,0.0,0.06,0.06,0.0,0.0,0.06,0.04,0.0,0.06,0.0,0.0,0.06,0.1,0.0,0.0,0.0,0.0,0.04,0.0,0.04,0.06,0.09,0.0,0.0,0.0,0.0,0.0,0.06,0.06,0.09,0.09,0.06,0.06,0.05,0.0
"pasta ceci e cozze, la ricetta filologica con la pasta mista",0.1,0.12,0.1,0.12,0.09,0.0,0.12,0.09,0.0,0.15,0.0,0.09,0.1,0.12,0.12,0.08,0.14,0.16,0.12,0.08,0.14,0.16,0.1,0.19,0.12,0.14,0.06,0.1,0.05,0.13,0.2,0.16,0.11,0.14,0.15,0.33,0.06,0.0,0.0,0.0,0.06,0.24,0.04,0.0,0.1,0.0,0.0,0.1,0.04,0.16,0.09,0.14,0.35,0.0,0.0,0.15,0.04,0.08,0.0,0.08,0.05,0.1,0.04,0.18,0.06,0.12,0.06,0.06,0.14,0.15,0.0,0.04,0.21,0.0,0.12,0.19,0.0,0.05,0.06,0.05,0.06,0.1,0.06,0.06,0.1,0.18,0.0,0.0,0.07,0.05,0.09,0.1,0.14,0.12,0.11,0.12,0.12,0.11,0.1,0.11,0.1,0.15,0.0,0.29,0.06,0.11,0.09,0.06,0.06,0.1,0.09,0.06,0.12,0.09,0.1,0.1,0.1,0.09,0.1,0.08,0.0,0.12,0.05,0.06,0.1,0.04,0.1,0.1,0.04,0.15,0.18,0.12,0.0,0.0,0.18,0.06,0.15,0.1,0.21,0.15,0.08,0.14,0.0,0.0,0.14,0.0,0.1,0.06,0.0,0.06,0.05,0.15,0.16,0.1,0.11,0.15,0.05,0.1,0.05,0.06,0.07,0.0,0.11,0.1,0.06,0.12,0.06,0.14,0.19,0.26,0.12,0.1,0.32,0.28,0.28,0.28,1.0,0.18,0.08,0.12,0.16,0.2,0.18,0.11,0.05,0.07,0.12,0.16,0.06,0.33,0.16,0.22,0.21,0.2,0.34,0.26,0.19,0.1,0.12,0.24,0.18,0.21,0.18,0.14,0.1,0.06,0.06,0.16,0.16,0.0,0.1,0.06,0.1,0.18,0.14,0.1,0.0,0.04,0.11,0.16,0.06,0.11,0.04,0.04,0.1,0.0,0.04,0.06,0.12,0.16,0.1,0.0,0.15,0.14,0.1,0.12,0.04,0.1,0.06,0.06,0.0,0.04,0.12,0.0,0.1,0.14,0.16,0.08,0.04,0.14,0.06,0.18,0.18,0.21,0.11,0.26,0.05,0.06,0.0,0.09,0.06,0.0,0.12,0.06,0.0,0.0,0.0,0.06,0.1,0.0,0.06,0.06,0.03,0.14,0.14,0.06,0.0,0.1,0.11,0.16,0.18,0.12,0.14,0.14,0.16,0.1,0.0,0.1,0.1,0.06,0.11,0.16,0.13,0.04,0.1,0.06,0.06,0.08,0.11,0.14,0.0,0.0,0.06,0.14,0.14,0.05,0.06,0.06,0.1,0.0,0.0,0.1,0.14,0.07,0.05,0.04,0.0,0.17,0.15,0.04,0.07,0.0,0.04,0.09,0.0,0.04,0.06,0.13,0.0,0.0,0.04,0.06,0.0,0.36,0.3,0.16,0.17,0.16,0.11,0.1,0.05
pasta con baccalà in bianco,0.07,0.13,0.1,0.12,0.1,0.0,0.12,0.1,0.0,0.16,0.0,0.1,0.11,0.08,0.14,0.08,0.14,0.17,0.14,0.08,0.2,0.12,0.11,0.2,0.2,0.2,0.06,0.1,0.05,0.14,0.14,0.22,0.12,0.16,0.22,0.12,0.06,0.0,0.0,0.0,0.06,0.17,0.04,0.0,0.04,0.0,0.0,0.16,0.05,0.17,0.1,0.14,0.14,0.0,0.0,0.16,0.04,0.08,0.0,0.17,0.06,0.1,0.04,0.18,0.06,0.04,0.07,0.06,0.1,0.1,0.0,0.04,0.22,0.0,0.14,0.16,0.0,0.06,0.06,0.06,0.06,0.16,0.06,0.06,0.1,0.19,0.0,0.0,0.07,0.05,0.1,0.11,0.14,0.12,0.12,0.12,0.14,0.12,0.1,0.12,0.11,0.1,0.0,0.18,0.06,0.12,0.1,0.06,0.06,0.1,0.1,0.06,0.14,0.1,0.1,0.11,0.1,0.1,0.1,0.08,0.0,0.18,0.05,0.06,0.1,0.05,0.11,0.1,0.05,0.1,0.18,0.14,0.06,0.0,0.14,0.06,0.22,0.1,0.17,0.1,0.08,0.14,0.0,0.0,0.14,0.0,0.11,0.06,0.0,0.06,0.06,0.16,0.18,0.05,0.12,0.16,0.06,0.07,0.05,0.06,0.07,0.0,0.12,0.11,0.06,0.12,0.06,0.16,0.1,0.12,0.14,0.11,0.24,0.12,0.12,0.06,0.18,1.0,0.09,0.12,0.18,0.06,0.18,0.12,0.06,0.07,0.12,0.0,0.06,0.14,0.12,0.06,0.06,0.14,0.18,0.12,0.14,0.11,0.14,0.07,0.38,0.06,0.14,0.14,0.1,0.06,0.06,0.17,0.17,0.0,0.1,0.06,0.1,0.2,0.16,0.11,0.0,0.0,0.12,0.14,0.0,0.06,0.04,0.05,0.11,0.0,0.04,0.06,0.12,0.12,0.11,0.04,0.1,0.15,0.17,0.12,0.05,0.1,0.06,0.06,0.0,0.05,0.12,0.0,0.1,0.14,0.16,0.09,0.04,0.14,0.06,0.18,0.18,0.17,0.12,0.11,0.05,0.06,0.0,0.1,0.06,0.0,0.14,0.06,0.0,0.0,0.0,0.06,0.11,0.0,0.06,0.06,0.04,0.14,0.22,0.06,0.0,0.11,0.12,0.14,0.12,0.12,0.1,0.1,0.13,0.1,0.0,0.16,0.1,0.06,0.12,0.18,0.14,0.04,0.12,0.06,0.06,0.08,0.12,0.14,0.0,0.0,0.06,0.14,0.14,0.06,0.06,0.0,0.1,0.0,0.0,0.1,0.14,0.07,0.06,0.05,0.0,0.18,0.1,0.04,0.14,0.0,0.05,0.14,0.0,0.04,0.06,0.09,0.0,0.0,0.04,0.06,0.0,0.1,0.16,0.14,0.09,0.17,0.12,0.1,0.06
pasta con bietole e noci al forno senza glutine,0.1,0.12,0.08,0.09,0.07,0.0,0.09,0.07,0.04,0.12,0.0,0.04,0.08,0.03,0.1,0.03,0.1,0.08,0.1,0.06,0.11,0.06,0.08,0.1,0.05,0.08,0.04,0.12,0.08,0.12,0.08,0.12,0.08,0.08,0.08,0.13,0.08,0.0,0.08,0.04,0.04,0.1,0.04,0.08,0.05,0.14,0.0,0.04,0.07,0.08,0.07,0.07,0.07,0.08,0.07,0.12,0.04,0.08,0.14,0.1,0.04,0.12,0.07,0.09,0.08,0.06,0.12,0.08,0.18,0.12,0.12,0.04,0.08,0.06,0.14,0.08,0.0,0.08,0.08,0.12,0.08,0.08,0.12,0.09,0.08,0.12,0.0,0.0,0.06,0.04,0.07,0.08,0.07,0.09,0.08,0.09,0.1,0.08,0.08,0.08,0.08,0.08,0.04,0.08,0.04,0.08,0.07,0.04,0.04,0.08,0.04,0.09,0.1,0.07,0.08,0.08,0.08,0.07,0.08,0.06,0.08,0.09,0.04,0.14,0.08,0.1,0.16,0.16,0.1,0.12,0.14,0.13,0.0,0.0,0.1,0.08,0.08,0.08,0.08,0.08,0.06,0.07,0.05,0.08,0.07,0.0,0.12,0.0,0.0,0.0,0.04,0.08,0.13,0.08,0.13,0.04,0.0,0.02,0.0,0.16,0.06,0.0,0.08,0.12,0.1,0.12,0.13,0.14,0.04,0.13,0.1,0.12,0.08,0.04,0.14,0.04,0.08,0.09,1.0,0.04,0.08,0.09,0.09,0.13,0.04,0.06,0.09,0.1,0.09,0.07,0.08,0.14,0.05,0.04,0.09,0.08,0.05,0.12,0.1,0.06,0.09,0.08,0.07,0.14,0.12,0.09,0.04,0.12,0.12,0.0,0.16,0.04,0.12,0.12,0.11,0.08,0.04,0.09,0.13,0.16,0.04,0.08,0.1,0.1,0.12,0.0,0.04,0.04,0.09,0.13,0.08,0.04,0.04,0.11,0.12,0.09,0.07,0.12,0.04,0.04,0.06,0.04,0.12,0.0,0.08,0.08,0.2,0.2,0.03,0.07,0.05,0.09,0.09,0.08,0.08,0.08,0.0,0.04,0.0,0.07,0.08,0.1,0.1,0.1,0.09,0.06,0.04,0.08,0.16,0.1,0.08,0.1,0.1,0.1,0.1,0.05,0.0,0.08,0.17,0.1,0.04,0.04,0.07,0.07,0.12,0.24,0.0,0.04,0.08,0.04,0.04,0.13,0.16,0.12,0.14,0.05,0.04,0.12,0.13,0.18,0.1,0.0,0.1,0.1,0.14,0.12,0.08,0.05,0.12,0.0,0.06,0.16,0.18,0.06,0.08,0.07,0.1,0.18,0.08,0.04,0.0,0.04,0.08,0.14,0.04,0.04,0.14,0.06,0.0,0.04,0.06,0.08,0.0,0.04,0.08,0.06,0.04,0.08,0.13,0.04,0.04
"pasta con broccoli e tonno, un primo perfettamente legato",0.07,0.04,0.2,0.06,0.04,0.0,0.06,0.0,0.0,0.06,0.0,0.05,0.12,0.08,0.06,0.08,0.07,0.11,0.06,0.08,0.05,0.12,0.06,0.14,0.14,0.1,0.0,0.06,0.0,0.07,0.07,0.11,0.06,0.1,0.16,0.06,0.06,0.0,0.0,0.0,0.0,0.13,0.0,0.0,0.04,0.0,0.0,0.1,0.05,0.11,0.1,0.1,0.1,0.0,0.0,0.14,0.0,0.0,0.0,0.0,0.0,0.1,0.04,0.12,0.0,0.0,0.07,0.0,0.05,0.1,0.0,0.04,0.11,0.0,0.06,0.16,0.0,0.06,0.06,0.0,0.0,0.05,0.0,0.0,0.05,0.1,0.0,0.0,0.0,0.05,0.05,0.06,0.05,0.06,0.13,0.06,0.06,0.06,0.06,0.06,0.12,0.1,0.0,0.06,0.12,0.06,0.05,0.06,0.06,0.05,0.04,0.06,0.06,0.05,0.06,0.06,0.06,0.04,0.06,0.04,0.0,0.11,0.0,0.0,0.06,0.0,0.06,0.06,0.0,0.06,0.12,0.09,0.0,0.06,0.04,0.0,0.1,0.06,0.21,0.06,0.08,0.14,0.0,0.0,0.1,0.0,0.06,0.06,0.0,0.06,0.0,0.16,0.12,0.0,0.06,0.16,0.06,0.07,0.05,0.06,0.07,0.0,0.06,0.06,0.0,0.04,0.0,0.22,0.05,0.06,0.24,0.06,0.38,0.06,0.06,0.06,0.12,0.12,0.04,1.0,0.12,0.06,0.18,0.22,0.2,0.07,0.21,0.0,0.15,0.18,0.22,0.06,0.06,0.25,0.12,0.06,0.06,0.06,0.22,0.07,0.12,0.0,0.1,0.1,0.06,0.0,0.0,0.11,0.11,0.0,0.06,0.0,0.06,0.2,0.05,0.06,0.0,0.0,0.06,0.07,0.0,0.06,0.0,0.0,0.06,0.0,0.0,0.12,0.06,0.06,0.06,0.0,0.1,0.08,0.06,0.06,0.05,0.16,0.06,0.0,0.0,0.0,0.04,0.0,0.06,0.16,0.16,0.1,0.0,0.1,0.0,0.12,0.12,0.11,0.06,0.11,0.05,0.06,0.0,0.05,0.06,0.0,0.06,0.06,0.0,0.0,0.0,0.0,0.06,0.0,0.15,0.0,0.06,0.07,0.23,0.0,0.06,0.06,0.06,0.09,0.18,0.18,0.1,0.04,0.08,0.06,0.0,0.1,0.05,0.06,0.06,0.09,0.09,0.04,0.04,0.0,0.06,0.04,0.06,0.1,0.0,0.0,0.0,0.1,0.04,0.0,0.0,0.06,0.1,0.0,0.0,0.06,0.04,0.0,0.06,0.0,0.0,0.09,0.06,0.04,0.08,0.0,0.0,0.04,0.0,0.0,0.06,0.18,0.0,0.0,0.0,0.0,0.05,0.1,0.1,0.09,0.09,0.2,0.12,0.1,0.0
pasta con carciofi,0.06,0.12,0.1,0.12,0.09,0.0,0.12,0.09,0.0,0.15,0.0,0.09,0.1,0.08,0.12,0.08,0.14,0.38,0.12,0.08,0.14,0.16,0.1,0.19,0.12,0.19,0.06,0.1,0.05,0.13,0.14,0.16,0.11,0.14,0.15,0.11,0.06,0.0,0.0,0.0,0.06,0.16,0.04,0.0,0.04,0.0,0.0,0.1,0.04,0.16,0.14,0.14,0.14,0.0,0.0,0.15,0.04,0.08,0.0,0.08,0.05,0.1,0.04,0.18,0.06,0.04,0.06,0.06,0.09,0.1,0.0,0.09,0.16,0.0,0.12,0.14,0.0,0.05,0.06,0.05,0.06,0.1,0.06,0.06,0.1,0.18,0.0,0.0,0.07,0.05,0.09,0.1,0.09,0.12,0.11,0.12,0.12,0.11,0.1,0.11,0.1,0.1,0.0,0.11,0.06,0.11,0.09,0.06,0.06,0.1,0.04,0.06,0.12,0.09,0.1,0.1,0.1,0.09,0.1,0.08,0.05,0.12,0.05,0.06,0.1,0.04,0.1,0.1,0.04,0.1,0.18,0.12,0.0,0.0,0.14,0.06,0.15,0.1,0.16,0.1,0.08,0.14,0.0,0.0,0.14,0.0,0.1,0.11,0.0,0.06,0.05,0.15,0.16,0.1,0.11,0.1,0.05,0.07,0.05,0.06,0.07,0.0,0.11,0.1,0.06,0.12,0.06,0.14,0.1,0.11,0.12,0.1,0.22,0.12,0.36,0.06,0.16,0.18,0.08,0.12,1.0,0.18,0.18,0.11,0.05,0.14,0.12,0.0,0.06,0.14,0.11,0.06,0.06,0.09,0.18,0.11,0.12,0.1,0.12,0.07,0.18,0.16,0.14,0.14,0.1,0.06,0.1,0.16,0.16,0.0,0.1,0.06,0.1,0.18,0.14,0.1,0.0,0.0,0.11,0.14,0.0,0.06,0.04,0.04,0.1,0.0,0.04,0.06,0.12,0.11,0.1,0.0,0.1,0.14,0.1,0.12,0.04,0.1,0.06,0.06,0.0,0.04,0.16,0.0,0.1,0.34,0.32,0.08,0.04,0.14,0.06,0.18,0.18,0.16,0.11,0.1,0.05,0.06,0.0,0.09,0.11,0.07,0.12,0.06,0.0,0.0,0.0,0.11,0.1,0.0,0.06,0.06,0.03,0.14,0.14,0.06,0.0,0.1,0.11,0.12,0.12,0.12,0.09,0.09,0.12,0.1,0.0,0.1,0.1,0.12,0.29,0.16,0.13,0.04,0.1,0.06,0.06,0.08,0.11,0.14,0.0,0.0,0.06,0.22,0.14,0.05,0.06,0.0,0.1,0.0,0.0,0.1,0.14,0.07,0.05,0.04,0.0,0.17,0.1,0.04,0.1,0.0,0.04,0.14,0.06,0.04,0.06,0.08,0.0,0.0,0.04,0.06,0.0,0.1,0.25,0.12,0.08,0.16,0.11,0.1,0.05
pasta con castagne e salsiccia,0.1,0.04,0.06,0.06,0.04,0.0,0.06,0.0,0.12,0.06,0.0,0.0,0.06,0.0,0.06,0.04,0.07,0.06,0.06,0.08,0.05,0.08,0.06,0.06,0.06,0.1,0.0,0.1,0.05,0.04,0.0,0.06,0.06,0.05,0.06,0.06,0.06,0.0,0.0,0.0,0.0,0.08,0.04,0.06,0.04,0.06,0.0,0.06,0.1,0.06,0.14,0.04,0.04,0.06,0.0,0.06,0.0,0.0,0.18,0.0,0.0,0.1,0.04,0.06,0.0,0.12,0.24,0.0,0.31,0.06,0.0,0.1,0.06,0.0,0.06,0.05,0.0,0.06,0.21,0.1,0.0,0.05,0.0,0.0,0.05,0.07,0.0,0.0,0.0,0.05,0.05,0.06,0.05,0.06,0.06,0.06,0.06,0.06,0.06,0.06,0.06,0.06,0.14,0.22,0.06,0.06,0.05,0.06,0.06,0.05,0.15,0.18,0.06,0.05,0.06,0.06,0.06,0.04,0.06,0.04,0.16,0.06,0.0,0.0,0.06,0.0,0.06,0.06,0.0,0.18,0.06,0.09,0.0,0.0,0.1,0.0,0.06,0.06,0.06,0.06,0.04,0.04,0.0,0.06,0.05,0.0,0.06,0.06,0.0,0.0,0.0,0.06,0.06,0.05,0.06,0.06,0.0,0.04,0.0,0.13,0.07,0.0,0.06,0.06,0.0,0.04,0.0,0.06,0.1,0.2,0.06,0.06,0.12,0.15,0.27,0.21,0.2,0.06,0.09,0.06,0.18,1.0,0.06,0.06,0.06,0.14,0.06,0.22,0.0,0.18,0.06,0.29,0.2,0.16,0.21,0.2,0.2,0.06,0.06,0.23,0.06,0.26,0.05,0.1,0.06,0.06,0.06,0.06,0.06,0.0,0.1,0.0,0.06,0.08,0.05,0.06,0.06,0.32,0.06,0.1,0.06,0.0,0.0,0.0,0.06,0.0,0.0,0.21,0.06,0.06,0.06,0.04,0.0,0.08,0.06,0.0,0.1,0.06,0.06,0.0,0.09,0.0,0.12,0.0,0.06,0.04,0.08,0.09,0.0,0.05,0.0,0.06,0.06,0.06,0.06,0.06,0.0,0.06,0.0,0.05,0.12,0.07,0.06,0.06,0.0,0.0,0.0,0.06,0.06,0.0,0.12,0.0,0.16,0.07,0.14,0.0,0.0,0.06,0.06,0.04,0.06,0.06,0.05,0.04,0.04,0.06,0.0,0.06,0.05,0.12,0.0,0.09,0.04,0.04,0.04,0.0,0.06,0.08,0.06,0.14,0.04,0.0,0.0,0.14,0.04,0.0,0.0,0.0,0.19,0.0,0.22,0.06,0.04,0.0,0.1,0.0,0.15,0.06,0.06,0.0,0.0,0.06,0.02,0.21,0.06,0.0,0.12,0.04,0.0,0.06,0.0,0.0,0.0,0.06,0.16,0.04,0.04,0.06,0.12,0.05,0.0
pasta con i gamberetti,0.07,0.13,0.1,0.12,0.1,0.0,0.12,0.1,0.0,0.16,0.0,0.1,0.17,0.12,0.14,0.08,0.22,0.17,0.14,0.08,0.16,0.16,0.11,0.2,0.14,0.16,0.06,0.1,0.05,0.14,0.14,0.17,0.12,0.16,0.16,0.12,0.06,0.0,0.0,0.05,0.06,0.17,0.04,0.0,0.04,0.0,0.0,0.1,0.05,0.17,0.1,0.14,0.14,0.0,0.0,0.16,0.04,0.08,0.0,0.08,0.06,0.16,0.04,0.18,0.06,0.04,0.07,0.06,0.1,0.1,0.0,0.04,0.17,0.0,0.14,0.2,0.0,0.06,0.06,0.06,0.06,0.1,0.06,0.06,0.1,0.19,0.0,0.0,0.07,0.05,0.1,0.11,0.14,0.12,0.12,0.12,0.14,0.12,0.1,0.12,0.11,0.1,0.0,0.12,0.06,0.12,0.1,0.06,0.06,0.1,0.04,0.06,0.2,0.14,0.1,0.11,0.1,0.1,0.1,0.13,0.0,0.12,0.05,0.06,0.1,0.05,0.11,0.1,0.05,0.1,0.18,0.14,0.0,0.0,0.14,0.06,0.16,0.32,0.17,0.1,0.08,0.14,0.0,0.0,0.14,0.0,0.11,0.06,0.0,0.06,0.06,0.22,0.18,0.05,0.12,0.16,0.1,0.07,0.05,0.06,0.07,0.0,0.12,0.11,0.06,0.12,0.06,0.16,0.1,0.18,0.14,0.17,0.18,0.18,0.12,0.06,0.18,0.18,0.09,0.18,0.18,0.06,1.0,0.18,0.06,0.07,0.12,0.0,0.06,0.14,0.12,0.06,0.06,0.1,0.18,0.12,0.14,0.11,0.14,0.07,0.18,0.06,0.14,0.14,0.1,0.06,0.06,0.17,0.17,0.0,0.1,0.06,0.1,0.24,0.2,0.11,0.0,0.0,0.12,0.18,0.0,0.06,0.04,0.05,0.11,0.0,0.04,0.06,0.12,0.12,0.11,0.0,0.16,0.22,0.11,0.12,0.05,0.1,0.06,0.12,0.0,0.05,0.12,0.0,0.1,0.14,0.16,0.09,0.04,0.14,0.14,0.18,0.18,0.17,0.12,0.11,0.05,0.12,0.23,0.1,0.06,0.0,0.14,0.06,0.0,0.0,0.0,0.06,0.11,0.0,0.06,0.06,0.04,0.14,0.14,0.06,0.0,0.11,0.12,0.14,0.18,0.48,0.1,0.1,0.13,0.1,0.0,0.1,0.1,0.12,0.12,0.18,0.14,0.04,0.12,0.06,0.06,0.08,0.12,0.14,0.0,0.0,0.06,0.14,0.14,0.06,0.06,0.0,0.1,0.0,0.0,0.1,0.14,0.07,0.1,0.05,0.0,0.18,0.1,0.04,0.08,0.0,0.05,0.14,0.0,0.04,0.06,0.09,0.0,0.0,0.04,0.06,0.0,0.1,0.16,0.14,0.09,0.17,0.12,0.16,0.06
pasta con la mozzarella,0.04,0.2,0.1,0.12,0.09,0.0,0.18,0.09,0.0,0.15,0.0,0.04,0.16,0.04,0.12,0.04,0.2,0.1,0.12,0.08,0.14,0.08,0.1,0.12,0.06,0.1,0.06,0.1,0.05,0.19,0.14,0.16,0.11,0.1,0.15,0.16,0.11,0.0,0.06,0.04,0.06,0.16,0.04,0.0,0.0,0.06,0.0,0.05,0.04,0.1,0.09,0.18,0.09,0.0,0.0,0.15,0.04,0.08,0.04,0.08,0.1,0.15,0.0,0.12,0.11,0.04,0.06,0.06,0.14,0.1,0.0,0.04,0.1,0.0,0.19,0.1,0.0,0.0,0.1,0.1,0.11,0.05,0.1,0.06,0.1,0.16,0.04,0.0,0.07,0.05,0.09,0.1,0.14,0.12,0.11,0.12,0.12,0.11,0.1,0.11,0.16,0.1,0.0,0.11,0.06,0.16,0.09,0.06,0.06,0.1,0.0,0.06,0.19,0.14,0.1,0.1,0.1,0.09,0.1,0.12,0.0,0.18,0.05,0.12,0.1,0.09,0.16,0.2,0.14,0.15,0.18,0.16,0.0,0.0,0.14,0.16,0.1,0.1,0.16,0.15,0.08,0.09,0.0,0.0,0.09,0.0,0.1,0.0,0.0,0.0,0.05,0.15,0.16,0.1,0.16,0.1,0.0,0.04,0.0,0.06,0.07,0.0,0.11,0.21,0.19,0.12,0.11,0.45,0.05,0.4,0.42,0.26,0.11,0.12,0.18,0.06,0.11,0.12,0.13,0.22,0.11,0.06,0.18,1.0,0.26,0.07,0.36,0.0,0.3,0.09,0.38,0.12,0.06,0.09,0.12,0.11,0.06,0.16,0.44,0.07,0.12,0.11,0.14,0.14,0.15,0.12,0.1,0.16,0.16,0.0,0.1,0.06,0.15,0.18,0.24,0.1,0.0,0.04,0.16,0.16,0.0,0.06,0.08,0.09,0.1,0.0,0.09,0.06,0.12,0.11,0.1,0.0,0.05,0.22,0.16,0.12,0.0,0.1,0.0,0.12,0.0,0.04,0.12,0.0,0.1,0.1,0.23,0.12,0.04,0.14,0.12,0.12,0.12,0.1,0.11,0.1,0.0,0.18,0.0,0.09,0.06,0.07,0.12,0.0,0.12,0.0,0.0,0.06,0.21,0.04,0.11,0.19,0.03,0.14,0.07,0.12,0.12,0.16,0.16,0.08,0.06,0.12,0.14,0.14,0.12,0.15,0.0,0.05,0.14,0.06,0.11,0.16,0.22,0.12,0.14,0.06,0.06,0.12,0.22,0.18,0.0,0.0,0.12,0.14,0.14,0.1,0.16,0.06,0.05,0.08,0.04,0.15,0.22,0.07,0.15,0.18,0.0,0.2,0.15,0.04,0.0,0.06,0.06,0.18,0.0,0.04,0.12,0.13,0.0,0.0,0.04,0.11,0.04,0.05,0.1,0.12,0.04,0.1,0.06,0.1,0.1
pasta con le sarde alla siciliana,0.03,0.04,0.14,0.06,0.04,0.0,0.06,0.0,0.0,0.06,0.0,0.0,0.05,0.0,0.06,0.08,0.06,0.05,0.06,0.06,0.04,0.04,0.05,0.06,0.06,0.04,0.0,0.09,0.04,0.03,0.0,0.05,0.05,0.04,0.04,0.05,0.05,0.0,0.0,0.0,0.0,0.11,0.0,0.0,0.0,0.0,0.0,0.04,0.04,0.05,0.08,0.04,0.04,0.04,0.0,0.04,0.0,0.0,0.0,0.0,0.04,0.09,0.04,0.06,0.0,0.0,0.09,0.0,0.04,0.04,0.0,0.04,0.05,0.0,0.06,0.04,0.0,0.0,0.05,0.04,0.0,0.0,0.0,0.06,0.04,0.06,0.04,0.0,0.0,0.04,0.04,0.05,0.04,0.06,0.1,0.06,0.06,0.05,0.04,0.05,0.05,0.04,0.0,0.05,0.06,0.05,0.04,0.05,0.06,0.04,0.0,0.06,0.06,0.04,0.04,0.05,0.04,0.04,0.04,0.08,0.0,0.06,0.0,0.0,0.04,0.04,0.05,0.04,0.04,0.04,0.1,0.04,0.0,0.0,0.12,0.05,0.04,0.04,0.05,0.04,0.08,0.04,0.0,0.0,0.08,0.0,0.05,0.0,0.0,0.0,0.0,0.04,0.05,0.04,0.05,0.04,0.0,0.03,0.0,0.08,0.12,0.0,0.05,0.14,0.0,0.04,0.05,0.36,0.0,0.1,0.28,0.1,0.05,0.06,0.06,0.06,0.05,0.06,0.04,0.2,0.05,0.06,0.06,0.26,1.0,0.06,0.23,0.0,0.18,0.08,0.26,0.06,0.06,0.04,0.06,0.05,0.0,0.14,0.24,0.06,0.06,0.0,0.04,0.04,0.04,0.0,0.0,0.05,0.05,0.0,0.04,0.0,0.04,0.06,0.04,0.05,0.0,0.04,0.05,0.06,0.0,0.0,0.0,0.0,0.05,0.0,0.0,0.06,0.06,0.05,0.1,0.08,0.04,0.06,0.05,0.0,0.04,0.09,0.0,0.0,0.0,0.0,0.07,0.0,0.04,0.03,0.07,0.12,0.0,0.08,0.0,0.06,0.06,0.05,0.05,0.1,0.0,0.06,0.0,0.04,0.05,0.0,0.06,0.0,0.0,0.0,0.06,0.0,0.05,0.0,0.05,0.0,0.03,0.06,0.06,0.0,0.0,0.1,0.05,0.08,0.06,0.06,0.08,0.08,0.04,0.09,0.0,0.04,0.04,0.06,0.0,0.08,0.12,0.04,0.03,0.0,0.06,0.04,0.05,0.08,0.04,0.0,0.0,0.04,0.04,0.0,0.0,0.0,0.04,0.0,0.04,0.04,0.04,0.0,0.04,0.0,0.0,0.05,0.04,0.0,0.0,0.0,0.0,0.04,0.0,0.0,0.06,0.04,0.0,0.06,0.0,0.0,0.0,0.04,0.04,0.04,0.04,0.05,0.05,0.04,0.0
pasta con peperoni e tonno fresco,0.04,0.05,0.06,0.07,0.06,0.0,0.07,0.0,0.0,0.18,0.0,0.0,0.06,0.0,0.08,0.05,0.08,0.06,0.08,0.09,0.06,0.05,0.06,0.08,0.08,0.06,0.0,0.06,0.0,0.04,0.0,0.06,0.07,0.06,0.06,0.07,0.07,0.0,0.0,0.0,0.0,0.1,0.0,0.0,0.0,0.0,0.0,0.06,0.06,0.06,0.11,0.16,0.06,0.0,0.0,0.06,0.0,0.0,0.0,0.0,0.0,0.12,0.0,0.07,0.0,0.0,0.08,0.0,0.06,0.06,0.0,0.06,0.06,0.0,0.08,0.18,0.0,0.0,0.06,0.0,0.0,0.0,0.0,0.0,0.06,0.08,0.0,0.0,0.0,0.06,0.06,0.06,0.06,0.07,0.07,0.07,0.08,0.07,0.06,0.07,0.06,0.06,0.0,0.07,0.07,0.07,0.06,0.06,0.07,0.06,0.11,0.07,0.08,0.06,0.06,0.06,0.06,0.16,0.06,0.05,0.0,0.07,0.0,0.0,0.06,0.0,0.06,0.06,0.0,0.06,0.07,0.05,0.0,0.0,0.06,0.0,0.06,0.06,0.06,0.06,0.05,0.06,0.0,0.0,0.06,0.0,0.06,0.07,0.0,0.0,0.0,0.06,0.07,0.0,0.07,0.06,0.0,0.04,0.12,0.08,0.08,0.0,0.07,0.06,0.0,0.05,0.0,0.04,0.0,0.07,0.08,0.06,0.07,0.0,0.07,0.07,0.07,0.07,0.06,0.07,0.14,0.14,0.07,0.07,0.06,1.0,0.07,0.0,0.0,0.06,0.07,0.08,0.08,0.06,0.07,0.07,0.0,0.06,0.08,0.08,0.07,0.07,0.06,0.06,0.06,0.0,0.36,0.06,0.06,0.0,0.06,0.0,0.06,0.09,0.06,0.06,0.0,0.0,0.07,0.08,0.0,0.0,0.0,0.0,0.06,0.0,0.0,0.07,0.07,0.07,0.06,0.0,0.0,0.08,0.06,0.0,0.0,0.06,0.0,0.0,0.0,0.0,0.1,0.0,0.18,0.04,0.1,0.05,0.0,0.06,0.0,0.07,0.07,0.06,0.07,0.06,0.06,0.07,0.0,0.06,0.14,0.08,0.08,0.0,0.0,0.0,0.0,0.0,0.06,0.0,0.07,0.0,0.04,0.08,0.08,0.0,0.0,0.06,0.07,0.05,0.07,0.07,0.06,0.06,0.05,0.06,0.0,0.06,0.12,0.14,0.0,0.1,0.06,0.05,0.04,0.0,0.07,0.05,0.07,0.12,0.0,0.0,0.0,0.11,0.06,0.0,0.0,0.0,0.06,0.0,0.0,0.06,0.06,0.0,0.06,0.0,0.0,0.07,0.06,0.0,0.0,0.0,0.0,0.06,0.07,0.0,0.07,0.06,0.0,0.0,0.0,0.0,0.0,0.06,0.12,0.05,0.06,0.06,0.07,0.06,0.0
pasta con pesce spada e melanzane,0.04,0.22,0.1,0.12,0.1,0.0,0.18,0.1,0.0,0.16,0.0,0.05,0.11,0.04,0.14,0.04,0.14,0.17,0.14,0.08,0.16,0.08,0.11,0.14,0.06,0.1,0.06,0.1,0.05,0.17,0.11,0.11,0.12,0.16,0.1,0.18,0.06,0.0,0.0,0.0,0.06,0.17,0.04,0.0,0.0,0.0,0.0,0.1,0.05,0.17,0.1,0.19,0.1,0.0,0.05,0.16,0.1,0.08,0.0,0.08,0.1,0.16,0.0,0.12,0.12,0.04,0.07,0.06,0.1,0.1,0.0,0.04,0.17,0.0,0.14,0.1,0.0,0.0,0.11,0.1,0.12,0.05,0.06,0.06,0.1,0.16,0.05,0.0,0.07,0.05,0.1,0.11,0.1,0.12,0.12,0.12,0.14,0.12,0.1,0.12,0.17,0.1,0.0,0.12,0.06,0.18,0.1,0.06,0.06,0.1,0.04,0.06,0.14,0.1,0.1,0.11,0.1,0.14,0.1,0.08,0.0,0.12,0.05,0.06,0.1,0.05,0.11,0.16,0.05,0.1,0.12,0.18,0.0,0.0,0.14,0.28,0.32,0.1,0.17,0.16,0.04,0.1,0.0,0.0,0.2,0.0,0.11,0.0,0.0,0.0,0.06,0.22,0.12,0.1,0.12,0.06,0.0,0.07,0.0,0.06,0.07,0.0,0.12,0.17,0.06,0.12,0.06,0.38,0.05,0.12,0.39,0.22,0.18,0.22,0.12,0.06,0.12,0.12,0.09,0.21,0.12,0.06,0.12,0.36,0.23,0.07,1.0,0.0,0.22,0.1,0.36,0.06,0.22,0.1,0.12,0.12,0.06,0.11,0.36,0.07,0.12,0.06,0.14,0.1,0.1,0.12,0.06,0.17,0.17,0.0,0.1,0.06,0.16,0.16,0.2,0.11,0.0,0.0,0.12,0.14,0.0,0.0,0.09,0.05,0.11,0.0,0.1,0.06,0.12,0.12,0.17,0.0,0.06,0.15,0.11,0.06,0.0,0.1,0.0,0.06,0.0,0.05,0.12,0.0,0.16,0.11,0.2,0.09,0.04,0.14,0.06,0.12,0.12,0.11,0.12,0.11,0.0,0.12,0.0,0.1,0.06,0.0,0.14,0.06,0.12,0.0,0.0,0.06,0.17,0.0,0.06,0.14,0.04,0.14,0.07,0.2,0.06,0.17,0.12,0.09,0.12,0.06,0.14,0.14,0.13,0.1,0.0,0.06,0.2,0.06,0.18,0.18,0.18,0.04,0.12,0.06,0.06,0.12,0.18,0.14,0.0,0.0,0.06,0.1,0.14,0.06,0.12,0.0,0.06,0.0,0.0,0.1,0.19,0.07,0.06,0.1,0.0,0.15,0.16,0.0,0.08,0.0,0.05,0.1,0.0,0.04,0.06,0.09,0.0,0.0,0.04,0.12,0.1,0.1,0.16,0.18,0.04,0.11,0.06,0.05,0.1
pasta con stracchino e pomodori,0.12,0.04,0.06,0.0,0.0,0.0,0.0,0.0,0.06,0.0,0.0,0.0,0.0,0.04,0.0,0.0,0.0,0.0,0.0,0.0,0.0,0.0,0.0,0.07,0.0,0.0,0.0,0.06,0.06,0.0,0.0,0.0,0.0,0.0,0.0,0.0,0.0,0.0,0.0,0.0,0.0,0.0,0.0,0.06,0.08,0.06,0.0,0.0,0.05,0.0,0.05,0.0,0.0,0.06,0.0,0.16,0.0,0.0,0.1,0.0,0.0,0.06,0.1,0.0,0.0,0.04,0.11,0.0,0.05,0.06,0.0,0.0,0.0,0.0,0.0,0.0,0.0,0.12,0.06,0.06,0.0,0.06,0.0,0.0,0.0,0.0,0.0,0.0,0.0,0.06,0.0,0.0,0.0,0.0,0.0,0.0,0.0,0.06,0.0,0.0,0.0,0.0,0.06,0.25,0.2,0.0,0.0,0.0,0.0,0.06,0.05,0.06,0.0,0.0,0.0,0.0,0.0,0.05,0.06,0.0,0.12,0.12,0.0,0.0,0.0,0.0,0.0,0.0,0.0,0.0,0.06,0.0,0.0,0.0,0.05,0.0,0.12,0.0,0.0,0.0,0.0,0.0,0.0,0.06,0.0,0.0,0.0,0.0,0.0,0.0,0.0,0.06,0.0,0.0,0.0,0.0,0.0,0.0,0.0,0.14,0.0,0.0,0.06,0.06,0.07,0.0,0.0,0.04,0.06,0.16,0.0,0.0,0.0,0.16,0.16,0.16,0.16,0.0,0.1,0.0,0.0,0.22,0.0,0.0,0.0,0.0,0.0,1.0,0.0,0.15,0.0,0.32,0.34,0.26,0.24,0.16,0.0,0.0,0.0,0.18,0.0,0.16,0.05,0.0,0.0,0.0,0.06,0.0,0.0,0.0,0.12,0.0,0.0,0.0,0.0,0.0,0.06,0.13,0.0,0.12,0.06,0.0,0.0,0.0,0.0,0.0,0.0,0.0,0.0,0.06,0.0,0.05,0.0,0.0,0.0,0.0,0.16,0.0,0.14,0.0,0.1,0.0,0.0,0.0,0.0,0.0,0.04,0.1,0.0,0.0,0.0,0.0,0.0,0.0,0.0,0.06,0.0,0.0,0.0,0.0,0.0,0.0,0.0,0.14,0.0,0.0,0.0,0.0,0.0,0.0,0.0,0.0,0.1,0.0,0.08,0.0,0.0,0.0,0.0,0.04,0.0,0.0,0.0,0.0,0.0,0.0,0.0,0.06,0.06,0.0,0.0,0.0,0.0,0.0,0.0,0.0,0.0,0.0,0.0,0.05,0.1,0.0,0.0,0.0,0.0,0.0,0.0,0.0,0.06,0.26,0.1,0.0,0.0,0.0,0.0,0.0,0.22,0.0,0.0,0.05,0.0,0.12,0.02,0.0,0.0,0.0,0.06,0.0,0.0,0.06,0.0,0.0,0.0,0.0,0.0,0.0,0.0,0.0,0.19,0.0,0.0
pasta con zucchine e pancetta,0.07,0.17,0.06,0.06,0.1,0.0,0.06,0.1,0.0,0.16,0.0,0.05,0.06,0.04,0.06,0.0,0.07,0.06,0.14,0.0,0.1,0.08,0.11,0.06,0.0,0.1,0.06,0.06,0.05,0.1,0.11,0.11,0.06,0.1,0.06,0.06,0.06,0.0,0.06,0.0,0.06,0.08,0.14,0.0,0.0,0.06,0.0,0.0,0.0,0.11,0.1,0.1,0.04,0.0,0.0,0.1,0.1,0.12,0.1,0.13,0.06,0.06,0.0,0.06,0.06,0.04,0.0,0.06,0.1,0.06,0.08,0.0,0.06,0.0,0.26,0.05,0.0,0.06,0.0,0.06,0.06,0.05,0.11,0.06,0.05,0.16,0.0,0.0,0.07,0.0,0.1,0.11,0.05,0.12,0.12,0.06,0.06,0.18,0.1,0.06,0.06,0.1,0.06,0.06,0.0,0.06,0.05,0.0,0.0,0.05,0.04,0.0,0.14,0.05,0.06,0.11,0.06,0.1,0.06,0.13,0.0,0.06,0.05,0.12,0.06,0.1,0.22,0.1,0.14,0.1,0.35,0.14,0.06,0.0,0.1,0.11,0.06,0.32,0.11,0.1,0.04,0.1,0.0,0.0,0.1,0.0,0.21,0.0,0.0,0.0,0.06,0.06,0.18,0.05,0.12,0.0,0.22,0.07,0.0,0.0,0.0,0.0,0.06,0.11,0.14,0.12,0.3,0.32,0.05,0.12,0.54,0.11,0.06,0.06,0.12,0.0,0.06,0.06,0.09,0.15,0.06,0.0,0.06,0.3,0.18,0.0,0.22,0.0,1.0,0.05,0.24,0.06,0.0,0.0,0.06,0.06,0.06,0.11,0.24,0.0,0.22,0.18,0.05,0.36,0.22,0.06,0.06,0.11,0.11,0.0,0.06,0.06,0.1,0.08,0.1,0.06,0.0,0.0,0.12,0.07,0.0,0.06,0.18,0.1,0.06,0.0,0.04,0.06,0.06,0.06,0.11,0.0,0.06,0.15,0.11,0.12,0.0,0.06,0.0,0.06,0.0,0.05,0.12,0.0,0.1,0.08,0.12,0.09,0.04,0.05,0.06,0.22,0.06,0.06,0.18,0.06,0.0,0.0,0.06,0.05,0.0,0.07,0.06,0.0,0.06,0.0,0.0,0.18,0.11,0.09,0.06,0.14,0.0,0.07,0.0,0.06,0.0,0.06,0.18,0.14,0.0,0.16,0.05,0.04,0.08,0.16,0.0,0.0,0.05,0.0,0.06,0.09,0.23,0.13,0.12,0.14,0.0,0.04,0.18,0.1,0.04,0.0,0.06,0.14,0.1,0.16,0.12,0.06,0.06,0.0,0.0,0.1,0.32,0.07,0.06,0.1,0.0,0.15,0.06,0.04,0.0,0.0,0.07,0.14,0.0,0.04,0.06,0.09,0.0,0.0,0.04,0.06,0.0,0.0,0.06,0.14,0.04,0.17,0.0,0.0,0.1
"pasta e fagioli, la ricetta tradizionale con una consistenza perfetta",0.16,0.1,0.08,0.1,0.18,0.0,0.1,0.08,0.0,0.12,0.0,0.08,0.16,0.1,0.16,0.1,0.12,0.13,0.1,0.06,0.12,0.16,0.09,0.16,0.1,0.12,0.04,0.08,0.04,0.1,0.2,0.18,0.09,0.12,0.22,0.18,0.04,0.0,0.0,0.0,0.04,0.2,0.11,0.0,0.08,0.0,0.07,0.12,0.04,0.13,0.08,0.11,0.18,0.0,0.0,0.22,0.08,0.09,0.0,0.06,0.08,0.12,0.04,0.14,0.04,0.04,0.06,0.04,0.12,0.12,0.0,0.04,0.13,0.0,0.1,0.12,0.0,0.04,0.04,0.04,0.04,0.12,0.04,0.05,0.08,0.15,0.0,0.0,0.06,0.04,0.08,0.09,0.12,0.14,0.18,0.1,0.1,0.09,0.12,0.14,0.16,0.08,0.0,0.26,0.11,0.09,0.08,0.04,0.05,0.08,0.04,0.05,0.1,0.12,0.12,0.13,0.08,0.08,0.08,0.06,0.0,0.16,0.04,0.05,0.08,0.04,0.09,0.08,0.08,0.12,0.14,0.1,0.05,0.0,0.18,0.04,0.12,0.08,0.39,0.21,0.2,0.15,0.0,0.04,0.12,0.0,0.09,0.04,0.0,0.05,0.04,0.12,0.14,0.12,0.14,0.08,0.04,0.12,0.04,0.05,0.06,0.0,0.09,0.13,0.05,0.1,0.04,0.14,0.16,0.29,0.1,0.09,0.24,0.24,0.3,0.24,0.33,0.14,0.07,0.18,0.14,0.18,0.14,0.09,0.08,0.06,0.1,0.15,0.05,1.0,0.14,0.2,0.19,0.28,0.3,0.24,0.1,0.13,0.1,0.22,0.14,0.19,0.12,0.11,0.08,0.05,0.04,0.13,0.13,0.0,0.08,0.1,0.08,0.26,0.12,0.09,0.0,0.03,0.09,0.11,0.0,0.09,0.04,0.08,0.13,0.0,0.04,0.05,0.1,0.09,0.09,0.0,0.08,0.15,0.13,0.1,0.04,0.25,0.05,0.05,0.0,0.04,0.1,0.0,0.08,0.22,0.22,0.18,0.03,0.27,0.05,0.14,0.14,0.18,0.09,0.13,0.04,0.05,0.0,0.12,0.04,0.0,0.1,0.05,0.0,0.0,0.05,0.04,0.09,0.0,0.15,0.05,0.02,0.12,0.22,0.05,0.0,0.09,0.09,0.24,0.1,0.1,0.23,0.22,0.14,0.08,0.0,0.08,0.08,0.05,0.09,0.14,0.1,0.1,0.09,0.05,0.05,0.06,0.09,0.12,0.0,0.0,0.05,0.11,0.15,0.04,0.04,0.05,0.08,0.0,0.0,0.08,0.11,0.06,0.08,0.04,0.0,0.14,0.12,0.04,0.06,0.0,0.06,0.08,0.0,0.08,0.05,0.14,0.0,0.0,0.07,0.04,0.0,0.16,0.12,0.24,0.18,0.28,0.09,0.08,0.04
pasta e fave,0.06,0.16,0.1,0.12,0.09,0.0,0.18,0.09,0.0,0.15,0.0,0.04,0.1,0.04,0.12,0.04,0.14,0.1,0.19,0.08,0.14,0.08,0.1,0.12,0.06,0.1,0.06,0.1,0.05,0.16,0.2,0.1,0.11,0.1,0.1,0.16,0.06,0.0,0.0,0.0,0.06,0.24,0.04,0.0,0.06,0.0,0.0,0.05,0.04,0.1,0.09,0.14,0.14,0.0,0.0,0.15,0.04,0.08,0.0,0.08,0.1,0.15,0.0,0.12,0.11,0.04,0.06,0.06,0.14,0.15,0.0,0.09,0.16,0.0,0.12,0.1,0.0,0.0,0.1,0.1,0.11,0.05,0.06,0.06,0.1,0.16,0.04,0.0,0.07,0.05,0.09,0.1,0.09,0.12,0.11,0.18,0.12,0.11,0.1,0.11,0.16,0.1,0.0,0.11,0.06,0.16,0.09,0.06,0.06,0.1,0.0,0.06,0.12,0.09,0.1,0.1,0.1,0.09,0.1,0.08,0.0,0.12,0.05,0.06,0.1,0.04,0.1,0.15,0.04,0.15,0.12,0.16,0.0,0.0,0.14,0.06,0.1,0.1,0.21,0.25,0.04,0.09,0.0,0.0,0.09,0.0,0.1,0.0,0.0,0.0,0.05,0.15,0.11,0.14,0.11,0.05,0.0,0.04,0.0,0.06,0.07,0.0,0.11,0.16,0.06,0.12,0.06,0.42,0.1,0.11,0.42,0.16,0.11,0.06,0.12,0.12,0.16,0.12,0.08,0.22,0.11,0.06,0.12,0.38,0.26,0.07,0.36,0.0,0.24,0.14,1.0,0.06,0.06,0.04,0.12,0.11,0.06,0.1,0.38,0.07,0.12,0.06,0.14,0.09,0.1,0.12,0.06,0.1,0.1,0.0,0.1,0.06,0.1,0.15,0.19,0.1,0.0,0.04,0.11,0.14,0.0,0.06,0.04,0.04,0.1,0.0,0.09,0.06,0.12,0.11,0.1,0.0,0.05,0.14,0.1,0.06,0.0,0.1,0.0,0.06,0.0,0.04,0.12,0.0,0.1,0.1,0.19,0.08,0.04,0.18,0.06,0.12,0.18,0.16,0.11,0.06,0.0,0.12,0.0,0.09,0.11,0.07,0.12,0.0,0.06,0.08,0.0,0.11,0.16,0.0,0.06,0.12,0.03,0.14,0.07,0.12,0.06,0.16,0.11,0.12,0.06,0.06,0.18,0.18,0.12,0.1,0.0,0.05,0.14,0.06,0.11,0.16,0.17,0.04,0.1,0.06,0.12,0.12,0.11,0.14,0.0,0.0,0.06,0.09,0.14,0.05,0.11,0.06,0.05,0.0,0.0,0.1,0.18,0.07,0.05,0.09,0.0,0.14,0.2,0.0,0.0,0.0,0.04,0.09,0.06,0.04,0.06,0.13,0.0,0.0,0.04,0.11,0.04,0.05,0.15,0.21,0.13,0.1,0.06,0.05,0.15
pasta fredda con bresaola e rucola,0.12,0.09,0.06,0.06,0.05,0.0,0.06,0.15,0.2,0.07,0.0,0.0,0.06,0.0,0.07,0.04,0.08,0.06,0.07,0.08,0.06,0.04,0.06,0.14,0.07,0.06,0.0,0.12,0.06,0.08,0.04,0.12,0.06,0.06,0.06,0.06,0.12,0.0,0.06,0.0,0.0,0.09,0.0,0.06,0.04,0.14,0.0,0.06,0.1,0.06,0.1,0.05,0.05,0.06,0.0,0.06,0.0,0.0,0.16,0.0,0.0,0.12,0.05,0.06,0.0,0.04,0.18,0.0,0.16,0.06,0.0,0.05,0.06,0.0,0.14,0.06,0.0,0.06,0.12,0.06,0.0,0.06,0.06,0.0,0.06,0.08,0.0,0.0,0.0,0.06,0.05,0.12,0.05,0.06,0.06,0.06,0.07,0.12,0.12,0.06,0.06,0.06,0.06,0.32,0.14,0.12,0.05,0.06,0.14,0.11,0.05,0.14,0.07,0.05,0.06,0.06,0.12,0.05,0.12,0.04,0.06,0.14,0.0,0.06,0.06,0.05,0.12,0.12,0.05,0.06,0.14,0.1,0.0,0.0,0.05,0.06,0.12,0.06,0.06,0.06,0.09,0.05,0.0,0.06,0.05,0.0,0.06,0.0,0.0,0.0,0.0,0.06,0.29,0.0,0.12,0.06,0.0,0.04,0.0,0.14,0.08,0.0,0.06,0.12,0.07,0.04,0.06,0.06,0.06,0.29,0.07,0.12,0.06,0.16,0.3,0.24,0.22,0.06,0.14,0.06,0.06,0.29,0.06,0.12,0.06,0.08,0.06,0.32,0.06,0.2,0.06,1.0,0.3,0.22,0.24,0.22,0.0,0.12,0.07,0.26,0.06,0.22,0.05,0.1,0.12,0.0,0.0,0.12,0.12,0.0,0.12,0.0,0.12,0.08,0.06,0.06,0.06,0.08,0.12,0.15,0.06,0.06,0.05,0.05,0.06,0.0,0.0,0.06,0.06,0.06,0.06,0.05,0.0,0.08,0.12,0.06,0.1,0.06,0.06,0.0,0.14,0.0,0.04,0.0,0.06,0.04,0.13,0.14,0.0,0.05,0.0,0.06,0.06,0.06,0.06,0.18,0.0,0.06,0.0,0.05,0.06,0.08,0.07,0.07,0.06,0.0,0.0,0.0,0.12,0.05,0.12,0.07,0.1,0.08,0.16,0.2,0.0,0.06,0.12,0.1,0.06,0.06,0.05,0.05,0.09,0.12,0.0,0.06,0.11,0.06,0.0,0.1,0.1,0.14,0.04,0.0,0.14,0.04,0.12,0.21,0.05,0.0,0.0,0.1,0.05,0.06,0.06,0.07,0.12,0.0,0.1,0.12,0.1,0.0,0.12,0.05,0.07,0.13,0.06,0.1,0.0,0.06,0.05,0.1,0.0,0.0,0.2,0.1,0.0,0.06,0.0,0.0,0.0,0.06,0.06,0.04,0.05,0.06,0.12,0.06,0.0
"pasta fredda con melanzane, sgombro e pomodorini",0.04,0.09,0.06,0.06,0.05,0.0,0.06,0.0,0.0,0.07,0.0,0.0,0.06,0.0,0.07,0.04,0.08,0.06,0.07,0.08,0.06,0.04,0.06,0.14,0.07,0.11,0.0,0.12,0.06,0.04,0.0,0.06,0.06,0.06,0.06,0.06,0.06,0.0,0.0,0.0,0.0,0.09,0.0,0.0,0.0,0.0,0.0,0.06,0.05,0.06,0.1,0.1,0.05,0.0,0.0,0.06,0.0,0.0,0.0,0.0,0.0,0.06,0.0,0.06,0.0,0.0,0.08,0.0,0.05,0.06,0.0,0.05,0.06,0.0,0.07,0.06,0.0,0.0,0.06,0.0,0.0,0.0,0.0,0.0,0.06,0.08,0.0,0.0,0.0,0.06,0.05,0.06,0.05,0.06,0.06,0.06,0.07,0.12,0.12,0.06,0.06,0.06,0.0,0.29,0.19,0.06,0.05,0.06,0.06,0.11,0.0,0.06,0.07,0.05,0.06,0.06,0.06,0.15,0.12,0.09,0.0,0.18,0.0,0.0,0.06,0.0,0.06,0.06,0.0,0.06,0.06,0.04,0.0,0.0,0.05,0.18,0.36,0.06,0.06,0.06,0.04,0.05,0.0,0.0,0.1,0.0,0.06,0.0,0.0,0.0,0.0,0.06,0.06,0.0,0.06,0.06,0.0,0.04,0.0,0.07,0.08,0.0,0.06,0.06,0.0,0.04,0.0,0.04,0.06,0.21,0.07,0.12,0.06,0.34,0.22,0.22,0.21,0.06,0.05,0.06,0.06,0.2,0.06,0.06,0.06,0.08,0.22,0.34,0.0,0.19,0.06,0.3,1.0,0.34,0.22,0.21,0.0,0.06,0.07,0.24,0.06,0.15,0.05,0.05,0.06,0.0,0.0,0.12,0.12,0.0,0.06,0.0,0.17,0.08,0.11,0.06,0.0,0.0,0.06,0.08,0.06,0.0,0.05,0.0,0.06,0.0,0.0,0.06,0.06,0.06,0.06,0.0,0.0,0.08,0.06,0.0,0.0,0.06,0.06,0.0,0.0,0.0,0.04,0.0,0.12,0.04,0.08,0.04,0.0,0.05,0.0,0.06,0.06,0.06,0.06,0.12,0.0,0.06,0.0,0.05,0.06,0.0,0.07,0.0,0.0,0.0,0.0,0.0,0.06,0.0,0.06,0.0,0.04,0.08,0.08,0.0,0.0,0.06,0.06,0.1,0.06,0.06,0.05,0.05,0.04,0.06,0.0,0.06,0.11,0.06,0.0,0.14,0.05,0.04,0.04,0.0,0.06,0.04,0.12,0.1,0.0,0.0,0.0,0.05,0.05,0.0,0.0,0.0,0.06,0.0,0.0,0.06,0.05,0.0,0.06,0.0,0.0,0.06,0.06,0.0,0.0,0.0,0.0,0.05,0.0,0.0,0.06,0.05,0.0,0.0,0.0,0.0,0.0,0.06,0.06,0.04,0.05,0.06,0.06,0.06,0.0
"pasta fredda con tonno olive, feta e pomodorini",0.06,0.03,0.04,0.04,0.04,0.0,0.04,0.0,0.0,0.05,0.0,0.04,0.1,0.03,0.05,0.06,0.06,0.12,0.05,0.06,0.04,0.06,0.04,0.15,0.1,0.12,0.0,0.08,0.04,0.05,0.06,0.08,0.04,0.12,0.13,0.04,0.04,0.0,0.0,0.0,0.0,0.1,0.0,0.0,0.02,0.0,0.0,0.12,0.04,0.12,0.07,0.07,0.07,0.0,0.04,0.11,0.04,0.0,0.0,0.0,0.0,0.04,0.04,0.1,0.0,0.0,0.05,0.0,0.04,0.12,0.0,0.04,0.12,0.0,0.05,0.08,0.0,0.04,0.04,0.0,0.0,0.04,0.0,0.0,0.04,0.07,0.0,0.0,0.0,0.04,0.04,0.04,0.04,0.04,0.1,0.04,0.05,0.09,0.08,0.04,0.14,0.12,0.0,0.26,0.2,0.04,0.04,0.04,0.04,0.08,0.14,0.04,0.05,0.04,0.04,0.04,0.04,0.07,0.08,0.06,0.0,0.44,0.0,0.0,0.04,0.0,0.04,0.04,0.0,0.04,0.1,0.1,0.0,0.1,0.04,0.0,0.2,0.04,0.17,0.04,0.06,0.07,0.0,0.0,0.11,0.0,0.04,0.04,0.0,0.05,0.0,0.24,0.09,0.0,0.04,0.16,0.04,0.08,0.04,0.05,0.06,0.0,0.04,0.04,0.0,0.03,0.0,0.07,0.08,0.16,0.05,0.04,0.2,0.16,0.16,0.16,0.2,0.14,0.04,0.25,0.09,0.16,0.1,0.09,0.04,0.06,0.1,0.26,0.0,0.28,0.04,0.22,0.34,1.0,0.21,0.16,0.05,0.04,0.17,0.18,0.1,0.12,0.08,0.07,0.04,0.0,0.1,0.08,0.08,0.0,0.04,0.0,0.08,0.16,0.08,0.04,0.0,0.0,0.04,0.06,0.04,0.04,0.0,0.0,0.04,0.0,0.0,0.14,0.04,0.04,0.08,0.0,0.04,0.06,0.08,0.04,0.04,0.12,0.1,0.0,0.0,0.0,0.03,0.0,0.04,0.12,0.13,0.09,0.0,0.08,0.0,0.1,0.1,0.08,0.04,0.17,0.04,0.04,0.0,0.04,0.04,0.0,0.05,0.1,0.04,0.0,0.0,0.0,0.04,0.0,0.12,0.0,0.08,0.06,0.18,0.05,0.1,0.04,0.04,0.1,0.24,0.19,0.11,0.04,0.1,0.04,0.0,0.08,0.12,0.04,0.09,0.1,0.04,0.03,0.03,0.0,0.04,0.03,0.04,0.08,0.0,0.0,0.12,0.1,0.04,0.0,0.0,0.1,0.08,0.0,0.0,0.04,0.04,0.0,0.04,0.0,0.0,0.07,0.04,0.07,0.11,0.0,0.02,0.04,0.0,0.0,0.04,0.14,0.0,0.0,0.0,0.0,0.11,0.12,0.12,0.1,0.07,0.16,0.09,0.08,0.0
pasta pesto e stracciatella,0.07,0.17,0.16,0.12,0.1,0.0,0.12,0.24,0.0,0.16,0.0,0.1,0.11,0.12,0.14,0.08,0.14,0.35,0.14,0.08,0.16,0.12,0.11,0.2,0.14,0.16,0.06,0.1,0.05,0.14,0.14,0.17,0.12,0.16,0.16,0.12,0.06,0.0,0.0,0.0,0.06,0.17,0.04,0.0,0.04,0.0,0.0,0.1,0.05,0.17,0.14,0.14,0.14,0.0,0.0,0.16,0.04,0.08,0.0,0.08,0.06,0.1,0.04,0.18,0.06,0.04,0.07,0.06,0.1,0.1,0.0,0.04,0.17,0.0,0.14,0.16,0.0,0.06,0.06,0.06,0.06,0.1,0.06,0.06,0.1,0.19,0.0,0.0,0.07,0.1,0.1,0.11,0.1,0.12,0.12,0.12,0.14,0.12,0.1,0.12,0.11,0.1,0.0,0.3,0.12,0.12,0.1,0.06,0.06,0.1,0.04,0.06,0.14,0.1,0.1,0.11,0.1,0.14,0.1,0.08,0.0,0.12,0.05,0.06,0.1,0.05,0.11,0.1,0.05,0.1,0.25,0.14,0.0,0.0,0.19,0.06,0.22,0.1,0.17,0.1,0.08,0.14,0.0,0.0,0.14,0.0,0.11,0.06,0.0,0.06,0.06,0.22,0.18,0.05,0.12,0.29,0.06,0.07,0.05,0.06,0.07,0.0,0.18,0.17,0.14,0.12,0.06,0.19,0.16,0.28,0.14,0.11,0.18,0.29,0.29,0.22,0.34,0.18,0.09,0.12,0.18,0.21,0.18,0.12,0.06,0.07,0.12,0.24,0.06,0.3,0.12,0.24,0.22,0.21,1.0,0.28,0.14,0.11,0.14,0.24,0.18,0.22,0.2,0.14,0.1,0.06,0.11,0.17,0.17,0.0,0.1,0.06,0.1,0.2,0.16,0.11,0.0,0.0,0.12,0.18,0.0,0.06,0.04,0.05,0.11,0.0,0.04,0.06,0.12,0.12,0.11,0.0,0.1,0.15,0.11,0.12,0.1,0.1,0.12,0.06,0.0,0.05,0.12,0.0,0.1,0.14,0.16,0.09,0.04,0.14,0.06,0.18,0.18,0.17,0.12,0.11,0.05,0.06,0.0,0.1,0.06,0.0,0.14,0.06,0.0,0.0,0.0,0.06,0.11,0.0,0.06,0.06,0.04,0.14,0.14,0.06,0.0,0.11,0.12,0.14,0.12,0.12,0.1,0.1,0.13,0.1,0.0,0.16,0.1,0.06,0.12,0.18,0.14,0.04,0.12,0.06,0.06,0.08,0.12,0.14,0.0,0.0,0.06,0.14,0.14,0.06,0.06,0.0,0.1,0.0,0.0,0.1,0.14,0.07,0.06,0.05,0.0,0.18,0.1,0.1,0.08,0.06,0.05,0.1,0.0,0.04,0.06,0.09,0.0,0.0,0.04,0.06,0.0,0.1,0.16,0.14,0.09,0.17,0.18,0.1,0.06
pasta ricotta e noci,0.04,0.12,0.1,0.12,0.09,0.0,0.12,0.09,0.0,0.15,0.0,0.04,0.1,0.04,0.12,0.04,0.14,0.16,0.12,0.08,0.14,0.08,0.1,0.12,0.06,0.1,0.06,0.15,0.05,0.26,0.07,0.1,0.11,0.1,0.1,0.11,0.06,0.0,0.06,0.0,0.06,0.12,0.04,0.0,0.0,0.16,0.0,0.05,0.04,0.1,0.09,0.09,0.09,0.0,0.04,0.15,0.04,0.08,0.0,0.08,0.05,0.15,0.0,0.12,0.06,0.08,0.06,0.06,0.09,0.1,0.0,0.09,0.1,0.0,0.12,0.1,0.0,0.0,0.06,0.05,0.2,0.05,0.19,0.06,0.1,0.16,0.0,0.0,0.07,0.05,0.09,0.1,0.09,0.12,0.16,0.18,0.12,0.11,0.1,0.11,0.1,0.1,0.0,0.29,0.06,0.11,0.09,0.06,0.06,0.1,0.0,0.06,0.12,0.09,0.1,0.1,0.15,0.09,0.1,0.08,0.0,0.12,0.05,0.06,0.15,0.09,0.1,0.28,0.04,0.1,0.12,0.08,0.0,0.0,0.14,0.06,0.1,0.1,0.1,0.1,0.04,0.09,0.0,0.0,0.09,0.0,0.1,0.0,0.0,0.0,0.05,0.1,0.11,0.05,0.16,0.05,0.0,0.04,0.0,0.06,0.07,0.0,0.11,0.1,0.06,0.12,0.06,0.12,0.1,0.26,0.12,0.1,0.11,0.22,0.34,0.22,0.26,0.12,0.08,0.06,0.11,0.2,0.12,0.11,0.05,0.07,0.12,0.16,0.06,0.24,0.11,0.22,0.21,0.16,0.28,1.0,0.06,0.1,0.12,0.24,0.12,0.21,0.09,0.09,0.1,0.06,0.06,0.1,0.1,0.0,0.1,0.06,0.1,0.15,0.14,0.1,0.0,0.0,0.11,0.14,0.0,0.0,0.04,0.04,0.1,0.0,0.04,0.06,0.12,0.11,0.1,0.0,0.05,0.18,0.1,0.24,0.0,0.1,0.0,0.06,0.0,0.09,0.12,0.0,0.1,0.18,0.16,0.08,0.04,0.09,0.06,0.18,0.12,0.1,0.11,0.06,0.0,0.06,0.0,0.09,0.06,0.0,0.12,0.0,0.0,0.0,0.06,0.06,0.1,0.08,0.06,0.06,0.03,0.14,0.07,0.06,0.0,0.1,0.11,0.08,0.06,0.06,0.09,0.09,0.12,0.1,0.0,0.05,0.1,0.06,0.06,0.16,0.13,0.04,0.1,0.06,0.06,0.08,0.11,0.14,0.0,0.0,0.06,0.09,0.28,0.05,0.06,0.0,0.05,0.0,0.0,0.15,0.14,0.24,0.05,0.04,0.0,0.3,0.1,0.04,0.0,0.0,0.09,0.09,0.0,0.04,0.06,0.04,0.0,0.0,0.04,0.06,0.0,0.05,0.1,0.08,0.04,0.1,0.06,0.1,0.05
pasta salsiccia e funghi,0.04,0.09,0.06,0.06,0.05,0.0,0.15,0.1,0.0,0.1,0.0,0.1,0.06,0.09,0.07,0.04,0.08,0.12,0.07,0.0,0.11,0.14,0.16,0.23,0.07,0.11,0.06,0.06,0.06,0.11,0.16,0.12,0.06,0.11,0.12,0.06,0.0,0.0,0.0,0.0,0.06,0.09,0.1,0.0,0.04,0.0,0.0,0.06,0.0,0.12,0.0,0.1,0.1,0.0,0.0,0.12,0.05,0.08,0.0,0.09,0.06,0.06,0.05,0.14,0.06,0.22,0.0,0.06,0.27,0.06,0.0,0.0,0.12,0.0,0.07,0.25,0.0,0.06,0.0,0.12,0.06,0.11,0.06,0.06,0.06,0.12,0.0,0.0,0.08,0.0,0.15,0.15,0.2,0.16,0.14,0.14,0.12,0.16,0.16,0.15,0.12,0.18,0.0,0.16,0.0,0.16,0.11,0.0,0.0,0.16,0.05,0.0,0.17,0.15,0.11,0.15,0.16,0.18,0.16,0.17,0.0,0.12,0.06,0.15,0.06,0.05,0.06,0.06,0.05,0.28,0.14,0.14,0.0,0.0,0.15,0.06,0.12,0.06,0.12,0.06,0.04,0.1,0.0,0.0,0.1,0.0,0.15,0.06,0.0,0.07,0.06,0.12,0.12,0.06,0.06,0.06,0.06,0.04,0.06,0.0,0.0,0.0,0.06,0.06,0.07,0.09,0.06,0.16,0.16,0.06,0.07,0.06,0.12,0.14,0.06,0.0,0.19,0.14,0.05,0.06,0.12,0.2,0.14,0.06,0.0,0.0,0.06,0.0,0.06,0.1,0.06,0.0,0.0,0.05,0.14,0.06,1.0,0.13,0.07,0.0,0.14,0.06,0.1,0.15,0.12,0.22,0.06,0.12,0.12,0.0,0.06,0.06,0.06,0.12,0.11,0.06,0.0,0.13,0.06,0.08,0.0,0.06,0.18,0.14,0.15,0.0,0.05,0.15,0.06,0.12,0.06,0.0,0.17,0.15,0.06,0.14,0.05,0.06,0.06,0.14,0.0,0.05,0.13,0.0,0.06,0.12,0.08,0.04,0.1,0.1,0.07,0.14,0.14,0.12,0.06,0.06,0.06,0.0,0.0,0.12,0.0,0.0,0.07,0.07,0.0,0.0,0.0,0.06,0.06,0.0,0.06,0.07,0.0,0.15,0.08,0.07,0.0,0.06,0.06,0.1,0.06,0.06,0.05,0.05,0.09,0.06,0.0,0.06,0.06,0.0,0.12,0.1,0.17,0.0,0.08,0.07,0.0,0.09,0.06,0.05,0.0,0.0,0.07,0.18,0.18,0.12,0.16,0.0,0.06,0.0,0.0,0.12,0.2,0.16,0.06,0.18,0.0,0.22,0.12,0.05,0.08,0.0,0.05,0.26,0.0,0.05,0.0,0.05,0.0,0.0,0.04,0.06,0.0,0.06,0.12,0.1,0.05,0.12,0.06,0.06,0.06
pasta salsiccia e piselli,0.03,0.19,0.14,0.11,0.08,0.0,0.2,0.09,0.0,0.14,0.0,0.04,0.1,0.04,0.12,0.08,0.13,0.1,0.12,0.07,0.14,0.08,0.2,0.2,0.06,0.09,0.05,0.1,0.04,0.12,0.1,0.15,0.1,0.09,0.1,0.1,0.1,0.0,0.06,0.0,0.06,0.12,0.04,0.0,0.0,0.06,0.0,0.05,0.04,0.1,0.08,0.08,0.08,0.0,0.0,0.14,0.04,0.07,0.04,0.08,0.1,0.14,0.0,0.11,0.06,0.12,0.06,0.06,0.2,0.1,0.0,0.04,0.1,0.0,0.18,0.18,0.0,0.0,0.05,0.05,0.06,0.04,0.1,0.06,0.09,0.15,0.0,0.0,0.06,0.04,0.19,0.18,0.19,0.21,0.18,0.18,0.18,0.2,0.2,0.19,0.16,0.16,0.0,0.2,0.06,0.2,0.15,0.05,0.06,0.19,0.0,0.06,0.22,0.19,0.15,0.18,0.2,0.21,0.2,0.2,0.0,0.16,0.04,0.2,0.1,0.09,0.15,0.14,0.09,0.16,0.17,0.12,0.0,0.0,0.21,0.1,0.1,0.1,0.1,0.1,0.12,0.12,0.0,0.0,0.09,0.0,0.18,0.0,0.0,0.0,0.05,0.1,0.16,0.04,0.16,0.05,0.0,0.06,0.04,0.06,0.06,0.0,0.1,0.2,0.12,0.11,0.1,0.17,0.04,0.21,0.12,0.15,0.1,0.06,0.17,0.06,0.1,0.11,0.12,0.06,0.1,0.06,0.11,0.16,0.14,0.06,0.11,0.0,0.11,0.13,0.1,0.12,0.06,0.04,0.11,0.1,0.13,1.0,0.12,0.06,0.11,0.1,0.09,0.12,0.22,0.14,0.05,0.15,0.15,0.0,0.1,0.06,0.14,0.14,0.14,0.1,0.0,0.0,0.16,0.12,0.0,0.06,0.2,0.18,0.18,0.0,0.04,0.06,0.11,0.1,0.1,0.0,0.05,0.2,0.15,0.11,0.0,0.14,0.0,0.12,0.0,0.04,0.11,0.0,0.1,0.1,0.18,0.16,0.1,0.13,0.06,0.11,0.11,0.15,0.1,0.15,0.0,0.06,0.15,0.16,0.06,0.06,0.12,0.0,0.06,0.0,0.06,0.06,0.15,0.04,0.1,0.12,0.03,0.36,0.06,0.06,0.0,0.1,0.16,0.08,0.06,0.06,0.13,0.12,0.12,0.14,0.0,0.05,0.09,0.06,0.06,0.16,0.37,0.12,0.1,0.06,0.06,0.08,0.16,0.18,0.0,0.0,0.06,0.21,0.21,0.16,0.2,0.06,0.18,0.0,0.0,0.22,0.27,0.15,0.1,0.22,0.0,0.27,0.16,0.04,0.0,0.0,0.06,0.2,0.0,0.04,0.11,0.08,0.0,0.0,0.04,0.06,0.0,0.05,0.1,0.08,0.04,0.1,0.06,0.04,0.05
pasta tonno e piselli,0.04,0.18,0.12,0.14,0.1,0.0,0.26,0.1,0.0,0.18,0.0,0.05,0.12,0.04,0.14,0.04,0.16,0.12,0.14,0.08,0.16,0.09,0.12,0.14,0.07,0.11,0.06,0.12,0.06,0.18,0.12,0.12,0.12,0.11,0.12,0.19,0.06,0.0,0.0,0.0,0.06,0.18,0.05,0.0,0.0,0.0,0.0,0.06,0.05,0.12,0.1,0.15,0.1,0.0,0.05,0.17,0.05,0.08,0.0,0.09,0.12,0.17,0.0,0.14,0.12,0.04,0.08,0.06,0.1,0.12,0.0,0.05,0.12,0.0,0.14,0.11,0.06,0.0,0.12,0.12,0.19,0.06,0.06,0.06,0.11,0.18,0.05,0.0,0.08,0.06,0.16,0.12,0.16,0.14,0.12,0.14,0.14,0.12,0.12,0.12,0.18,0.17,0.0,0.12,0.06,0.19,0.1,0.06,0.06,0.11,0.0,0.06,0.14,0.1,0.12,0.12,0.17,0.1,0.12,0.09,0.0,0.26,0.11,0.14,0.12,0.1,0.12,0.23,0.05,0.12,0.14,0.14,0.0,0.0,0.15,0.06,0.12,0.12,0.18,0.17,0.04,0.1,0.0,0.0,0.1,0.0,0.12,0.0,0.0,0.0,0.06,0.17,0.12,0.11,0.12,0.06,0.06,0.04,0.0,0.07,0.08,0.0,0.12,0.18,0.07,0.14,0.06,0.36,0.06,0.12,0.41,0.18,0.12,0.06,0.14,0.06,0.12,0.14,0.1,0.22,0.12,0.06,0.14,0.44,0.24,0.08,0.36,0.0,0.24,0.1,0.38,0.07,0.07,0.17,0.14,0.12,0.07,0.12,1.0,0.08,0.14,0.06,0.16,0.1,0.12,0.14,0.2,0.12,0.12,0.0,0.12,0.06,0.12,0.17,0.22,0.12,0.0,0.0,0.12,0.15,0.0,0.0,0.05,0.05,0.12,0.0,0.15,0.06,0.14,0.19,0.12,0.0,0.06,0.16,0.12,0.06,0.0,0.12,0.0,0.06,0.0,0.05,0.13,0.0,0.12,0.12,0.22,0.1,0.04,0.16,0.07,0.14,0.14,0.12,0.12,0.06,0.0,0.14,0.0,0.16,0.06,0.0,0.14,0.0,0.06,0.08,0.0,0.06,0.18,0.0,0.06,0.14,0.07,0.16,0.08,0.14,0.06,0.18,0.12,0.1,0.06,0.06,0.16,0.15,0.09,0.12,0.0,0.06,0.22,0.06,0.12,0.19,0.2,0.04,0.12,0.07,0.06,0.14,0.12,0.16,0.0,0.06,0.24,0.1,0.2,0.06,0.19,0.0,0.06,0.0,0.0,0.12,0.26,0.08,0.06,0.1,0.0,0.19,0.17,0.0,0.0,0.0,0.05,0.1,0.0,0.05,0.06,0.1,0.0,0.0,0.1,0.12,0.05,0.06,0.12,0.14,0.05,0.12,0.06,0.06,0.12
pasta zucca e gorgonzola,0.04,0.05,0.06,0.07,0.06,0.0,0.07,0.0,0.0,0.08,0.0,0.0,0.06,0.0,0.08,0.05,0.08,0.06,0.08,0.09,0.06,0.05,0.06,0.08,0.08,0.06,0.0,0.06,0.0,0.04,0.0,0.06,0.07,0.06,0.06,0.07,0.14,0.0,0.0,0.0,0.0,0.1,0.0,0.0,0.0,0.0,0.0,0.06,0.06,0.06,0.11,0.06,0.06,0.0,0.0,0.06,0.0,0.0,0.0,0.0,0.0,0.06,0.0,0.07,0.0,0.0,0.08,0.0,0.2,0.06,0.0,0.06,0.06,0.0,0.08,0.06,0.0,0.0,0.06,0.0,0.16,0.0,0.15,0.0,0.06,0.08,0.0,0.0,0.0,0.06,0.06,0.06,0.06,0.07,0.07,0.07,0.22,0.07,0.06,0.07,0.06,0.06,0.0,0.26,0.07,0.07,0.06,0.06,0.07,0.06,0.0,0.07,0.08,0.06,0.06,0.06,0.06,0.06,0.06,0.05,0.0,0.07,0.0,0.0,0.06,0.0,0.06,0.06,0.0,0.21,0.07,0.05,0.0,0.0,0.06,0.0,0.06,0.06,0.06,0.06,0.05,0.11,0.0,0.0,0.06,0.0,0.06,0.0,0.0,0.0,0.0,0.06,0.07,0.0,0.07,0.06,0.0,0.04,0.0,0.08,0.08,0.0,0.07,0.06,0.0,0.05,0.0,0.04,0.06,0.24,0.08,0.06,0.07,0.17,0.24,0.24,0.24,0.07,0.06,0.07,0.07,0.23,0.07,0.07,0.06,0.08,0.07,0.18,0.0,0.22,0.07,0.26,0.24,0.18,0.24,0.24,0.0,0.06,0.08,1.0,0.07,0.17,0.06,0.06,0.06,0.0,0.0,0.06,0.06,0.0,0.06,0.0,0.06,0.09,0.06,0.06,0.0,0.0,0.07,0.08,0.0,0.0,0.0,0.0,0.06,0.0,0.0,0.07,0.07,0.07,0.06,0.0,0.0,0.08,0.06,0.0,0.0,0.06,0.0,0.0,0.0,0.0,0.22,0.0,0.06,0.04,0.1,0.05,0.0,0.06,0.0,0.07,0.07,0.06,0.07,0.06,0.0,0.07,0.0,0.06,0.07,0.0,0.08,0.0,0.0,0.0,0.17,0.17,0.06,0.0,0.07,0.0,0.04,0.08,0.08,0.0,0.07,0.06,0.07,0.05,0.07,0.07,0.06,0.06,0.05,0.06,0.0,0.06,0.06,0.07,0.0,0.1,0.06,0.05,0.04,0.0,0.07,0.05,0.07,0.12,0.0,0.0,0.0,0.06,0.06,0.0,0.0,0.0,0.06,0.0,0.0,0.06,0.06,0.0,0.06,0.0,0.0,0.07,0.06,0.0,0.0,0.0,0.0,0.06,0.0,0.0,0.07,0.06,0.0,0.0,0.0,0.0,0.0,0.06,0.06,0.05,0.06,0.06,0.07,0.06,0.0
pasta zucchine e tonno,0.07,0.13,0.1,0.12,0.1,0.0,0.12,0.1,0.0,0.16,0.0,0.1,0.11,0.08,0.14,0.08,0.14,0.17,0.14,0.08,0.16,0.12,0.11,0.2,0.14,0.16,0.06,0.1,0.05,0.14,0.14,0.22,0.12,0.16,0.16,0.12,0.06,0.0,0.0,0.0,0.06,0.17,0.04,0.0,0.04,0.0,0.0,0.1,0.05,0.17,0.14,0.19,0.14,0.0,0.0,0.16,0.04,0.08,0.0,0.08,0.06,0.1,0.04,0.18,0.06,0.04,0.07,0.06,0.1,0.1,0.0,0.04,0.17,0.0,0.14,0.16,0.0,0.06,0.06,0.06,0.06,0.1,0.06,0.06,0.1,0.19,0.0,0.0,0.07,0.05,0.1,0.11,0.1,0.12,0.12,0.12,0.14,0.18,0.1,0.12,0.11,0.1,0.06,0.12,0.06,0.12,0.1,0.06,0.06,0.1,0.1,0.06,0.14,0.1,0.1,0.11,0.1,0.14,0.1,0.13,0.0,0.12,0.05,0.06,0.1,0.05,0.11,0.1,0.05,0.1,0.42,0.14,0.06,0.0,0.14,0.06,0.16,0.32,0.17,0.1,0.08,0.14,0.0,0.0,0.14,0.0,0.27,0.06,0.0,0.06,0.06,0.16,0.18,0.05,0.12,0.1,0.27,0.07,0.05,0.06,0.07,0.0,0.12,0.11,0.06,0.12,0.24,0.16,0.1,0.12,0.32,0.11,0.18,0.12,0.12,0.06,0.18,0.38,0.09,0.12,0.18,0.06,0.18,0.12,0.06,0.07,0.12,0.0,0.22,0.14,0.12,0.06,0.06,0.1,0.18,0.12,0.14,0.11,0.14,0.07,1.0,0.06,0.14,0.36,0.1,0.06,0.06,0.17,0.17,0.0,0.1,0.06,0.1,0.2,0.16,0.11,0.0,0.0,0.12,0.14,0.0,0.06,0.09,0.05,0.11,0.0,0.1,0.06,0.12,0.12,0.11,0.0,0.1,0.19,0.11,0.12,0.05,0.1,0.06,0.06,0.0,0.05,0.12,0.0,0.1,0.14,0.16,0.09,0.04,0.14,0.06,0.35,0.18,0.17,0.12,0.11,0.05,0.06,0.0,0.1,0.06,0.0,0.14,0.06,0.0,0.0,0.0,0.06,0.11,0.0,0.06,0.06,0.04,0.14,0.14,0.06,0.0,0.11,0.12,0.14,0.12,0.29,0.1,0.1,0.13,0.1,0.0,0.1,0.1,0.06,0.12,0.18,0.14,0.04,0.15,0.06,0.06,0.08,0.18,0.14,0.0,0.0,0.06,0.14,0.14,0.06,0.06,0.0,0.1,0.0,0.0,0.1,0.32,0.07,0.06,0.05,0.0,0.18,0.1,0.04,0.08,0.0,0.05,0.1,0.0,0.04,0.06,0.09,0.0,0.0,0.04,0.06,0.0,0.1,0.16,0.14,0.09,0.22,0.12,0.1,0.06
pasta zucchine pancetta e formaggio,0.0,0.12,0.05,0.06,0.04,0.0,0.06,0.09,0.0,0.15,0.0,0.04,0.06,0.04,0.06,0.0,0.07,0.06,0.06,0.0,0.1,0.08,0.1,0.06,0.0,0.14,0.06,0.05,0.05,0.1,0.1,0.1,0.06,0.1,0.05,0.06,0.06,0.0,0.06,0.0,0.06,0.04,0.14,0.0,0.0,0.06,0.21,0.0,0.0,0.06,0.04,0.04,0.04,0.0,0.0,0.1,0.09,0.08,0.09,0.12,0.05,0.05,0.0,0.06,0.06,0.04,0.0,0.06,0.09,0.05,0.08,0.04,0.06,0.0,0.19,0.05,0.0,0.0,0.0,0.05,0.06,0.05,0.1,0.06,0.05,0.14,0.0,0.0,0.07,0.05,0.09,0.1,0.04,0.12,0.06,0.06,0.06,0.11,0.1,0.06,0.06,0.1,0.0,0.24,0.0,0.06,0.04,0.0,0.0,0.05,0.0,0.0,0.12,0.04,0.05,0.1,0.05,0.04,0.05,0.08,0.0,0.06,0.05,0.12,0.05,0.14,0.16,0.1,0.14,0.05,0.12,0.08,0.0,0.0,0.09,0.1,0.05,0.05,0.06,0.05,0.04,0.04,0.0,0.0,0.04,0.0,0.06,0.06,0.0,0.0,0.05,0.05,0.16,0.1,0.11,0.0,0.0,0.0,0.0,0.0,0.0,0.0,0.06,0.1,0.12,0.12,0.11,0.12,0.1,0.26,0.06,0.1,0.11,0.22,0.34,0.16,0.21,0.06,0.08,0.0,0.16,0.26,0.06,0.11,0.0,0.07,0.06,0.16,0.18,0.19,0.06,0.22,0.15,0.12,0.22,0.21,0.06,0.1,0.06,0.17,0.06,1.0,0.04,0.14,0.1,0.06,0.1,0.1,0.1,0.0,0.05,0.12,0.1,0.08,0.1,0.06,0.0,0.0,0.11,0.06,0.0,0.06,0.13,0.09,0.06,0.0,0.04,0.0,0.06,0.06,0.06,0.0,0.05,0.07,0.16,0.12,0.0,0.05,0.0,0.06,0.0,0.04,0.16,0.05,0.1,0.07,0.12,0.08,0.14,0.04,0.06,0.06,0.06,0.06,0.11,0.06,0.0,0.0,0.0,0.04,0.06,0.14,0.06,0.0,0.06,0.0,0.0,0.16,0.1,0.04,0.06,0.12,0.0,0.07,0.0,0.06,0.0,0.06,0.38,0.08,0.0,0.0,0.04,0.04,0.08,0.1,0.0,0.0,0.05,0.06,0.06,0.08,0.17,0.08,0.07,0.12,0.0,0.04,0.11,0.09,0.0,0.0,0.06,0.22,0.09,0.15,0.11,0.06,0.05,0.0,0.0,0.1,0.14,0.07,0.05,0.09,0.0,0.14,0.05,0.09,0.0,0.0,0.06,0.14,0.06,0.04,0.06,0.04,0.0,0.0,0.04,0.06,0.0,0.0,0.15,0.04,0.0,0.06,0.0,0.0,0.1
"pasta ‘ncasciata, la pasta al forno di montalbano",0.0,0.0,0.12,0.0,0.0,0.0,0.14,0.12,0.0,0.12,0.0,0.0,0.09,0.0,0.16,0.0,0.12,0.13,0.0,0.0,0.12,0.0,0.09,0.16,0.1,0.12,0.0,0.08,0.0,0.16,0.17,0.18,0.0,0.12,0.12,0.14,0.09,0.0,0.04,0.0,0.0,0.0,0.0,0.0,0.02,0.0,0.0,0.08,0.04,0.13,0.11,0.15,0.11,0.0,0.04,0.12,0.04,0.06,0.04,0.0,0.0,0.0,0.04,0.2,0.0,0.04,0.06,0.0,0.08,0.08,0.0,0.04,0.18,0.0,0.16,0.12,0.0,0.0,0.09,0.12,0.09,0.08,0.04,0.0,0.08,0.15,0.0,0.0,0.0,0.08,0.08,0.13,0.08,0.1,0.09,0.1,0.1,0.09,0.08,0.09,0.13,0.08,0.0,0.14,0.1,0.14,0.08,0.04,0.05,0.16,0.04,0.05,0.1,0.08,0.08,0.09,0.12,0.11,0.08,0.1,0.0,0.1,0.0,0.05,0.12,0.0,0.09,0.12,0.0,0.08,0.2,0.18,0.0,0.0,0.18,0.18,0.21,0.08,0.18,0.12,0.0,0.0,0.0,0.0,0.0,0.07,0.18,0.09,0.0,0.1,0.04,0.21,0.14,0.08,0.0,0.12,0.08,0.06,0.0,0.08,0.06,0.0,0.14,0.18,0.16,0.16,0.09,0.24,0.08,0.14,0.16,0.0,0.14,0.1,0.1,0.05,0.18,0.14,0.07,0.1,0.14,0.05,0.14,0.14,0.04,0.06,0.14,0.05,0.05,0.12,0.14,0.05,0.05,0.08,0.2,0.09,0.1,0.09,0.16,0.06,0.14,0.04,1.0,0.18,0.08,0.1,0.09,0.18,0.18,0.0,0.08,0.05,0.08,0.16,0.2,0.09,0.0,0.0,0.09,0.16,0.05,0.0,0.07,0.08,0.13,0.0,0.0,0.05,0.1,0.09,0.09,0.0,0.08,0.15,0.0,0.2,0.0,0.16,0.1,0.05,0.0,0.0,0.12,0.04,0.08,0.14,0.19,0.1,0.03,0.16,0.05,0.14,0.14,0.13,0.09,0.13,0.08,0.1,0.0,0.08,0.04,0.0,0.1,0.05,0.05,0.0,0.0,0.04,0.13,0.0,0.14,0.21,0.02,0.12,0.12,0.1,0.14,0.13,0.18,0.0,0.1,0.1,0.0,0.11,0.17,0.08,0.0,0.12,0.0,0.05,0.14,0.14,0.1,0.04,0.09,0.16,0.05,0.13,0.14,0.16,0.0,0.04,0.05,0.15,0.11,0.08,0.14,0.0,0.08,0.0,0.0,0.16,0.18,0.12,0.12,0.12,0.05,0.16,0.12,0.0,0.06,0.0,0.0,0.11,0.1,0.0,0.05,0.0,0.0,0.0,0.0,0.0,0.0,0.12,0.12,0.14,0.0,0.13,0.14,0.0,0.08
pasticcio di zucchine,0.1,0.2,0.08,0.1,0.07,0.0,0.1,0.11,0.0,0.17,0.04,0.11,0.12,0.06,0.15,0.06,0.11,0.12,0.1,0.12,0.12,0.1,0.12,0.15,0.1,0.16,0.04,0.08,0.04,0.23,0.14,0.21,0.09,0.16,0.12,0.09,0.14,0.0,0.14,0.04,0.04,0.13,0.14,0.04,0.05,0.1,0.0,0.08,0.04,0.12,0.1,0.14,0.1,0.0,0.15,0.12,0.07,0.08,0.11,0.16,0.04,0.08,0.04,0.14,0.09,0.03,0.05,0.09,0.15,0.08,0.12,0.04,0.12,0.11,0.26,0.12,0.0,0.04,0.04,0.2,0.14,0.08,0.12,0.1,0.08,0.18,0.0,0.0,0.06,0.04,0.11,0.17,0.08,0.14,0.09,0.1,0.1,0.18,0.12,0.09,0.08,0.12,0.04,0.14,0.04,0.09,0.08,0.04,0.04,0.16,0.07,0.04,0.15,0.08,0.08,0.12,0.12,0.1,0.08,0.13,0.0,0.1,0.08,0.14,0.12,0.18,0.21,0.16,0.22,0.12,0.74,0.2,0.0,0.0,0.1,0.17,0.12,0.32,0.12,0.08,0.1,0.1,0.15,0.12,0.11,0.06,0.46,0.09,0.0,0.1,0.04,0.12,0.22,0.08,0.18,0.08,0.62,0.06,0.04,0.12,0.06,0.0,0.09,0.12,0.15,0.28,0.52,0.26,0.08,0.18,0.4,0.12,0.14,0.1,0.14,0.04,0.14,0.14,0.14,0.1,0.14,0.1,0.14,0.14,0.04,0.06,0.1,0.0,0.36,0.11,0.09,0.1,0.05,0.07,0.14,0.09,0.15,0.12,0.1,0.06,0.36,0.14,0.18,1.0,0.12,0.14,0.04,0.21,0.21,0.0,0.08,0.04,0.12,0.15,0.16,0.08,0.0,0.0,0.14,0.1,0.0,0.14,0.18,0.15,0.12,0.0,0.04,0.04,0.1,0.09,0.08,0.0,0.08,0.14,0.12,0.19,0.04,0.2,0.04,0.04,0.0,0.04,0.28,0.04,0.08,0.16,0.22,0.16,0.03,0.11,0.05,0.36,0.14,0.12,0.14,0.12,0.08,0.04,0.0,0.08,0.09,0.11,0.1,0.05,0.1,0.06,0.04,0.14,0.17,0.1,0.22,0.2,0.02,0.11,0.11,0.05,0.04,0.08,0.26,0.16,0.1,0.31,0.08,0.07,0.16,0.16,0.0,0.08,0.08,0.04,0.09,0.14,0.24,0.16,0.17,0.15,0.04,0.22,0.22,0.22,0.04,0.08,0.05,0.25,0.18,0.16,0.14,0.05,0.12,0.0,0.0,0.2,0.5,0.11,0.16,0.15,0.05,0.27,0.08,0.07,0.06,0.04,0.12,0.14,0.19,0.04,0.1,0.1,0.0,0.0,0.06,0.09,0.0,0.08,0.12,0.1,0.07,0.17,0.09,0.08,0.04
patate al cartoccio con salsa di peperoni al tabasco,0.12,0.18,0.09,0.16,0.12,0.0,0.19,0.08,0.0,0.16,0.0,0.04,0.1,0.04,0.12,0.08,0.12,0.1,0.17,0.06,0.13,0.1,0.2,0.2,0.06,0.08,0.1,0.14,0.08,0.12,0.09,0.14,0.15,0.08,0.09,0.1,0.15,0.0,0.05,0.0,0.1,0.14,0.08,0.0,0.0,0.06,0.0,0.09,0.08,0.14,0.2,0.08,0.08,0.04,0.0,0.18,0.08,0.1,0.12,0.08,0.04,0.09,0.0,0.1,0.05,0.12,0.09,0.1,0.24,0.18,0.0,0.04,0.1,0.0,0.23,0.17,0.08,0.14,0.05,0.09,0.05,0.16,0.22,0.06,0.08,0.26,0.0,0.0,0.06,0.04,0.18,0.18,0.18,0.2,0.22,0.18,0.17,0.2,0.24,0.18,0.16,0.2,0.0,0.2,0.06,0.2,0.15,0.05,0.06,0.23,0.0,0.06,0.22,0.18,0.14,0.18,0.19,0.2,0.19,0.31,0.04,0.16,0.04,0.19,0.09,0.08,0.19,0.14,0.08,0.2,0.16,0.15,0.1,0.0,0.12,0.1,0.09,0.14,0.14,0.26,0.08,0.16,0.0,0.0,0.12,0.0,0.18,0.0,0.0,0.0,0.04,0.24,0.15,0.04,0.2,0.04,0.0,0.16,0.0,0.06,0.06,0.0,0.1,0.14,0.12,0.1,0.1,0.16,0.04,0.15,0.12,0.14,0.1,0.06,0.16,0.06,0.1,0.1,0.12,0.06,0.1,0.06,0.1,0.15,0.04,0.06,0.1,0.0,0.22,0.08,0.1,0.12,0.06,0.04,0.1,0.1,0.12,0.22,0.12,0.06,0.1,0.1,0.08,0.12,1.0,0.14,0.16,0.32,0.32,0.0,0.14,0.06,0.14,0.17,0.13,0.14,0.05,0.12,0.2,0.15,0.0,0.1,0.24,0.17,0.18,0.0,0.04,0.16,0.16,0.1,0.14,0.04,0.09,0.26,0.14,0.1,0.0,0.14,0.0,0.18,0.04,0.04,0.1,0.04,0.14,0.1,0.18,0.15,0.16,0.08,0.06,0.1,0.1,0.1,0.15,0.23,0.0,0.06,0.06,0.33,0.05,0.06,0.12,0.0,0.06,0.0,0.0,0.1,0.14,0.08,0.1,0.26,0.06,0.35,0.06,0.06,0.06,0.22,0.15,0.12,0.06,0.06,0.12,0.08,0.11,0.18,0.0,0.09,0.08,0.06,0.05,0.19,0.26,0.14,0.13,0.06,0.06,0.1,0.2,0.21,0.08,0.0,0.12,0.4,0.24,0.16,0.2,0.2,0.04,0.0,0.04,0.39,0.34,0.15,0.09,0.21,0.0,0.26,0.32,0.04,0.03,0.0,0.06,0.23,0.0,0.04,0.26,0.2,0.0,0.0,0.08,0.05,0.08,0.04,0.09,0.15,0.12,0.19,0.05,0.08,0.09
penne al salmone,0.0,0.13,0.06,0.06,0.04,0.0,0.22,0.1,0.14,0.1,0.0,0.05,0.06,0.04,0.06,0.0,0.07,0.06,0.06,0.0,0.1,0.04,0.18,0.16,0.0,0.05,0.06,0.06,0.05,0.17,0.11,0.06,0.06,0.05,0.06,0.12,0.0,0.0,0.24,0.05,0.06,0.08,0.1,0.06,0.0,0.06,0.0,0.0,0.0,0.06,0.0,0.1,0.04,0.0,0.1,0.1,0.04,0.12,0.05,0.13,0.1,0.1,0.0,0.06,0.18,0.14,0.0,0.06,0.18,0.06,0.08,0.0,0.06,0.0,0.06,0.15,0.0,0.0,0.06,0.22,0.18,0.05,0.11,0.12,0.05,0.1,0.05,0.0,0.07,0.0,0.18,0.16,0.18,0.18,0.15,0.32,0.12,0.18,0.18,0.16,0.18,0.14,0.0,0.18,0.0,0.24,0.12,0.0,0.0,0.18,0.0,0.0,0.19,0.18,0.12,0.16,0.18,0.21,0.18,0.21,0.0,0.12,0.05,0.22,0.06,0.1,0.11,0.16,0.1,0.14,0.06,0.18,0.0,0.0,0.1,0.06,0.06,0.06,0.11,0.1,0.0,0.04,0.06,0.06,0.05,0.0,0.21,0.0,0.0,0.0,0.06,0.1,0.06,0.16,0.06,0.0,0.0,0.0,0.0,0.03,0.0,0.0,0.06,0.11,0.06,0.12,0.12,0.16,0.05,0.06,0.14,0.17,0.06,0.06,0.06,0.06,0.06,0.06,0.09,0.0,0.06,0.06,0.06,0.12,0.0,0.0,0.12,0.0,0.06,0.05,0.12,0.0,0.0,0.0,0.06,0.06,0.22,0.14,0.14,0.0,0.06,0.06,0.1,0.14,0.14,1.0,0.06,0.06,0.06,0.0,0.06,0.06,0.06,0.08,0.16,0.06,0.0,0.0,0.06,0.07,0.0,0.06,0.21,0.15,0.16,0.0,0.1,0.0,0.06,0.06,0.06,0.0,0.06,0.16,0.06,0.06,0.0,0.1,0.0,0.15,0.0,0.05,0.16,0.0,0.06,0.08,0.16,0.09,0.11,0.1,0.06,0.06,0.06,0.06,0.06,0.0,0.0,0.06,0.0,0.14,0.06,0.07,0.06,0.0,0.12,0.08,0.06,0.12,0.22,0.09,0.06,0.14,0.0,0.16,0.0,0.14,0.06,0.11,0.06,0.09,0.0,0.0,0.1,0.1,0.08,0.06,0.0,0.0,0.1,0.0,0.12,0.09,0.22,0.04,0.15,0.06,0.0,0.21,0.06,0.05,0.0,0.0,0.06,0.15,0.24,0.3,0.24,0.0,0.0,0.0,0.0,0.19,0.32,0.17,0.06,0.26,0.0,0.22,0.18,0.0,0.0,0.0,0.07,0.18,0.06,0.04,0.0,0.04,0.0,0.0,0.04,0.18,0.05,0.0,0.06,0.09,0.0,0.06,0.0,0.0,0.1
peperoni in padella con patate e tonno,0.0,0.12,0.1,0.06,0.04,0.0,0.06,0.13,0.0,0.18,0.0,0.04,0.05,0.08,0.06,0.0,0.06,0.05,0.06,0.0,0.09,0.04,0.05,0.06,0.06,0.04,0.1,0.1,0.14,0.06,0.06,0.05,0.1,0.09,0.05,0.06,0.0,0.0,0.0,0.0,0.06,0.04,0.08,0.0,0.0,0.0,0.0,0.0,0.0,0.1,0.08,0.12,0.04,0.0,0.0,0.1,0.04,0.1,0.04,0.08,0.1,0.1,0.0,0.06,0.06,0.04,0.0,0.1,0.04,0.1,0.0,0.0,0.05,0.0,0.06,0.14,0.0,0.0,0.0,0.05,0.06,0.16,0.17,0.06,0.04,0.1,0.0,0.0,0.13,0.04,0.04,0.05,0.04,0.06,0.06,0.06,0.06,0.06,0.05,0.06,0.05,0.05,0.0,0.06,0.06,0.06,0.04,0.0,0.0,0.04,0.08,0.0,0.06,0.04,0.05,0.05,0.05,0.17,0.05,0.08,0.0,0.16,0.04,0.06,0.05,0.04,0.05,0.05,0.04,0.05,0.11,0.08,0.0,0.06,0.12,0.05,0.1,0.05,0.05,0.18,0.0,0.12,0.0,0.0,0.04,0.0,0.05,0.06,0.0,0.0,0.05,0.24,0.06,0.04,0.06,0.05,0.0,0.0,0.14,0.0,0.0,0.0,0.1,0.1,0.18,0.08,0.06,0.11,0.09,0.1,0.06,0.1,0.06,0.11,0.06,0.0,0.06,0.06,0.04,0.0,0.1,0.06,0.06,0.1,0.0,0.36,0.06,0.06,0.06,0.04,0.06,0.0,0.0,0.1,0.11,0.06,0.06,0.05,0.2,0.0,0.06,0.1,0.09,0.04,0.16,0.06,1.0,0.05,0.05,0.0,0.05,0.06,0.14,0.1,0.09,0.1,0.0,0.12,0.1,0.1,0.0,0.06,0.04,0.04,0.05,0.0,0.04,0.06,0.06,0.06,0.05,0.0,0.1,0.1,0.05,0.06,0.04,0.1,0.06,0.06,0.0,0.04,0.11,0.05,0.14,0.06,0.08,0.04,0.04,0.04,0.12,0.06,0.06,0.05,0.06,0.14,0.04,0.0,0.0,0.16,0.06,0.06,0.06,0.0,0.0,0.0,0.0,0.06,0.05,0.0,0.0,0.2,0.0,0.2,0.0,0.06,0.06,0.17,0.06,0.04,0.0,0.0,0.09,0.04,0.04,0.05,0.0,0.05,0.09,0.06,0.06,0.08,0.08,0.04,0.06,0.06,0.0,0.04,0.1,0.04,0.0,0.0,0.2,0.21,0.08,0.05,0.06,0.15,0.0,0.0,0.0,0.16,0.08,0.06,0.0,0.04,0.0,0.08,0.16,0.04,0.0,0.06,0.04,0.08,0.06,0.04,0.16,0.04,0.0,0.0,0.04,0.06,0.04,0.0,0.1,0.04,0.04,0.1,0.06,0.0,0.05
peperoni ‘mbuttunati,0.1,0.23,0.1,0.11,0.08,0.0,0.11,0.13,0.0,0.14,0.0,0.13,0.1,0.08,0.18,0.08,0.13,0.15,0.12,0.14,0.14,0.11,0.1,0.18,0.12,0.14,0.05,0.1,0.04,0.15,0.16,0.25,0.1,0.14,0.14,0.1,0.16,0.0,0.1,0.0,0.06,0.16,0.04,0.0,0.03,0.06,0.0,0.1,0.04,0.15,0.12,0.17,0.12,0.0,0.04,0.14,0.04,0.07,0.09,0.12,0.05,0.1,0.04,0.17,0.06,0.04,0.06,0.06,0.13,0.1,0.0,0.04,0.15,0.06,0.24,0.14,0.04,0.1,0.05,0.1,0.06,0.09,0.1,0.06,0.09,0.36,0.0,0.0,0.06,0.04,0.09,0.15,0.09,0.11,0.1,0.11,0.12,0.1,0.1,0.1,0.1,0.1,0.0,0.16,0.06,0.1,0.09,0.05,0.06,0.14,0.04,0.06,0.12,0.09,0.1,0.1,0.14,0.12,0.1,0.16,0.0,0.11,0.09,0.11,0.1,0.09,0.15,0.14,0.09,0.1,0.22,0.16,0.0,0.0,0.12,0.2,0.19,0.1,0.15,0.1,0.12,0.12,0.12,0.05,0.18,0.08,0.15,0.1,0.0,0.12,0.05,0.14,0.21,0.04,0.16,0.1,0.1,0.1,0.04,0.08,0.06,0.0,0.1,0.15,0.12,0.11,0.1,0.22,0.09,0.16,0.12,0.2,0.16,0.17,0.17,0.06,0.16,0.17,0.12,0.11,0.16,0.06,0.17,0.16,0.05,0.06,0.17,0.0,0.11,0.13,0.1,0.12,0.12,0.08,0.17,0.1,0.12,0.15,0.12,0.06,0.17,0.1,0.18,0.21,0.32,0.06,0.05,1.0,0.9,0.0,0.1,0.06,0.19,0.18,0.18,0.1,0.0,0.0,0.16,0.12,0.0,0.1,0.2,0.13,0.15,0.0,0.04,0.06,0.11,0.1,0.1,0.0,0.1,0.14,0.15,0.22,0.04,0.14,0.06,0.06,0.0,0.04,0.14,0.0,0.14,0.16,0.22,0.16,0.04,0.13,0.06,0.17,0.17,0.15,0.1,0.15,0.09,0.06,0.0,0.09,0.06,0.06,0.12,0.06,0.06,0.0,0.0,0.06,0.15,0.04,0.16,0.18,0.03,0.13,0.13,0.06,0.06,0.1,0.21,0.12,0.11,0.11,0.09,0.08,0.16,0.14,0.0,0.1,0.09,0.06,0.1,0.16,0.16,0.12,0.14,0.06,0.06,0.11,0.21,0.22,0.04,0.05,0.06,0.21,0.12,0.14,0.16,0.06,0.1,0.0,0.0,0.19,0.21,0.13,0.14,0.13,0.06,0.24,0.1,0.08,0.06,0.0,0.13,0.17,0.06,0.04,0.11,0.12,0.0,0.0,0.08,0.06,0.0,0.1,0.14,0.12,0.08,0.15,0.1,0.09,0.05
peperoni ‘mbuttunati alla napoletana,0.1,0.23,0.1,0.11,0.08,0.0,0.11,0.13,0.0,0.14,0.0,0.13,0.1,0.08,0.18,0.08,0.13,0.15,0.12,0.14,0.14,0.11,0.1,0.18,0.12,0.14,0.05,0.1,0.04,0.15,0.16,0.25,0.1,0.14,0.14,0.1,0.16,0.0,0.1,0.0,0.06,0.16,0.04,0.0,0.03,0.06,0.0,0.1,0.04,0.15,0.12,0.17,0.12,0.0,0.04,0.14,0.04,0.07,0.09,0.12,0.05,0.1,0.04,0.17,0.06,0.04,0.06,0.06,0.13,0.1,0.0,0.04,0.15,0.06,0.24,0.14,0.04,0.1,0.05,0.1,0.06,0.09,0.1,0.06,0.09,0.36,0.0,0.0,0.06,0.04,0.09,0.15,0.09,0.11,0.1,0.11,0.12,0.1,0.1,0.1,0.1,0.1,0.0,0.16,0.06,0.1,0.09,0.05,0.06,0.14,0.04,0.06,0.12,0.09,0.1,0.1,0.14,0.12,0.1,0.16,0.0,0.11,0.09,0.11,0.1,0.09,0.15,0.14,0.09,0.1,0.22,0.16,0.0,0.0,0.12,0.2,0.19,0.1,0.15,0.1,0.12,0.12,0.06,0.05,0.18,0.08,0.15,0.1,0.0,0.12,0.05,0.14,0.21,0.04,0.16,0.1,0.1,0.1,0.04,0.08,0.06,0.0,0.1,0.15,0.12,0.11,0.1,0.22,0.09,0.16,0.12,0.2,0.16,0.17,0.17,0.06,0.16,0.17,0.12,0.11,0.16,0.06,0.17,0.16,0.05,0.06,0.17,0.0,0.11,0.13,0.1,0.12,0.12,0.08,0.17,0.1,0.12,0.15,0.12,0.06,0.17,0.1,0.18,0.21,0.32,0.06,0.05,0.9,1.0,0.0,0.1,0.06,0.19,0.18,0.18,0.1,0.0,0.0,0.16,0.12,0.0,0.1,0.2,0.13,0.15,0.0,0.04,0.06,0.11,0.1,0.1,0.0,0.1,0.14,0.15,0.22,0.04,0.14,0.06,0.06,0.0,0.04,0.14,0.0,0.14,0.16,0.22,0.16,0.04,0.13,0.06,0.17,0.17,0.15,0.1,0.15,0.09,0.06,0.0,0.09,0.06,0.06,0.12,0.06,0.06,0.0,0.0,0.06,0.15,0.04,0.16,0.18,0.03,0.13,0.13,0.06,0.06,0.1,0.21,0.12,0.11,0.11,0.09,0.08,0.16,0.14,0.0,0.1,0.09,0.06,0.1,0.16,0.16,0.12,0.14,0.06,0.06,0.11,0.21,0.22,0.04,0.05,0.06,0.21,0.12,0.14,0.16,0.06,0.1,0.0,0.0,0.19,0.21,0.13,0.14,0.13,0.06,0.24,0.1,0.08,0.06,0.0,0.13,0.12,0.06,0.04,0.11,0.12,0.0,0.0,0.08,0.06,0.0,0.1,0.14,0.12,0.08,0.15,0.1,0.09,0.05
"piadina con tonno, cipolla e carciofini",0.0,0.0,0.0,0.0,0.0,0.0,0.0,0.0,0.0,0.0,0.0,0.0,0.0,0.0,0.0,0.0,0.0,0.0,0.0,0.0,0.0,0.0,0.0,0.0,0.0,0.0,0.08,0.0,0.0,0.0,0.0,0.0,0.08,0.0,0.0,0.0,0.0,0.0,0.0,0.0,0.0,0.0,0.0,0.08,0.0,0.0,0.0,0.0,0.0,0.0,0.0,0.0,0.0,0.0,0.0,0.0,0.0,0.0,0.0,0.0,0.0,0.08,0.0,0.0,0.0,0.0,0.0,0.0,0.0,0.0,0.0,0.0,0.0,0.0,0.0,0.0,0.0,0.0,0.0,0.0,0.0,0.0,0.0,0.0,0.0,0.0,0.0,0.11,0.0,0.0,0.0,0.0,0.0,0.0,0.0,0.0,0.0,0.0,0.0,0.0,0.0,0.0,0.0,0.0,0.0,0.08,0.0,0.0,0.0,0.0,0.0,0.0,0.0,0.0,0.0,0.0,0.0,0.0,0.0,0.0,0.0,0.0,0.0,0.0,0.0,0.0,0.0,0.0,0.0,0.0,0.0,0.0,0.0,0.0,0.0,0.0,0.0,0.0,0.0,0.0,0.0,0.0,0.1,0.08,0.0,0.0,0.0,0.0,0.0,0.0,0.0,0.0,0.0,0.0,0.0,0.0,0.0,0.0,0.0,0.0,0.0,0.0,0.0,0.0,0.0,0.0,0.0,0.0,0.0,0.0,0.0,0.0,0.0,0.0,0.0,0.0,0.0,0.0,0.0,0.0,0.0,0.0,0.0,0.0,0.0,0.0,0.0,0.0,0.0,0.0,0.0,0.0,0.0,0.0,0.0,0.0,0.0,0.0,0.0,0.0,0.0,0.0,0.0,0.0,0.0,0.0,0.0,0.0,0.0,1.0,0.0,0.34,0.0,0.0,0.0,0.0,0.0,0.0,0.0,0.0,0.0,0.0,0.0,0.0,0.0,0.0,0.0,0.0,0.0,0.0,0.0,0.0,0.0,0.0,0.0,0.0,0.0,0.0,0.0,0.0,0.0,0.0,0.0,0.0,0.0,0.0,0.0,0.0,0.0,0.0,0.0,0.0,0.0,0.0,0.0,0.0,0.0,0.0,0.0,0.0,0.0,0.0,0.0,0.0,0.0,0.0,0.0,0.0,0.0,0.0,0.0,0.0,0.0,0.0,0.0,0.0,0.0,0.0,0.0,0.0,0.0,0.0,0.0,0.0,0.0,0.0,0.0,0.0,0.0,0.0,0.0,0.0,0.0,0.0,0.0,0.0,0.0,0.0,0.0,0.0,0.0,0.0,0.0,0.0,0.0,0.0,0.0,0.0,0.0,0.0,0.0,0.0,0.0,0.0,0.0,0.0,0.0,0.0,0.0,0.0,0.0,0.08,0.0,0.0,0.0,0.0,0.0,0.0,0.0,0.0,0.0,0.0,0.0,0.0,0.0,0.0,0.0,0.0,0.0,0.0,0.0
piadina farcita con carne di manzo,0.18,0.11,0.09,0.16,0.08,0.0,0.1,0.08,0.04,0.16,0.0,0.04,0.1,0.07,0.12,0.08,0.12,0.1,0.12,0.06,0.13,0.07,0.1,0.12,0.06,0.08,0.1,0.18,0.18,0.14,0.06,0.1,0.1,0.08,0.09,0.1,0.1,0.0,0.0,0.0,0.1,0.11,0.04,0.05,0.06,0.06,0.0,0.09,0.12,0.1,0.12,0.08,0.12,0.14,0.04,0.18,0.08,0.06,0.16,0.08,0.04,0.14,0.08,0.1,0.05,0.07,0.18,0.15,0.21,0.18,0.0,0.04,0.1,0.0,0.12,0.08,0.04,0.14,0.1,0.14,0.05,0.13,0.1,0.1,0.13,0.14,0.0,0.0,0.12,0.04,0.08,0.1,0.08,0.1,0.1,0.1,0.12,0.1,0.14,0.1,0.1,0.14,0.05,0.1,0.06,0.1,0.08,0.05,0.06,0.08,0.04,0.1,0.12,0.08,0.09,0.1,0.09,0.08,0.09,0.08,0.14,0.1,0.08,0.06,0.09,0.04,0.1,0.09,0.04,0.09,0.1,0.08,0.06,0.0,0.12,0.1,0.09,0.09,0.1,0.09,0.04,0.08,0.0,0.05,0.12,0.08,0.14,0.0,0.0,0.0,0.04,0.09,0.1,0.04,0.1,0.04,0.0,0.06,0.0,0.16,0.06,0.0,0.1,0.1,0.06,0.14,0.1,0.14,0.04,0.1,0.12,0.1,0.1,0.06,0.1,0.06,0.1,0.1,0.16,0.06,0.1,0.1,0.1,0.1,0.04,0.06,0.1,0.12,0.06,0.08,0.1,0.12,0.06,0.04,0.1,0.1,0.06,0.1,0.12,0.06,0.1,0.05,0.08,0.08,0.14,0.06,0.05,0.1,0.1,0.0,1.0,0.06,0.14,0.17,0.13,0.14,0.1,0.14,0.2,0.21,0.06,0.05,0.08,0.08,0.14,0.0,0.04,0.1,0.16,0.15,0.1,0.08,0.04,0.13,0.1,0.06,0.08,0.09,0.06,0.1,0.12,0.04,0.1,0.0,0.09,0.16,0.18,0.19,0.1,0.08,0.06,0.1,0.1,0.1,0.1,0.05,0.04,0.06,0.0,0.12,0.05,0.0,0.12,0.12,0.0,0.0,0.0,0.05,0.1,0.0,0.05,0.06,0.14,0.12,0.12,0.06,0.0,0.1,0.1,0.08,0.06,0.06,0.12,0.08,0.08,0.09,0.0,0.09,0.08,0.06,0.05,0.22,0.12,0.04,0.13,0.06,0.06,0.14,0.1,0.25,0.12,0.05,0.06,0.12,0.2,0.04,0.05,0.0,0.09,0.0,0.12,0.09,0.2,0.06,0.04,0.08,0.12,0.16,0.14,0.0,0.03,0.05,0.06,0.08,0.0,0.04,0.1,0.08,0.0,0.06,0.08,0.05,0.04,0.04,0.09,0.08,0.04,0.14,0.15,0.08,0.04
piadine vegetariane con hummus e verdure,0.04,0.08,0.06,0.06,0.1,0.0,0.12,0.1,0.0,0.1,0.0,0.05,0.06,0.04,0.14,0.0,0.07,0.06,0.06,0.0,0.1,0.08,0.06,0.06,0.0,0.05,0.06,0.06,0.05,0.07,0.07,0.06,0.06,0.05,0.06,0.12,0.0,0.0,0.0,0.0,0.06,0.04,0.1,0.0,0.0,0.0,0.18,0.0,0.0,0.06,0.0,0.04,0.04,0.0,0.0,0.1,0.1,0.08,0.0,0.08,0.06,0.1,0.0,0.06,0.06,0.04,0.0,0.06,0.05,0.06,0.0,0.0,0.06,0.07,0.06,0.05,0.0,0.0,0.0,0.06,0.06,0.05,0.06,0.06,0.05,0.12,0.0,0.0,0.07,0.1,0.1,0.11,0.05,0.06,0.06,0.06,0.06,0.12,0.06,0.06,0.06,0.06,0.0,0.06,0.0,0.06,0.05,0.0,0.06,0.05,0.0,0.0,0.06,0.1,0.06,0.17,0.06,0.04,0.06,0.04,0.0,0.06,0.05,0.06,0.06,0.1,0.06,0.06,0.1,0.06,0.06,0.04,0.0,0.0,0.1,0.06,0.06,0.06,0.06,0.1,0.04,0.04,0.0,0.0,0.05,0.0,0.06,0.0,0.0,0.0,0.06,0.06,0.06,0.05,0.06,0.0,0.0,0.04,0.0,0.0,0.0,0.0,0.06,0.06,0.06,0.08,0.06,0.1,0.05,0.06,0.06,0.06,0.06,0.06,0.06,0.06,0.06,0.06,0.04,0.0,0.06,0.0,0.06,0.06,0.0,0.0,0.06,0.0,0.06,0.1,0.06,0.0,0.0,0.0,0.06,0.06,0.06,0.06,0.06,0.0,0.06,0.12,0.05,0.04,0.06,0.06,0.06,0.06,0.06,0.34,0.06,1.0,0.06,0.08,0.1,0.06,0.0,0.0,0.06,0.07,0.0,0.0,0.04,0.05,0.06,0.0,0.04,0.0,0.06,0.06,0.06,0.0,0.06,0.08,0.17,0.06,0.0,0.06,0.0,0.06,0.0,0.05,0.08,0.0,0.1,0.08,0.08,0.04,0.08,0.1,0.06,0.06,0.06,0.06,0.06,0.0,0.0,0.0,0.0,0.05,0.0,0.0,0.06,0.0,0.0,0.0,0.0,0.06,0.06,0.0,0.0,0.14,0.04,0.07,0.0,0.06,0.0,0.06,0.12,0.09,0.0,0.0,0.1,0.04,0.04,0.06,0.0,0.0,0.1,0.0,0.12,0.09,0.09,0.04,0.08,0.06,0.0,0.04,0.06,0.05,0.0,0.0,0.06,0.04,0.1,0.06,0.06,0.0,0.0,0.0,0.0,0.06,0.1,0.07,0.0,0.05,0.0,0.09,0.06,0.0,0.0,0.0,0.05,0.04,0.0,0.14,0.0,0.04,0.0,0.0,0.09,0.06,0.0,0.0,0.06,0.14,0.0,0.06,0.0,0.0,0.06
pizza alla parmigiana,0.06,0.22,0.09,0.1,0.08,0.0,0.1,0.21,0.04,0.14,0.0,0.04,0.1,0.04,0.12,0.04,0.12,0.1,0.12,0.06,0.13,0.07,0.1,0.12,0.12,0.13,0.1,0.28,0.22,0.18,0.09,0.14,0.1,0.13,0.09,0.1,0.1,0.0,0.05,0.0,0.05,0.11,0.04,0.0,0.0,0.06,0.0,0.04,0.04,0.14,0.12,0.12,0.12,0.0,0.04,0.14,0.04,0.13,0.12,0.08,0.09,0.09,0.0,0.1,0.05,0.04,0.09,0.15,0.16,0.14,0.0,0.04,0.1,0.0,0.17,0.08,0.0,0.0,0.05,0.04,0.05,0.08,0.14,0.06,0.08,0.16,0.0,0.0,0.18,0.04,0.08,0.1,0.08,0.1,0.1,0.1,0.12,0.1,0.14,0.1,0.1,0.09,0.0,0.1,0.06,0.1,0.08,0.05,0.06,0.08,0.0,0.06,0.12,0.08,0.09,0.1,0.09,0.16,0.09,0.11,0.0,0.1,0.08,0.1,0.09,0.08,0.14,0.14,0.08,0.09,0.16,0.15,0.0,0.06,0.12,0.19,0.18,0.09,0.1,0.09,0.08,0.12,0.0,0.0,0.16,0.15,0.14,0.0,0.0,0.0,0.04,0.09,0.15,0.04,0.15,0.09,0.0,0.03,0.04,0.06,0.06,0.0,0.1,0.4,0.36,0.14,0.4,0.16,0.08,0.2,0.12,0.24,0.1,0.16,0.16,0.06,0.1,0.1,0.12,0.06,0.1,0.06,0.1,0.15,0.04,0.06,0.16,0.0,0.1,0.08,0.1,0.12,0.17,0.08,0.1,0.1,0.06,0.14,0.12,0.06,0.1,0.1,0.08,0.12,0.14,0.06,0.14,0.19,0.19,0.0,0.14,0.06,1.0,0.17,0.18,0.19,0.05,0.1,0.25,0.18,0.06,0.1,0.16,0.12,0.14,0.0,0.04,0.1,0.1,0.1,0.1,0.0,0.04,0.13,0.14,0.1,0.0,0.09,0.06,0.06,0.0,0.04,0.1,0.0,0.14,0.16,0.18,0.12,0.03,0.08,0.12,0.1,0.1,0.1,0.1,0.1,0.0,0.06,0.0,0.08,0.1,0.06,0.12,0.0,0.06,0.0,0.0,0.05,0.14,0.04,0.1,0.12,0.03,0.12,0.06,0.06,0.0,0.1,0.15,0.08,0.06,0.06,0.12,0.08,0.11,0.14,0.0,0.04,0.08,0.06,0.05,0.22,0.16,0.14,0.13,0.06,0.06,0.1,0.2,0.21,0.0,0.05,0.06,0.12,0.16,0.09,0.1,0.06,0.04,0.0,0.0,0.14,0.2,0.06,0.09,0.12,0.0,0.2,0.09,0.04,0.0,0.0,0.06,0.16,0.0,0.04,0.1,0.08,0.0,0.0,0.04,0.05,0.0,0.04,0.09,0.08,0.04,0.14,0.05,0.04,0.04
pizza con pomodoro e olive,0.09,0.16,0.14,0.2,0.12,0.0,0.16,0.12,0.04,0.24,0.0,0.16,0.24,0.08,0.17,0.11,0.23,0.18,0.17,0.1,0.2,0.13,0.14,0.21,0.17,0.16,0.1,0.32,0.13,0.15,0.14,0.18,0.15,0.2,0.23,0.15,0.11,0.0,0.0,0.03,0.11,0.19,0.06,0.0,0.02,0.0,0.0,0.14,0.1,0.18,0.18,0.15,0.15,0.04,0.0,0.34,0.09,0.1,0.03,0.11,0.1,0.14,0.03,0.2,0.08,0.06,0.11,0.11,0.16,0.17,0.0,0.06,0.18,0.0,0.17,0.16,0.03,0.06,0.07,0.1,0.08,0.1,0.07,0.08,0.13,0.24,0.0,0.0,0.09,0.06,0.12,0.14,0.18,0.16,0.24,0.16,0.17,0.18,0.17,0.15,0.21,0.17,0.0,0.18,0.26,0.15,0.12,0.07,0.08,0.16,0.03,0.08,0.21,0.18,0.14,0.14,0.14,0.12,0.14,0.14,0.04,0.22,0.13,0.08,0.14,0.06,0.14,0.14,0.06,0.14,0.2,0.17,0.04,0.0,0.18,0.07,0.17,0.14,0.3,0.14,0.08,0.18,0.0,0.0,0.16,0.0,0.14,0.04,0.0,0.12,0.06,0.17,0.18,0.06,0.15,0.14,0.04,0.09,0.06,0.08,0.14,0.0,0.15,0.14,0.08,0.16,0.08,0.18,0.13,0.22,0.17,0.21,0.29,0.2,0.16,0.08,0.18,0.2,0.12,0.2,0.18,0.08,0.24,0.18,0.06,0.09,0.16,0.0,0.08,0.26,0.15,0.08,0.08,0.16,0.2,0.15,0.12,0.14,0.17,0.09,0.2,0.08,0.16,0.15,0.17,0.08,0.1,0.18,0.18,0.0,0.17,0.08,0.17,1.0,0.22,0.24,0.04,0.0,0.18,0.22,0.0,0.04,0.06,0.06,0.14,0.0,0.06,0.16,0.2,0.15,0.14,0.03,0.1,0.24,0.14,0.12,0.03,0.26,0.04,0.16,0.03,0.06,0.16,0.0,0.14,0.26,0.3,0.21,0.14,0.16,0.17,0.2,0.2,0.18,0.15,0.1,0.03,0.12,0.0,0.16,0.08,0.0,0.17,0.04,0.0,0.0,0.0,0.08,0.14,0.0,0.18,0.08,0.1,0.18,0.24,0.08,0.0,0.14,0.15,0.14,0.12,0.16,0.18,0.12,0.14,0.14,0.0,0.14,0.13,0.08,0.11,0.25,0.18,0.08,0.14,0.08,0.16,0.18,0.15,0.22,0.03,0.0,0.08,0.18,0.21,0.06,0.08,0.0,0.1,0.0,0.03,0.14,0.21,0.09,0.1,0.06,0.0,0.21,0.14,0.03,0.07,0.0,0.06,0.18,0.0,0.06,0.08,0.12,0.0,0.0,0.08,0.08,0.03,0.1,0.17,0.14,0.08,0.34,0.11,0.16,0.06
pizza di cavolfiore,0.06,0.24,0.13,0.16,0.12,0.0,0.2,0.2,0.0,0.21,0.0,0.12,0.18,0.07,0.22,0.04,0.24,0.14,0.16,0.13,0.21,0.1,0.14,0.16,0.06,0.16,0.09,0.18,0.12,0.2,0.14,0.18,0.14,0.12,0.13,0.19,0.1,0.0,0.05,0.04,0.1,0.18,0.08,0.0,0.0,0.0,0.0,0.04,0.04,0.14,0.08,0.16,0.12,0.0,0.04,0.22,0.08,0.12,0.04,0.18,0.13,0.18,0.0,0.16,0.14,0.07,0.06,0.1,0.12,0.13,0.0,0.04,0.14,0.06,0.22,0.12,0.0,0.0,0.09,0.18,0.14,0.08,0.09,0.1,0.12,0.21,0.04,0.0,0.12,0.04,0.12,0.18,0.16,0.16,0.14,0.16,0.16,0.14,0.18,0.14,0.18,0.13,0.0,0.19,0.05,0.19,0.12,0.04,0.05,0.16,0.0,0.05,0.22,0.16,0.13,0.14,0.18,0.16,0.13,0.21,0.0,0.16,0.12,0.1,0.13,0.08,0.14,0.18,0.08,0.13,0.16,0.14,0.0,0.0,0.2,0.14,0.18,0.13,0.18,0.18,0.04,0.12,0.06,0.04,0.12,0.07,0.18,0.05,0.0,0.06,0.08,0.18,0.14,0.12,0.14,0.08,0.04,0.03,0.0,0.08,0.06,0.0,0.14,0.18,0.11,0.17,0.1,0.26,0.08,0.19,0.22,0.23,0.14,0.16,0.16,0.05,0.14,0.16,0.11,0.05,0.14,0.05,0.2,0.24,0.04,0.06,0.2,0.0,0.1,0.12,0.19,0.06,0.11,0.08,0.16,0.14,0.11,0.14,0.22,0.06,0.16,0.1,0.2,0.16,0.13,0.16,0.09,0.18,0.18,0.0,0.13,0.1,0.18,0.22,1.0,0.14,0.0,0.0,0.14,0.2,0.05,0.0,0.11,0.12,0.18,0.0,0.12,0.05,0.16,0.14,0.14,0.0,0.08,0.24,0.14,0.16,0.0,0.18,0.05,0.16,0.0,0.08,0.2,0.0,0.13,0.18,0.26,0.14,0.06,0.16,0.16,0.16,0.16,0.14,0.14,0.04,0.04,0.16,0.0,0.12,0.05,0.0,0.16,0.0,0.05,0.0,0.0,0.1,0.18,0.0,0.1,0.22,0.02,0.18,0.06,0.16,0.1,0.18,0.19,0.11,0.05,0.1,0.16,0.16,0.1,0.13,0.0,0.04,0.16,0.05,0.14,0.26,0.18,0.04,0.16,0.11,0.05,0.17,0.14,0.2,0.04,0.04,0.11,0.16,0.2,0.13,0.19,0.0,0.04,0.0,0.0,0.18,0.27,0.18,0.13,0.16,0.06,0.22,0.18,0.0,0.0,0.0,0.08,0.16,0.05,0.08,0.05,0.08,0.0,0.0,0.11,0.14,0.04,0.04,0.13,0.14,0.04,0.14,0.05,0.08,0.13
pizza in teglia con burrata e carciofi,0.06,0.16,0.1,0.17,0.08,0.0,0.11,0.13,0.1,0.23,0.0,0.04,0.1,0.04,0.12,0.08,0.36,0.1,0.12,0.07,0.14,0.08,0.1,0.12,0.12,0.09,0.1,0.24,0.14,0.09,0.06,0.1,0.1,0.14,0.1,0.1,0.1,0.0,0.0,0.0,0.1,0.12,0.04,0.0,0.0,0.0,0.0,0.1,0.09,0.1,0.17,0.08,0.08,0.05,0.0,0.19,0.08,0.1,0.04,0.08,0.1,0.1,0.0,0.11,0.06,0.04,0.1,0.1,0.13,0.19,0.0,0.04,0.1,0.0,0.12,0.09,0.04,0.05,0.05,0.1,0.06,0.04,0.05,0.06,0.09,0.15,0.0,0.0,0.13,0.04,0.09,0.1,0.09,0.11,0.1,0.11,0.12,0.1,0.14,0.1,0.1,0.14,0.0,0.1,0.06,0.1,0.09,0.05,0.06,0.09,0.0,0.06,0.12,0.09,0.1,0.1,0.1,0.08,0.1,0.08,0.05,0.11,0.04,0.06,0.1,0.04,0.1,0.1,0.04,0.1,0.11,0.12,0.06,0.0,0.12,0.05,0.1,0.1,0.1,0.1,0.04,0.12,0.0,0.0,0.09,0.08,0.1,0.0,0.0,0.0,0.05,0.1,0.1,0.04,0.1,0.05,0.0,0.06,0.04,0.18,0.06,0.0,0.1,0.1,0.06,0.11,0.06,0.11,0.09,0.16,0.12,0.15,0.1,0.3,0.11,0.06,0.1,0.11,0.08,0.06,0.1,0.06,0.11,0.1,0.05,0.06,0.11,0.0,0.06,0.09,0.1,0.06,0.06,0.04,0.11,0.1,0.06,0.1,0.12,0.06,0.11,0.06,0.09,0.08,0.14,0.06,0.1,0.1,0.1,0.0,0.14,0.06,0.19,0.24,0.14,1.0,0.05,0.0,0.16,0.19,0.0,0.0,0.04,0.04,0.1,0.0,0.04,0.17,0.17,0.1,0.1,0.04,0.05,0.14,0.1,0.06,0.0,0.1,0.0,0.11,0.04,0.04,0.11,0.0,0.1,0.1,0.14,0.12,0.14,0.09,0.43,0.11,0.11,0.1,0.1,0.05,0.0,0.06,0.0,0.13,0.1,0.0,0.12,0.0,0.0,0.0,0.0,0.06,0.1,0.0,0.06,0.06,0.06,0.13,0.06,0.06,0.0,0.1,0.1,0.08,0.06,0.06,0.18,0.08,0.08,0.1,0.0,0.1,0.09,0.06,0.06,0.2,0.12,0.08,0.1,0.06,0.06,0.11,0.1,0.18,0.04,0.0,0.06,0.12,0.17,0.05,0.06,0.0,0.05,0.0,0.04,0.1,0.17,0.06,0.05,0.04,0.0,0.14,0.1,0.04,0.04,0.0,0.04,0.12,0.0,0.04,0.06,0.08,0.0,0.0,0.08,0.06,0.04,0.05,0.1,0.08,0.04,0.2,0.27,0.09,0.05
"pizza in teglia romana con ragù, mirtilli e grana padano",0.1,0.0,0.0,0.06,0.0,0.0,0.0,0.04,0.05,0.03,0.0,0.0,0.0,0.0,0.0,0.04,0.0,0.0,0.0,0.0,0.0,0.0,0.0,0.0,0.0,0.0,0.05,0.14,0.14,0.0,0.0,0.0,0.0,0.0,0.0,0.0,0.06,0.0,0.0,0.0,0.06,0.04,0.0,0.1,0.03,0.11,0.0,0.05,0.09,0.0,0.04,0.0,0.0,0.1,0.0,0.05,0.04,0.04,0.09,0.0,0.0,0.05,0.04,0.0,0.0,0.04,0.16,0.06,0.09,0.05,0.0,0.0,0.0,0.0,0.0,0.0,0.04,0.14,0.05,0.1,0.0,0.09,0.0,0.0,0.0,0.02,0.0,0.0,0.0,0.0,0.0,0.0,0.0,0.0,0.0,0.0,0.0,0.0,0.05,0.0,0.0,0.05,0.05,0.0,0.0,0.0,0.0,0.0,0.0,0.0,0.04,0.06,0.0,0.0,0.0,0.0,0.0,0.0,0.0,0.0,0.1,0.0,0.0,0.0,0.0,0.0,0.0,0.0,0.0,0.0,0.0,0.0,0.06,0.0,0.04,0.0,0.0,0.0,0.0,0.0,0.0,0.0,0.0,0.05,0.0,0.0,0.0,0.0,0.0,0.0,0.0,0.0,0.0,0.0,0.0,0.0,0.0,0.03,0.0,0.06,0.0,0.0,0.0,0.0,0.0,0.0,0.0,0.0,0.0,0.0,0.0,0.0,0.0,0.0,0.0,0.0,0.0,0.0,0.04,0.0,0.0,0.06,0.0,0.0,0.0,0.0,0.0,0.06,0.0,0.0,0.0,0.06,0.0,0.0,0.0,0.0,0.0,0.0,0.0,0.0,0.0,0.0,0.0,0.0,0.05,0.0,0.0,0.0,0.0,0.0,0.1,0.0,0.05,0.04,0.0,0.05,1.0,0.11,0.06,0.1,0.06,0.0,0.0,0.0,0.0,0.0,0.0,0.06,0.06,0.0,0.0,0.08,0.0,0.0,0.0,0.06,0.09,0.0,0.06,0.06,0.2,0.0,0.0,0.0,0.0,0.0,0.0,0.08,0.06,0.0,0.0,0.0,0.0,0.0,0.0,0.0,0.0,0.0,0.0,0.04,0.0,0.0,0.0,0.06,0.0,0.0,0.0,0.0,0.0,0.0,0.0,0.0,0.09,0.0,0.06,0.0,0.0,0.0,0.0,0.0,0.0,0.0,0.04,0.0,0.0,0.0,0.0,0.05,0.0,0.0,0.06,0.04,0.0,0.0,0.0,0.0,0.0,0.04,0.0,0.09,0.08,0.0,0.0,0.04,0.04,0.0,0.0,0.0,0.05,0.0,0.12,0.0,0.04,0.0,0.0,0.0,0.06,0.0,0.0,0.0,0.04,0.06,0.02,0.0,0.0,0.0,0.06,0.04,0.0,0.06,0.04,0.0,0.04,0.0,0.0,0.0,0.0,0.05,0.06,0.04,0.0
pizza patate e salsiccia,0.16,0.0,0.0,0.0,0.0,0.0,0.0,0.06,0.19,0.02,0.0,0.0,0.0,0.0,0.0,0.0,0.0,0.0,0.0,0.0,0.0,0.0,0.0,0.0,0.0,0.0,0.0,0.18,0.13,0.04,0.04,0.0,0.04,0.0,0.0,0.0,0.0,0.0,0.0,0.0,0.0,0.03,0.0,0.08,0.24,0.08,0.12,0.0,0.06,0.0,0.0,0.0,0.06,0.1,0.03,0.0,0.06,0.02,0.29,0.0,0.0,0.07,0.09,0.0,0.0,0.16,0.26,0.04,0.36,0.07,0.0,0.0,0.0,0.1,0.0,0.0,0.0,0.1,0.2,0.1,0.0,0.22,0.16,0.04,0.0,0.0,0.0,0.0,0.04,0.0,0.0,0.0,0.0,0.0,0.0,0.0,0.0,0.0,0.0,0.0,0.0,0.0,0.24,0.0,0.0,0.0,0.0,0.0,0.0,0.0,0.25,0.15,0.0,0.0,0.0,0.0,0.0,0.0,0.0,0.03,0.3,0.0,0.04,0.0,0.0,0.03,0.0,0.0,0.06,0.19,0.0,0.0,0.0,0.0,0.03,0.08,0.0,0.0,0.04,0.17,0.0,0.03,0.0,0.08,0.03,0.06,0.04,0.0,0.0,0.0,0.0,0.16,0.0,0.06,0.0,0.0,0.0,0.0,0.0,0.14,0.0,0.0,0.0,0.0,0.04,0.02,0.04,0.04,0.06,0.04,0.0,0.0,0.0,0.04,0.0,0.04,0.04,0.0,0.09,0.0,0.0,0.32,0.0,0.04,0.04,0.0,0.0,0.13,0.0,0.03,0.04,0.08,0.0,0.0,0.0,0.0,0.13,0.0,0.0,0.0,0.0,0.0,0.0,0.0,0.12,0.0,0.12,0.0,0.0,0.0,0.14,0.0,0.1,0.0,0.0,0.0,0.11,1.0,0.04,0.09,0.08,0.12,0.03,0.03,0.04,0.0,0.0,0.14,0.0,0.04,0.04,0.09,0.07,0.02,0.0,0.0,0.22,0.04,0.16,0.0,0.12,0.0,0.02,0.04,0.0,0.05,0.02,0.12,0.0,0.0,0.0,0.0,0.0,0.04,0.0,0.14,0.0,0.0,0.0,0.12,0.0,0.0,0.0,0.13,0.0,0.0,0.0,0.0,0.0,0.0,0.0,0.15,0.18,0.13,0.1,0.0,0.08,0.12,0.0,0.06,0.0,0.0,0.03,0.03,0.03,0.0,0.0,0.0,0.0,0.0,0.0,0.03,0.03,0.0,0.05,0.0,0.0,0.02,0.08,0.1,0.24,0.04,0.0,0.13,0.03,0.0,0.0,0.18,0.17,0.06,0.34,0.12,0.03,0.0,0.0,0.06,0.23,0.02,0.14,0.0,0.0,0.12,0.03,0.12,0.0,0.0,0.24,0.06,0.0,0.08,0.0,0.0,0.03,0.0,0.0,0.03,0.06,0.0,0.12,0.0,0.0
pizza senza lievitazione,0.1,0.16,0.1,0.18,0.09,0.0,0.12,0.14,0.0,0.18,0.0,0.04,0.1,0.04,0.12,0.08,0.14,0.1,0.12,0.08,0.14,0.08,0.1,0.12,0.06,0.1,0.16,0.15,0.19,0.19,0.1,0.16,0.11,0.1,0.1,0.11,0.16,0.0,0.06,0.0,0.11,0.12,0.04,0.0,0.0,0.06,0.0,0.1,0.09,0.16,0.14,0.09,0.14,0.05,0.04,0.2,0.09,0.11,0.18,0.08,0.05,0.1,0.0,0.12,0.06,0.04,0.1,0.28,0.28,0.25,0.0,0.04,0.1,0.0,0.19,0.1,0.05,0.05,0.06,0.1,0.06,0.1,0.16,0.06,0.1,0.18,0.0,0.0,0.14,0.05,0.09,0.1,0.09,0.12,0.11,0.12,0.12,0.11,0.15,0.11,0.1,0.15,0.0,0.11,0.06,0.11,0.09,0.06,0.06,0.1,0.0,0.06,0.12,0.09,0.1,0.1,0.1,0.09,0.1,0.08,0.05,0.12,0.1,0.12,0.1,0.09,0.16,0.15,0.09,0.1,0.18,0.12,0.06,0.06,0.14,0.16,0.1,0.1,0.1,0.1,0.08,0.09,0.0,0.0,0.14,0.08,0.21,0.0,0.0,0.0,0.05,0.1,0.16,0.05,0.16,0.1,0.0,0.07,0.0,0.09,0.07,0.0,0.11,0.16,0.12,0.16,0.16,0.18,0.05,0.16,0.12,0.16,0.11,0.06,0.18,0.06,0.11,0.12,0.13,0.06,0.11,0.06,0.12,0.16,0.05,0.07,0.12,0.0,0.12,0.09,0.11,0.12,0.06,0.04,0.12,0.11,0.06,0.16,0.12,0.07,0.12,0.11,0.09,0.14,0.2,0.06,0.1,0.16,0.16,0.0,0.2,0.06,0.25,0.18,0.14,0.16,0.06,0.04,1.0,0.16,0.0,0.11,0.17,0.18,0.16,0.0,0.04,0.12,0.18,0.11,0.1,0.04,0.05,0.14,0.16,0.12,0.0,0.1,0.0,0.12,0.04,0.04,0.12,0.0,0.1,0.18,0.19,0.16,0.1,0.09,0.06,0.12,0.12,0.1,0.11,0.1,0.0,0.06,0.0,0.14,0.06,0.07,0.12,0.0,0.06,0.0,0.0,0.06,0.16,0.04,0.11,0.12,0.06,0.14,0.07,0.06,0.0,0.1,0.16,0.08,0.06,0.06,0.14,0.09,0.12,0.15,0.0,0.1,0.1,0.06,0.06,0.25,0.17,0.12,0.14,0.06,0.06,0.16,0.16,0.28,0.04,0.06,0.06,0.18,0.22,0.15,0.11,0.06,0.05,0.0,0.04,0.15,0.26,0.07,0.1,0.14,0.0,0.22,0.1,0.04,0.04,0.0,0.06,0.14,0.0,0.04,0.12,0.13,0.0,0.0,0.08,0.06,0.04,0.05,0.1,0.08,0.04,0.16,0.06,0.1,0.05
pizza sottile e croccante con farina petra 3,0.12,0.2,0.15,0.21,0.1,0.0,0.14,0.16,0.09,0.2,0.0,0.06,0.16,0.1,0.15,0.08,0.2,0.12,0.15,0.14,0.18,0.1,0.12,0.15,0.08,0.12,0.1,0.24,0.14,0.12,0.08,0.12,0.14,0.12,0.12,0.14,0.1,0.0,0.0,0.03,0.1,0.14,0.06,0.04,0.04,0.04,0.0,0.09,0.11,0.12,0.16,0.1,0.1,0.06,0.0,0.21,0.08,0.11,0.11,0.1,0.06,0.15,0.06,0.14,0.06,0.07,0.18,0.1,0.16,0.18,0.0,0.06,0.16,0.0,0.15,0.12,0.03,0.09,0.1,0.12,0.06,0.12,0.06,0.07,0.12,0.18,0.0,0.0,0.08,0.08,0.11,0.16,0.14,0.14,0.16,0.14,0.15,0.14,0.18,0.14,0.12,0.15,0.03,0.14,0.14,0.16,0.11,0.06,0.1,0.12,0.02,0.1,0.19,0.14,0.12,0.12,0.15,0.14,0.12,0.12,0.09,0.14,0.06,0.07,0.12,0.06,0.12,0.12,0.08,0.12,0.18,0.1,0.04,0.0,0.22,0.06,0.15,0.12,0.12,0.12,0.05,0.1,0.0,0.03,0.11,0.05,0.12,0.0,0.0,0.0,0.06,0.15,0.16,0.06,0.14,0.12,0.0,0.06,0.0,0.14,0.08,0.0,0.16,0.16,0.12,0.14,0.06,0.16,0.06,0.16,0.15,0.16,0.14,0.1,0.14,0.07,0.16,0.14,0.16,0.07,0.14,0.1,0.18,0.16,0.06,0.08,0.14,0.12,0.07,0.11,0.14,0.15,0.08,0.06,0.18,0.14,0.08,0.12,0.15,0.08,0.14,0.06,0.16,0.1,0.15,0.07,0.1,0.12,0.12,0.0,0.21,0.07,0.18,0.22,0.2,0.19,0.1,0.09,0.16,1.0,0.07,0.0,0.05,0.06,0.16,0.0,0.06,0.1,0.18,0.16,0.12,0.08,0.06,0.22,0.12,0.07,0.08,0.12,0.07,0.14,0.13,0.06,0.14,0.0,0.12,0.12,0.2,0.18,0.08,0.11,0.12,0.14,0.14,0.12,0.14,0.06,0.0,0.1,0.0,0.14,0.1,0.0,0.15,0.08,0.0,0.0,0.0,0.06,0.12,0.0,0.06,0.08,0.15,0.16,0.12,0.08,0.0,0.12,0.14,0.1,0.07,0.1,0.14,0.1,0.1,0.12,0.0,0.15,0.12,0.07,0.06,0.25,0.16,0.05,0.13,0.08,0.1,0.12,0.14,0.22,0.08,0.0,0.08,0.14,0.18,0.09,0.06,0.0,0.09,0.0,0.08,0.12,0.18,0.08,0.12,0.06,0.08,0.17,0.12,0.06,0.02,0.06,0.06,0.14,0.0,0.06,0.1,0.08,0.0,0.04,0.08,0.06,0.03,0.09,0.12,0.1,0.05,0.16,0.2,0.12,0.06
pizza tonno e cipolla,0.07,0.0,0.0,0.06,0.0,0.0,0.0,0.0,0.06,0.0,0.0,0.0,0.0,0.04,0.0,0.0,0.0,0.0,0.0,0.0,0.0,0.0,0.0,0.0,0.0,0.05,0.0,0.1,0.1,0.0,0.0,0.0,0.0,0.0,0.0,0.0,0.0,0.0,0.0,0.0,0.0,0.0,0.0,0.06,0.04,0.06,0.0,0.0,0.05,0.0,0.0,0.0,0.0,0.06,0.0,0.0,0.0,0.0,0.05,0.0,0.0,0.06,0.04,0.0,0.0,0.04,0.1,0.0,0.05,0.0,0.0,0.0,0.06,0.0,0.0,0.0,0.0,0.06,0.06,0.06,0.0,0.05,0.0,0.0,0.0,0.0,0.0,0.0,0.0,0.0,0.0,0.0,0.0,0.0,0.0,0.0,0.0,0.0,0.06,0.0,0.0,0.0,0.06,0.0,0.0,0.0,0.0,0.0,0.0,0.0,0.04,0.06,0.0,0.0,0.0,0.0,0.0,0.04,0.0,0.04,0.06,0.0,0.0,0.0,0.0,0.0,0.0,0.0,0.0,0.0,0.0,0.0,0.0,0.0,0.04,0.0,0.06,0.0,0.0,0.0,0.0,0.0,0.0,0.06,0.0,0.0,0.0,0.0,0.0,0.0,0.0,0.0,0.0,0.0,0.0,0.06,0.0,0.0,0.0,0.06,0.0,0.0,0.0,0.0,0.0,0.0,0.0,0.0,0.0,0.0,0.0,0.0,0.0,0.0,0.0,0.0,0.06,0.0,0.04,0.0,0.0,0.06,0.0,0.0,0.0,0.0,0.0,0.06,0.0,0.0,0.0,0.06,0.06,0.04,0.0,0.0,0.0,0.0,0.0,0.0,0.0,0.0,0.05,0.0,0.0,0.0,0.0,0.0,0.0,0.0,0.06,0.0,0.06,0.0,0.05,0.0,0.06,0.08,0.0,0.07,1.0,0.0,0.0,0.0,0.0,0.0,0.0,0.0,0.0,0.0,0.0,0.04,0.0,0.0,0.0,0.0,0.1,0.0,0.12,0.0,0.09,0.0,0.0,0.0,0.0,0.0,0.0,0.04,0.0,0.0,0.0,0.0,0.0,0.0,0.0,0.0,0.0,0.0,0.0,0.0,0.0,0.0,0.0,0.06,0.0,0.0,0.0,0.0,0.0,0.0,0.0,0.0,0.06,0.0,0.07,0.0,0.0,0.0,0.0,0.0,0.0,0.0,0.0,0.0,0.0,0.0,0.0,0.0,0.0,0.0,0.0,0.04,0.0,0.0,0.0,0.0,0.0,0.0,0.0,0.05,0.04,0.0,0.0,0.0,0.0,0.0,0.0,0.0,0.06,0.0,0.09,0.0,0.0,0.0,0.0,0.0,0.06,0.0,0.0,0.0,0.0,0.06,0.02,0.0,0.0,0.0,0.06,0.0,0.0,0.06,0.0,0.0,0.0,0.06,0.0,0.0,0.0,0.0,0.06,0.0,0.0
"pizzoccheri, la pasta di grano saraceno tipica della valtellina",0.0,0.0,0.0,0.0,0.0,0.0,0.0,0.0,0.0,0.03,0.0,0.0,0.0,0.0,0.0,0.0,0.0,0.06,0.0,0.0,0.0,0.0,0.0,0.06,0.06,0.05,0.0,0.0,0.0,0.16,0.17,0.1,0.0,0.05,0.05,0.0,0.06,0.0,0.11,0.04,0.0,0.0,0.0,0.0,0.1,0.12,0.0,0.05,0.0,0.06,0.0,0.04,0.14,0.0,0.14,0.0,0.0,0.04,0.14,0.0,0.0,0.0,0.04,0.06,0.0,0.0,0.0,0.0,0.18,0.05,0.08,0.0,0.06,0.0,0.06,0.05,0.0,0.0,0.0,0.05,0.06,0.14,0.21,0.0,0.0,0.02,0.0,0.0,0.0,0.0,0.0,0.0,0.0,0.0,0.0,0.0,0.0,0.0,0.0,0.0,0.0,0.0,0.0,0.0,0.0,0.0,0.0,0.0,0.0,0.0,0.04,0.0,0.0,0.0,0.0,0.0,0.0,0.0,0.0,0.04,0.0,0.0,0.0,0.12,0.0,0.0,0.1,0.1,0.0,0.05,0.12,0.12,0.0,0.0,0.0,0.1,0.05,0.0,0.1,0.1,0.0,0.0,0.0,0.0,0.0,0.08,0.1,0.06,0.0,0.06,0.0,0.1,0.11,0.1,0.0,0.05,0.05,0.04,0.0,0.03,0.0,0.0,0.0,0.06,0.06,0.08,0.16,0.12,0.1,0.06,0.0,0.0,0.06,0.06,0.06,0.06,0.11,0.06,0.08,0.06,0.06,0.0,0.06,0.06,0.0,0.0,0.0,0.0,0.06,0.09,0.06,0.06,0.0,0.04,0.06,0.0,0.06,0.06,0.0,0.0,0.06,0.06,0.0,0.14,0.1,0.06,0.06,0.1,0.1,0.0,0.05,0.0,0.1,0.04,0.0,0.0,0.0,0.12,0.11,0.0,0.0,1.0,0.08,0.09,0.06,0.0,0.0,0.0,0.0,0.0,0.0,0.0,0.1,0.04,0.0,0.12,0.0,0.1,0.06,0.0,0.0,0.0,0.04,0.05,0.0,0.1,0.08,0.08,0.0,0.09,0.0,0.06,0.06,0.1,0.0,0.16,0.05,0.0,0.0,0.04,0.06,0.14,0.06,0.06,0.12,0.08,0.06,0.06,0.1,0.13,0.06,0.12,0.0,0.07,0.07,0.0,0.06,0.06,0.06,0.0,0.06,0.06,0.0,0.04,0.16,0.05,0.0,0.05,0.0,0.0,0.06,0.04,0.08,0.12,0.1,0.0,0.0,0.12,0.11,0.09,0.0,0.06,0.0,0.14,0.09,0.05,0.06,0.19,0.05,0.0,0.0,0.15,0.14,0.0,0.05,0.09,0.0,0.14,0.1,0.0,0.07,0.0,0.0,0.09,0.06,0.0,0.12,0.0,0.0,0.0,0.0,0.0,0.0,0.05,0.05,0.08,0.0,0.06,0.06,0.0,0.0
plumcake salato alle verdure,0.05,0.16,0.04,0.04,0.04,0.0,0.21,0.1,0.0,0.12,0.0,0.1,0.04,0.03,0.1,0.0,0.06,0.04,0.05,0.06,0.08,0.03,0.33,0.22,0.0,0.08,0.04,0.04,0.04,0.12,0.1,0.16,0.04,0.11,0.04,0.04,0.08,0.0,0.08,0.0,0.04,0.03,0.07,0.0,0.0,0.04,0.0,0.0,0.0,0.04,0.07,0.1,0.1,0.04,0.07,0.12,0.07,0.06,0.1,0.12,0.04,0.04,0.0,0.04,0.04,0.2,0.0,0.17,0.27,0.08,0.12,0.0,0.04,0.1,0.2,0.2,0.04,0.04,0.0,0.08,0.04,0.11,0.12,0.09,0.04,0.12,0.04,0.0,0.06,0.0,0.32,0.29,0.29,0.34,0.17,0.17,0.14,0.38,0.33,0.21,0.14,0.2,0.04,0.34,0.0,0.3,0.14,0.0,0.0,0.32,0.04,0.0,0.35,0.29,0.12,0.24,0.33,0.6,0.29,0.62,0.0,0.12,0.15,0.26,0.04,0.1,0.12,0.08,0.1,0.2,0.14,0.06,0.04,0.0,0.1,0.2,0.08,0.12,0.04,0.04,0.03,0.07,0.05,0.04,0.14,0.13,0.41,0.08,0.0,0.1,0.04,0.04,0.13,0.08,0.08,0.0,0.08,0.02,0.0,0.04,0.0,0.0,0.08,0.08,0.1,0.12,0.17,0.16,0.04,0.08,0.1,0.12,0.04,0.09,0.09,0.0,0.04,0.04,0.1,0.0,0.04,0.0,0.04,0.08,0.0,0.0,0.09,0.0,0.18,0.04,0.04,0.05,0.05,0.0,0.04,0.04,0.18,0.2,0.05,0.0,0.09,0.13,0.07,0.18,0.24,0.21,0.04,0.2,0.2,0.0,0.08,0.04,0.16,0.06,0.11,0.04,0.0,0.03,0.17,0.05,0.0,0.08,1.0,0.34,0.33,0.0,0.04,0.0,0.09,0.04,0.04,0.0,0.04,0.24,0.08,0.14,0.0,0.08,0.0,0.17,0.0,0.04,0.12,0.0,0.08,0.16,0.12,0.1,0.13,0.04,0.05,0.09,0.04,0.04,0.08,0.04,0.04,0.0,0.0,0.16,0.0,0.06,0.05,0.0,0.04,0.0,0.0,0.08,0.08,0.04,0.08,0.14,0.0,0.18,0.0,0.05,0.04,0.04,0.22,0.06,0.0,0.04,0.04,0.07,0.06,0.08,0.0,0.0,0.04,0.0,0.04,0.13,0.26,0.06,0.16,0.1,0.0,0.12,0.17,0.14,0.04,0.08,0.1,0.31,0.27,0.36,0.38,0.05,0.08,0.0,0.0,0.24,0.45,0.27,0.08,0.64,0.05,0.32,0.14,0.04,0.0,0.0,0.05,0.2,0.04,0.04,0.09,0.04,0.04,0.0,0.06,0.04,0.04,0.0,0.04,0.03,0.04,0.08,0.0,0.04,0.08
plumcake salato prosciutto e bietole,0.06,0.14,0.04,0.05,0.04,0.0,0.15,0.12,0.0,0.08,0.0,0.08,0.04,0.06,0.1,0.0,0.06,0.04,0.05,0.06,0.08,0.04,0.17,0.15,0.0,0.04,0.04,0.04,0.04,0.16,0.08,0.18,0.04,0.04,0.04,0.04,0.09,0.0,0.09,0.0,0.04,0.04,0.08,0.0,0.02,0.05,0.0,0.0,0.0,0.04,0.0,0.04,0.08,0.0,0.12,0.08,0.04,0.09,0.12,0.1,0.04,0.04,0.0,0.05,0.04,0.14,0.0,0.18,0.28,0.08,0.0,0.0,0.04,0.06,0.16,0.14,0.0,0.0,0.0,0.08,0.09,0.12,0.13,0.05,0.04,0.08,0.04,0.0,0.06,0.0,0.16,0.19,0.16,0.18,0.13,0.14,0.11,0.17,0.16,0.19,0.12,0.12,0.0,0.22,0.0,0.17,0.15,0.0,0.0,0.2,0.0,0.0,0.18,0.2,0.1,0.15,0.21,0.2,0.16,0.23,0.0,0.11,0.12,0.2,0.04,0.12,0.09,0.08,0.12,0.12,0.1,0.07,0.0,0.0,0.08,0.18,0.04,0.04,0.04,0.04,0.04,0.04,0.05,0.13,0.08,0.14,0.32,0.04,0.0,0.05,0.04,0.04,0.09,0.04,0.14,0.0,0.04,0.0,0.0,0.08,0.0,0.0,0.04,0.09,0.1,0.13,0.18,0.2,0.04,0.09,0.05,0.09,0.04,0.05,0.14,0.0,0.04,0.05,0.1,0.0,0.04,0.0,0.05,0.09,0.0,0.0,0.05,0.0,0.1,0.08,0.04,0.05,0.0,0.0,0.05,0.04,0.14,0.18,0.05,0.0,0.05,0.09,0.08,0.15,0.17,0.15,0.04,0.13,0.13,0.0,0.08,0.05,0.12,0.06,0.12,0.04,0.0,0.03,0.18,0.06,0.0,0.09,0.34,1.0,0.28,0.0,0.04,0.0,0.05,0.04,0.04,0.0,0.04,0.18,0.09,0.14,0.0,0.08,0.0,0.14,0.0,0.04,0.12,0.0,0.04,0.14,0.12,0.1,0.1,0.04,0.05,0.05,0.05,0.04,0.04,0.04,0.04,0.0,0.0,0.16,0.0,0.06,0.05,0.0,0.05,0.0,0.0,0.04,0.09,0.04,0.09,0.16,0.0,0.14,0.0,0.05,0.05,0.04,0.14,0.04,0.0,0.0,0.04,0.04,0.06,0.08,0.0,0.0,0.04,0.0,0.04,0.1,0.23,0.06,0.09,0.05,0.0,0.13,0.09,0.19,0.04,0.13,0.05,0.25,0.25,0.3,0.26,0.05,0.0,0.0,0.0,0.21,0.31,0.27,0.12,0.4,0.05,0.26,0.11,0.04,0.0,0.0,0.13,0.16,0.05,0.08,0.05,0.04,0.0,0.0,0.1,0.04,0.0,0.04,0.04,0.04,0.0,0.04,0.0,0.0,0.04
plumcake salato zucchine e feta,0.1,0.16,0.1,0.17,0.08,0.0,0.21,0.13,0.0,0.14,0.0,0.09,0.1,0.04,0.18,0.04,0.13,0.1,0.12,0.21,0.14,0.08,0.22,0.22,0.06,0.09,0.05,0.1,0.04,0.15,0.06,0.2,0.1,0.09,0.1,0.1,0.1,0.0,0.06,0.0,0.06,0.12,0.04,0.0,0.0,0.0,0.0,0.05,0.09,0.1,0.08,0.12,0.12,0.05,0.09,0.14,0.04,0.1,0.09,0.12,0.05,0.1,0.0,0.11,0.06,0.14,0.06,0.16,0.22,0.1,0.07,0.04,0.1,0.13,0.18,0.19,0.0,0.0,0.05,0.1,0.06,0.27,0.1,0.06,0.09,0.15,0.0,0.0,0.06,0.04,0.22,0.25,0.22,0.24,0.36,0.2,0.18,0.23,0.22,0.26,0.17,0.18,0.05,0.29,0.17,0.23,0.16,0.05,0.06,0.26,0.0,0.06,0.24,0.26,0.16,0.2,0.27,0.25,0.22,0.28,0.0,0.16,0.14,0.16,0.1,0.04,0.1,0.1,0.04,0.23,0.11,0.08,0.0,0.0,0.12,0.15,0.1,0.14,0.1,0.1,0.04,0.08,0.06,0.1,0.13,0.16,0.3,0.06,0.0,0.06,0.05,0.1,0.1,0.04,0.16,0.05,0.05,0.03,0.0,0.08,0.06,0.0,0.1,0.1,0.06,0.15,0.1,0.2,0.04,0.1,0.12,0.1,0.1,0.06,0.17,0.06,0.1,0.11,0.12,0.06,0.1,0.06,0.11,0.1,0.05,0.06,0.11,0.0,0.06,0.13,0.1,0.06,0.06,0.04,0.11,0.1,0.15,0.18,0.12,0.06,0.11,0.06,0.13,0.12,0.18,0.16,0.05,0.15,0.15,0.0,0.14,0.06,0.14,0.14,0.18,0.1,0.0,0.04,0.16,0.16,0.0,0.06,0.33,0.28,1.0,0.0,0.04,0.06,0.11,0.1,0.1,0.0,0.05,0.26,0.1,0.11,0.0,0.14,0.0,0.14,0.04,0.04,0.14,0.0,0.1,0.2,0.18,0.12,0.14,0.09,0.06,0.11,0.11,0.1,0.1,0.05,0.04,0.06,0.0,0.22,0.06,0.0,0.12,0.0,0.0,0.0,0.0,0.06,0.1,0.0,0.1,0.12,0.03,0.22,0.06,0.06,0.06,0.1,0.21,0.08,0.06,0.06,0.09,0.08,0.08,0.1,0.0,0.1,0.09,0.06,0.06,0.2,0.2,0.04,0.14,0.06,0.06,0.15,0.1,0.22,0.04,0.1,0.12,0.22,0.31,0.39,0.23,0.0,0.1,0.0,0.0,0.23,0.34,0.23,0.29,0.3,0.06,0.29,0.16,0.0,0.0,0.0,0.06,0.17,0.06,0.04,0.06,0.04,0.0,0.0,0.08,0.06,0.0,0.1,0.1,0.08,0.04,0.1,0.06,0.04,0.05
poke bowl salmone e avocado,0.0,0.0,0.0,0.06,0.0,0.24,0.18,0.0,0.0,0.0,0.0,0.05,0.06,0.0,0.0,0.0,0.0,0.0,0.0,0.0,0.0,0.0,0.0,0.06,0.0,0.0,0.11,0.0,0.0,0.0,0.0,0.0,0.0,0.0,0.0,0.0,0.0,0.0,0.0,0.0,0.12,0.0,0.0,0.0,0.0,0.0,0.0,0.0,0.0,0.0,0.0,0.0,0.0,0.0,0.0,0.0,0.0,0.0,0.0,0.0,0.0,0.0,0.0,0.0,0.0,0.04,0.0,0.0,0.0,0.0,0.0,0.1,0.0,0.0,0.0,0.0,0.05,0.0,0.0,0.0,0.0,0.0,0.0,0.0,0.0,0.02,0.1,0.0,0.0,0.22,0.0,0.18,0.0,0.0,0.0,0.16,0.0,0.0,0.0,0.0,0.0,0.0,0.0,0.0,0.0,0.0,0.05,0.11,0.0,0.0,0.0,0.15,0.0,0.0,0.0,0.0,0.0,0.0,0.0,0.0,0.06,0.0,0.05,0.0,0.0,0.0,0.0,0.0,0.0,0.0,0.0,0.0,0.0,0.18,0.0,0.0,0.0,0.0,0.0,0.0,0.0,0.0,0.0,0.0,0.0,0.0,0.0,0.06,0.12,0.06,0.23,0.0,0.0,0.0,0.0,0.0,0.06,0.0,0.0,0.03,0.0,0.0,0.0,0.0,0.0,0.0,0.0,0.0,0.0,0.0,0.0,0.0,0.0,0.0,0.0,0.0,0.0,0.0,0.0,0.0,0.0,0.0,0.0,0.0,0.0,0.0,0.0,0.0,0.0,0.0,0.0,0.0,0.0,0.0,0.0,0.0,0.0,0.0,0.0,0.0,0.0,0.0,0.0,0.0,0.0,0.0,0.0,0.0,0.0,0.0,0.0,0.0,0.0,0.0,0.0,0.0,0.0,0.0,0.0,0.0,0.0,0.0,0.0,0.0,0.0,1.0,0.14,0.0,0.0,0.06,0.0,0.0,0.0,0.0,0.0,0.0,0.0,0.0,0.0,0.0,0.0,0.0,0.0,0.0,0.0,0.0,0.0,0.0,0.04,0.0,0.0,0.0,0.0,0.0,0.0,0.0,0.05,0.0,0.06,0.0,0.0,0.0,0.0,0.0,0.0,0.0,0.0,0.0,0.0,0.0,0.0,0.0,0.04,0.0,0.0,0.0,0.0,0.0,0.0,0.0,0.0,0.0,0.0,0.0,0.0,0.0,0.0,0.0,0.0,0.0,0.0,0.0,0.0,0.0,0.04,0.0,0.0,0.0,0.0,0.0,0.0,0.0,0.0,0.0,0.0,0.0,0.0,0.0,0.0,0.0,0.0,0.0,0.0,0.0,0.0,0.05,0.0,0.0,0.0,0.0,0.0,0.0,0.0,0.0,0.0,0.1,0.0,0.0,0.0,0.0,0.04,0.0,0.0,0.0,0.0,0.0,0.0,0.0,0.0,0.0,0.0
pokè bowl,0.0,0.0,0.04,0.0,0.0,0.06,0.19,0.08,0.0,0.1,0.0,0.0,0.08,0.0,0.1,0.0,0.06,0.04,0.0,0.0,0.08,0.0,0.04,0.1,0.0,0.04,0.0,0.04,0.0,0.1,0.08,0.04,0.0,0.04,0.04,0.09,0.0,0.0,0.04,0.0,0.0,0.0,0.0,0.0,0.0,0.0,0.0,0.0,0.0,0.04,0.0,0.07,0.04,0.0,0.04,0.08,0.04,0.06,0.0,0.0,0.0,0.0,0.04,0.04,0.0,0.1,0.0,0.0,0.04,0.04,0.0,0.07,0.04,0.0,0.05,0.04,0.12,0.0,0.04,0.08,0.14,0.04,0.04,0.0,0.04,0.07,0.0,0.0,0.0,0.04,0.08,0.08,0.08,0.04,0.04,0.1,0.05,0.04,0.04,0.04,0.08,0.08,0.0,0.04,0.0,0.09,0.08,0.08,0.0,0.04,0.0,0.14,0.05,0.04,0.04,0.04,0.08,0.04,0.04,0.06,0.04,0.04,0.0,0.1,0.04,0.0,0.04,0.12,0.0,0.04,0.04,0.06,0.0,0.0,0.07,0.04,0.04,0.04,0.08,0.08,0.0,0.0,0.0,0.0,0.0,0.0,0.04,0.09,0.0,0.1,0.16,0.08,0.04,0.08,0.0,0.0,0.16,0.0,0.0,0.02,0.0,0.0,0.04,0.08,0.05,0.06,0.04,0.1,0.04,0.04,0.1,0.0,0.04,0.04,0.04,0.0,0.04,0.04,0.04,0.0,0.04,0.0,0.04,0.09,0.0,0.0,0.1,0.0,0.04,0.04,0.09,0.0,0.0,0.0,0.04,0.04,0.05,0.04,0.15,0.0,0.1,0.04,0.0,0.04,0.04,0.1,0.04,0.04,0.04,0.0,0.04,0.04,0.04,0.06,0.12,0.04,0.0,0.0,0.04,0.06,0.0,0.0,0.04,0.04,0.04,0.14,1.0,0.0,0.04,0.18,0.04,0.04,0.04,0.06,0.0,0.04,0.0,0.04,0.0,0.04,0.0,0.0,0.06,0.0,0.04,0.06,0.09,0.04,0.08,0.08,0.05,0.04,0.14,0.04,0.09,0.0,0.16,0.1,0.1,0.08,0.0,0.0,0.05,0.0,0.04,0.06,0.0,0.04,0.08,0.0,0.0,0.1,0.05,0.06,0.0,0.1,0.04,0.08,0.04,0.0,0.0,0.0,0.0,0.07,0.03,0.04,0.0,0.0,0.0,0.0,0.09,0.06,0.07,0.0,0.08,0.05,0.0,0.06,0.04,0.04,0.0,0.04,0.05,0.04,0.1,0.04,0.14,0.0,0.0,0.0,0.0,0.04,0.14,0.06,0.0,0.08,0.0,0.09,0.08,0.0,0.0,0.0,0.0,0.04,0.0,0.0,0.0,0.0,0.1,0.0,0.0,0.0,0.0,0.0,0.04,0.06,0.0,0.04,0.0,0.0,0.08
polenta con salsiccia e funghi,0.14,0.08,0.06,0.18,0.1,0.0,0.06,0.0,0.0,0.1,0.0,0.0,0.06,0.0,0.06,0.08,0.07,0.06,0.14,0.08,0.05,0.08,0.06,0.06,0.14,0.05,0.06,0.16,0.1,0.04,0.0,0.06,0.06,0.1,0.06,0.06,0.12,0.0,0.0,0.0,0.06,0.13,0.04,0.0,0.0,0.0,0.0,0.1,0.1,0.11,0.24,0.04,0.04,0.06,0.0,0.1,0.04,0.04,0.1,0.0,0.06,0.06,0.0,0.06,0.0,0.0,0.1,0.06,0.23,0.16,0.0,0.04,0.06,0.0,0.14,0.05,0.05,0.1,0.06,0.06,0.0,0.0,0.0,0.0,0.05,0.1,0.0,0.0,0.0,0.05,0.05,0.06,0.05,0.06,0.12,0.06,0.06,0.06,0.1,0.06,0.06,0.24,0.0,0.06,0.06,0.06,0.05,0.06,0.06,0.05,0.0,0.06,0.06,0.05,0.06,0.06,0.06,0.04,0.06,0.08,0.06,0.06,0.0,0.0,0.06,0.0,0.11,0.06,0.0,0.24,0.06,0.14,0.12,0.06,0.1,0.0,0.06,0.1,0.06,0.1,0.04,0.14,0.0,0.0,0.1,0.0,0.06,0.0,0.0,0.0,0.0,0.1,0.06,0.0,0.06,0.1,0.0,0.14,0.05,0.06,0.07,0.0,0.06,0.06,0.0,0.04,0.0,0.06,0.1,0.12,0.06,0.11,0.06,0.06,0.06,0.06,0.06,0.06,0.04,0.12,0.06,0.21,0.06,0.06,0.06,0.07,0.06,0.0,0.06,0.05,0.06,0.06,0.06,0.14,0.06,0.06,0.15,0.06,0.06,0.07,0.06,0.0,0.05,0.04,0.16,0.0,0.06,0.06,0.06,0.0,0.1,0.0,0.1,0.16,0.05,0.17,0.06,0.14,0.12,0.1,0.0,0.0,0.0,0.0,0.06,0.0,0.0,1.0,0.12,0.06,0.11,0.04,0.0,0.12,0.06,0.0,0.0,0.06,0.0,0.06,0.04,0.0,0.04,0.0,0.1,0.04,0.08,0.09,0.08,0.05,0.06,0.06,0.06,0.06,0.12,0.06,0.0,0.06,0.06,0.1,0.06,0.0,0.06,0.0,0.0,0.0,0.0,0.06,0.06,0.04,0.06,0.0,0.17,0.07,0.07,0.0,0.06,0.06,0.06,0.09,0.12,0.12,0.24,0.04,0.04,0.1,0.0,0.1,0.05,0.06,0.0,0.14,0.04,0.13,0.04,0.0,0.06,0.08,0.06,0.14,0.1,0.0,0.0,0.1,0.1,0.0,0.0,0.16,0.06,0.0,0.04,0.06,0.1,0.0,0.06,0.0,0.0,0.06,0.06,0.0,0.04,0.0,0.0,0.28,0.0,0.0,0.06,0.18,0.0,0.0,0.04,0.0,0.1,0.06,0.06,0.09,0.09,0.22,0.06,0.1,0.06
polenta con topinambur e pecorino,0.07,0.13,0.1,0.18,0.1,0.0,0.12,0.1,0.0,0.2,0.0,0.05,0.11,0.04,0.14,0.08,0.14,0.11,0.14,0.08,0.16,0.08,0.11,0.14,0.06,0.1,0.11,0.16,0.1,0.1,0.07,0.17,0.12,0.1,0.1,0.12,0.12,0.0,0.0,0.0,0.12,0.13,0.04,0.0,0.0,0.0,0.0,0.1,0.1,0.11,0.14,0.1,0.1,0.06,0.0,0.22,0.1,0.08,0.05,0.13,0.06,0.1,0.0,0.12,0.06,0.04,0.1,0.12,0.14,0.16,0.0,0.04,0.11,0.0,0.14,0.1,0.05,0.06,0.11,0.1,0.06,0.05,0.06,0.06,0.1,0.16,0.0,0.0,0.07,0.05,0.1,0.11,0.1,0.12,0.12,0.12,0.14,0.12,0.16,0.12,0.11,0.16,0.0,0.12,0.06,0.12,0.1,0.06,0.06,0.1,0.0,0.06,0.14,0.1,0.1,0.11,0.1,0.1,0.1,0.08,0.06,0.12,0.05,0.06,0.1,0.05,0.11,0.1,0.05,0.1,0.12,0.09,0.06,0.0,0.14,0.06,0.1,0.1,0.11,0.1,0.04,0.1,0.0,0.0,0.1,0.0,0.11,0.0,0.0,0.0,0.06,0.1,0.12,0.05,0.12,0.06,0.0,0.07,0.0,0.06,0.07,0.0,0.12,0.11,0.06,0.12,0.06,0.12,0.05,0.12,0.14,0.11,0.12,0.06,0.12,0.06,0.12,0.12,0.09,0.06,0.12,0.06,0.12,0.12,0.06,0.07,0.12,0.0,0.06,0.1,0.12,0.06,0.06,0.04,0.12,0.12,0.06,0.11,0.14,0.07,0.12,0.06,0.1,0.1,0.16,0.06,0.06,0.11,0.11,0.0,0.16,0.06,0.1,0.2,0.16,0.17,0.06,0.0,0.18,0.18,0.0,0.0,0.09,0.05,0.11,0.0,0.04,0.12,1.0,0.12,0.11,0.04,0.06,0.15,0.11,0.06,0.0,0.1,0.0,0.12,0.04,0.05,0.12,0.0,0.1,0.11,0.16,0.14,0.12,0.1,0.06,0.12,0.12,0.11,0.12,0.06,0.0,0.06,0.0,0.14,0.06,0.0,0.14,0.0,0.0,0.0,0.0,0.06,0.11,0.0,0.06,0.06,0.06,0.14,0.07,0.06,0.0,0.11,0.12,0.09,0.06,0.06,0.14,0.1,0.08,0.1,0.0,0.1,0.1,0.06,0.06,0.22,0.14,0.04,0.12,0.06,0.06,0.16,0.12,0.2,0.04,0.22,0.06,0.14,0.19,0.06,0.06,0.0,0.06,0.0,0.04,0.1,0.19,0.07,0.06,0.05,0.0,0.15,0.1,0.0,0.04,0.0,0.05,0.1,0.0,0.04,0.06,0.09,0.0,0.0,0.09,0.06,0.05,0.06,0.1,0.09,0.04,0.17,0.06,0.1,0.06
pollo al cocco e lime,0.06,0.12,0.1,0.12,0.09,0.0,0.18,0.09,0.0,0.15,0.0,0.09,0.16,0.04,0.12,0.04,0.14,0.1,0.12,0.08,0.44,0.12,0.1,0.19,0.06,0.1,0.06,0.1,0.05,0.1,0.07,0.1,0.16,0.1,0.1,0.11,0.06,0.0,0.06,0.0,0.06,0.12,0.04,0.0,0.04,0.0,0.0,0.05,0.04,0.1,0.09,0.09,0.09,0.0,0.04,0.15,0.04,0.08,0.04,0.08,0.1,0.1,0.04,0.12,0.06,0.16,0.06,0.06,0.09,0.15,0.0,0.14,0.1,0.0,0.12,0.14,0.14,0.05,0.06,0.05,0.11,0.05,0.06,0.06,0.1,0.16,0.04,0.0,0.07,0.05,0.14,0.1,0.18,0.12,0.11,0.12,0.12,0.11,0.1,0.11,0.1,0.2,0.0,0.11,0.06,0.33,0.18,0.1,0.06,0.1,0.0,0.12,0.12,0.09,0.1,0.1,0.15,0.09,0.1,0.08,0.1,0.12,0.14,0.12,0.1,0.04,0.1,0.15,0.04,0.1,0.12,0.08,0.0,0.0,0.14,0.06,0.1,0.1,0.1,0.1,0.04,0.09,0.0,0.0,0.09,0.0,0.1,0.11,0.06,0.22,0.1,0.1,0.11,0.05,0.11,0.05,0.15,0.04,0.05,0.12,0.07,0.0,0.11,0.1,0.06,0.12,0.06,0.12,0.05,0.11,0.12,0.1,0.11,0.06,0.12,0.06,0.16,0.12,0.13,0.06,0.11,0.06,0.12,0.11,0.05,0.07,0.12,0.06,0.06,0.09,0.11,0.06,0.06,0.04,0.12,0.11,0.12,0.1,0.19,0.07,0.12,0.06,0.09,0.09,0.1,0.06,0.06,0.1,0.1,0.0,0.15,0.06,0.1,0.15,0.14,0.1,0.0,0.04,0.11,0.16,0.0,0.0,0.04,0.04,0.1,0.06,0.18,0.06,0.12,1.0,0.38,0.17,0.1,0.14,0.1,0.06,0.0,0.1,0.0,0.06,0.0,0.04,0.12,0.05,0.1,0.1,0.19,0.12,0.07,0.09,0.06,0.12,0.3,0.1,0.11,0.06,0.1,0.12,0.06,0.18,0.06,0.0,0.12,0.06,0.0,0.08,0.0,0.06,0.1,0.0,0.06,0.06,0.1,0.14,0.07,0.06,0.0,0.1,0.11,0.08,0.06,0.06,0.09,0.09,0.08,0.1,0.0,0.05,0.14,0.06,0.06,0.16,0.13,0.04,0.14,0.06,0.06,0.08,0.11,0.14,0.04,0.06,0.06,0.09,0.18,0.05,0.11,0.0,0.05,0.0,0.0,0.1,0.18,0.07,0.05,0.04,0.06,0.17,0.1,0.0,0.0,0.0,0.04,0.09,0.0,0.04,0.06,0.04,0.0,0.0,0.08,0.06,0.0,0.05,0.1,0.08,0.04,0.1,0.11,0.05,0.05
pollo al curry,0.1,0.16,0.1,0.11,0.12,0.0,0.11,0.09,0.0,0.14,0.0,0.04,0.1,0.04,0.12,0.04,0.13,0.15,0.18,0.07,0.44,0.11,0.1,0.12,0.06,0.09,0.05,0.14,0.09,0.09,0.06,0.1,0.1,0.14,0.1,0.1,0.06,0.0,0.0,0.0,0.06,0.16,0.08,0.0,0.0,0.0,0.0,0.1,0.04,0.2,0.12,0.08,0.08,0.05,0.04,0.14,0.08,0.1,0.04,0.08,0.1,0.1,0.0,0.11,0.06,0.04,0.1,0.06,0.09,0.1,0.0,0.04,0.15,0.0,0.18,0.09,0.04,0.05,0.05,0.1,0.06,0.04,0.05,0.11,0.09,0.17,0.0,0.0,0.06,0.04,0.09,0.1,0.09,0.11,0.16,0.11,0.12,0.1,0.1,0.1,0.1,0.1,0.0,0.1,0.06,0.32,0.13,0.05,0.06,0.09,0.04,0.06,0.12,0.09,0.1,0.1,0.1,0.08,0.1,0.12,0.0,0.11,0.04,0.06,0.1,0.09,0.15,0.1,0.09,0.14,0.11,0.16,0.06,0.0,0.12,0.05,0.1,0.14,0.1,0.14,0.04,0.12,0.0,0.0,0.18,0.0,0.1,0.06,0.0,0.0,0.05,0.14,0.1,0.09,0.1,0.05,0.0,0.13,0.04,0.08,0.06,0.0,0.1,0.1,0.06,0.11,0.06,0.14,0.04,0.1,0.12,0.1,0.16,0.11,0.11,0.06,0.1,0.11,0.08,0.06,0.1,0.06,0.11,0.1,0.1,0.06,0.17,0.0,0.11,0.09,0.1,0.06,0.06,0.08,0.11,0.1,0.06,0.1,0.12,0.06,0.11,0.06,0.09,0.08,0.14,0.06,0.05,0.1,0.1,0.0,0.1,0.06,0.1,0.14,0.14,0.1,0.0,0.04,0.1,0.12,0.0,0.0,0.04,0.04,0.1,0.0,0.04,0.11,0.11,0.38,1.0,0.21,0.1,0.17,0.1,0.06,0.04,0.1,0.0,0.06,0.0,0.04,0.14,0.05,0.14,0.1,0.14,0.12,0.04,0.09,0.06,0.11,0.11,0.1,0.16,0.1,0.04,0.06,0.06,0.13,0.06,0.0,0.12,0.06,0.06,0.0,0.0,0.1,0.1,0.04,0.06,0.06,0.03,0.13,0.06,0.12,0.0,0.1,0.1,0.16,0.11,0.06,0.09,0.08,0.12,0.14,0.0,0.05,0.14,0.06,0.1,0.16,0.16,0.08,0.1,0.06,0.06,0.08,0.1,0.13,0.08,0.0,0.06,0.08,0.12,0.05,0.06,0.0,0.05,0.0,0.04,0.1,0.12,0.06,0.05,0.04,0.0,0.14,0.1,0.0,0.06,0.0,0.04,0.12,0.0,0.04,0.06,0.08,0.0,0.0,0.04,0.06,0.04,0.1,0.14,0.16,0.08,0.15,0.06,0.04,0.1
polpette di pollo con chutney di pomodori verdi e mele,0.1,0.0,0.04,0.04,0.04,0.0,0.0,0.0,0.04,0.02,0.0,0.04,0.0,0.0,0.0,0.03,0.0,0.0,0.0,0.0,0.28,0.0,0.0,0.0,0.05,0.04,0.04,0.12,0.16,0.05,0.02,0.0,0.0,0.0,0.04,0.0,0.04,0.0,0.0,0.0,0.04,0.0,0.0,0.04,0.02,0.04,0.0,0.08,0.08,0.0,0.04,0.0,0.0,0.12,0.0,0.04,0.04,0.06,0.08,0.06,0.04,0.04,0.04,0.0,0.04,0.1,0.13,0.04,0.08,0.04,0.0,0.0,0.04,0.0,0.0,0.0,0.04,0.08,0.04,0.12,0.0,0.12,0.0,0.04,0.04,0.04,0.0,0.0,0.0,0.0,0.04,0.0,0.04,0.0,0.0,0.0,0.0,0.0,0.04,0.0,0.0,0.04,0.04,0.0,0.0,0.17,0.0,0.04,0.0,0.0,0.04,0.1,0.0,0.04,0.04,0.0,0.0,0.0,0.0,0.0,0.08,0.0,0.04,0.0,0.0,0.04,0.0,0.0,0.04,0.0,0.0,0.0,0.04,0.0,0.0,0.0,0.04,0.0,0.0,0.0,0.0,0.0,0.0,0.04,0.0,0.0,0.0,0.09,0.0,0.0,0.0,0.0,0.0,0.04,0.0,0.04,0.0,0.02,0.04,0.08,0.0,0.0,0.0,0.0,0.0,0.0,0.0,0.0,0.0,0.0,0.0,0.0,0.04,0.04,0.0,0.0,0.0,0.04,0.04,0.0,0.0,0.04,0.0,0.0,0.08,0.0,0.0,0.05,0.0,0.0,0.0,0.05,0.0,0.0,0.0,0.0,0.0,0.0,0.0,0.0,0.0,0.0,0.0,0.0,0.04,0.0,0.0,0.0,0.0,0.0,0.08,0.0,0.0,0.03,0.0,0.04,0.08,0.09,0.04,0.08,0.04,0.0,0.0,0.0,0.0,0.0,0.04,0.04,0.04,0.17,0.21,1.0,0.04,0.0,0.04,0.0,0.15,0.0,0.04,0.04,0.1,0.0,0.06,0.04,0.0,0.0,0.0,0.14,0.06,0.0,0.0,0.0,0.04,0.0,0.09,0.0,0.08,0.0,0.0,0.04,0.0,0.0,0.0,0.05,0.0,0.0,0.0,0.0,0.0,0.0,0.0,0.0,0.08,0.0,0.11,0.0,0.0,0.04,0.0,0.04,0.0,0.0,0.04,0.0,0.0,0.04,0.0,0.08,0.0,0.0,0.0,0.04,0.04,0.03,0.0,0.05,0.04,0.06,0.0,0.08,0.1,0.0,0.0,0.04,0.04,0.0,0.0,0.0,0.08,0.0,0.18,0.0,0.04,0.0,0.0,0.0,0.05,0.02,0.04,0.0,0.08,0.04,0.02,0.04,0.0,0.0,0.04,0.04,0.0,0.19,0.04,0.0,0.04,0.0,0.0,0.0,0.0,0.04,0.04,0.04,0.0
polpette di quinoa ai pomodorini gialli,0.03,0.08,0.04,0.06,0.04,0.0,0.06,0.08,0.0,0.08,0.0,0.08,0.18,0.1,0.06,0.04,0.06,0.1,0.06,0.0,0.08,0.14,0.05,0.12,0.06,0.08,0.05,0.09,0.08,0.08,0.12,0.1,0.1,0.08,0.09,0.05,0.0,0.0,0.0,0.0,0.05,0.08,0.04,0.0,0.03,0.0,0.0,0.04,0.0,0.1,0.0,0.08,0.08,0.04,0.0,0.09,0.04,0.06,0.0,0.08,0.04,0.09,0.04,0.1,0.05,0.1,0.03,0.05,0.04,0.04,0.0,0.0,0.1,0.0,0.06,0.18,0.0,0.04,0.0,0.09,0.05,0.13,0.1,0.1,0.04,0.1,0.0,0.0,0.06,0.0,0.04,0.05,0.08,0.06,0.05,0.06,0.06,0.05,0.04,0.05,0.05,0.09,0.0,0.1,0.0,0.05,0.04,0.0,0.0,0.04,0.04,0.0,0.06,0.04,0.04,0.05,0.04,0.04,0.04,0.08,0.0,0.06,0.04,0.06,0.04,0.08,0.05,0.04,0.08,0.04,0.1,0.08,0.0,0.0,0.08,0.05,0.09,0.04,0.1,0.09,0.04,0.12,0.0,0.0,0.08,0.0,0.05,0.05,0.0,0.06,0.04,0.14,0.1,0.08,0.05,0.04,0.04,0.03,0.04,0.03,0.0,0.0,0.05,0.05,0.06,0.07,0.05,0.1,0.08,0.05,0.12,0.05,0.1,0.16,0.06,0.0,0.15,0.1,0.04,0.1,0.1,0.0,0.16,0.05,0.04,0.0,0.06,0.0,0.06,0.08,0.05,0.0,0.0,0.04,0.1,0.05,0.17,0.05,0.06,0.0,0.1,0.05,0.08,0.08,0.09,0.06,0.1,0.1,0.1,0.0,0.04,0.06,0.04,0.1,0.08,0.05,0.0,0.07,0.05,0.06,0.0,0.1,0.04,0.04,0.05,0.0,0.04,0.0,0.06,0.1,0.1,0.04,1.0,0.1,0.05,0.1,0.08,0.09,0.06,0.06,0.0,0.04,0.1,0.04,0.34,0.1,0.07,0.08,0.03,0.08,0.06,0.1,0.1,0.1,0.05,0.1,0.04,0.0,0.0,0.08,0.0,0.0,0.06,0.06,0.0,0.0,0.0,0.05,0.05,0.0,0.0,0.12,0.0,0.12,0.06,0.06,0.06,0.1,0.05,0.12,0.06,0.06,0.04,0.04,0.08,0.04,0.0,0.04,0.04,0.0,0.1,0.08,0.12,0.0,0.06,0.06,0.0,0.04,0.1,0.04,0.04,0.0,0.06,0.12,0.08,0.04,0.05,0.06,0.04,0.0,0.08,0.09,0.08,0.06,0.0,0.04,0.0,0.1,0.09,0.04,0.12,0.0,0.04,0.04,0.0,0.04,0.06,0.08,0.0,0.0,0.04,0.05,0.04,0.04,0.09,0.08,0.08,0.1,0.05,0.04,0.04
"polpette di verdure con pane carasau, pomodori e ricotta salata",0.08,0.18,0.13,0.15,0.14,0.0,0.24,0.12,0.0,0.2,0.0,0.09,0.2,0.05,0.16,0.05,0.26,0.17,0.2,0.1,0.18,0.12,0.24,0.24,0.08,0.12,0.06,0.16,0.06,0.12,0.13,0.17,0.18,0.12,0.13,0.14,0.07,0.0,0.0,0.06,0.07,0.18,0.08,0.0,0.0,0.0,0.0,0.06,0.06,0.17,0.17,0.14,0.12,0.0,0.03,0.2,0.06,0.14,0.03,0.1,0.06,0.13,0.0,0.19,0.07,0.16,0.08,0.07,0.19,0.13,0.0,0.06,0.14,0.0,0.2,0.21,0.0,0.03,0.06,0.06,0.07,0.16,0.1,0.12,0.12,0.22,0.03,0.0,0.08,0.06,0.22,0.22,0.28,0.25,0.29,0.26,0.22,0.28,0.23,0.26,0.2,0.2,0.04,0.24,0.08,0.24,0.18,0.06,0.08,0.22,0.03,0.08,0.34,0.3,0.18,0.22,0.26,0.26,0.23,0.33,0.0,0.2,0.06,0.16,0.2,0.12,0.17,0.13,0.06,0.23,0.19,0.16,0.08,0.0,0.17,0.1,0.16,0.22,0.14,0.2,0.05,0.2,0.0,0.04,0.15,0.0,0.26,0.0,0.0,0.0,0.06,0.16,0.14,0.09,0.18,0.13,0.03,0.08,0.0,0.08,0.08,0.0,0.18,0.14,0.08,0.18,0.1,0.17,0.06,0.22,0.2,0.2,0.14,0.15,0.19,0.08,0.14,0.15,0.11,0.08,0.14,0.08,0.22,0.22,0.06,0.08,0.15,0.0,0.15,0.15,0.14,0.08,0.08,0.06,0.15,0.18,0.15,0.2,0.16,0.08,0.19,0.07,0.15,0.14,0.26,0.16,0.1,0.14,0.14,0.0,0.13,0.08,0.13,0.24,0.24,0.14,0.0,0.02,0.14,0.22,0.0,0.04,0.24,0.18,0.26,0.0,0.06,0.12,0.15,0.14,0.17,0.0,0.1,1.0,0.17,0.12,0.0,0.2,0.0,0.22,0.0,0.09,0.14,0.03,0.16,0.16,0.2,0.1,0.1,0.12,0.16,0.19,0.15,0.14,0.18,0.14,0.0,0.15,0.04,0.24,0.07,0.0,0.16,0.0,0.0,0.0,0.0,0.1,0.14,0.06,0.07,0.12,0.04,0.29,0.08,0.08,0.08,0.17,0.14,0.16,0.08,0.19,0.12,0.14,0.18,0.16,0.0,0.06,0.12,0.08,0.07,0.24,0.24,0.08,0.18,0.12,0.08,0.1,0.22,0.18,0.03,0.0,0.08,0.23,0.29,0.14,0.17,0.04,0.06,0.0,0.0,0.3,0.3,0.17,0.2,0.18,0.0,0.26,0.22,0.0,0.0,0.0,0.1,0.3,0.0,0.06,0.15,0.11,0.04,0.0,0.06,0.07,0.06,0.1,0.13,0.14,0.14,0.2,0.1,0.16,0.13
polpette di verdure fritte a forma di bruco,0.0,0.0,0.1,0.0,0.0,0.0,0.11,0.09,0.0,0.14,0.0,0.0,0.1,0.0,0.18,0.0,0.13,0.1,0.0,0.0,0.14,0.0,0.1,0.12,0.06,0.09,0.0,0.1,0.0,0.18,0.16,0.15,0.0,0.09,0.1,0.16,0.1,0.0,0.06,0.0,0.0,0.0,0.0,0.0,0.0,0.06,0.16,0.05,0.04,0.1,0.08,0.08,0.08,0.0,0.0,0.14,0.08,0.1,0.04,0.0,0.0,0.0,0.0,0.17,0.0,0.04,0.06,0.0,0.13,0.1,0.0,0.04,0.1,0.0,0.18,0.09,0.0,0.0,0.05,0.05,0.06,0.09,0.1,0.0,0.09,0.17,0.0,0.0,0.0,0.09,0.09,0.1,0.09,0.11,0.1,0.11,0.12,0.1,0.1,0.1,0.1,0.1,0.0,0.16,0.06,0.1,0.09,0.05,0.06,0.09,0.04,0.06,0.12,0.13,0.1,0.15,0.1,0.08,0.1,0.08,0.0,0.22,0.0,0.11,0.14,0.0,0.15,0.14,0.0,0.1,0.17,0.16,0.0,0.0,0.12,0.15,0.24,0.1,0.1,0.14,0.0,0.0,0.0,0.0,0.0,0.0,0.1,0.0,0.0,0.0,0.05,0.1,0.16,0.04,0.0,0.05,0.0,0.06,0.0,0.06,0.06,0.0,0.1,0.15,0.12,0.15,0.1,0.17,0.04,0.16,0.12,0.0,0.1,0.06,0.17,0.06,0.1,0.17,0.12,0.06,0.1,0.06,0.11,0.16,0.05,0.06,0.11,0.0,0.11,0.13,0.1,0.12,0.06,0.08,0.11,0.1,0.06,0.15,0.12,0.06,0.11,0.16,0.0,0.12,0.14,0.06,0.05,0.15,0.15,0.0,0.1,0.17,0.14,0.14,0.14,0.1,0.0,0.0,0.16,0.12,0.0,0.0,0.08,0.09,0.1,0.0,0.0,0.06,0.11,0.1,0.1,0.04,0.05,0.17,1.0,0.17,0.0,0.14,0.0,0.06,0.0,0.0,0.14,0.0,0.14,0.1,0.18,0.16,0.06,0.13,0.06,0.11,0.11,0.1,0.1,0.15,0.0,0.06,0.0,0.09,0.06,0.06,0.12,0.0,0.06,0.0,0.0,0.06,0.15,0.04,0.1,0.12,0.03,0.13,0.06,0.06,0.06,0.1,0.21,0.0,0.06,0.06,0.0,0.08,0.19,0.14,0.0,0.05,0.0,0.06,0.06,0.16,0.16,0.19,0.1,0.18,0.06,0.11,0.16,0.18,0.0,0.0,0.06,0.12,0.12,0.1,0.1,0.06,0.1,0.0,0.04,0.19,0.17,0.06,0.14,0.09,0.0,0.22,0.14,0.0,0.0,0.0,0.0,0.17,0.0,0.0,0.11,0.0,0.0,0.06,0.0,0.0,0.0,0.05,0.1,0.16,0.0,0.1,0.06,0.0,0.05
polpette ricotta e spinaci,0.07,0.17,0.06,0.06,0.04,0.0,0.06,0.14,0.0,0.1,0.0,0.14,0.06,0.08,0.14,0.04,0.07,0.11,0.06,0.08,0.1,0.08,0.06,0.14,0.06,0.1,0.06,0.06,0.05,0.34,0.22,0.22,0.06,0.1,0.1,0.06,0.12,0.0,0.18,0.0,0.06,0.08,0.04,0.06,0.04,0.31,0.0,0.06,0.0,0.11,0.0,0.1,0.1,0.0,0.05,0.1,0.04,0.08,0.1,0.13,0.06,0.1,0.04,0.18,0.06,0.04,0.0,0.06,0.1,0.06,0.0,0.0,0.11,0.07,0.2,0.1,0.0,0.1,0.0,0.1,0.06,0.16,0.11,0.06,0.05,0.14,0.0,0.0,0.07,0.0,0.05,0.11,0.05,0.06,0.06,0.06,0.06,0.06,0.06,0.06,0.06,0.06,0.0,0.12,0.0,0.06,0.05,0.0,0.0,0.1,0.04,0.0,0.06,0.05,0.06,0.06,0.1,0.04,0.06,0.08,0.0,0.06,0.1,0.12,0.1,0.1,0.11,0.72,0.1,0.06,0.18,0.18,0.0,0.0,0.1,0.22,0.16,0.06,0.11,0.06,0.08,0.1,0.06,0.06,0.1,0.09,0.11,0.12,0.0,0.14,0.06,0.1,0.18,0.05,0.18,0.06,0.1,0.04,0.05,0.03,0.0,0.0,0.06,0.11,0.14,0.12,0.12,0.25,0.1,0.12,0.06,0.11,0.12,0.12,0.12,0.0,0.12,0.12,0.09,0.06,0.12,0.0,0.12,0.12,0.0,0.0,0.06,0.0,0.12,0.1,0.06,0.06,0.0,0.04,0.12,0.24,0.14,0.11,0.06,0.0,0.12,0.12,0.2,0.19,0.1,0.06,0.06,0.22,0.22,0.0,0.06,0.06,0.1,0.12,0.16,0.06,0.06,0.0,0.12,0.07,0.0,0.12,0.14,0.14,0.11,0.0,0.04,0.0,0.06,0.06,0.06,0.0,0.1,0.12,0.17,1.0,0.05,0.16,0.06,0.06,0.09,0.05,0.12,0.0,0.06,0.18,0.16,0.14,0.04,0.1,0.06,0.18,0.12,0.11,0.06,0.17,0.1,0.0,0.0,0.05,0.0,0.07,0.06,0.06,0.06,0.0,0.0,0.06,0.11,0.04,0.12,0.2,0.0,0.07,0.07,0.06,0.12,0.06,0.18,0.14,0.06,0.06,0.05,0.04,0.22,0.1,0.0,0.06,0.05,0.0,0.18,0.09,0.14,0.08,0.08,0.14,0.0,0.08,0.12,0.14,0.04,0.06,0.06,0.19,0.26,0.16,0.18,0.06,0.06,0.0,0.0,0.22,0.19,0.34,0.16,0.14,0.06,0.64,0.06,0.14,0.08,0.0,0.07,0.14,0.06,0.04,0.06,0.09,0.0,0.0,0.09,0.06,0.0,0.06,0.1,0.09,0.04,0.11,0.06,0.1,0.06
polpette vegetariane al sugo,0.0,0.0,0.04,0.0,0.0,0.0,0.0,0.0,0.08,0.0,0.0,0.0,0.0,0.0,0.0,0.0,0.0,0.04,0.0,0.0,0.0,0.0,0.0,0.05,0.05,0.08,0.0,0.12,0.0,0.08,0.08,0.04,0.0,0.04,0.04,0.0,0.0,0.0,0.0,0.0,0.0,0.0,0.0,0.0,0.16,0.1,0.07,0.04,0.08,0.04,0.04,0.04,0.04,0.0,0.0,0.0,0.04,0.03,0.08,0.0,0.0,0.0,0.11,0.05,0.0,0.06,0.19,0.0,0.08,0.0,0.0,0.0,0.04,0.0,0.0,0.04,0.0,0.0,0.09,0.12,0.0,0.16,0.0,0.0,0.0,0.04,0.0,0.0,0.0,0.04,0.0,0.0,0.0,0.0,0.0,0.0,0.0,0.0,0.0,0.0,0.0,0.0,0.13,0.0,0.05,0.0,0.0,0.0,0.0,0.0,0.15,0.1,0.0,0.04,0.0,0.0,0.0,0.04,0.0,0.0,0.12,0.0,0.0,0.0,0.0,0.0,0.0,0.0,0.0,0.0,0.1,0.04,0.0,0.0,0.04,0.0,0.12,0.0,0.04,0.0,0.0,0.0,0.0,0.0,0.0,0.0,0.0,0.04,0.0,0.05,0.0,0.08,0.04,0.04,0.0,0.04,0.04,0.03,0.0,0.12,0.0,0.0,0.04,0.04,0.05,0.0,0.0,0.05,0.04,0.0,0.0,0.0,0.04,0.1,0.0,0.0,0.04,0.05,0.07,0.05,0.04,0.1,0.05,0.0,0.04,0.0,0.0,0.16,0.0,0.04,0.0,0.1,0.0,0.04,0.1,0.0,0.05,0.0,0.0,0.0,0.05,0.0,0.0,0.04,0.0,0.0,0.04,0.04,0.04,0.0,0.08,0.0,0.0,0.03,0.0,0.0,0.09,0.22,0.0,0.08,0.1,0.0,0.0,0.0,0.0,0.0,0.0,0.0,0.0,0.0,0.04,0.15,0.08,0.0,0.0,0.05,1.0,0.0,0.24,0.0,0.14,0.0,0.06,0.0,0.0,0.03,0.0,0.14,0.0,0.04,0.0,0.05,0.05,0.04,0.0,0.04,0.04,0.0,0.0,0.0,0.0,0.0,0.0,0.16,0.0,0.0,0.0,0.0,0.0,0.0,0.0,0.0,0.1,0.0,0.17,0.0,0.0,0.0,0.0,0.0,0.05,0.05,0.0,0.0,0.04,0.0,0.0,0.08,0.0,0.0,0.04,0.0,0.04,0.04,0.0,0.05,0.0,0.04,0.0,0.08,0.0,0.0,0.0,0.04,0.0,0.0,0.0,0.0,0.16,0.0,0.22,0.0,0.0,0.0,0.0,0.0,0.1,0.04,0.04,0.0,0.06,0.0,0.0,0.0,0.0,0.0,0.1,0.0,0.0,0.14,0.0,0.0,0.0,0.04,0.04,0.04,0.0,0.04,0.18,0.0,0.0
polpettone di fagiolini,0.09,0.14,0.09,0.1,0.08,0.0,0.1,0.12,0.0,0.14,0.0,0.08,0.34,0.04,0.17,0.08,0.12,0.1,0.12,0.14,0.13,0.07,0.1,0.12,0.06,0.08,0.05,0.09,0.04,0.18,0.09,0.14,0.15,0.08,0.16,0.1,0.1,0.08,0.1,0.04,0.05,0.11,0.04,0.05,0.0,0.06,0.0,0.04,0.04,0.1,0.08,0.08,0.08,0.0,0.12,0.52,0.04,0.1,0.08,0.14,0.09,0.14,0.0,0.16,0.1,0.04,0.06,0.05,0.12,0.09,0.06,0.04,0.1,0.06,0.17,0.08,0.0,0.0,0.05,0.18,0.1,0.08,0.14,0.1,0.08,0.14,0.0,0.0,0.06,0.04,0.08,0.14,0.08,0.1,0.4,0.1,0.12,0.1,0.09,0.1,0.34,0.09,0.0,0.15,0.12,0.1,0.08,0.05,0.06,0.13,0.0,0.06,0.12,0.08,0.09,0.1,0.14,0.08,0.09,0.18,0.0,0.16,0.08,0.1,0.18,0.12,0.14,0.14,0.12,0.09,0.1,0.15,0.0,0.0,0.16,0.14,0.14,0.09,0.26,0.14,0.08,0.12,0.12,0.1,0.08,0.08,0.19,0.05,0.0,0.06,0.04,0.14,0.1,0.08,0.15,0.04,0.04,0.03,0.0,0.11,0.06,0.0,0.1,0.14,0.06,0.25,0.1,0.26,0.04,0.15,0.12,0.1,0.22,0.06,0.1,0.06,0.1,0.1,0.12,0.16,0.1,0.06,0.1,0.1,0.09,0.06,0.1,0.0,0.06,0.25,0.1,0.06,0.06,0.12,0.1,0.1,0.06,0.14,0.12,0.06,0.1,0.05,0.16,0.2,0.14,0.1,0.1,0.14,0.14,0.0,0.09,0.06,0.09,0.26,0.18,0.1,0.0,0.04,0.1,0.12,0.0,0.1,0.08,0.08,0.14,0.0,0.04,0.06,0.1,0.1,0.1,0.0,0.09,0.2,0.14,0.16,0.0,1.0,0.0,0.06,0.0,0.04,0.24,0.04,0.09,0.25,0.34,0.28,0.03,0.12,0.06,0.1,0.1,0.1,0.1,0.19,0.04,0.06,0.0,0.12,0.1,0.06,0.12,0.0,0.06,0.06,0.1,0.1,0.14,0.08,0.48,0.17,0.03,0.18,0.18,0.06,0.16,0.14,0.15,0.15,0.06,0.06,0.12,0.12,0.18,0.14,0.0,0.04,0.08,0.06,0.05,0.15,0.16,0.08,0.16,0.12,0.06,0.18,0.15,0.16,0.08,0.05,0.06,0.16,0.2,0.09,0.1,0.06,0.04,0.0,0.0,0.28,0.2,0.12,0.14,0.08,0.06,0.23,0.14,0.0,0.0,0.0,0.06,0.16,0.16,0.04,0.1,0.08,0.0,0.0,0.08,0.1,0.08,0.04,0.09,0.08,0.08,0.22,0.05,0.04,0.04
pomodori con il riso e patate,0.1,0.04,0.06,0.0,0.0,0.0,0.0,0.0,0.06,0.0,0.0,0.05,0.0,0.08,0.0,0.04,0.0,0.06,0.0,0.0,0.0,0.04,0.0,0.06,0.06,0.1,0.0,0.1,0.1,0.04,0.07,0.06,0.0,0.05,0.06,0.0,0.0,0.0,0.0,0.0,0.0,0.04,0.0,0.06,0.18,0.06,0.09,0.06,0.05,0.06,0.04,0.04,0.04,0.06,0.0,0.0,0.04,0.0,0.05,0.0,0.0,0.06,0.1,0.06,0.0,0.04,0.1,0.0,0.05,0.0,0.0,0.0,0.06,0.07,0.0,0.05,0.0,0.1,0.06,0.06,0.0,0.1,0.0,0.0,0.0,0.02,0.0,0.0,0.0,0.05,0.0,0.0,0.0,0.0,0.0,0.0,0.0,0.0,0.06,0.0,0.0,0.0,0.11,0.0,0.06,0.0,0.0,0.0,0.0,0.0,0.14,0.06,0.0,0.0,0.0,0.0,0.0,0.1,0.0,0.04,0.1,0.0,0.0,0.0,0.0,0.0,0.0,0.0,0.0,0.0,0.12,0.04,0.0,0.0,0.04,0.0,0.16,0.0,0.06,0.0,0.04,0.04,0.0,0.06,0.05,0.0,0.0,0.06,0.0,0.06,0.0,0.1,0.06,0.0,0.0,0.06,0.06,0.04,0.05,0.06,0.0,0.0,0.06,0.06,0.06,0.0,0.0,0.06,0.05,0.0,0.0,0.0,0.06,0.06,0.0,0.0,0.06,0.06,0.04,0.06,0.06,0.06,0.06,0.0,0.0,0.0,0.0,0.14,0.0,0.05,0.0,0.06,0.06,0.1,0.12,0.0,0.06,0.0,0.0,0.0,0.06,0.0,0.1,0.04,0.0,0.0,0.06,0.06,0.06,0.0,0.06,0.0,0.06,0.04,0.05,0.0,0.06,0.16,0.0,0.07,0.12,0.06,0.0,0.0,0.0,0.0,0.0,0.0,0.0,0.0,0.0,0.04,0.06,0.0,0.0,0.06,0.24,0.0,1.0,0.0,0.09,0.0,0.0,0.0,0.0,0.04,0.0,0.04,0.0,0.05,0.0,0.06,0.06,0.06,0.0,0.06,0.05,0.0,0.0,0.0,0.0,0.0,0.0,0.14,0.18,0.0,0.0,0.0,0.0,0.0,0.0,0.0,0.06,0.0,0.14,0.0,0.0,0.0,0.0,0.04,0.06,0.06,0.0,0.0,0.04,0.0,0.0,0.1,0.0,0.0,0.06,0.04,0.0,0.0,0.0,0.0,0.0,0.0,0.0,0.05,0.14,0.0,0.0,0.04,0.0,0.0,0.0,0.0,0.1,0.0,0.09,0.0,0.0,0.17,0.0,0.0,0.06,0.03,0.0,0.1,0.08,0.12,0.02,0.0,0.0,0.0,0.06,0.04,0.0,0.06,0.0,0.0,0.0,0.06,0.06,0.04,0.04,0.06,0.18,0.05,0.0
pomodori ripieni con amaranto e salsa tahina,0.04,0.08,0.06,0.12,0.04,0.0,0.15,0.1,0.0,0.13,0.0,0.05,0.11,0.04,0.06,0.04,0.14,0.06,0.06,0.0,0.1,0.04,0.16,0.15,0.0,0.05,0.11,0.1,0.1,0.07,0.07,0.06,0.06,0.05,0.06,0.06,0.06,0.0,0.0,0.05,0.12,0.04,0.04,0.0,0.0,0.0,0.0,0.06,0.05,0.06,0.04,0.04,0.04,0.06,0.0,0.16,0.1,0.08,0.05,0.08,0.06,0.06,0.1,0.06,0.06,0.12,0.04,0.12,0.17,0.1,0.0,0.0,0.06,0.0,0.06,0.14,0.05,0.06,0.0,0.1,0.06,0.05,0.06,0.06,0.05,0.1,0.0,0.0,0.07,0.0,0.15,0.14,0.2,0.16,0.13,0.13,0.12,0.16,0.2,0.15,0.12,0.18,0.0,0.16,0.0,0.16,0.11,0.0,0.0,0.15,0.0,0.0,0.24,0.2,0.11,0.2,0.16,0.17,0.16,0.21,0.06,0.11,0.05,0.15,0.06,0.05,0.06,0.06,0.05,0.12,0.06,0.04,0.06,0.0,0.1,0.06,0.06,0.06,0.06,0.06,0.0,0.04,0.0,0.0,0.05,0.0,0.14,0.0,0.0,0.0,0.06,0.06,0.06,0.05,0.06,0.06,0.0,0.04,0.0,0.0,0.0,0.0,0.06,0.06,0.06,0.12,0.12,0.1,0.05,0.12,0.06,0.11,0.06,0.12,0.06,0.0,0.06,0.06,0.04,0.0,0.06,0.0,0.12,0.12,0.0,0.0,0.06,0.0,0.06,0.05,0.06,0.0,0.0,0.0,0.06,0.06,0.14,0.12,0.06,0.0,0.06,0.06,0.05,0.04,0.18,0.15,0.06,0.06,0.06,0.0,0.1,0.06,0.06,0.16,0.16,0.11,0.06,0.0,0.12,0.14,0.0,0.0,0.17,0.14,0.14,0.0,0.04,0.06,0.12,0.06,0.06,0.04,0.06,0.22,0.06,0.06,0.0,0.06,0.0,1.0,0.04,0.05,0.08,0.0,0.06,0.08,0.08,0.09,0.18,0.05,0.14,0.06,0.06,0.06,0.06,0.0,0.0,0.06,0.0,0.17,0.0,0.0,0.06,0.0,0.0,0.0,0.0,0.06,0.06,0.0,0.0,0.06,0.04,0.14,0.0,0.06,0.0,0.11,0.12,0.04,0.0,0.06,0.1,0.04,0.04,0.06,0.0,0.06,0.05,0.0,0.06,0.14,0.16,0.0,0.08,0.06,0.0,0.08,0.06,0.1,0.04,0.0,0.06,0.18,0.23,0.12,0.16,0.0,0.0,0.0,0.04,0.12,0.24,0.16,0.06,0.18,0.0,0.18,0.12,0.0,0.04,0.0,0.05,0.16,0.0,0.04,0.0,0.04,0.0,0.0,0.09,0.06,0.05,0.0,0.06,0.04,0.0,0.11,0.0,0.1,0.06
pomodori ripieni di cous cous,0.13,0.0,0.0,0.09,0.0,0.0,0.0,0.04,0.12,0.02,0.0,0.0,0.0,0.0,0.0,0.03,0.0,0.0,0.0,0.06,0.0,0.0,0.0,0.0,0.0,0.0,0.04,0.12,0.11,0.0,0.0,0.0,0.0,0.0,0.0,0.0,0.04,0.0,0.0,0.0,0.04,0.0,0.0,0.17,0.08,0.18,0.06,0.04,0.1,0.0,0.07,0.0,0.0,0.12,0.0,0.04,0.04,0.0,0.14,0.0,0.0,0.08,0.07,0.0,0.0,0.06,0.18,0.04,0.1,0.04,0.0,0.0,0.0,0.0,0.0,0.0,0.04,0.2,0.08,0.12,0.0,0.18,0.0,0.0,0.0,0.04,0.0,0.0,0.0,0.0,0.0,0.04,0.0,0.0,0.04,0.0,0.0,0.0,0.08,0.0,0.0,0.04,0.08,0.0,0.04,0.04,0.0,0.0,0.04,0.0,0.07,0.09,0.0,0.0,0.0,0.0,0.04,0.0,0.0,0.0,0.12,0.0,0.0,0.0,0.0,0.0,0.0,0.0,0.0,0.0,0.0,0.0,0.04,0.0,0.0,0.0,0.0,0.0,0.0,0.0,0.0,0.0,0.0,0.08,0.0,0.0,0.0,0.0,0.0,0.0,0.0,0.0,0.04,0.0,0.0,0.0,0.0,0.02,0.0,0.1,0.0,0.0,0.0,0.0,0.0,0.0,0.0,0.0,0.0,0.0,0.0,0.0,0.0,0.0,0.0,0.0,0.0,0.0,0.06,0.0,0.0,0.09,0.0,0.0,0.0,0.0,0.0,0.1,0.0,0.0,0.0,0.14,0.0,0.0,0.0,0.0,0.0,0.0,0.0,0.0,0.0,0.0,0.0,0.0,0.04,0.0,0.0,0.0,0.0,0.0,0.12,0.0,0.0,0.03,0.0,0.04,0.2,0.12,0.04,0.13,0.09,0.0,0.0,0.0,0.04,0.0,0.0,0.04,0.04,0.0,0.0,0.1,0.0,0.0,0.0,0.09,0.14,0.0,0.09,0.04,1.0,0.0,0.0,0.0,0.0,0.0,0.0,0.1,0.06,0.0,0.0,0.0,0.0,0.0,0.0,0.0,0.0,0.0,0.0,0.04,0.0,0.0,0.0,0.1,0.0,0.0,0.0,0.0,0.0,0.0,0.0,0.0,0.12,0.0,0.1,0.0,0.0,0.0,0.0,0.0,0.0,0.0,0.04,0.0,0.0,0.0,0.0,0.08,0.0,0.0,0.08,0.03,0.0,0.0,0.0,0.0,0.04,0.03,0.0,0.1,0.1,0.0,0.0,0.04,0.04,0.04,0.0,0.0,0.08,0.0,0.16,0.0,0.04,0.0,0.04,0.0,0.1,0.0,0.0,0.04,0.02,0.08,0.04,0.0,0.0,0.0,0.09,0.04,0.0,0.09,0.03,0.0,0.04,0.0,0.0,0.0,0.0,0.04,0.08,0.04,0.0
pulled pork,0.0,0.0,0.04,0.0,0.0,0.06,0.05,0.08,0.0,0.08,0.0,0.0,0.04,0.0,0.05,0.0,0.06,0.09,0.0,0.0,0.08,0.0,0.09,0.05,0.0,0.04,0.0,0.08,0.0,0.06,0.06,0.04,0.0,0.04,0.04,0.04,0.0,0.0,0.0,0.0,0.0,0.0,0.0,0.0,0.02,0.0,0.0,0.0,0.0,0.04,0.0,0.04,0.04,0.0,0.04,0.08,0.04,0.06,0.0,0.0,0.0,0.0,0.04,0.05,0.0,0.06,0.0,0.0,0.04,0.04,0.0,0.0,0.04,0.0,0.05,0.04,0.0,0.0,0.0,0.04,0.04,0.04,0.04,0.0,0.04,0.08,0.0,0.0,0.0,0.0,0.04,0.04,0.04,0.05,0.09,0.1,0.05,0.04,0.04,0.04,0.04,0.04,0.0,0.04,0.0,0.09,0.04,0.0,0.0,0.04,0.0,0.0,0.05,0.04,0.04,0.04,0.08,0.04,0.04,0.06,0.0,0.05,0.0,0.05,0.08,0.0,0.04,0.04,0.0,0.04,0.05,0.04,0.0,0.0,0.08,0.04,0.04,0.04,0.04,0.04,0.0,0.0,0.0,0.0,0.0,0.0,0.04,0.0,0.0,0.0,0.04,0.04,0.04,0.04,0.0,0.0,0.0,0.0,0.0,0.0,0.0,0.0,0.04,0.04,0.05,0.06,0.04,0.08,0.04,0.04,0.05,0.0,0.04,0.05,0.05,0.0,0.04,0.05,0.04,0.0,0.04,0.0,0.05,0.04,0.0,0.0,0.05,0.0,0.05,0.04,0.04,0.0,0.0,0.0,0.05,0.09,0.05,0.04,0.05,0.0,0.05,0.04,0.0,0.04,0.04,0.05,0.04,0.04,0.04,0.0,0.04,0.05,0.04,0.06,0.08,0.04,0.0,0.0,0.04,0.06,0.0,0.0,0.04,0.04,0.04,0.0,0.0,0.0,0.05,0.04,0.04,0.0,0.04,0.09,0.0,0.05,0.0,0.04,0.0,0.05,0.0,1.0,0.06,0.0,0.04,0.08,0.06,0.04,0.03,0.04,0.05,0.05,0.05,0.04,0.04,0.0,0.0,0.0,0.0,0.04,0.0,0.0,0.05,0.0,0.0,0.0,0.0,0.04,0.04,0.04,0.04,0.05,0.0,0.06,0.0,0.05,0.0,0.04,0.04,0.0,0.0,0.0,0.0,0.04,0.06,0.04,0.0,0.0,0.0,0.0,0.04,0.07,0.07,0.0,0.06,0.05,0.0,0.04,0.04,0.04,0.0,0.0,0.05,0.04,0.08,0.04,0.04,0.0,0.0,0.0,0.0,0.08,0.08,0.06,0.0,0.04,0.0,0.07,0.04,0.0,0.0,0.0,0.0,0.04,0.0,0.0,0.0,0.0,0.0,0.0,0.0,0.0,0.0,0.0,0.04,0.04,0.0,0.04,0.0,0.0,0.04
quiche zucca e speck,0.09,0.16,0.1,0.12,0.12,0.0,0.12,0.16,0.04,0.21,0.0,0.1,0.11,0.06,0.18,0.03,0.14,0.11,0.13,0.1,0.16,0.08,0.14,0.13,0.04,0.13,0.08,0.14,0.13,0.24,0.12,0.14,0.12,0.13,0.1,0.12,0.08,0.06,0.08,0.03,0.08,0.11,0.18,0.04,0.02,0.04,0.0,0.04,0.03,0.11,0.06,0.09,0.09,0.04,0.12,0.18,0.09,0.15,0.06,0.2,0.07,0.1,0.0,0.12,0.16,0.06,0.06,0.08,0.26,0.1,0.1,0.03,0.11,0.04,0.22,0.1,0.0,0.0,0.04,0.24,0.16,0.1,0.24,0.16,0.1,0.23,0.0,0.0,0.1,0.04,0.12,0.18,0.1,0.16,0.12,0.12,0.24,0.16,0.14,0.12,0.11,0.14,0.0,0.16,0.04,0.12,0.1,0.04,0.04,0.13,0.0,0.04,0.18,0.12,0.1,0.14,0.14,0.12,0.1,0.14,0.0,0.12,0.13,0.12,0.14,0.19,0.18,0.14,0.22,0.24,0.12,0.14,0.0,0.0,0.16,0.11,0.14,0.1,0.11,0.1,0.06,0.12,0.08,0.11,0.1,0.06,0.22,0.08,0.0,0.04,0.07,0.1,0.16,0.13,0.16,0.04,0.04,0.02,0.0,0.12,0.04,0.0,0.12,0.11,0.08,0.27,0.16,0.24,0.06,0.12,0.13,0.11,0.12,0.12,0.12,0.04,0.12,0.12,0.12,0.04,0.16,0.12,0.12,0.12,0.07,0.1,0.12,0.0,0.12,0.1,0.12,0.04,0.04,0.03,0.12,0.12,0.13,0.11,0.13,0.22,0.12,0.16,0.12,0.28,0.1,0.16,0.11,0.14,0.14,0.0,0.1,0.08,0.1,0.16,0.2,0.11,0.0,0.02,0.12,0.14,0.0,0.04,0.12,0.12,0.14,0.0,0.06,0.04,0.12,0.12,0.14,0.06,0.1,0.14,0.14,0.12,0.06,0.24,0.0,0.08,0.0,0.06,1.0,0.0,0.1,0.14,0.24,0.2,0.05,0.1,0.08,0.12,0.12,0.11,0.16,0.04,0.04,0.04,0.0,0.1,0.12,0.1,0.13,0.0,0.04,0.05,0.04,0.16,0.14,0.06,0.12,0.13,0.02,0.14,0.04,0.08,0.04,0.11,0.19,0.17,0.04,0.04,0.1,0.12,0.14,0.14,0.0,0.04,0.1,0.08,0.08,0.2,0.26,0.08,0.17,0.18,0.04,0.24,0.12,0.19,0.09,0.08,0.08,0.22,0.22,0.14,0.12,0.0,0.1,0.0,0.06,0.18,0.22,0.14,0.1,0.12,0.04,0.25,0.14,0.0,0.0,0.0,0.12,0.12,0.16,0.06,0.04,0.03,0.0,0.04,0.08,0.12,0.0,0.04,0.14,0.08,0.03,0.11,0.04,0.04,0.07
"raclette, una ricetta a base di formaggio francese per una cena in compagnia",0.0,0.04,0.0,0.0,0.04,0.0,0.0,0.0,0.0,0.0,0.06,0.0,0.0,0.0,0.0,0.0,0.0,0.0,0.0,0.0,0.04,0.0,0.0,0.0,0.0,0.0,0.0,0.0,0.0,0.0,0.0,0.0,0.05,0.0,0.0,0.0,0.0,0.0,0.0,0.0,0.0,0.0,0.04,0.0,0.0,0.0,0.0,0.0,0.0,0.0,0.0,0.0,0.0,0.0,0.0,0.0,0.0,0.04,0.0,0.0,0.04,0.0,0.0,0.0,0.05,0.0,0.06,0.05,0.0,0.0,0.0,0.0,0.0,0.06,0.0,0.0,0.0,0.04,0.0,0.0,0.0,0.04,0.05,0.0,0.0,0.02,0.0,0.0,0.0,0.0,0.0,0.0,0.04,0.0,0.0,0.0,0.0,0.0,0.0,0.0,0.0,0.0,0.0,0.0,0.0,0.05,0.0,0.0,0.0,0.04,0.0,0.0,0.0,0.0,0.0,0.0,0.0,0.0,0.0,0.04,0.0,0.0,0.0,0.0,0.0,0.0,0.0,0.0,0.0,0.0,0.0,0.0,0.0,0.0,0.0,0.05,0.0,0.0,0.0,0.04,0.0,0.04,0.06,0.0,0.04,0.0,0.05,0.05,0.0,0.0,0.0,0.04,0.0,0.0,0.0,0.0,0.0,0.03,0.04,0.0,0.0,0.0,0.0,0.0,0.06,0.04,0.05,0.0,0.0,0.05,0.0,0.0,0.0,0.0,0.0,0.0,0.0,0.0,0.0,0.0,0.0,0.0,0.0,0.0,0.0,0.0,0.0,0.0,0.0,0.0,0.0,0.0,0.0,0.0,0.0,0.0,0.0,0.0,0.0,0.0,0.0,0.05,0.04,0.04,0.04,0.0,0.05,0.0,0.0,0.0,0.0,0.0,0.0,0.0,0.0,0.0,0.0,0.04,0.0,0.0,0.0,0.05,0.0,0.0,0.0,0.0,0.0,0.0,0.0,0.05,0.05,0.04,0.04,0.03,0.0,0.0,0.0,0.04,0.0,0.0,0.0,0.0,0.0,1.0,0.0,0.0,0.0,0.0,0.0,0.0,0.0,0.0,0.0,0.0,0.0,0.05,0.04,0.0,0.0,0.04,0.0,0.0,0.0,0.0,0.0,0.0,0.0,0.0,0.0,0.0,0.05,0.12,0.0,0.12,0.0,0.0,0.06,0.05,0.05,0.0,0.0,0.0,0.0,0.0,0.0,0.0,0.0,0.0,0.0,0.0,0.0,0.0,0.0,0.0,0.0,0.06,0.0,0.0,0.1,0.0,0.0,0.05,0.0,0.04,0.0,0.0,0.0,0.06,0.0,0.0,0.0,0.04,0.0,0.0,0.0,0.0,0.06,0.0,0.04,0.0,0.0,0.05,0.0,0.0,0.06,0.0,0.06,0.04,0.0,0.0,0.0,0.0,0.04,0.0,0.0,0.0,0.04,0.0,0.0,0.0,0.04
ratatouille con quinoa,0.09,0.18,0.09,0.1,0.12,0.0,0.1,0.08,0.0,0.16,0.0,0.04,0.24,0.04,0.12,0.04,0.12,0.1,0.17,0.06,0.13,0.1,0.1,0.12,0.06,0.08,0.05,0.09,0.04,0.08,0.06,0.1,0.1,0.08,0.09,0.1,0.05,0.0,0.0,0.0,0.05,0.14,0.08,0.0,0.0,0.0,0.08,0.04,0.04,0.14,0.12,0.2,0.08,0.0,0.0,0.14,0.04,0.1,0.04,0.08,0.04,0.14,0.0,0.1,0.05,0.04,0.06,0.05,0.08,0.09,0.0,0.04,0.1,0.0,0.17,0.22,0.0,0.04,0.05,0.04,0.05,0.04,0.05,0.06,0.08,0.16,0.0,0.0,0.06,0.08,0.08,0.1,0.08,0.1,0.15,0.1,0.12,0.1,0.09,0.1,0.1,0.09,0.0,0.1,0.06,0.1,0.08,0.05,0.06,0.08,0.08,0.06,0.12,0.08,0.09,0.1,0.09,0.2,0.09,0.11,0.0,0.1,0.04,0.06,0.09,0.08,0.14,0.09,0.04,0.14,0.1,0.12,0.06,0.0,0.12,0.1,0.14,0.14,0.1,0.14,0.04,0.12,0.0,0.0,0.16,0.0,0.1,0.0,0.0,0.0,0.04,0.09,0.1,0.04,0.1,0.04,0.0,0.09,0.08,0.06,0.06,0.0,0.1,0.1,0.06,0.1,0.05,0.1,0.04,0.1,0.12,0.14,0.1,0.1,0.1,0.06,0.1,0.1,0.08,0.06,0.1,0.06,0.1,0.1,0.04,0.18,0.16,0.0,0.1,0.08,0.1,0.06,0.12,0.04,0.1,0.1,0.06,0.1,0.12,0.06,0.1,0.1,0.08,0.08,0.14,0.06,0.14,0.14,0.14,0.0,0.09,0.1,0.14,0.14,0.13,0.1,0.0,0.0,0.1,0.12,0.0,0.0,0.08,0.04,0.1,0.0,0.04,0.1,0.1,0.1,0.14,0.0,0.34,0.16,0.14,0.06,0.0,0.09,0.0,0.06,0.0,0.04,0.1,0.0,1.0,0.1,0.14,0.08,0.06,0.08,0.06,0.1,0.1,0.1,0.15,0.05,0.04,0.06,0.06,0.08,0.05,0.0,0.12,0.0,0.0,0.0,0.0,0.1,0.1,0.04,0.05,0.06,0.03,0.12,0.06,0.06,0.0,0.1,0.15,0.12,0.06,0.06,0.08,0.08,0.08,0.14,0.0,0.04,0.13,0.06,0.05,0.15,0.12,0.08,0.1,0.06,0.06,0.07,0.15,0.12,0.04,0.0,0.06,0.08,0.12,0.04,0.05,0.0,0.04,0.0,0.0,0.09,0.12,0.06,0.04,0.04,0.0,0.12,0.09,0.0,0.0,0.0,0.04,0.12,0.0,0.04,0.06,0.08,0.0,0.0,0.04,0.05,0.0,0.04,0.14,0.12,0.08,0.14,0.05,0.04,0.09
ravioli al sugo di carciofi,0.1,0.18,0.1,0.11,0.08,0.0,0.11,0.14,0.0,0.15,0.0,0.12,0.2,0.08,0.16,0.05,0.13,0.36,0.12,0.1,0.15,0.1,0.1,0.16,0.08,0.12,0.06,0.12,0.06,0.22,0.13,0.16,0.1,0.15,0.18,0.1,0.07,0.0,0.07,0.0,0.07,0.12,0.06,0.0,0.02,0.04,0.0,0.06,0.03,0.13,0.06,0.11,0.16,0.0,0.12,0.29,0.06,0.09,0.08,0.12,0.06,0.12,0.03,0.14,0.07,0.08,0.06,0.14,0.14,0.1,0.0,0.03,0.13,0.04,0.16,0.12,0.0,0.03,0.04,0.1,0.07,0.15,0.13,0.08,0.09,0.16,0.0,0.0,0.08,0.03,0.08,0.13,0.08,0.11,0.23,0.14,0.12,0.1,0.1,0.1,0.2,0.1,0.0,0.14,0.1,0.1,0.08,0.04,0.04,0.12,0.03,0.04,0.12,0.08,0.1,0.1,0.16,0.08,0.1,0.1,0.06,0.16,0.15,0.08,0.12,0.08,0.1,0.12,0.06,0.1,0.14,0.1,0.0,0.0,0.16,0.16,0.12,0.1,0.26,0.1,0.05,0.11,0.04,0.04,0.2,0.16,0.23,0.07,0.0,0.08,0.06,0.12,0.18,0.06,0.14,0.06,0.06,0.04,0.03,0.06,0.04,0.0,0.1,0.1,0.08,0.17,0.14,0.22,0.09,0.1,0.12,0.1,0.24,0.11,0.29,0.04,0.14,0.14,0.08,0.16,0.34,0.04,0.14,0.1,0.03,0.04,0.11,0.0,0.08,0.22,0.1,0.04,0.04,0.12,0.14,0.18,0.12,0.1,0.12,0.04,0.14,0.07,0.14,0.16,0.1,0.08,0.06,0.16,0.16,0.0,0.16,0.08,0.16,0.26,0.18,0.1,0.0,0.05,0.18,0.12,0.0,0.1,0.16,0.14,0.2,0.0,0.06,0.04,0.11,0.1,0.1,0.0,0.1,0.16,0.1,0.18,0.03,0.25,0.04,0.08,0.0,0.08,0.14,0.0,0.1,1.0,0.46,0.18,0.04,0.12,0.08,0.18,0.14,0.13,0.1,0.06,0.06,0.04,0.0,0.08,0.04,0.0,0.12,0.04,0.0,0.0,0.0,0.07,0.1,0.02,0.17,0.12,0.02,0.13,0.18,0.08,0.04,0.1,0.14,0.1,0.08,0.08,0.08,0.08,0.12,0.1,0.0,0.06,0.09,0.04,0.28,0.21,0.14,0.02,0.16,0.08,0.04,0.14,0.1,0.2,0.03,0.1,0.08,0.14,0.22,0.1,0.1,0.0,0.06,0.0,0.0,0.16,0.22,0.17,0.06,0.14,0.04,0.24,0.1,0.08,0.04,0.0,0.08,0.08,0.04,0.06,0.04,0.06,0.0,0.04,0.08,0.07,0.0,0.06,0.12,0.1,0.06,0.23,0.07,0.09,0.06
ravioli carciofi e scampi,0.09,0.25,0.14,0.16,0.12,0.0,0.2,0.16,0.0,0.21,0.0,0.1,0.22,0.06,0.22,0.08,0.18,0.3,0.18,0.16,0.2,0.11,0.14,0.18,0.08,0.13,0.08,0.14,0.06,0.22,0.14,0.22,0.16,0.13,0.2,0.19,0.16,0.0,0.12,0.03,0.08,0.2,0.09,0.04,0.02,0.08,0.0,0.1,0.06,0.14,0.12,0.16,0.12,0.0,0.1,0.31,0.06,0.12,0.12,0.16,0.1,0.18,0.03,0.16,0.16,0.06,0.09,0.08,0.19,0.18,0.05,0.06,0.14,0.04,0.26,0.13,0.0,0.04,0.11,0.18,0.16,0.06,0.18,0.12,0.13,0.22,0.03,0.0,0.1,0.06,0.12,0.18,0.12,0.16,0.24,0.16,0.18,0.16,0.14,0.16,0.25,0.14,0.0,0.19,0.14,0.19,0.12,0.08,0.08,0.16,0.0,0.08,0.18,0.12,0.14,0.14,0.18,0.16,0.14,0.14,0.07,0.22,0.1,0.16,0.14,0.12,0.22,0.24,0.12,0.14,0.2,0.2,0.0,0.0,0.18,0.14,0.14,0.14,0.3,0.18,0.11,0.12,0.08,0.08,0.12,0.06,0.22,0.04,0.0,0.04,0.07,0.18,0.19,0.16,0.19,0.07,0.04,0.07,0.0,0.17,0.1,0.0,0.16,0.22,0.13,0.19,0.16,0.26,0.06,0.19,0.22,0.22,0.26,0.08,0.34,0.08,0.16,0.16,0.2,0.16,0.32,0.08,0.16,0.23,0.07,0.1,0.2,0.04,0.12,0.22,0.19,0.13,0.08,0.13,0.16,0.16,0.08,0.18,0.22,0.1,0.16,0.12,0.19,0.22,0.18,0.16,0.08,0.22,0.22,0.0,0.18,0.08,0.18,0.3,0.26,0.14,0.0,0.02,0.19,0.2,0.0,0.08,0.12,0.12,0.18,0.0,0.09,0.08,0.16,0.19,0.14,0.0,0.07,0.2,0.18,0.16,0.0,0.34,0.0,0.08,0.0,0.06,0.24,0.0,0.14,0.46,1.0,0.3,0.05,0.16,0.08,0.16,0.16,0.14,0.16,0.11,0.04,0.12,0.0,0.12,0.12,0.1,0.18,0.04,0.12,0.05,0.04,0.12,0.26,0.12,0.26,0.22,0.06,0.24,0.2,0.13,0.08,0.18,0.23,0.14,0.08,0.08,0.16,0.22,0.22,0.18,0.0,0.07,0.16,0.08,0.26,0.23,0.24,0.14,0.2,0.08,0.08,0.22,0.19,0.26,0.06,0.04,0.08,0.18,0.22,0.14,0.19,0.04,0.07,0.0,0.0,0.24,0.3,0.14,0.14,0.16,0.08,0.27,0.18,0.03,0.0,0.0,0.11,0.18,0.08,0.06,0.12,0.12,0.0,0.0,0.08,0.16,0.03,0.07,0.14,0.14,0.06,0.24,0.12,0.06,0.1
"ravioli di ricotta, asparagi e bacon",0.18,0.15,0.08,0.14,0.1,0.05,0.09,0.1,0.04,0.14,0.0,0.07,0.14,0.03,0.14,0.09,0.1,0.08,0.1,0.11,0.11,0.06,0.08,0.1,0.04,0.07,0.08,0.19,0.18,0.17,0.1,0.16,0.08,0.07,0.12,0.08,0.16,0.0,0.12,0.04,0.08,0.09,0.04,0.12,0.08,0.14,0.0,0.08,0.1,0.08,0.1,0.06,0.06,0.12,0.24,0.22,0.06,0.11,0.21,0.12,0.08,0.15,0.06,0.09,0.12,0.06,0.17,0.08,0.21,0.15,0.06,0.04,0.08,0.05,0.19,0.07,0.04,0.12,0.08,0.22,0.08,0.11,0.12,0.14,0.07,0.14,0.0,0.0,0.05,0.04,0.07,0.12,0.07,0.09,0.15,0.09,0.1,0.08,0.12,0.08,0.24,0.12,0.04,0.12,0.1,0.08,0.07,0.04,0.04,0.11,0.04,0.09,0.1,0.1,0.08,0.08,0.12,0.06,0.08,0.09,0.12,0.14,0.11,0.14,0.08,0.18,0.16,0.15,0.14,0.08,0.14,0.12,0.04,0.0,0.14,0.12,0.12,0.08,0.16,0.08,0.09,0.06,0.1,0.12,0.07,0.06,0.16,0.04,0.0,0.04,0.04,0.08,0.12,0.11,0.12,0.04,0.04,0.05,0.0,0.2,0.05,0.0,0.08,0.16,0.1,0.12,0.12,0.2,0.11,0.16,0.1,0.12,0.16,0.09,0.14,0.04,0.08,0.09,0.2,0.1,0.08,0.09,0.09,0.12,0.12,0.05,0.09,0.1,0.09,0.18,0.08,0.14,0.04,0.09,0.09,0.08,0.04,0.16,0.1,0.05,0.09,0.08,0.1,0.16,0.15,0.09,0.04,0.16,0.16,0.0,0.19,0.04,0.12,0.21,0.14,0.12,0.08,0.12,0.16,0.18,0.04,0.08,0.1,0.1,0.12,0.0,0.04,0.09,0.14,0.12,0.12,0.14,0.08,0.1,0.16,0.14,0.14,0.28,0.04,0.09,0.1,0.04,0.2,0.0,0.08,0.18,0.3,1.0,0.08,0.1,0.04,0.09,0.09,0.08,0.08,0.12,0.04,0.04,0.0,0.1,0.08,0.1,0.1,0.1,0.09,0.06,0.09,0.08,0.16,0.1,0.2,0.14,0.12,0.1,0.17,0.04,0.04,0.08,0.16,0.12,0.04,0.04,0.14,0.1,0.12,0.12,0.0,0.08,0.07,0.04,0.04,0.16,0.2,0.15,0.14,0.1,0.04,0.2,0.12,0.24,0.2,0.08,0.04,0.16,0.16,0.12,0.12,0.04,0.12,0.0,0.16,0.19,0.24,0.1,0.12,0.1,0.14,0.21,0.12,0.04,0.02,0.04,0.08,0.14,0.09,0.04,0.14,0.1,0.0,0.09,0.1,0.08,0.04,0.04,0.08,0.06,0.03,0.19,0.12,0.07,0.04
"ravioli giapponesi (gyoza) salame, zucchine e fiori di zucca",0.04,0.05,0.03,0.12,0.03,0.0,0.11,0.06,0.03,0.12,0.0,0.12,0.06,0.02,0.04,0.08,0.04,0.04,0.04,0.0,0.06,0.02,0.12,0.15,0.0,0.03,0.1,0.1,0.09,0.04,0.04,0.04,0.04,0.03,0.03,0.04,0.07,0.0,0.0,0.0,0.1,0.02,0.03,0.0,0.0,0.0,0.14,0.06,0.09,0.04,0.06,0.06,0.03,0.06,0.0,0.13,0.12,0.07,0.06,0.05,0.03,0.03,0.0,0.04,0.04,0.1,0.04,0.1,0.15,0.13,0.0,0.06,0.04,0.0,0.04,0.1,0.12,0.1,0.0,0.1,0.04,0.03,0.04,0.04,0.03,0.06,0.09,0.0,0.08,0.03,0.12,0.11,0.15,0.12,0.1,0.1,0.09,0.12,0.18,0.11,0.09,0.16,0.04,0.12,0.0,0.12,0.12,0.04,0.0,0.12,0.0,0.0,0.12,0.12,0.08,0.11,0.12,0.13,0.12,0.12,0.1,0.08,0.09,0.11,0.03,0.06,0.04,0.03,0.03,0.09,0.04,0.02,0.08,0.0,0.06,0.04,0.03,0.06,0.04,0.03,0.0,0.03,0.0,0.0,0.03,0.0,0.11,0.04,0.04,0.08,0.1,0.03,0.04,0.03,0.04,0.0,0.06,0.04,0.0,0.0,0.0,0.0,0.04,0.04,0.04,0.05,0.04,0.06,0.03,0.04,0.04,0.04,0.04,0.04,0.04,0.0,0.04,0.04,0.03,0.0,0.04,0.0,0.04,0.04,0.0,0.0,0.04,0.0,0.04,0.03,0.04,0.0,0.0,0.0,0.04,0.04,0.1,0.1,0.04,0.0,0.04,0.14,0.03,0.03,0.16,0.11,0.04,0.04,0.04,0.0,0.1,0.08,0.03,0.14,0.06,0.14,0.06,0.0,0.1,0.08,0.0,0.0,0.13,0.1,0.14,0.04,0.08,0.08,0.12,0.07,0.04,0.06,0.03,0.1,0.06,0.04,0.0,0.03,0.0,0.18,0.06,0.03,0.05,0.0,0.06,0.04,0.05,0.08,1.0,0.03,0.04,0.04,0.04,0.04,0.04,0.0,0.06,0.0,0.08,0.15,0.0,0.0,0.04,0.0,0.0,0.0,0.0,0.04,0.04,0.0,0.0,0.04,0.06,0.1,0.0,0.04,0.0,0.04,0.17,0.02,0.0,0.0,0.09,0.03,0.02,0.03,0.0,0.06,0.03,0.0,0.04,0.1,0.12,0.0,0.07,0.04,0.04,0.1,0.04,0.09,0.06,0.0,0.04,0.16,0.18,0.09,0.12,0.0,0.0,0.0,0.06,0.09,0.2,0.12,0.0,0.13,0.0,0.12,0.08,0.0,0.04,0.0,0.03,0.09,0.0,0.03,0.0,0.06,0.04,0.0,0.1,0.04,0.12,0.0,0.03,0.02,0.0,0.1,0.0,0.06,0.03
"ribollita, la zuppa toscana con i cannellini e il cavolo nero",0.14,0.14,0.08,0.1,0.18,0.0,0.14,0.08,0.0,0.15,0.0,0.08,0.09,0.1,0.21,0.1,0.12,0.13,0.1,0.06,0.12,0.16,0.09,0.16,0.1,0.12,0.04,0.08,0.04,0.16,0.2,0.13,0.09,0.12,0.16,0.23,0.04,0.0,0.0,0.0,0.04,0.24,0.11,0.0,0.02,0.0,0.07,0.08,0.04,0.13,0.08,0.15,0.15,0.0,0.0,0.12,0.08,0.06,0.0,0.06,0.12,0.16,0.04,0.14,0.09,0.04,0.06,0.04,0.08,0.08,0.0,0.08,0.18,0.0,0.1,0.12,0.0,0.04,0.09,0.08,0.09,0.08,0.04,0.05,0.08,0.15,0.04,0.0,0.06,0.04,0.08,0.09,0.12,0.14,0.09,0.1,0.1,0.09,0.12,0.09,0.13,0.08,0.0,0.09,0.05,0.14,0.08,0.04,0.05,0.08,0.04,0.05,0.1,0.08,0.12,0.13,0.08,0.08,0.08,0.06,0.0,0.1,0.04,0.05,0.08,0.04,0.09,0.12,0.08,0.08,0.14,0.18,0.05,0.0,0.18,0.04,0.12,0.08,0.22,0.25,0.24,0.15,0.0,0.0,0.12,0.0,0.09,0.04,0.0,0.05,0.04,0.16,0.14,0.12,0.09,0.08,0.04,0.12,0.04,0.05,0.06,0.0,0.09,0.18,0.05,0.1,0.04,0.17,0.08,0.14,0.16,0.13,0.14,0.1,0.1,0.05,0.14,0.14,0.07,0.1,0.14,0.05,0.14,0.14,0.08,0.06,0.14,0.0,0.05,0.27,0.18,0.05,0.05,0.08,0.14,0.09,0.1,0.13,0.16,0.06,0.14,0.04,0.16,0.11,0.08,0.1,0.04,0.13,0.13,0.0,0.08,0.1,0.08,0.16,0.16,0.09,0.0,0.0,0.09,0.11,0.0,0.09,0.04,0.04,0.09,0.0,0.08,0.05,0.1,0.09,0.09,0.0,0.08,0.12,0.13,0.1,0.04,0.12,0.05,0.05,0.0,0.04,0.1,0.0,0.08,0.12,0.16,0.1,0.03,1.0,0.05,0.14,0.2,0.13,0.09,0.13,0.04,0.1,0.0,0.08,0.09,0.06,0.16,0.05,0.05,0.06,0.05,0.09,0.13,0.0,0.04,0.1,0.02,0.12,0.12,0.1,0.05,0.13,0.09,0.21,0.1,0.1,0.23,0.22,0.1,0.08,0.0,0.08,0.12,0.05,0.14,0.14,0.1,0.1,0.09,0.05,0.05,0.1,0.09,0.12,0.0,0.0,0.05,0.11,0.11,0.04,0.09,0.0,0.08,0.0,0.0,0.08,0.15,0.06,0.04,0.08,0.0,0.14,0.12,0.04,0.06,0.0,0.04,0.08,0.05,0.08,0.05,0.14,0.0,0.0,0.07,0.14,0.04,0.12,0.16,0.28,0.18,0.18,0.09,0.08,0.12
ricetta pizza con burrata e crudo,0.0,0.09,0.06,0.06,0.1,0.0,0.06,0.1,0.0,0.1,0.0,0.05,0.12,0.04,0.07,0.0,0.48,0.06,0.07,0.0,0.11,0.04,0.06,0.07,0.07,0.06,0.06,0.12,0.11,0.08,0.12,0.06,0.06,0.11,0.06,0.06,0.0,0.0,0.0,0.05,0.06,0.04,0.05,0.0,0.0,0.0,0.0,0.0,0.0,0.06,0.05,0.05,0.05,0.0,0.0,0.12,0.05,0.08,0.0,0.09,0.12,0.06,0.0,0.06,0.12,0.04,0.0,0.06,0.05,0.06,0.0,0.0,0.06,0.0,0.07,0.06,0.0,0.0,0.0,0.06,0.06,0.06,0.06,0.06,0.06,0.1,0.0,0.0,0.08,0.0,0.05,0.06,0.1,0.06,0.06,0.06,0.07,0.06,0.06,0.06,0.06,0.06,0.0,0.06,0.0,0.06,0.05,0.0,0.0,0.06,0.0,0.0,0.14,0.1,0.06,0.06,0.06,0.05,0.06,0.09,0.0,0.06,0.06,0.06,0.06,0.05,0.06,0.06,0.05,0.06,0.06,0.1,0.0,0.0,0.1,0.06,0.06,0.06,0.06,0.06,0.0,0.1,0.0,0.0,0.05,0.0,0.06,0.0,0.0,0.0,0.06,0.06,0.06,0.06,0.06,0.06,0.0,0.0,0.06,0.16,0.0,0.0,0.06,0.06,0.07,0.09,0.06,0.1,0.11,0.19,0.07,0.18,0.06,0.43,0.06,0.0,0.06,0.06,0.05,0.0,0.06,0.0,0.14,0.12,0.0,0.0,0.06,0.0,0.06,0.05,0.06,0.0,0.0,0.0,0.06,0.06,0.07,0.06,0.07,0.0,0.06,0.06,0.05,0.05,0.06,0.06,0.12,0.06,0.06,0.0,0.06,0.06,0.12,0.17,0.16,0.43,0.0,0.0,0.06,0.12,0.0,0.0,0.05,0.05,0.06,0.0,0.05,0.06,0.06,0.06,0.06,0.0,0.06,0.16,0.06,0.06,0.0,0.06,0.0,0.14,0.0,0.05,0.08,0.0,0.06,0.08,0.08,0.04,0.04,0.05,1.0,0.06,0.06,0.06,0.06,0.0,0.0,0.06,0.0,0.05,0.0,0.0,0.07,0.0,0.0,0.0,0.0,0.06,0.06,0.0,0.0,0.07,0.0,0.08,0.0,0.07,0.0,0.06,0.06,0.04,0.0,0.06,0.1,0.05,0.04,0.06,0.0,0.0,0.06,0.0,0.06,0.1,0.1,0.04,0.08,0.07,0.0,0.04,0.06,0.05,0.0,0.0,0.07,0.05,0.1,0.06,0.06,0.0,0.0,0.0,0.0,0.06,0.1,0.08,0.06,0.05,0.0,0.1,0.06,0.0,0.0,0.0,0.05,0.15,0.0,0.05,0.0,0.0,0.0,0.0,0.04,0.06,0.0,0.0,0.06,0.04,0.0,0.12,0.32,0.06,0.06
rigatoni con zucchine e vongole,0.07,0.13,0.1,0.12,0.1,0.0,0.12,0.1,0.0,0.16,0.0,0.1,0.11,0.08,0.14,0.08,0.14,0.17,0.14,0.08,0.16,0.12,0.11,0.2,0.14,0.16,0.06,0.1,0.05,0.17,0.14,0.17,0.12,0.16,0.16,0.12,0.06,0.0,0.06,0.0,0.06,0.17,0.1,0.0,0.04,0.06,0.0,0.1,0.05,0.17,0.14,0.19,0.14,0.0,0.0,0.16,0.04,0.08,0.0,0.08,0.06,0.16,0.04,0.18,0.06,0.04,0.07,0.06,0.1,0.1,0.0,0.04,0.35,0.0,0.14,0.16,0.0,0.06,0.06,0.06,0.06,0.1,0.06,0.06,0.1,0.19,0.0,0.0,0.07,0.05,0.1,0.11,0.1,0.12,0.12,0.12,0.14,0.18,0.1,0.12,0.11,0.1,0.06,0.12,0.06,0.12,0.1,0.06,0.06,0.1,0.1,0.06,0.14,0.1,0.1,0.11,0.1,0.14,0.1,0.08,0.0,0.12,0.05,0.06,0.1,0.05,0.11,0.16,0.05,0.1,0.42,0.14,0.0,0.0,0.14,0.06,0.16,0.32,0.17,0.1,0.08,0.14,0.0,0.0,0.14,0.0,0.27,0.06,0.0,0.06,0.06,0.16,0.18,0.05,0.18,0.1,0.27,0.11,0.05,0.06,0.07,0.0,0.12,0.11,0.06,0.12,0.24,0.16,0.1,0.12,0.32,0.11,0.18,0.12,0.12,0.06,0.18,0.18,0.09,0.12,0.18,0.06,0.18,0.12,0.06,0.07,0.12,0.0,0.22,0.14,0.12,0.06,0.06,0.1,0.18,0.18,0.14,0.11,0.14,0.07,0.35,0.06,0.14,0.36,0.1,0.06,0.06,0.17,0.17,0.0,0.1,0.06,0.1,0.2,0.16,0.11,0.0,0.0,0.12,0.14,0.0,0.06,0.09,0.05,0.11,0.0,0.04,0.06,0.12,0.12,0.11,0.0,0.1,0.19,0.11,0.18,0.05,0.1,0.06,0.06,0.0,0.05,0.12,0.0,0.1,0.18,0.16,0.09,0.04,0.14,0.06,1.0,0.18,0.17,0.12,0.11,0.05,0.06,0.0,0.1,0.06,0.0,0.14,0.06,0.0,0.0,0.0,0.06,0.11,0.0,0.06,0.06,0.04,0.14,0.14,0.06,0.0,0.11,0.12,0.14,0.18,0.29,0.1,0.1,0.13,0.1,0.0,0.1,0.1,0.06,0.12,0.18,0.14,0.04,0.15,0.06,0.06,0.08,0.18,0.14,0.0,0.0,0.06,0.14,0.19,0.06,0.06,0.0,0.1,0.0,0.0,0.1,0.32,0.14,0.06,0.05,0.0,0.24,0.1,0.1,0.08,0.0,0.05,0.1,0.0,0.04,0.06,0.09,0.0,0.0,0.04,0.06,0.0,0.1,0.32,0.14,0.09,0.22,0.12,0.16,0.06
riso basmati con gamberi e lime,0.07,0.13,0.1,0.12,0.1,0.0,0.12,0.1,0.0,0.16,0.0,0.14,0.11,0.08,0.14,0.13,0.14,0.17,0.14,0.08,0.16,0.16,0.11,0.2,0.2,0.16,0.06,0.1,0.05,0.14,0.18,0.17,0.18,0.16,0.16,0.12,0.06,0.0,0.06,0.0,0.06,0.22,0.04,0.0,0.04,0.0,0.0,0.1,0.05,0.32,0.1,0.14,0.14,0.0,0.0,0.16,0.04,0.08,0.0,0.08,0.06,0.1,0.04,0.18,0.06,0.08,0.07,0.06,0.1,0.1,0.0,0.1,0.22,0.0,0.14,0.3,0.22,0.06,0.06,0.06,0.06,0.1,0.06,0.06,0.1,0.19,0.0,0.0,0.07,0.05,0.1,0.11,0.1,0.12,0.12,0.12,0.14,0.12,0.1,0.12,0.11,0.1,0.16,0.12,0.06,0.12,0.1,0.06,0.06,0.1,0.04,0.26,0.14,0.1,0.1,0.11,0.1,0.1,0.1,0.08,0.0,0.12,0.05,0.06,0.1,0.05,0.11,0.1,0.05,0.1,0.18,0.18,0.0,0.0,0.14,0.06,0.16,0.1,0.17,0.16,0.08,0.19,0.0,0.0,0.14,0.0,0.11,0.29,0.0,0.22,0.06,0.16,0.18,0.05,0.12,0.1,0.1,0.11,0.05,0.06,0.07,0.0,0.12,0.11,0.06,0.12,0.06,0.16,0.1,0.12,0.14,0.11,0.18,0.12,0.12,0.06,0.18,0.18,0.09,0.12,0.18,0.06,0.18,0.12,0.06,0.07,0.12,0.0,0.06,0.14,0.18,0.06,0.06,0.1,0.18,0.12,0.14,0.11,0.14,0.07,0.18,0.06,0.14,0.14,0.1,0.06,0.06,0.17,0.17,0.0,0.1,0.06,0.1,0.2,0.16,0.11,0.0,0.0,0.12,0.14,0.0,0.06,0.04,0.05,0.11,0.0,0.14,0.06,0.12,0.3,0.11,0.04,0.1,0.15,0.11,0.12,0.05,0.1,0.06,0.06,0.0,0.05,0.12,0.0,0.1,0.14,0.16,0.09,0.04,0.2,0.06,0.18,1.0,0.17,0.28,0.11,0.26,0.29,0.0,0.1,0.12,0.07,0.14,0.06,0.0,0.08,0.0,0.12,0.11,0.0,0.06,0.06,0.04,0.14,0.14,0.06,0.0,0.11,0.12,0.14,0.18,0.12,0.1,0.1,0.13,0.1,0.0,0.1,0.1,0.06,0.12,0.18,0.14,0.04,0.12,0.06,0.06,0.08,0.12,0.14,0.0,0.0,0.06,0.14,0.14,0.06,0.06,0.0,0.1,0.0,0.0,0.1,0.14,0.07,0.06,0.05,0.0,0.18,0.1,0.04,0.08,0.0,0.05,0.1,0.06,0.04,0.06,0.09,0.0,0.0,0.04,0.06,0.0,0.16,0.22,0.18,0.14,0.17,0.12,0.1,0.1
riso con pollo,0.1,0.16,0.1,0.11,0.08,0.0,0.11,0.09,0.0,0.14,0.0,0.09,0.1,0.08,0.12,0.08,0.13,0.15,0.12,0.07,0.14,0.11,0.1,0.18,0.12,0.14,0.05,0.1,0.04,0.12,0.2,0.15,0.1,0.14,0.14,0.1,0.06,0.0,0.0,0.0,0.06,0.19,0.04,0.0,0.1,0.0,0.0,0.1,0.04,0.15,0.08,0.12,0.17,0.0,0.0,0.14,0.04,0.07,0.0,0.08,0.05,0.1,0.04,0.17,0.06,0.04,0.06,0.06,0.13,0.14,0.0,0.04,0.15,0.0,0.12,0.14,0.0,0.05,0.05,0.05,0.06,0.09,0.05,0.11,0.09,0.17,0.0,0.0,0.06,0.04,0.09,0.1,0.09,0.11,0.1,0.11,0.12,0.1,0.1,0.1,0.1,0.1,0.0,0.1,0.06,0.1,0.09,0.05,0.06,0.09,0.04,0.06,0.12,0.09,0.1,0.1,0.1,0.08,0.1,0.08,0.0,0.11,0.04,0.06,0.1,0.04,0.1,0.1,0.04,0.14,0.17,0.12,0.0,0.0,0.12,0.05,0.14,0.1,0.2,0.14,0.08,0.17,0.0,0.0,0.13,0.0,0.1,0.06,0.0,0.06,0.05,0.14,0.16,0.14,0.1,0.1,0.05,0.1,0.04,0.06,0.06,0.0,0.1,0.1,0.06,0.11,0.06,0.14,0.18,0.1,0.12,0.1,0.16,0.11,0.11,0.11,0.21,0.17,0.08,0.11,0.16,0.06,0.17,0.1,0.05,0.06,0.11,0.0,0.06,0.18,0.16,0.06,0.06,0.08,0.17,0.1,0.12,0.15,0.12,0.06,0.17,0.06,0.13,0.12,0.1,0.06,0.05,0.15,0.15,0.0,0.1,0.06,0.1,0.18,0.14,0.1,0.0,0.04,0.1,0.12,0.0,0.1,0.04,0.04,0.1,0.0,0.04,0.06,0.11,0.1,0.1,0.0,0.1,0.14,0.1,0.11,0.04,0.1,0.06,0.06,0.0,0.04,0.11,0.0,0.1,0.13,0.14,0.08,0.04,0.13,0.06,0.17,0.17,1.0,0.1,0.1,0.04,0.06,0.06,0.09,0.06,0.0,0.12,0.06,0.0,0.0,0.0,0.06,0.15,0.0,0.06,0.06,0.03,0.13,0.13,0.06,0.0,0.1,0.1,0.16,0.11,0.11,0.13,0.12,0.16,0.1,0.0,0.1,0.09,0.06,0.1,0.16,0.12,0.04,0.14,0.06,0.06,0.08,0.1,0.13,0.0,0.0,0.06,0.12,0.12,0.05,0.06,0.06,0.1,0.0,0.0,0.1,0.12,0.06,0.05,0.04,0.0,0.16,0.14,0.04,0.06,0.0,0.04,0.08,0.0,0.04,0.06,0.12,0.0,0.0,0.04,0.1,0.0,0.1,0.14,0.16,0.12,0.15,0.1,0.09,0.05
riso con pollo e piselli,0.1,0.16,0.1,0.12,0.14,0.0,0.12,0.09,0.0,0.22,0.0,0.09,0.1,0.04,0.12,0.04,0.14,0.1,0.19,0.08,0.14,0.12,0.16,0.12,0.06,0.14,0.06,0.1,0.05,0.1,0.07,0.1,0.11,0.14,0.1,0.11,0.06,0.0,0.0,0.0,0.06,0.16,0.14,0.06,0.0,0.0,0.0,0.05,0.04,0.16,0.14,0.09,0.09,0.0,0.0,0.15,0.09,0.11,0.04,0.12,0.05,0.1,0.0,0.12,0.06,0.12,0.06,0.06,0.09,0.1,0.08,0.04,0.1,0.0,0.25,0.1,0.0,0.05,0.06,0.05,0.06,0.05,0.06,0.06,0.1,0.22,0.0,0.0,0.07,0.05,0.14,0.16,0.09,0.18,0.16,0.12,0.12,0.16,0.15,0.11,0.1,0.15,0.0,0.11,0.06,0.11,0.21,0.23,0.06,0.1,0.0,0.19,0.19,0.09,0.1,0.16,0.15,0.09,0.1,0.16,0.0,0.12,0.05,0.06,0.1,0.04,0.21,0.1,0.09,0.15,0.12,0.12,0.06,0.0,0.14,0.06,0.1,0.15,0.1,0.15,0.04,0.14,0.0,0.0,0.14,0.0,0.1,0.22,0.0,0.0,0.05,0.1,0.16,0.05,0.11,0.05,0.0,0.1,0.0,0.06,0.07,0.0,0.11,0.1,0.06,0.16,0.06,0.12,0.05,0.11,0.12,0.1,0.11,0.06,0.12,0.06,0.11,0.12,0.08,0.06,0.11,0.06,0.12,0.11,0.05,0.07,0.12,0.0,0.18,0.09,0.11,0.06,0.06,0.04,0.12,0.11,0.06,0.1,0.12,0.07,0.12,0.11,0.09,0.14,0.15,0.06,0.06,0.1,0.1,0.0,0.1,0.06,0.1,0.15,0.14,0.1,0.0,0.0,0.11,0.14,0.0,0.0,0.08,0.04,0.1,0.0,0.09,0.12,0.12,0.11,0.16,0.09,0.05,0.18,0.1,0.06,0.0,0.1,0.0,0.06,0.0,0.04,0.16,0.0,0.15,0.1,0.16,0.08,0.04,0.09,0.06,0.12,0.28,0.1,1.0,0.06,0.22,0.06,0.06,0.09,0.06,0.0,0.12,0.0,0.0,0.2,0.0,0.16,0.1,0.04,0.06,0.06,0.03,0.14,0.07,0.06,0.0,0.1,0.16,0.16,0.06,0.06,0.09,0.09,0.08,0.15,0.0,0.05,0.1,0.06,0.06,0.16,0.17,0.08,0.1,0.12,0.06,0.08,0.11,0.14,0.04,0.0,0.06,0.14,0.14,0.1,0.06,0.0,0.1,0.0,0.0,0.1,0.14,0.07,0.05,0.04,0.0,0.14,0.1,0.0,0.0,0.0,0.04,0.14,0.0,0.09,0.06,0.13,0.0,0.12,0.04,0.06,0.0,0.05,0.1,0.12,0.08,0.16,0.06,0.05,0.1
"riso patate e cozze, la ricetta della tiella barese che deriva dalla paella",0.06,0.08,0.05,0.06,0.04,0.0,0.06,0.0,0.0,0.06,0.0,0.04,0.05,0.04,0.06,0.12,0.06,0.15,0.06,0.07,0.04,0.08,0.05,0.18,0.12,0.09,0.0,0.05,0.0,0.09,0.13,0.15,0.1,0.14,0.1,0.06,0.1,0.0,0.06,0.0,0.0,0.12,0.0,0.0,0.03,0.06,0.0,0.14,0.04,0.15,0.08,0.08,0.08,0.0,0.04,0.05,0.04,0.0,0.04,0.0,0.05,0.1,0.04,0.17,0.0,0.0,0.06,0.0,0.09,0.05,0.0,0.04,0.15,0.0,0.12,0.09,0.0,0.05,0.05,0.0,0.0,0.18,0.18,0.0,0.04,0.08,0.0,0.0,0.0,0.04,0.04,0.05,0.04,0.06,0.06,0.06,0.06,0.1,0.05,0.06,0.05,0.05,0.0,0.1,0.11,0.06,0.04,0.05,0.06,0.09,0.12,0.06,0.06,0.04,0.05,0.05,0.05,0.04,0.1,0.08,0.0,0.11,0.0,0.06,0.1,0.04,0.1,0.1,0.04,0.05,0.17,0.2,0.0,0.0,0.08,0.1,0.19,0.05,0.1,0.2,0.16,0.12,0.0,0.0,0.13,0.0,0.05,0.06,0.0,0.06,0.0,0.32,0.16,0.0,0.1,0.1,0.05,0.13,0.04,0.06,0.06,0.0,0.06,0.15,0.06,0.08,0.06,0.17,0.04,0.16,0.06,0.1,0.31,0.06,0.11,0.06,0.26,0.11,0.08,0.11,0.1,0.06,0.11,0.1,0.1,0.06,0.11,0.06,0.06,0.13,0.06,0.18,0.12,0.17,0.11,0.06,0.06,0.15,0.06,0.06,0.11,0.06,0.13,0.12,0.23,0.0,0.14,0.15,0.15,0.0,0.05,0.0,0.1,0.1,0.04,0.05,0.0,0.14,0.1,0.06,0.0,0.16,0.04,0.04,0.05,0.0,0.0,0.06,0.06,0.06,0.1,0.0,0.1,0.14,0.15,0.17,0.04,0.19,0.06,0.0,0.0,0.0,0.04,0.05,0.05,0.06,0.11,0.12,0.0,0.13,0.0,0.11,0.11,0.1,0.06,1.0,0.04,0.06,0.0,0.18,0.19,0.06,0.06,0.3,0.11,0.2,0.06,0.16,0.25,0.18,0.1,0.22,0.03,0.22,0.13,0.06,0.11,0.18,0.1,0.16,0.22,0.11,0.09,0.08,0.23,0.1,0.0,0.1,0.14,0.06,0.1,0.08,0.08,0.12,0.04,0.06,0.06,0.04,0.16,0.13,0.0,0.0,0.0,0.27,0.04,0.05,0.06,0.22,0.1,0.0,0.0,0.28,0.08,0.0,0.14,0.04,0.0,0.14,0.16,0.08,0.13,0.0,0.02,0.12,0.06,0.0,0.3,0.16,0.0,0.0,0.0,0.0,0.09,0.36,0.29,0.12,0.12,0.1,0.1,0.09,0.0
"riso thai, uno dei piatti di recupero più buoni del mondo",0.06,0.04,0.0,0.0,0.0,0.0,0.0,0.04,0.0,0.0,0.0,0.2,0.04,0.07,0.06,0.04,0.0,0.04,0.0,0.06,0.04,0.04,0.0,0.11,0.06,0.04,0.0,0.0,0.0,0.03,0.06,0.09,0.0,0.04,0.04,0.0,0.05,0.0,0.05,0.0,0.0,0.04,0.0,0.0,0.03,0.0,0.0,0.04,0.0,0.04,0.04,0.08,0.04,0.0,0.04,0.0,0.0,0.0,0.04,0.04,0.04,0.0,0.08,0.05,0.0,0.0,0.0,0.0,0.0,0.0,0.0,0.08,0.04,0.06,0.06,0.08,0.08,0.08,0.0,0.04,0.0,0.04,0.0,0.05,0.04,0.04,0.04,0.0,0.0,0.0,0.0,0.04,0.04,0.0,0.0,0.0,0.0,0.0,0.0,0.0,0.0,0.0,0.0,0.05,0.0,0.1,0.04,0.09,0.0,0.04,0.08,0.15,0.0,0.0,0.0,0.0,0.04,0.04,0.0,0.04,0.04,0.0,0.08,0.0,0.0,0.0,0.0,0.0,0.0,0.0,0.05,0.04,0.0,0.0,0.0,0.04,0.04,0.0,0.04,0.0,0.04,0.04,0.06,0.04,0.04,0.07,0.04,0.74,0.05,0.16,0.08,0.04,0.05,0.0,0.0,0.04,0.18,0.03,0.12,0.02,0.0,0.0,0.0,0.0,0.0,0.0,0.0,0.08,0.04,0.0,0.0,0.0,0.05,0.05,0.0,0.0,0.05,0.05,0.0,0.05,0.05,0.0,0.05,0.0,0.0,0.06,0.0,0.0,0.0,0.04,0.0,0.0,0.0,0.04,0.05,0.0,0.06,0.0,0.0,0.0,0.05,0.0,0.08,0.08,0.0,0.0,0.04,0.09,0.09,0.0,0.04,0.0,0.0,0.03,0.04,0.0,0.0,0.0,0.0,0.0,0.0,0.05,0.04,0.04,0.04,0.05,0.16,0.0,0.0,0.1,0.04,0.08,0.04,0.0,0.0,0.1,0.04,0.04,0.05,0.0,0.0,0.0,0.04,0.04,0.04,0.06,0.04,0.04,0.06,0.04,0.0,0.05,0.26,0.04,0.22,0.04,1.0,0.05,0.11,0.0,0.0,0.0,0.0,0.06,0.0,0.0,0.0,0.0,0.0,0.0,0.05,0.06,0.0,0.0,0.06,0.0,0.05,0.0,0.05,0.04,0.05,0.05,0.0,0.0,0.04,0.0,0.06,0.04,0.08,0.0,0.05,0.0,0.0,0.0,0.03,0.0,0.0,0.04,0.0,0.04,0.04,0.04,0.0,0.08,0.0,0.04,0.05,0.0,0.04,0.0,0.0,0.04,0.04,0.06,0.04,0.04,0.06,0.05,0.04,0.04,0.06,0.0,0.0,0.0,0.05,0.04,0.0,0.04,0.05,0.0,0.07,0.0,0.04,0.04,0.04,0.04,0.04,0.04,0.05,0.04,0.0
riso venere con gamberetti e pesche,0.04,0.08,0.06,0.06,0.04,0.0,0.12,0.0,0.0,0.06,0.0,0.0,0.11,0.0,0.06,0.08,0.14,0.06,0.06,0.08,0.05,0.08,0.06,0.06,0.06,0.05,0.0,0.06,0.0,0.1,0.04,0.06,0.12,0.05,0.06,0.12,0.06,0.0,0.06,0.05,0.0,0.13,0.0,0.0,0.0,0.0,0.0,0.06,0.05,0.21,0.1,0.1,0.04,0.0,0.0,0.06,0.0,0.0,0.0,0.0,0.06,0.1,0.0,0.06,0.06,0.04,0.07,0.0,0.05,0.06,0.0,0.04,0.06,0.0,0.06,0.2,0.22,0.0,0.11,0.06,0.06,0.0,0.0,0.0,0.05,0.07,0.05,0.0,0.0,0.05,0.05,0.06,0.1,0.06,0.06,0.06,0.06,0.06,0.06,0.06,0.11,0.06,0.16,0.06,0.06,0.12,0.05,0.06,0.06,0.05,0.0,0.12,0.32,0.1,0.06,0.06,0.06,0.04,0.1,0.08,0.0,0.06,0.0,0.0,0.06,0.0,0.06,0.1,0.0,0.06,0.06,0.09,0.0,0.0,0.04,0.0,0.06,0.06,0.11,0.1,0.04,0.04,0.0,0.0,0.05,0.0,0.06,0.0,0.0,0.06,0.0,0.1,0.06,0.05,0.06,0.1,0.06,0.07,0.0,0.06,0.07,0.0,0.06,0.11,0.0,0.04,0.0,0.06,0.0,0.12,0.14,0.17,0.06,0.06,0.06,0.06,0.06,0.06,0.04,0.06,0.06,0.06,0.12,0.18,0.06,0.07,0.12,0.0,0.0,0.05,0.12,0.06,0.06,0.04,0.06,0.06,0.0,0.06,0.14,0.07,0.06,0.0,0.1,0.04,0.06,0.06,0.0,0.06,0.06,0.0,0.06,0.0,0.06,0.12,0.16,0.06,0.0,0.0,0.06,0.1,0.0,0.0,0.0,0.0,0.06,0.0,0.1,0.06,0.06,0.12,0.06,0.0,0.0,0.15,0.06,0.0,0.0,0.06,0.0,0.06,0.0,0.0,0.04,0.0,0.06,0.04,0.12,0.04,0.0,0.1,0.06,0.06,0.29,0.06,0.06,0.06,0.05,1.0,0.16,0.18,0.06,0.0,0.06,0.0,0.06,0.0,0.0,0.0,0.11,0.0,0.06,0.06,0.17,0.07,0.07,0.06,0.06,0.11,0.06,0.04,0.12,0.12,0.1,0.1,0.04,0.06,0.0,0.06,0.1,0.06,0.06,0.09,0.04,0.04,0.04,0.0,0.06,0.08,0.06,0.1,0.0,0.0,0.0,0.04,0.04,0.0,0.06,0.0,0.06,0.0,0.0,0.06,0.1,0.0,0.1,0.05,0.0,0.06,0.1,0.0,0.14,0.0,0.0,0.1,0.0,0.0,0.06,0.09,0.0,0.0,0.0,0.06,0.05,0.1,0.06,0.09,0.04,0.06,0.06,0.1,0.06
riso venere con gamberetti e piselli,0.08,0.09,0.0,0.0,0.05,0.0,0.0,0.0,0.0,0.0,0.0,0.1,0.06,0.0,0.0,0.0,0.0,0.0,0.07,0.0,0.0,0.04,0.0,0.07,0.0,0.0,0.0,0.0,0.0,0.0,0.0,0.0,0.0,0.0,0.0,0.0,0.0,0.0,0.0,0.0,0.0,0.04,0.05,0.0,0.0,0.0,0.0,0.0,0.0,0.06,0.05,0.0,0.0,0.0,0.0,0.0,0.0,0.04,0.05,0.0,0.0,0.0,0.0,0.0,0.0,0.0,0.0,0.0,0.0,0.0,0.0,0.1,0.0,0.0,0.07,0.0,0.11,0.06,0.0,0.0,0.0,0.0,0.0,0.0,0.0,0.02,0.05,0.0,0.0,0.0,0.0,0.0,0.0,0.0,0.06,0.0,0.0,0.0,0.0,0.0,0.0,0.0,0.0,0.0,0.0,0.0,0.05,0.06,0.0,0.0,0.0,0.0,0.2,0.0,0.0,0.0,0.0,0.0,0.0,0.04,0.06,0.0,0.06,0.0,0.0,0.0,0.06,0.0,0.0,0.06,0.0,0.04,0.06,0.0,0.0,0.0,0.0,0.22,0.0,0.06,0.0,0.1,0.0,0.0,0.05,0.0,0.0,0.06,0.06,0.07,0.12,0.0,0.0,0.0,0.0,0.0,0.17,0.12,0.0,0.0,0.0,0.0,0.0,0.0,0.0,0.0,0.0,0.0,0.0,0.0,0.0,0.0,0.0,0.0,0.0,0.0,0.0,0.0,0.0,0.0,0.0,0.0,0.23,0.0,0.0,0.0,0.0,0.0,0.06,0.0,0.0,0.0,0.0,0.0,0.0,0.0,0.0,0.15,0.0,0.0,0.0,0.0,0.0,0.0,0.06,0.0,0.0,0.0,0.0,0.0,0.0,0.0,0.0,0.0,0.0,0.0,0.0,0.0,0.0,0.0,0.0,0.0,0.0,0.0,0.0,0.06,0.1,0.06,0.0,0.06,0.06,0.0,0.0,0.04,0.0,0.0,0.0,0.0,0.0,0.0,0.0,0.0,0.0,0.0,0.06,0.0,0.0,0.0,0.08,0.0,0.0,0.0,0.0,0.06,0.06,0.0,0.11,0.16,1.0,0.14,0.0,0.0,0.0,0.0,0.0,0.0,0.0,0.06,0.0,0.05,0.0,0.0,0.14,0.0,0.0,0.0,0.0,0.0,0.0,0.04,0.0,0.16,0.0,0.0,0.0,0.06,0.0,0.0,0.0,0.06,0.0,0.0,0.0,0.04,0.04,0.0,0.0,0.0,0.0,0.0,0.05,0.0,0.0,0.0,0.0,0.0,0.0,0.0,0.0,0.0,0.0,0.0,0.0,0.0,0.0,0.0,0.0,0.0,0.0,0.0,0.14,0.0,0.0,0.05,0.0,0.0,0.0,0.05,0.06,0.0,0.04,0.0,0.05,0.0,0.0,0.04,0.05,0.06,0.0,0.0,0.06
riso venere con salmone fresco e patate thai,0.06,0.1,0.08,0.14,0.08,0.0,0.23,0.08,0.0,0.15,0.0,0.04,0.09,0.04,0.1,0.06,0.12,0.09,0.1,0.06,0.12,0.06,0.19,0.19,0.05,0.08,0.09,0.12,0.08,0.08,0.06,0.13,0.14,0.08,0.08,0.09,0.09,0.0,0.0,0.0,0.09,0.1,0.04,0.0,0.0,0.0,0.0,0.08,0.08,0.09,0.11,0.08,0.08,0.04,0.04,0.16,0.08,0.09,0.04,0.06,0.04,0.08,0.0,0.1,0.04,0.12,0.08,0.09,0.18,0.12,0.0,0.04,0.09,0.0,0.1,0.16,0.12,0.04,0.04,0.08,0.09,0.19,0.16,0.05,0.08,0.13,0.0,0.0,0.06,0.04,0.22,0.18,0.22,0.2,0.16,0.17,0.16,0.19,0.22,0.23,0.15,0.24,0.0,0.19,0.05,0.19,0.18,0.04,0.05,0.18,0.04,0.16,0.4,0.22,0.14,0.18,0.22,0.2,0.18,0.22,0.04,0.15,0.08,0.18,0.08,0.04,0.09,0.12,0.04,0.16,0.1,0.07,0.05,0.0,0.11,0.04,0.08,0.08,0.09,0.21,0.04,0.11,0.0,0.04,0.08,0.0,0.18,0.0,0.0,0.0,0.04,0.22,0.09,0.04,0.14,0.04,0.04,0.06,0.0,0.05,0.06,0.0,0.09,0.09,0.05,0.1,0.04,0.1,0.04,0.09,0.1,0.09,0.09,0.05,0.14,0.05,0.09,0.1,0.07,0.05,0.09,0.05,0.1,0.09,0.04,0.06,0.1,0.0,0.05,0.12,0.09,0.05,0.05,0.04,0.1,0.09,0.12,0.16,0.16,0.06,0.1,0.04,0.08,0.08,0.33,0.14,0.16,0.09,0.09,0.0,0.12,0.05,0.08,0.16,0.12,0.13,0.04,0.12,0.14,0.14,0.0,0.04,0.16,0.16,0.22,0.0,0.08,0.1,0.14,0.18,0.13,0.04,0.08,0.24,0.09,0.05,0.0,0.12,0.0,0.17,0.04,0.04,0.1,0.04,0.08,0.08,0.12,0.1,0.15,0.08,0.05,0.1,0.1,0.09,0.09,0.18,0.0,0.18,0.14,1.0,0.04,0.0,0.1,0.0,0.0,0.06,0.0,0.04,0.09,0.0,0.04,0.19,0.19,0.34,0.06,0.05,0.05,0.2,0.09,0.07,0.05,0.05,0.12,0.08,0.06,0.08,0.0,0.08,0.12,0.05,0.04,0.18,0.18,0.04,0.09,0.05,0.05,0.1,0.14,0.16,0.04,0.04,0.05,0.35,0.3,0.11,0.19,0.14,0.04,0.0,0.04,0.29,0.29,0.14,0.08,0.16,0.0,0.23,0.27,0.0,0.15,0.0,0.06,0.15,0.0,0.04,0.2,0.1,0.0,0.0,0.1,0.04,0.08,0.08,0.08,0.07,0.07,0.13,0.04,0.08,0.04
risotto al pomodoro e mozzarella,0.04,0.08,0.05,0.06,0.04,0.0,0.06,0.0,0.0,0.06,0.0,0.0,0.06,0.0,0.06,0.04,0.07,0.06,0.06,0.08,0.05,0.04,0.06,0.06,0.06,0.05,0.0,0.2,0.0,0.06,0.04,0.06,0.06,0.05,0.05,0.06,0.06,0.0,0.06,0.04,0.0,0.12,0.04,0.06,0.0,0.06,0.0,0.1,0.04,0.06,0.09,0.04,0.04,0.0,0.09,0.05,0.0,0.04,0.04,0.04,0.0,0.05,0.0,0.06,0.06,0.0,0.06,0.0,0.09,0.05,0.08,0.09,0.16,0.0,0.06,0.05,0.0,0.0,0.06,0.05,0.06,0.0,0.06,0.06,0.05,0.06,0.0,0.0,0.0,0.05,0.04,0.06,0.04,0.06,0.06,0.06,0.06,0.06,0.05,0.06,0.06,0.05,0.0,0.06,0.06,0.06,0.04,0.06,0.06,0.05,0.0,0.06,0.06,0.04,0.05,0.06,0.05,0.04,0.05,0.04,0.0,0.06,0.0,0.06,0.05,0.04,0.1,0.1,0.04,0.05,0.06,0.12,0.0,0.0,0.09,0.0,0.05,0.05,0.06,0.1,0.04,0.04,0.06,0.06,0.04,0.21,0.1,0.11,0.0,0.0,0.0,0.05,0.06,0.05,0.06,0.05,0.0,0.04,0.0,0.09,0.07,0.0,0.06,0.06,0.0,0.08,0.06,0.06,0.0,0.06,0.06,0.06,0.06,0.0,0.06,0.06,0.06,0.06,0.08,0.06,0.11,0.12,0.06,0.06,0.05,0.14,0.06,0.0,0.0,0.04,0.11,0.06,0.06,0.04,0.06,0.06,0.0,0.06,0.06,0.07,0.06,0.06,0.04,0.09,0.05,0.06,0.06,0.06,0.06,0.0,0.05,0.0,0.1,0.08,0.05,0.1,0.0,0.0,0.06,0.1,0.0,0.06,0.0,0.0,0.06,0.0,0.0,0.06,0.06,0.06,0.06,0.0,0.0,0.07,0.06,0.0,0.0,0.1,0.0,0.0,0.0,0.0,0.12,0.0,0.05,0.04,0.12,0.08,0.0,0.09,0.0,0.06,0.12,0.06,0.06,0.19,0.0,0.06,0.0,0.04,1.0,0.2,0.06,0.16,0.06,0.32,0.06,0.25,0.24,0.22,0.06,0.0,0.03,0.07,0.07,0.0,0.0,0.06,0.06,0.08,0.06,0.06,0.04,0.04,0.08,0.05,0.0,0.05,0.05,0.12,0.0,0.08,0.08,0.08,0.1,0.0,0.06,0.12,0.06,0.09,0.0,0.0,0.0,0.09,0.09,0.0,0.0,0.0,0.05,0.0,0.0,0.1,0.09,0.0,0.05,0.0,0.0,0.08,0.05,0.0,0.04,0.0,0.02,0.09,0.24,0.0,0.06,0.04,0.0,0.0,0.0,0.06,0.0,0.05,0.15,0.08,0.08,0.06,0.06,0.05,0.05
risotto al radicchio rosso,0.0,0.05,0.0,0.0,0.0,0.0,0.0,0.0,0.0,0.0,0.0,0.0,0.0,0.0,0.0,0.0,0.0,0.0,0.0,0.0,0.0,0.0,0.0,0.0,0.0,0.0,0.0,0.0,0.0,0.08,0.08,0.06,0.0,0.0,0.0,0.0,0.07,0.0,0.14,0.06,0.0,0.05,0.0,0.07,0.0,0.14,0.0,0.0,0.0,0.0,0.0,0.0,0.0,0.0,0.12,0.0,0.0,0.04,0.12,0.05,0.0,0.0,0.0,0.0,0.07,0.0,0.0,0.0,0.12,0.0,0.09,0.06,0.06,0.0,0.08,0.0,0.0,0.0,0.0,0.06,0.07,0.0,0.13,0.07,0.0,0.0,0.0,0.0,0.0,0.0,0.0,0.0,0.0,0.0,0.0,0.0,0.0,0.0,0.0,0.0,0.0,0.0,0.0,0.0,0.0,0.0,0.0,0.0,0.0,0.0,0.0,0.0,0.0,0.0,0.0,0.0,0.0,0.0,0.0,0.0,0.0,0.0,0.0,0.14,0.0,0.12,0.13,0.12,0.12,0.0,0.07,0.16,0.0,0.0,0.0,0.06,0.0,0.0,0.0,0.06,0.05,0.0,0.08,0.06,0.0,0.0,0.06,0.07,0.0,0.0,0.0,0.0,0.07,0.06,0.07,0.0,0.0,0.0,0.0,0.04,0.0,0.0,0.0,0.06,0.08,0.05,0.14,0.07,0.0,0.07,0.0,0.06,0.0,0.0,0.07,0.0,0.0,0.0,0.1,0.0,0.07,0.07,0.0,0.07,0.0,0.08,0.0,0.0,0.07,0.0,0.07,0.08,0.0,0.0,0.0,0.0,0.0,0.06,0.0,0.0,0.0,0.14,0.0,0.11,0.06,0.07,0.06,0.06,0.06,0.0,0.0,0.0,0.06,0.0,0.0,0.0,0.0,0.0,0.07,0.0,0.0,0.14,0.06,0.06,0.0,0.0,0.0,0.0,0.0,0.0,0.0,0.0,0.0,0.0,0.06,0.07,0.0,0.06,0.0,0.0,0.0,0.0,0.1,0.0,0.0,0.0,0.1,0.1,0.0,0.06,0.0,0.0,0.07,0.0,0.0,0.06,0.0,0.0,0.0,0.0,0.2,1.0,0.0,0.0,0.14,0.18,0.07,0.14,0.13,0.16,0.07,0.08,0.0,0.0,0.0,0.0,0.0,0.0,0.07,0.05,0.0,0.0,0.0,0.0,0.1,0.06,0.0,0.0,0.0,0.07,0.0,0.0,0.1,0.15,0.08,0.0,0.0,0.1,0.07,0.06,0.0,0.0,0.0,0.11,0.06,0.06,0.07,0.08,0.0,0.0,0.0,0.12,0.11,0.0,0.06,0.06,0.0,0.1,0.0,0.06,0.0,0.0,0.06,0.11,0.22,0.0,0.07,0.06,0.0,0.0,0.0,0.07,0.0,0.0,0.12,0.05,0.06,0.0,0.0,0.0,0.06
risotto con la verza e ceci,0.04,0.14,0.12,0.14,0.1,0.0,0.14,0.1,0.0,0.2,0.0,0.05,0.12,0.04,0.14,0.04,0.16,0.12,0.14,0.08,0.16,0.09,0.12,0.14,0.07,0.16,0.06,0.12,0.06,0.11,0.08,0.12,0.12,0.11,0.12,0.12,0.06,0.0,0.0,0.0,0.06,0.14,0.05,0.0,0.0,0.0,0.0,0.06,0.05,0.12,0.1,0.1,0.1,0.0,0.0,0.17,0.05,0.08,0.0,0.09,0.06,0.12,0.0,0.14,0.06,0.04,0.08,0.06,0.1,0.12,0.0,0.05,0.12,0.0,0.14,0.11,0.0,0.0,0.06,0.06,0.06,0.06,0.06,0.06,0.11,0.18,0.0,0.0,0.08,0.06,0.1,0.12,0.1,0.14,0.12,0.14,0.14,0.12,0.12,0.12,0.12,0.12,0.0,0.12,0.06,0.12,0.1,0.06,0.06,0.11,0.0,0.06,0.14,0.1,0.12,0.12,0.12,0.1,0.12,0.09,0.0,0.14,0.06,0.06,0.12,0.05,0.12,0.12,0.05,0.12,0.14,0.1,0.0,0.0,0.15,0.06,0.12,0.12,0.12,0.12,0.09,0.1,0.0,0.0,0.1,0.0,0.12,0.0,0.0,0.0,0.06,0.12,0.12,0.06,0.12,0.06,0.0,0.04,0.0,0.07,0.08,0.0,0.12,0.12,0.07,0.14,0.06,0.14,0.06,0.12,0.14,0.12,0.12,0.06,0.14,0.06,0.12,0.14,0.1,0.06,0.12,0.06,0.14,0.12,0.06,0.08,0.14,0.0,0.06,0.1,0.12,0.07,0.07,0.05,0.14,0.12,0.07,0.12,0.14,0.08,0.14,0.06,0.1,0.1,0.12,0.06,0.06,0.12,0.12,0.0,0.12,0.06,0.12,0.17,0.16,0.12,0.0,0.0,0.12,0.15,0.0,0.06,0.05,0.05,0.12,0.0,0.05,0.06,0.14,0.12,0.12,0.0,0.06,0.16,0.12,0.06,0.0,0.12,0.0,0.06,0.0,0.05,0.13,0.0,0.12,0.12,0.18,0.1,0.04,0.16,0.07,0.14,0.14,0.12,0.12,0.06,0.0,0.06,0.0,0.1,0.06,0.0,1.0,0.0,0.0,0.0,0.0,0.06,0.12,0.0,0.06,0.07,0.04,0.16,0.08,0.07,0.0,0.26,0.12,0.1,0.06,0.06,0.1,0.1,0.09,0.12,0.0,0.06,0.11,0.06,0.06,0.19,0.14,0.04,0.12,0.07,0.06,0.09,0.12,0.16,0.0,0.0,0.07,0.1,0.15,0.06,0.06,0.0,0.06,0.0,0.0,0.12,0.15,0.08,0.06,0.05,0.0,0.16,0.12,0.0,0.0,0.0,0.05,0.1,0.0,0.05,0.06,0.05,0.0,0.0,0.04,0.12,0.0,0.06,0.12,0.1,0.05,0.12,0.06,0.06,0.06
risotto con mazzancolle,0.15,0.0,0.0,0.0,0.0,0.0,0.0,0.0,0.06,0.0,0.0,0.05,0.0,0.04,0.0,0.04,0.0,0.12,0.0,0.0,0.0,0.04,0.0,0.07,0.07,0.06,0.0,0.06,0.06,0.04,0.08,0.06,0.0,0.11,0.06,0.0,0.0,0.0,0.0,0.0,0.0,0.04,0.0,0.06,0.11,0.06,0.0,0.12,0.05,0.12,0.0,0.05,0.05,0.06,0.05,0.0,0.05,0.0,0.1,0.0,0.0,0.06,0.15,0.06,0.0,0.04,0.11,0.0,0.05,0.06,0.0,0.0,0.12,0.0,0.0,0.06,0.0,0.17,0.06,0.06,0.0,0.11,0.0,0.0,0.0,0.02,0.0,0.0,0.0,0.0,0.0,0.0,0.0,0.0,0.0,0.0,0.0,0.0,0.0,0.0,0.0,0.0,0.06,0.0,0.0,0.0,0.0,0.0,0.0,0.0,0.15,0.06,0.0,0.0,0.0,0.0,0.0,0.0,0.0,0.0,0.12,0.0,0.0,0.0,0.0,0.0,0.0,0.0,0.0,0.0,0.06,0.1,0.0,0.0,0.0,0.0,0.06,0.0,0.06,0.0,0.04,0.05,0.0,0.06,0.1,0.0,0.0,0.06,0.0,0.07,0.0,0.12,0.06,0.0,0.0,0.06,0.06,0.08,0.06,0.14,0.0,0.0,0.0,0.0,0.0,0.0,0.0,0.06,0.06,0.0,0.0,0.0,0.12,0.06,0.0,0.0,0.06,0.06,0.1,0.06,0.06,0.06,0.06,0.0,0.0,0.0,0.06,0.14,0.0,0.05,0.0,0.07,0.0,0.1,0.06,0.0,0.07,0.0,0.0,0.0,0.06,0.0,0.05,0.05,0.0,0.0,0.0,0.06,0.06,0.0,0.12,0.0,0.0,0.04,0.0,0.0,0.06,0.13,0.0,0.08,0.06,0.06,0.0,0.0,0.0,0.0,0.0,0.0,0.0,0.06,0.06,0.05,0.06,0.0,0.0,0.06,0.16,0.0,0.14,0.0,0.1,0.0,0.0,0.0,0.0,0.04,0.04,0.1,0.0,0.05,0.0,0.06,0.06,0.06,0.0,0.3,0.06,0.0,0.0,0.0,0.16,0.0,0.0,1.0,0.06,0.25,0.0,0.19,0.18,0.18,0.0,0.0,0.1,0.0,0.16,0.07,0.0,0.0,0.0,0.04,0.14,0.06,0.0,0.0,0.09,0.0,0.0,0.06,0.06,0.0,0.12,0.0,0.0,0.0,0.0,0.0,0.0,0.0,0.0,0.05,0.1,0.0,0.0,0.05,0.0,0.0,0.0,0.0,0.12,0.0,0.1,0.0,0.0,0.0,0.0,0.0,0.14,0.03,0.0,0.05,0.2,0.06,0.02,0.0,0.06,0.0,0.06,0.05,0.0,0.06,0.0,0.0,0.05,0.12,0.12,0.1,0.05,0.06,0.19,0.06,0.0
risotto con piselli,0.0,0.08,0.0,0.0,0.0,0.0,0.06,0.0,0.0,0.0,0.0,0.0,0.0,0.0,0.0,0.0,0.0,0.06,0.0,0.0,0.0,0.0,0.0,0.0,0.0,0.0,0.0,0.0,0.0,0.14,0.07,0.06,0.0,0.05,0.0,0.06,0.06,0.0,0.12,0.05,0.0,0.04,0.0,0.06,0.0,0.12,0.0,0.06,0.0,0.06,0.0,0.04,0.0,0.0,0.14,0.0,0.04,0.04,0.1,0.04,0.06,0.06,0.0,0.0,0.12,0.0,0.0,0.0,0.1,0.0,0.08,0.0,0.06,0.0,0.06,0.0,0.0,0.0,0.06,0.1,0.12,0.0,0.11,0.06,0.0,0.0,0.05,0.0,0.0,0.0,0.0,0.0,0.0,0.0,0.0,0.0,0.0,0.0,0.0,0.0,0.06,0.0,0.0,0.0,0.0,0.06,0.0,0.0,0.0,0.0,0.04,0.0,0.0,0.0,0.0,0.0,0.0,0.0,0.0,0.0,0.0,0.0,0.0,0.12,0.0,0.1,0.11,0.16,0.1,0.0,0.06,0.18,0.0,0.0,0.0,0.06,0.0,0.0,0.06,0.06,0.04,0.0,0.06,0.06,0.05,0.0,0.06,0.0,0.0,0.0,0.0,0.1,0.06,0.1,0.06,0.0,0.0,0.04,0.0,0.03,0.0,0.0,0.0,0.11,0.06,0.04,0.12,0.12,0.0,0.06,0.06,0.11,0.06,0.0,0.06,0.0,0.0,0.0,0.09,0.0,0.0,0.0,0.0,0.12,0.0,0.0,0.12,0.0,0.06,0.0,0.06,0.06,0.0,0.04,0.0,0.0,0.0,0.06,0.06,0.0,0.0,0.06,0.05,0.1,0.06,0.12,0.0,0.06,0.06,0.0,0.0,0.0,0.06,0.0,0.05,0.0,0.0,0.0,0.06,0.0,0.0,0.12,0.04,0.05,0.0,0.0,0.04,0.0,0.0,0.0,0.06,0.0,0.0,0.0,0.06,0.06,0.0,0.06,0.18,0.0,0.0,0.0,0.04,0.0,0.0,0.0,0.12,0.09,0.0,0.05,0.0,0.0,0.0,0.0,0.0,0.11,0.0,0.06,0.0,0.0,0.06,0.14,0.0,0.06,1.0,0.08,0.12,0.06,0.17,0.18,0.06,0.14,0.0,0.0,0.0,0.14,0.06,0.06,0.06,0.04,0.06,0.0,0.05,0.1,0.13,0.06,0.0,0.0,0.1,0.0,0.12,0.0,0.09,0.13,0.08,0.0,0.0,0.12,0.06,0.05,0.0,0.0,0.0,0.04,0.04,0.06,0.12,0.06,0.0,0.0,0.0,0.1,0.14,0.0,0.06,0.1,0.0,0.09,0.06,0.04,0.08,0.0,0.05,0.1,0.06,0.0,0.06,0.09,0.0,0.0,0.0,0.12,0.1,0.06,0.06,0.09,0.0,0.0,0.0,0.0,0.06
"risotto con piselli, la ricetta del primo piatto tipico della tradizione veneta",0.0,0.0,0.0,0.0,0.0,0.0,0.08,0.0,0.0,0.0,0.0,0.0,0.0,0.0,0.0,0.0,0.0,0.0,0.0,0.0,0.0,0.0,0.0,0.0,0.0,0.0,0.0,0.0,0.0,0.04,0.04,0.0,0.0,0.0,0.0,0.0,0.0,0.0,0.08,0.06,0.0,0.06,0.0,0.08,0.0,0.08,0.0,0.0,0.0,0.0,0.0,0.0,0.0,0.0,0.18,0.0,0.0,0.05,0.06,0.06,0.0,0.0,0.0,0.0,0.08,0.0,0.0,0.0,0.06,0.0,0.1,0.06,0.07,0.0,0.0,0.0,0.06,0.0,0.0,0.06,0.15,0.0,0.07,0.08,0.0,0.0,0.0,0.0,0.0,0.0,0.06,0.0,0.06,0.0,0.0,0.0,0.0,0.0,0.0,0.0,0.0,0.06,0.0,0.0,0.0,0.0,0.0,0.0,0.0,0.0,0.0,0.0,0.0,0.0,0.0,0.0,0.14,0.0,0.0,0.0,0.0,0.0,0.06,0.16,0.0,0.06,0.07,0.14,0.06,0.0,0.0,0.11,0.0,0.0,0.0,0.0,0.0,0.0,0.0,0.06,0.0,0.0,0.08,0.07,0.0,0.0,0.07,0.0,0.0,0.0,0.0,0.0,0.0,0.06,0.0,0.0,0.06,0.0,0.0,0.04,0.0,0.0,0.0,0.0,0.0,0.06,0.08,0.04,0.0,0.0,0.0,0.0,0.0,0.0,0.0,0.0,0.0,0.0,0.06,0.0,0.0,0.0,0.0,0.0,0.0,0.0,0.0,0.0,0.0,0.0,0.08,0.0,0.0,0.0,0.0,0.0,0.0,0.0,0.08,0.0,0.0,0.0,0.0,0.06,0.0,0.08,0.0,0.0,0.0,0.0,0.0,0.0,0.0,0.0,0.0,0.0,0.0,0.0,0.0,0.0,0.0,0.08,0.0,0.0,0.0,0.0,0.06,0.0,0.0,0.08,0.0,0.0,0.0,0.0,0.0,0.0,0.0,0.06,0.0,0.0,0.0,0.0,0.05,0.0,0.0,0.0,0.05,0.06,0.0,0.06,0.0,0.0,0.08,0.0,0.2,0.2,0.0,0.0,0.0,0.06,0.32,0.18,0.0,0.25,0.08,1.0,0.08,0.35,0.26,0.3,0.0,0.0,0.04,0.0,0.0,0.0,0.0,0.0,0.0,0.06,0.0,0.0,0.0,0.0,0.06,0.0,0.0,0.0,0.06,0.0,0.0,0.0,0.06,0.06,0.1,0.0,0.0,0.1,0.0,0.0,0.0,0.07,0.0,0.0,0.12,0.0,0.08,0.0,0.0,0.0,0.0,0.06,0.12,0.0,0.0,0.0,0.0,0.08,0.0,0.0,0.0,0.0,0.03,0.06,0.24,0.0,0.0,0.06,0.0,0.0,0.06,0.08,0.0,0.0,0.06,0.06,0.06,0.0,0.0,0.0,0.06
"risotto gorgonzola e pere, il primo piatto dolce e salato mantecato alla perfezione",0.0,0.0,0.0,0.0,0.0,0.0,0.0,0.0,0.0,0.0,0.0,0.0,0.0,0.0,0.0,0.04,0.0,0.0,0.0,0.0,0.0,0.0,0.0,0.0,0.0,0.0,0.0,0.0,0.0,0.04,0.0,0.0,0.0,0.0,0.0,0.0,0.06,0.0,0.06,0.05,0.0,0.0,0.0,0.06,0.0,0.06,0.0,0.0,0.0,0.0,0.0,0.0,0.0,0.0,0.1,0.0,0.0,0.04,0.05,0.04,0.06,0.06,0.0,0.0,0.06,0.0,0.0,0.0,0.05,0.0,0.08,0.0,0.0,0.0,0.0,0.0,0.0,0.0,0.0,0.06,0.26,0.0,0.11,0.06,0.0,0.0,0.0,0.0,0.0,0.0,0.0,0.0,0.0,0.0,0.0,0.0,0.0,0.0,0.0,0.0,0.0,0.0,0.0,0.0,0.0,0.0,0.0,0.0,0.0,0.0,0.0,0.0,0.0,0.0,0.0,0.0,0.0,0.0,0.0,0.0,0.0,0.0,0.0,0.06,0.0,0.05,0.06,0.06,0.05,0.0,0.0,0.04,0.0,0.0,0.04,0.0,0.0,0.0,0.0,0.0,0.04,0.0,0.06,0.06,0.0,0.0,0.06,0.0,0.0,0.0,0.0,0.0,0.0,0.05,0.0,0.0,0.0,0.0,0.0,0.03,0.0,0.0,0.0,0.06,0.0,0.04,0.06,0.06,0.0,0.06,0.0,0.0,0.0,0.0,0.0,0.0,0.0,0.0,0.04,0.0,0.0,0.0,0.0,0.0,0.06,0.0,0.0,0.0,0.0,0.05,0.0,0.0,0.0,0.0,0.0,0.06,0.0,0.06,0.0,0.17,0.0,0.0,0.0,0.04,0.0,0.06,0.0,0.0,0.0,0.0,0.0,0.0,0.0,0.0,0.0,0.0,0.0,0.0,0.0,0.0,0.0,0.06,0.0,0.0,0.0,0.0,0.0,0.0,0.0,0.0,0.0,0.0,0.0,0.0,0.0,0.0,0.0,0.1,0.0,0.0,0.0,0.0,0.04,0.0,0.0,0.0,0.04,0.09,0.0,0.05,0.0,0.0,0.0,0.0,0.0,0.06,0.0,0.0,0.0,0.0,0.06,0.07,0.0,0.0,0.12,0.08,1.0,0.22,0.06,0.18,0.0,0.0,0.0,0.0,0.0,0.0,0.06,0.0,0.0,0.04,0.0,0.0,0.05,0.1,0.04,0.0,0.0,0.0,0.0,0.0,0.0,0.0,0.04,0.25,0.08,0.0,0.0,0.08,0.0,0.0,0.0,0.0,0.0,0.0,0.04,0.0,0.0,0.0,0.0,0.0,0.0,0.06,0.04,0.0,0.0,0.0,0.0,0.03,0.0,0.0,0.0,0.0,0.02,0.04,0.06,0.0,0.0,0.0,0.0,0.0,0.0,0.06,0.0,0.0,0.0,0.0,0.0,0.0,0.0,0.0,0.0
risotto radicchio e gorgonzola,0.06,0.12,0.05,0.06,0.09,0.0,0.06,0.09,0.0,0.15,0.0,0.04,0.06,0.04,0.06,0.0,0.07,0.06,0.12,0.0,0.1,0.12,0.1,0.06,0.0,0.14,0.06,0.05,0.05,0.1,0.1,0.06,0.06,0.1,0.05,0.06,0.06,0.0,0.06,0.04,0.06,0.12,0.14,0.06,0.0,0.06,0.0,0.0,0.0,0.1,0.09,0.04,0.04,0.0,0.09,0.1,0.09,0.14,0.09,0.16,0.05,0.05,0.0,0.06,0.11,0.04,0.0,0.06,0.09,0.05,0.15,0.09,0.1,0.0,0.19,0.05,0.0,0.05,0.0,0.1,0.25,0.05,0.1,0.12,0.05,0.16,0.0,0.0,0.07,0.0,0.09,0.1,0.04,0.12,0.11,0.06,0.06,0.11,0.1,0.06,0.06,0.1,0.0,0.06,0.0,0.06,0.04,0.0,0.0,0.05,0.0,0.0,0.12,0.04,0.05,0.1,0.05,0.04,0.05,0.12,0.0,0.06,0.05,0.12,0.05,0.09,0.21,0.1,0.14,0.1,0.06,0.16,0.06,0.0,0.09,0.06,0.05,0.1,0.06,0.15,0.0,0.09,0.06,0.06,0.09,0.0,0.1,0.0,0.0,0.0,0.05,0.05,0.11,0.14,0.06,0.0,0.0,0.07,0.0,0.03,0.0,0.0,0.06,0.06,0.06,0.16,0.11,0.12,0.05,0.06,0.06,0.06,0.11,0.06,0.12,0.0,0.06,0.06,0.08,0.0,0.11,0.06,0.06,0.06,0.0,0.0,0.06,0.0,0.18,0.04,0.11,0.0,0.0,0.0,0.06,0.06,0.06,0.06,0.06,0.17,0.06,0.16,0.04,0.14,0.1,0.12,0.06,0.06,0.06,0.0,0.05,0.06,0.05,0.08,0.1,0.06,0.0,0.0,0.06,0.06,0.0,0.06,0.08,0.04,0.06,0.0,0.04,0.06,0.06,0.06,0.1,0.0,0.05,0.1,0.06,0.06,0.0,0.1,0.0,0.06,0.0,0.04,0.16,0.0,0.1,0.07,0.12,0.08,0.04,0.09,0.06,0.06,0.12,0.06,0.16,0.16,0.0,0.0,0.06,0.04,0.25,0.14,0.06,0.19,0.06,0.35,0.22,1.0,0.26,0.27,0.0,0.06,0.0,0.07,0.0,0.06,0.06,0.06,0.11,0.16,0.0,0.0,0.04,0.04,0.08,0.1,0.0,0.0,0.05,0.0,0.06,0.08,0.3,0.08,0.14,0.12,0.0,0.12,0.06,0.04,0.04,0.0,0.06,0.14,0.14,0.1,0.06,0.0,0.05,0.0,0.0,0.1,0.14,0.07,0.0,0.04,0.0,0.12,0.05,0.0,0.0,0.0,0.06,0.18,0.18,0.04,0.0,0.04,0.0,0.0,0.04,0.11,0.0,0.0,0.15,0.12,0.08,0.1,0.0,0.0,0.15
risotto radicchio e speck,0.03,0.19,0.1,0.11,0.08,0.0,0.17,0.09,0.0,0.14,0.0,0.04,0.1,0.04,0.12,0.04,0.13,0.1,0.12,0.07,0.14,0.08,0.1,0.12,0.06,0.14,0.05,0.1,0.04,0.22,0.13,0.15,0.1,0.09,0.1,0.16,0.1,0.0,0.1,0.04,0.06,0.16,0.04,0.06,0.0,0.11,0.0,0.05,0.04,0.1,0.08,0.12,0.08,0.0,0.09,0.14,0.04,0.1,0.13,0.12,0.1,0.14,0.0,0.11,0.16,0.04,0.06,0.06,0.18,0.1,0.07,0.04,0.1,0.0,0.18,0.09,0.0,0.0,0.1,0.19,0.16,0.04,0.15,0.17,0.09,0.15,0.04,0.0,0.06,0.04,0.09,0.1,0.09,0.11,0.1,0.11,0.24,0.1,0.1,0.1,0.15,0.1,0.0,0.1,0.06,0.16,0.09,0.05,0.06,0.09,0.0,0.06,0.12,0.09,0.1,0.1,0.1,0.08,0.1,0.08,0.0,0.11,0.04,0.17,0.1,0.13,0.2,0.24,0.13,0.1,0.17,0.2,0.0,0.0,0.12,0.1,0.1,0.1,0.15,0.14,0.08,0.08,0.06,0.05,0.09,0.0,0.15,0.0,0.0,0.0,0.05,0.14,0.16,0.18,0.16,0.05,0.0,0.03,0.0,0.08,0.06,0.0,0.1,0.2,0.12,0.15,0.16,0.2,0.04,0.16,0.18,0.2,0.1,0.06,0.17,0.11,0.1,0.11,0.16,0.06,0.1,0.06,0.11,0.21,0.05,0.06,0.17,0.0,0.11,0.09,0.16,0.12,0.06,0.04,0.11,0.1,0.06,0.15,0.18,0.06,0.11,0.1,0.13,0.17,0.14,0.22,0.05,0.15,0.15,0.0,0.1,0.06,0.14,0.14,0.18,0.1,0.0,0.0,0.16,0.12,0.0,0.1,0.08,0.09,0.1,0.0,0.08,0.06,0.11,0.1,0.1,0.0,0.05,0.14,0.15,0.11,0.0,0.14,0.0,0.06,0.0,0.04,0.14,0.0,0.1,0.1,0.26,0.16,0.04,0.13,0.06,0.11,0.11,0.15,0.1,0.25,0.0,0.11,0.0,0.09,0.24,0.13,0.12,0.18,0.17,0.26,0.06,0.26,1.0,0.3,0.1,0.18,0.03,0.13,0.06,0.12,0.06,0.15,0.16,0.12,0.06,0.06,0.13,0.12,0.16,0.14,0.0,0.2,0.14,0.06,0.1,0.16,0.2,0.16,0.17,0.06,0.24,0.18,0.16,0.18,0.0,0.0,0.06,0.12,0.17,0.1,0.16,0.06,0.05,0.0,0.0,0.19,0.26,0.06,0.1,0.13,0.0,0.22,0.14,0.04,0.0,0.0,0.08,0.17,0.11,0.04,0.11,0.12,0.0,0.0,0.04,0.21,0.04,0.05,0.1,0.12,0.04,0.1,0.06,0.04,0.1
risotto zucca e taleggio,0.05,0.06,0.0,0.0,0.04,0.0,0.0,0.0,0.0,0.0,0.0,0.0,0.0,0.0,0.0,0.0,0.0,0.04,0.05,0.0,0.0,0.03,0.0,0.0,0.0,0.04,0.0,0.04,0.0,0.08,0.02,0.04,0.0,0.0,0.0,0.0,0.21,0.0,0.13,0.1,0.0,0.03,0.04,0.08,0.0,0.14,0.0,0.0,0.0,0.04,0.04,0.0,0.0,0.0,0.18,0.0,0.0,0.08,0.18,0.06,0.0,0.0,0.0,0.0,0.08,0.03,0.0,0.0,0.1,0.0,0.12,0.0,0.0,0.0,0.1,0.0,0.0,0.04,0.0,0.12,0.13,0.0,0.2,0.09,0.0,0.02,0.0,0.0,0.0,0.0,0.0,0.0,0.0,0.0,0.08,0.04,0.05,0.0,0.0,0.0,0.0,0.0,0.0,0.0,0.0,0.0,0.0,0.0,0.0,0.0,0.0,0.0,0.0,0.0,0.0,0.0,0.04,0.0,0.0,0.03,0.0,0.0,0.0,0.14,0.04,0.14,0.16,0.12,0.1,0.04,0.04,0.13,0.04,0.0,0.0,0.04,0.0,0.04,0.0,0.04,0.03,0.04,0.1,0.08,0.04,0.0,0.08,0.0,0.0,0.0,0.04,0.0,0.04,0.11,0.04,0.0,0.0,0.06,0.0,0.04,0.0,0.0,0.0,0.04,0.05,0.06,0.13,0.07,0.0,0.04,0.0,0.04,0.0,0.0,0.04,0.0,0.0,0.0,0.1,0.0,0.0,0.0,0.0,0.04,0.0,0.0,0.0,0.0,0.09,0.0,0.0,0.05,0.0,0.0,0.0,0.08,0.0,0.04,0.0,0.0,0.0,0.04,0.0,0.1,0.08,0.09,0.0,0.04,0.04,0.0,0.0,0.0,0.04,0.0,0.0,0.0,0.0,0.0,0.04,0.0,0.0,0.13,0.04,0.04,0.0,0.0,0.0,0.04,0.0,0.0,0.04,0.0,0.0,0.06,0.04,0.04,0.0,0.08,0.0,0.0,0.0,0.04,0.06,0.0,0.04,0.02,0.12,0.1,0.0,0.0,0.0,0.0,0.0,0.0,0.04,0.18,0.0,0.0,0.05,0.0,0.22,0.16,0.0,0.18,0.18,0.3,0.18,0.27,0.3,1.0,0.04,0.05,0.0,0.06,0.0,0.0,0.0,0.0,0.04,0.1,0.0,0.0,0.0,0.07,0.16,0.08,0.0,0.04,0.0,0.0,0.0,0.0,0.1,0.16,0.11,0.0,0.04,0.12,0.04,0.04,0.04,0.0,0.0,0.04,0.07,0.04,0.04,0.05,0.0,0.0,0.0,0.16,0.1,0.0,0.04,0.04,0.0,0.08,0.11,0.04,0.0,0.0,0.1,0.14,0.14,0.0,0.04,0.1,0.0,0.0,0.0,0.08,0.0,0.0,0.0,0.03,0.04,0.04,0.0,0.0,0.04
"rotolo di frittata con fagiolini, prosciutto e formaggio",0.06,0.16,0.05,0.06,0.04,0.0,0.06,0.04,0.0,0.06,0.06,0.04,0.27,0.0,0.12,0.04,0.07,0.06,0.06,0.15,0.05,0.04,0.06,0.06,0.06,0.05,0.0,0.05,0.0,0.06,0.04,0.16,0.06,0.05,0.11,0.06,0.16,0.0,0.11,0.0,0.0,0.08,0.04,0.0,0.0,0.06,0.0,0.05,0.04,0.06,0.09,0.04,0.04,0.0,0.04,0.35,0.0,0.0,0.09,0.04,0.0,0.05,0.0,0.06,0.0,0.0,0.06,0.06,0.09,0.05,0.0,0.04,0.06,0.14,0.19,0.05,0.0,0.0,0.06,0.1,0.0,0.0,0.06,0.0,0.05,0.06,0.0,0.0,0.0,0.05,0.04,0.1,0.04,0.06,0.31,0.06,0.06,0.06,0.05,0.06,0.27,0.05,0.0,0.11,0.12,0.06,0.04,0.06,0.06,0.14,0.0,0.06,0.06,0.04,0.05,0.06,0.1,0.04,0.05,0.12,0.0,0.12,0.05,0.06,0.05,0.04,0.1,0.1,0.04,0.05,0.12,0.12,0.0,0.0,0.04,0.16,0.05,0.05,0.18,0.05,0.08,0.04,0.12,0.06,0.04,0.08,0.26,0.06,0.0,0.06,0.0,0.05,0.11,0.0,0.11,0.05,0.05,0.04,0.0,0.09,0.07,0.0,0.06,0.1,0.12,0.08,0.11,0.12,0.0,0.26,0.06,0.1,0.16,0.0,0.12,0.06,0.06,0.06,0.08,0.15,0.06,0.12,0.06,0.11,0.05,0.07,0.06,0.0,0.06,0.15,0.06,0.12,0.06,0.12,0.06,0.06,0.06,0.1,0.06,0.07,0.06,0.06,0.14,0.22,0.1,0.06,0.0,0.16,0.16,0.0,0.05,0.0,0.1,0.18,0.1,0.06,0.0,0.0,0.11,0.06,0.0,0.06,0.08,0.09,0.1,0.0,0.0,0.06,0.06,0.06,0.06,0.0,0.0,0.07,0.1,0.12,0.0,0.48,0.0,0.0,0.0,0.04,0.12,0.05,0.05,0.17,0.26,0.2,0.0,0.04,0.0,0.06,0.06,0.06,0.06,0.1,0.05,0.06,0.0,0.04,0.06,0.07,0.06,0.0,0.06,0.0,0.0,0.0,0.1,0.04,1.0,0.29,0.03,0.07,0.17,0.0,0.06,0.06,0.22,0.04,0.06,0.06,0.04,0.04,0.08,0.1,0.0,0.05,0.05,0.06,0.0,0.08,0.08,0.12,0.04,0.06,0.06,0.12,0.29,0.18,0.04,0.06,0.0,0.14,0.04,0.1,0.11,0.06,0.05,0.0,0.0,0.15,0.14,0.07,0.25,0.09,0.06,0.14,0.05,0.04,0.0,0.06,0.02,0.09,0.12,0.0,0.12,0.08,0.0,0.0,0.04,0.0,0.04,0.05,0.05,0.04,0.04,0.16,0.06,0.05,0.0
rotolo di patate con prosciutto e formaggio,0.04,0.28,0.06,0.06,0.05,0.0,0.14,0.16,0.0,0.1,0.06,0.1,0.06,0.04,0.14,0.0,0.08,0.06,0.07,0.08,0.11,0.04,0.06,0.07,0.0,0.06,0.06,0.06,0.06,0.18,0.16,0.18,0.12,0.06,0.06,0.12,0.12,0.0,0.12,0.0,0.06,0.09,0.05,0.0,0.0,0.06,0.0,0.0,0.0,0.06,0.0,0.1,0.05,0.0,0.05,0.12,0.05,0.08,0.1,0.14,0.12,0.12,0.0,0.06,0.12,0.04,0.0,0.12,0.1,0.06,0.0,0.0,0.06,0.23,0.22,0.06,0.0,0.0,0.06,0.17,0.12,0.2,0.26,0.06,0.06,0.1,0.05,0.0,0.08,0.0,0.05,0.12,0.05,0.06,0.06,0.06,0.07,0.06,0.06,0.06,0.12,0.06,0.0,0.12,0.0,0.12,0.05,0.0,0.0,0.16,0.0,0.0,0.07,0.05,0.06,0.06,0.12,0.05,0.06,0.14,0.0,0.06,0.11,0.14,0.06,0.1,0.12,0.17,0.1,0.06,0.14,0.14,0.0,0.0,0.1,0.24,0.06,0.06,0.12,0.27,0.04,0.1,0.14,0.06,0.05,0.1,0.28,0.06,0.0,0.07,0.06,0.3,0.12,0.11,0.12,0.0,0.06,0.0,0.0,0.04,0.0,0.0,0.06,0.18,0.22,0.14,0.19,0.24,0.06,0.29,0.14,0.18,0.06,0.06,0.14,0.0,0.06,0.06,0.1,0.0,0.06,0.0,0.06,0.19,0.0,0.0,0.14,0.0,0.14,0.05,0.12,0.07,0.0,0.0,0.06,0.06,0.07,0.12,0.14,0.0,0.06,0.12,0.21,0.2,0.26,0.14,0.2,0.18,0.18,0.0,0.06,0.14,0.12,0.08,0.22,0.06,0.0,0.15,0.12,0.08,0.0,0.12,0.14,0.16,0.12,0.0,0.1,0.0,0.06,0.06,0.06,0.0,0.12,0.12,0.12,0.2,0.0,0.17,0.0,0.06,0.0,0.05,0.13,0.12,0.06,0.12,0.22,0.14,0.04,0.1,0.07,0.06,0.06,0.06,0.06,0.22,0.06,0.06,0.0,0.19,0.0,0.08,0.07,0.0,0.14,0.0,0.0,0.06,0.18,0.05,0.29,1.0,0.0,0.24,0.0,0.14,0.2,0.26,0.25,0.04,0.0,0.0,0.1,0.1,0.09,0.12,0.0,0.0,0.11,0.0,0.12,0.1,0.14,0.09,0.08,0.14,0.0,0.14,0.38,0.16,0.05,0.06,0.07,0.3,0.1,0.17,0.25,0.24,0.0,0.0,0.0,0.32,0.26,0.16,0.12,0.21,0.07,0.19,0.24,0.05,0.0,0.06,0.08,0.1,0.14,0.05,0.26,0.14,0.0,0.0,0.1,0.12,0.1,0.0,0.06,0.1,0.05,0.06,0.0,0.0,0.12
salmone marinato su riso venere,0.13,0.02,0.03,0.06,0.02,0.0,0.1,0.0,0.18,0.05,0.0,0.02,0.03,0.0,0.04,0.04,0.04,0.03,0.04,0.04,0.02,0.02,0.03,0.04,0.04,0.02,0.03,0.12,0.08,0.02,0.0,0.03,0.03,0.02,0.03,0.03,0.06,0.0,0.03,0.0,0.03,0.04,0.0,0.06,0.06,0.06,0.0,0.06,0.1,0.03,0.08,0.02,0.02,0.08,0.02,0.06,0.02,0.0,0.2,0.0,0.0,0.08,0.08,0.04,0.0,0.12,0.22,0.03,0.16,0.12,0.0,0.05,0.03,0.0,0.04,0.02,0.06,0.12,0.18,0.08,0.03,0.06,0.0,0.0,0.02,0.05,0.02,0.0,0.0,0.06,0.08,0.16,0.05,0.04,0.03,0.04,0.04,0.06,0.06,0.03,0.03,0.18,0.13,0.03,0.04,0.03,0.02,0.03,0.06,0.02,0.14,0.16,0.19,0.05,0.03,0.06,0.06,0.02,0.03,0.02,0.2,0.04,0.06,0.04,0.03,0.0,0.03,0.06,0.05,0.03,0.04,0.02,0.04,0.04,0.02,0.0,0.03,0.03,0.03,0.03,0.04,0.02,0.0,0.06,0.02,0.0,0.03,0.0,0.0,0.04,0.0,0.06,0.03,0.0,0.03,0.06,0.03,0.04,0.0,0.16,0.04,0.0,0.03,0.03,0.0,0.02,0.0,0.02,0.0,0.03,0.04,0.03,0.03,0.0,0.04,0.06,0.03,0.04,0.1,0.06,0.03,0.16,0.04,0.03,0.03,0.04,0.04,0.1,0.0,0.02,0.03,0.1,0.04,0.08,0.04,0.03,0.0,0.03,0.07,0.04,0.04,0.0,0.02,0.02,0.06,0.0,0.0,0.03,0.03,0.0,0.14,0.04,0.03,0.1,0.02,0.06,0.09,0.18,0.06,0.15,0.06,0.0,0.0,0.0,0.03,0.04,0.05,0.17,0.06,0.1,0.03,0.08,0.0,0.04,0.03,0.0,0.1,0.03,0.06,0.04,0.12,0.0,0.02,0.0,0.03,0.02,0.06,0.12,0.06,0.02,0.0,0.04,0.04,0.03,0.03,0.03,0.0,0.17,0.14,0.19,0.03,0.0,0.04,0.1,0.0,0.04,0.0,0.0,0.03,0.0,0.03,0.0,1.0,0.04,0.12,0.0,0.04,0.03,0.03,0.02,0.06,0.06,0.08,0.02,0.02,0.03,0.0,0.06,0.08,0.04,0.03,0.12,0.02,0.02,0.02,0.0,0.06,0.06,0.03,0.13,0.1,0.03,0.0,0.05,0.08,0.0,0.03,0.11,0.16,0.0,0.22,0.03,0.08,0.0,0.03,0.0,0.18,0.05,0.03,0.0,0.13,0.06,0.02,0.02,0.0,0.02,0.1,0.08,0.0,0.06,0.04,0.0,0.05,0.03,0.03,0.02,0.02,0.06,0.19,0.06,0.0
salsicce con patate e cipolle al forno,0.04,0.15,0.12,0.14,0.11,0.0,0.23,0.12,0.0,0.18,0.0,0.06,0.13,0.05,0.16,0.05,0.16,0.13,0.16,0.09,0.18,0.1,0.23,0.24,0.08,0.12,0.06,0.12,0.06,0.12,0.08,0.13,0.2,0.12,0.12,0.14,0.07,0.0,0.0,0.0,0.07,0.15,0.06,0.0,0.0,0.0,0.0,0.06,0.06,0.13,0.11,0.11,0.11,0.0,0.0,0.18,0.06,0.09,0.0,0.1,0.06,0.12,0.0,0.14,0.07,0.14,0.08,0.07,0.18,0.12,0.0,0.06,0.13,0.0,0.16,0.2,0.0,0.0,0.06,0.06,0.07,0.19,0.26,0.07,0.12,0.19,0.0,0.0,0.08,0.06,0.22,0.22,0.22,0.24,0.2,0.22,0.21,0.24,0.22,0.22,0.19,0.2,0.0,0.24,0.07,0.24,0.18,0.06,0.07,0.22,0.0,0.07,0.26,0.22,0.18,0.22,0.22,0.24,0.22,0.28,0.0,0.2,0.06,0.16,0.12,0.06,0.13,0.12,0.06,0.2,0.14,0.1,0.0,0.0,0.16,0.06,0.12,0.12,0.13,0.27,0.05,0.16,0.0,0.0,0.12,0.0,0.22,0.0,0.0,0.0,0.06,0.29,0.14,0.12,0.14,0.06,0.0,0.04,0.06,0.08,0.08,0.0,0.14,0.13,0.08,0.14,0.07,0.14,0.06,0.14,0.16,0.13,0.14,0.07,0.14,0.07,0.14,0.14,0.1,0.07,0.14,0.07,0.14,0.14,0.06,0.08,0.14,0.0,0.07,0.12,0.14,0.08,0.08,0.06,0.14,0.14,0.15,0.36,0.16,0.08,0.14,0.07,0.12,0.11,0.35,0.16,0.2,0.13,0.13,0.0,0.12,0.07,0.12,0.18,0.18,0.13,0.0,0.13,0.14,0.16,0.0,0.07,0.18,0.14,0.22,0.0,0.06,0.07,0.14,0.14,0.13,0.0,0.12,0.29,0.13,0.07,0.0,0.18,0.0,0.14,0.0,0.06,0.14,0.12,0.12,0.13,0.24,0.1,0.1,0.12,0.08,0.14,0.14,0.13,0.14,0.22,0.0,0.07,0.0,0.34,0.07,0.0,0.16,0.0,0.0,0.0,0.0,0.07,0.13,0.06,0.07,0.24,0.04,1.0,0.08,0.08,0.07,0.26,0.14,0.1,0.07,0.07,0.12,0.16,0.15,0.12,0.0,0.06,0.12,0.07,0.07,0.2,0.38,0.05,0.13,0.08,0.07,0.1,0.2,0.17,0.0,0.0,0.08,0.36,0.25,0.13,0.17,0.16,0.21,0.0,0.0,0.35,0.26,0.17,0.06,0.18,0.0,0.26,0.33,0.0,0.0,0.0,0.08,0.18,0.0,0.06,0.24,0.1,0.0,0.0,0.05,0.07,0.06,0.06,0.12,0.1,0.1,0.13,0.07,0.06,0.06
scarola e fagioli alla napoletana,0.16,0.05,0.06,0.07,0.06,0.0,0.07,0.0,0.06,0.08,0.0,0.06,0.14,0.05,0.08,0.1,0.08,0.13,0.08,0.09,0.12,0.1,0.06,0.16,0.23,0.18,0.0,0.12,0.06,0.08,0.08,0.13,0.07,0.12,0.39,0.07,0.07,0.0,0.0,0.0,0.0,0.15,0.0,0.07,0.08,0.07,0.0,0.18,0.12,0.13,0.11,0.11,0.11,0.06,0.0,0.16,0.0,0.0,0.06,0.1,0.0,0.12,0.11,0.14,0.0,0.05,0.2,0.0,0.12,0.06,0.0,0.06,0.2,0.0,0.08,0.12,0.0,0.12,0.13,0.06,0.0,0.18,0.0,0.0,0.06,0.11,0.0,0.0,0.0,0.06,0.06,0.06,0.12,0.07,0.16,0.07,0.08,0.07,0.06,0.07,0.14,0.06,0.06,0.07,0.13,0.07,0.06,0.06,0.07,0.06,0.11,0.14,0.08,0.06,0.06,0.06,0.06,0.06,0.06,0.05,0.06,0.12,0.0,0.0,0.06,0.0,0.06,0.06,0.0,0.06,0.14,0.1,0.0,0.0,0.06,0.0,0.12,0.06,0.26,0.06,0.1,0.11,0.0,0.06,0.12,0.0,0.06,0.07,0.0,0.08,0.0,0.12,0.14,0.0,0.07,0.18,0.06,0.08,0.06,0.15,0.08,0.0,0.07,0.06,0.0,0.05,0.0,0.07,0.06,0.07,0.08,0.06,0.3,0.07,0.07,0.07,0.14,0.22,0.1,0.23,0.14,0.14,0.14,0.07,0.06,0.08,0.07,0.08,0.0,0.22,0.07,0.16,0.08,0.18,0.14,0.07,0.08,0.06,0.08,0.08,0.14,0.0,0.12,0.11,0.06,0.0,0.0,0.13,0.13,0.0,0.12,0.0,0.06,0.24,0.06,0.06,0.06,0.1,0.07,0.12,0.07,0.07,0.0,0.0,0.06,0.0,0.0,0.07,0.07,0.07,0.06,0.11,0.06,0.08,0.06,0.07,0.17,0.18,0.14,0.0,0.1,0.0,0.04,0.0,0.06,0.18,0.2,0.17,0.0,0.12,0.0,0.14,0.14,0.13,0.07,0.13,0.06,0.07,0.0,0.06,0.07,0.0,0.08,0.16,0.0,0.0,0.0,0.0,0.06,0.0,0.17,0.0,0.12,0.08,1.0,0.0,0.0,0.06,0.07,0.1,0.14,0.14,0.06,0.06,0.1,0.06,0.0,0.18,0.06,0.07,0.07,0.1,0.06,0.05,0.04,0.0,0.07,0.05,0.07,0.17,0.06,0.0,0.0,0.11,0.06,0.0,0.0,0.0,0.18,0.0,0.1,0.06,0.06,0.0,0.06,0.0,0.08,0.1,0.06,0.06,0.17,0.07,0.03,0.11,0.0,0.0,0.14,0.1,0.0,0.07,0.0,0.0,0.0,0.12,0.12,0.1,0.1,0.23,0.2,0.12,0.0
sformati light di cavolfiore e bresaola,0.0,0.14,0.06,0.06,0.05,0.0,0.14,0.1,0.0,0.1,0.0,0.05,0.06,0.04,0.07,0.0,0.08,0.12,0.07,0.0,0.11,0.04,0.06,0.07,0.0,0.06,0.06,0.06,0.06,0.14,0.12,0.06,0.06,0.11,0.06,0.12,0.0,0.0,0.0,0.0,0.06,0.09,0.05,0.0,0.0,0.0,0.0,0.06,0.0,0.12,0.0,0.1,0.05,0.0,0.05,0.12,0.1,0.08,0.0,0.09,0.12,0.12,0.0,0.06,0.12,0.04,0.0,0.06,0.05,0.06,0.0,0.0,0.12,0.0,0.07,0.06,0.0,0.0,0.06,0.12,0.12,0.06,0.06,0.06,0.06,0.1,0.05,0.0,0.08,0.0,0.05,0.06,0.05,0.06,0.06,0.06,0.07,0.06,0.06,0.06,0.12,0.06,0.0,0.06,0.0,0.12,0.05,0.0,0.0,0.06,0.05,0.0,0.07,0.05,0.06,0.06,0.06,0.05,0.06,0.04,0.0,0.06,0.06,0.06,0.06,0.05,0.06,0.12,0.05,0.06,0.06,0.14,0.0,0.0,0.1,0.06,0.06,0.06,0.12,0.12,0.0,0.05,0.0,0.0,0.1,0.0,0.06,0.0,0.0,0.0,0.06,0.17,0.06,0.11,0.06,0.0,0.0,0.04,0.0,0.0,0.0,0.0,0.06,0.12,0.07,0.09,0.06,0.16,0.06,0.06,0.14,0.12,0.12,0.06,0.06,0.0,0.06,0.06,0.05,0.0,0.06,0.0,0.06,0.12,0.0,0.0,0.2,0.0,0.06,0.05,0.12,0.2,0.0,0.05,0.06,0.06,0.07,0.06,0.14,0.0,0.06,0.06,0.1,0.05,0.06,0.14,0.06,0.06,0.06,0.0,0.06,0.06,0.06,0.08,0.16,0.06,0.0,0.0,0.06,0.08,0.0,0.0,0.05,0.05,0.06,0.0,0.1,0.0,0.06,0.06,0.12,0.0,0.06,0.08,0.06,0.06,0.0,0.06,0.0,0.06,0.0,0.05,0.08,0.0,0.06,0.08,0.13,0.04,0.04,0.1,0.07,0.06,0.06,0.06,0.06,0.06,0.0,0.06,0.0,0.05,0.0,0.0,0.07,0.07,0.14,0.0,0.0,0.06,0.12,0.0,0.0,0.14,0.0,0.08,0.0,1.0,0.06,0.12,0.06,0.04,0.06,0.0,0.1,0.1,0.09,0.06,0.0,0.0,0.16,0.0,0.19,0.1,0.1,0.0,0.08,0.07,0.0,0.09,0.06,0.05,0.0,0.0,0.07,0.05,0.1,0.06,0.12,0.0,0.0,0.0,0.0,0.06,0.15,0.08,0.0,0.1,0.0,0.1,0.12,0.0,0.08,0.0,0.05,0.05,0.0,0.05,0.0,0.05,0.0,0.0,0.04,0.12,0.1,0.06,0.12,0.14,0.0,0.06,0.0,0.0,0.12
sformato di cavolfiore,0.04,0.08,0.0,0.0,0.0,0.0,0.06,0.05,0.0,0.0,0.0,0.05,0.0,0.0,0.06,0.0,0.0,0.0,0.0,0.08,0.0,0.0,0.0,0.0,0.0,0.0,0.0,0.0,0.0,0.07,0.07,0.06,0.06,0.0,0.0,0.06,0.12,0.0,0.06,0.0,0.0,0.04,0.0,0.0,0.0,0.0,0.0,0.0,0.0,0.0,0.0,0.04,0.0,0.0,0.05,0.0,0.0,0.0,0.05,0.04,0.06,0.06,0.0,0.06,0.06,0.0,0.0,0.0,0.0,0.06,0.0,0.0,0.0,0.07,0.06,0.0,0.0,0.0,0.06,0.1,0.12,0.05,0.06,0.0,0.0,0.0,0.05,0.0,0.0,0.0,0.0,0.06,0.0,0.0,0.0,0.0,0.0,0.0,0.0,0.0,0.06,0.06,0.0,0.06,0.0,0.06,0.0,0.0,0.0,0.05,0.0,0.0,0.0,0.0,0.0,0.0,0.06,0.0,0.0,0.08,0.0,0.0,0.05,0.0,0.36,0.0,0.0,0.06,0.1,0.06,0.0,0.09,0.0,0.06,0.0,0.17,0.06,0.0,0.06,0.1,0.0,0.04,0.06,0.06,0.0,0.09,0.06,0.06,0.0,0.06,0.0,0.16,0.0,0.05,0.0,0.06,0.06,0.0,0.0,0.03,0.0,0.0,0.0,0.06,0.06,0.04,0.0,0.12,0.0,0.06,0.06,0.06,0.0,0.0,0.0,0.0,0.0,0.0,0.0,0.06,0.0,0.0,0.0,0.12,0.0,0.0,0.06,0.0,0.0,0.0,0.06,0.0,0.0,0.1,0.0,0.0,0.0,0.0,0.06,0.07,0.0,0.0,0.14,0.04,0.06,0.06,0.06,0.06,0.06,0.0,0.0,0.0,0.0,0.0,0.1,0.0,0.0,0.08,0.0,0.0,0.0,0.06,0.04,0.05,0.06,0.0,0.04,0.06,0.0,0.0,0.0,0.0,0.06,0.08,0.06,0.12,0.0,0.16,0.0,0.0,0.0,0.0,0.04,0.06,0.0,0.04,0.08,0.04,0.0,0.05,0.0,0.0,0.0,0.0,0.0,0.11,0.05,0.06,0.0,0.05,0.0,0.0,0.0,0.0,0.06,0.0,0.06,0.06,0.06,0.0,0.06,0.2,0.04,0.07,0.0,0.06,1.0,0.11,0.06,0.04,0.06,0.06,0.1,0.04,0.08,0.0,0.0,0.0,0.05,0.0,0.06,0.0,0.0,0.0,0.04,0.06,0.0,0.08,0.12,0.05,0.04,0.06,0.0,0.1,0.0,0.06,0.42,0.14,0.0,0.09,0.04,0.16,0.1,0.07,0.1,0.14,0.06,0.03,0.1,0.0,0.0,0.06,0.0,0.04,0.06,0.0,0.06,0.14,0.0,0.0,0.04,0.06,0.14,0.0,0.0,0.04,0.04,0.0,0.0,0.0,0.06
"sformato di ceci, patate, cipolle e pistacchi",0.03,0.16,0.14,0.11,0.08,0.0,0.17,0.09,0.0,0.14,0.0,0.04,0.1,0.04,0.12,0.04,0.13,0.1,0.12,0.07,0.14,0.08,0.1,0.12,0.06,0.14,0.05,0.1,0.04,0.15,0.1,0.1,0.16,0.09,0.1,0.16,0.06,0.0,0.0,0.0,0.06,0.16,0.04,0.0,0.0,0.0,0.0,0.05,0.04,0.1,0.08,0.12,0.08,0.0,0.0,0.14,0.04,0.07,0.0,0.08,0.1,0.14,0.08,0.11,0.1,0.04,0.06,0.06,0.09,0.1,0.0,0.04,0.1,0.0,0.12,0.09,0.0,0.0,0.1,0.1,0.1,0.16,0.17,0.06,0.09,0.15,0.04,0.0,0.06,0.04,0.09,0.1,0.09,0.11,0.1,0.11,0.12,0.1,0.1,0.1,0.15,0.1,0.0,0.1,0.06,0.16,0.09,0.05,0.06,0.09,0.0,0.06,0.12,0.09,0.1,0.15,0.1,0.08,0.1,0.12,0.0,0.11,0.04,0.06,0.1,0.04,0.1,0.14,0.04,0.1,0.11,0.12,0.0,0.0,0.12,0.05,0.1,0.1,0.15,0.28,0.04,0.12,0.0,0.0,0.09,0.0,0.1,0.0,0.0,0.0,0.05,0.29,0.1,0.09,0.1,0.05,0.0,0.03,0.0,0.06,0.06,0.0,0.1,0.15,0.06,0.11,0.06,0.14,0.04,0.1,0.18,0.15,0.1,0.06,0.11,0.06,0.1,0.11,0.08,0.06,0.1,0.06,0.11,0.16,0.1,0.06,0.17,0.0,0.06,0.09,0.16,0.06,0.06,0.04,0.11,0.1,0.06,0.1,0.18,0.06,0.11,0.06,0.13,0.08,0.22,0.11,0.17,0.1,0.1,0.0,0.1,0.06,0.1,0.14,0.18,0.1,0.0,0.12,0.1,0.12,0.0,0.06,0.04,0.04,0.1,0.0,0.08,0.06,0.11,0.1,0.1,0.04,0.1,0.17,0.1,0.06,0.0,0.14,0.0,0.11,0.0,0.04,0.11,0.05,0.1,0.1,0.18,0.08,0.04,0.13,0.06,0.11,0.11,0.1,0.1,0.18,0.0,0.11,0.0,0.2,0.06,0.0,0.26,0.0,0.06,0.0,0.0,0.06,0.15,0.0,0.06,0.26,0.03,0.26,0.06,0.12,0.11,1.0,0.1,0.08,0.06,0.06,0.13,0.12,0.08,0.14,0.0,0.05,0.14,0.06,0.1,0.16,0.12,0.04,0.1,0.06,0.06,0.11,0.16,0.13,0.0,0.0,0.06,0.21,0.12,0.05,0.1,0.15,0.05,0.0,0.0,0.22,0.17,0.06,0.05,0.09,0.0,0.14,0.25,0.0,0.0,0.0,0.04,0.08,0.0,0.04,0.21,0.12,0.0,0.06,0.04,0.1,0.09,0.05,0.1,0.12,0.08,0.1,0.06,0.04,0.1
sformato di zucchine,0.06,0.24,0.1,0.12,0.09,0.0,0.12,0.14,0.0,0.22,0.06,0.09,0.1,0.04,0.19,0.04,0.14,0.1,0.12,0.15,0.14,0.08,0.16,0.12,0.06,0.14,0.06,0.1,0.05,0.13,0.1,0.21,0.11,0.14,0.1,0.11,0.16,0.0,0.11,0.0,0.06,0.12,0.09,0.0,0.0,0.06,0.34,0.05,0.04,0.1,0.09,0.09,0.09,0.05,0.04,0.15,0.09,0.08,0.09,0.16,0.05,0.1,0.0,0.12,0.06,0.04,0.06,0.16,0.14,0.1,0.15,0.04,0.1,0.2,0.32,0.1,0.0,0.0,0.06,0.1,0.06,0.05,0.1,0.06,0.1,0.2,0.0,0.0,0.07,0.1,0.14,0.21,0.09,0.18,0.11,0.12,0.12,0.16,0.15,0.11,0.1,0.15,0.0,0.16,0.06,0.11,0.09,0.06,0.06,0.19,0.0,0.06,0.19,0.09,0.1,0.16,0.15,0.09,0.1,0.16,0.0,0.12,0.1,0.12,0.1,0.14,0.21,0.15,0.14,0.15,0.18,0.12,0.0,0.0,0.14,0.21,0.1,0.1,0.1,0.1,0.08,0.09,0.12,0.06,0.09,0.08,0.21,0.06,0.0,0.06,0.05,0.1,0.22,0.05,0.16,0.05,0.05,0.04,0.0,0.09,0.07,0.0,0.11,0.16,0.19,0.24,0.22,0.2,0.05,0.22,0.12,0.16,0.11,0.06,0.18,0.06,0.11,0.12,0.17,0.06,0.11,0.06,0.12,0.16,0.05,0.07,0.12,0.0,0.18,0.09,0.11,0.12,0.06,0.04,0.12,0.11,0.06,0.16,0.12,0.07,0.12,0.38,0.18,0.26,0.15,0.06,0.06,0.21,0.21,0.0,0.1,0.12,0.15,0.15,0.19,0.1,0.0,0.0,0.16,0.14,0.0,0.06,0.22,0.14,0.21,0.0,0.04,0.06,0.12,0.11,0.1,0.0,0.05,0.14,0.21,0.18,0.0,0.15,0.0,0.12,0.0,0.04,0.19,0.05,0.15,0.14,0.23,0.16,0.17,0.09,0.06,0.12,0.12,0.1,0.16,0.1,0.05,0.06,0.0,0.09,0.06,0.07,0.12,0.0,0.06,0.0,0.0,0.11,0.16,0.04,0.22,0.25,0.03,0.14,0.07,0.06,0.06,0.1,1.0,0.12,0.06,0.06,0.09,0.09,0.12,0.15,0.0,0.05,0.1,0.06,0.06,0.16,0.22,0.12,0.1,0.19,0.06,0.12,0.22,0.23,0.04,0.06,0.12,0.22,0.14,0.25,0.16,0.06,0.15,0.0,0.0,0.2,0.22,0.14,0.15,0.14,0.06,0.22,0.1,0.04,0.0,0.06,0.06,0.14,0.12,0.04,0.12,0.08,0.0,0.0,0.08,0.06,0.0,0.05,0.1,0.08,0.04,0.1,0.06,0.05,0.05
shepherd’s pie,0.0,0.0,0.08,0.0,0.0,0.0,0.09,0.07,0.0,0.16,0.0,0.0,0.08,0.0,0.14,0.0,0.1,0.12,0.0,0.0,0.11,0.0,0.12,0.19,0.1,0.14,0.0,0.12,0.0,0.12,0.2,0.12,0.0,0.14,0.15,0.16,0.04,0.0,0.04,0.04,0.0,0.0,0.0,0.0,0.08,0.04,0.06,0.08,0.04,0.16,0.1,0.1,0.16,0.0,0.07,0.12,0.1,0.11,0.07,0.0,0.0,0.0,0.04,0.18,0.0,0.03,0.08,0.0,0.14,0.15,0.11,0.04,0.12,0.0,0.19,0.11,0.0,0.0,0.04,0.12,0.08,0.07,0.08,0.0,0.07,0.18,0.0,0.0,0.0,0.04,0.1,0.12,0.1,0.18,0.12,0.09,0.1,0.16,0.15,0.08,0.08,0.12,0.0,0.12,0.09,0.08,0.07,0.04,0.04,0.11,0.04,0.04,0.14,0.07,0.12,0.16,0.08,0.06,0.12,0.12,0.0,0.14,0.0,0.09,0.12,0.0,0.2,0.12,0.0,0.15,0.14,0.19,0.09,0.0,0.14,0.08,0.19,0.12,0.2,0.22,0.0,0.0,0.0,0.0,0.0,0.0,0.12,0.04,0.0,0.04,0.04,0.12,0.16,0.18,0.0,0.08,0.04,0.16,0.0,0.09,0.05,0.0,0.08,0.08,0.04,0.18,0.08,0.16,0.11,0.08,0.1,0.0,0.12,0.14,0.09,0.09,0.16,0.14,0.1,0.09,0.12,0.04,0.14,0.08,0.08,0.05,0.09,0.04,0.14,0.24,0.12,0.1,0.1,0.1,0.14,0.08,0.1,0.08,0.1,0.05,0.14,0.08,0.0,0.16,0.12,0.09,0.04,0.12,0.12,0.0,0.08,0.09,0.08,0.14,0.11,0.08,0.0,0.06,0.08,0.1,0.0,0.0,0.06,0.04,0.08,0.0,0.0,0.09,0.09,0.08,0.16,0.04,0.12,0.16,0.0,0.14,0.0,0.15,0.04,0.04,0.0,0.0,0.17,0.0,0.12,0.1,0.14,0.12,0.02,0.21,0.04,0.14,0.14,0.16,0.16,0.16,0.04,0.04,0.04,0.07,0.08,0.05,0.1,0.04,0.04,0.06,0.04,0.16,0.12,0.1,0.04,0.04,0.02,0.1,0.1,0.04,0.04,0.08,0.12,1.0,0.09,0.09,0.0,0.2,0.21,0.12,0.0,0.08,0.0,0.04,0.08,0.12,0.2,0.15,0.14,0.14,0.04,0.12,0.08,0.1,0.0,0.0,0.04,0.14,0.14,0.08,0.04,0.04,0.12,0.0,0.03,0.15,0.14,0.05,0.08,0.04,0.0,0.15,0.12,0.0,0.05,0.0,0.0,0.16,0.04,0.0,0.04,0.0,0.0,0.0,0.0,0.0,0.0,0.12,0.15,0.25,0.0,0.2,0.08,0.0,0.08
"spaghetti allo scoglio al cartoccio, la ricetta per concentrare i sapori e non dover impiattare",0.07,0.04,0.06,0.06,0.04,0.0,0.06,0.0,0.0,0.06,0.0,0.05,0.06,0.04,0.06,0.13,0.07,0.17,0.06,0.08,0.05,0.12,0.06,0.14,0.14,0.1,0.0,0.06,0.0,0.07,0.07,0.11,0.06,0.16,0.1,0.06,0.06,0.0,0.0,0.0,0.0,0.13,0.04,0.0,0.04,0.0,0.0,0.16,0.05,0.22,0.1,0.1,0.1,0.0,0.05,0.06,0.04,0.0,0.0,0.0,0.0,0.06,0.04,0.12,0.0,0.0,0.07,0.0,0.05,0.1,0.0,0.04,0.22,0.0,0.06,0.16,0.05,0.06,0.06,0.0,0.0,0.05,0.0,0.0,0.05,0.1,0.0,0.0,0.0,0.05,0.05,0.06,0.05,0.06,0.06,0.06,0.06,0.06,0.06,0.06,0.06,0.1,0.06,0.06,0.06,0.06,0.05,0.06,0.06,0.05,0.14,0.06,0.06,0.05,0.06,0.06,0.06,0.04,0.06,0.04,0.0,0.06,0.0,0.0,0.06,0.0,0.06,0.06,0.0,0.06,0.12,0.14,0.0,0.06,0.04,0.0,0.1,0.06,0.11,0.06,0.08,0.1,0.0,0.0,0.14,0.0,0.06,0.06,0.0,0.06,0.0,0.22,0.12,0.0,0.06,0.16,0.06,0.22,0.05,0.06,0.07,0.0,0.06,0.06,0.0,0.04,0.0,0.1,0.05,0.06,0.06,0.06,0.24,0.06,0.06,0.06,0.18,0.12,0.04,0.18,0.12,0.06,0.18,0.06,0.06,0.07,0.12,0.0,0.0,0.1,0.06,0.06,0.06,0.24,0.12,0.06,0.06,0.06,0.06,0.07,0.12,0.0,0.1,0.1,0.06,0.0,0.0,0.11,0.11,0.0,0.06,0.0,0.06,0.12,0.05,0.06,0.0,0.0,0.06,0.07,0.0,0.06,0.0,0.0,0.06,0.0,0.0,0.12,0.06,0.06,0.11,0.0,0.06,0.08,0.06,0.06,0.05,0.06,0.06,0.0,0.0,0.0,0.04,0.0,0.06,0.08,0.08,0.04,0.0,0.1,0.0,0.18,0.18,0.11,0.06,0.22,0.05,0.12,0.0,0.05,0.06,0.0,0.06,0.14,0.06,0.0,0.0,0.0,0.06,0.0,0.06,0.0,0.06,0.07,0.14,0.06,0.06,0.06,0.06,0.09,1.0,0.42,0.1,0.04,0.13,0.06,0.0,0.1,0.1,0.06,0.12,0.09,0.04,0.04,0.04,0.0,0.06,0.04,0.06,0.1,0.0,0.0,0.0,0.1,0.04,0.0,0.0,0.06,0.1,0.0,0.0,0.06,0.04,0.0,0.06,0.0,0.0,0.09,0.06,0.04,0.14,0.0,0.0,0.04,0.0,0.0,0.06,0.14,0.0,0.0,0.0,0.0,0.1,0.26,0.26,0.14,0.09,0.11,0.12,0.1,0.0
spaghetti zucchine e gamberetti,0.07,0.04,0.06,0.06,0.04,0.0,0.06,0.0,0.0,0.06,0.0,0.05,0.11,0.04,0.06,0.08,0.14,0.11,0.06,0.08,0.05,0.08,0.06,0.14,0.14,0.1,0.0,0.06,0.0,0.07,0.07,0.11,0.06,0.1,0.1,0.06,0.06,0.0,0.0,0.05,0.0,0.13,0.0,0.0,0.04,0.0,0.0,0.1,0.05,0.11,0.14,0.14,0.1,0.0,0.0,0.06,0.0,0.0,0.0,0.0,0.0,0.06,0.04,0.12,0.0,0.0,0.07,0.0,0.05,0.1,0.0,0.04,0.11,0.0,0.06,0.1,0.0,0.06,0.06,0.0,0.0,0.05,0.0,0.0,0.05,0.1,0.0,0.0,0.0,0.05,0.05,0.06,0.1,0.06,0.06,0.06,0.06,0.12,0.06,0.06,0.06,0.1,0.06,0.06,0.06,0.06,0.05,0.06,0.06,0.05,0.1,0.06,0.14,0.1,0.06,0.06,0.06,0.1,0.06,0.08,0.0,0.06,0.0,0.0,0.06,0.0,0.06,0.06,0.0,0.06,0.35,0.09,0.0,0.06,0.04,0.0,0.1,0.46,0.11,0.06,0.08,0.1,0.0,0.0,0.1,0.0,0.21,0.06,0.0,0.06,0.0,0.16,0.12,0.0,0.06,0.22,0.32,0.07,0.05,0.06,0.07,0.0,0.06,0.06,0.0,0.04,0.18,0.06,0.05,0.12,0.26,0.11,0.12,0.12,0.06,0.06,0.12,0.12,0.04,0.18,0.12,0.06,0.48,0.12,0.06,0.07,0.06,0.0,0.16,0.1,0.06,0.06,0.06,0.19,0.12,0.06,0.06,0.06,0.06,0.07,0.29,0.0,0.1,0.31,0.06,0.0,0.0,0.11,0.11,0.0,0.06,0.0,0.06,0.16,0.1,0.06,0.0,0.0,0.06,0.1,0.0,0.06,0.04,0.0,0.06,0.0,0.0,0.12,0.06,0.06,0.06,0.0,0.06,0.19,0.06,0.06,0.05,0.06,0.06,0.06,0.0,0.0,0.04,0.0,0.06,0.08,0.08,0.04,0.0,0.1,0.06,0.29,0.12,0.11,0.06,0.11,0.05,0.12,0.16,0.05,0.06,0.0,0.06,0.06,0.0,0.0,0.0,0.0,0.06,0.0,0.06,0.0,0.06,0.07,0.14,0.0,0.06,0.06,0.06,0.09,0.42,1.0,0.1,0.04,0.08,0.06,0.0,0.1,0.05,0.12,0.06,0.09,0.04,0.04,0.08,0.0,0.06,0.04,0.12,0.1,0.0,0.0,0.0,0.1,0.04,0.0,0.0,0.06,0.1,0.0,0.0,0.06,0.22,0.0,0.1,0.0,0.0,0.09,0.06,0.04,0.08,0.0,0.0,0.1,0.0,0.0,0.06,0.14,0.0,0.0,0.0,0.0,0.05,0.1,0.1,0.09,0.09,0.17,0.12,0.16,0.0
"spezzatino con polenta, il comfort food all’italiana per l’inverno",0.0,0.0,0.08,0.0,0.0,0.0,0.14,0.08,0.0,0.15,0.0,0.0,0.09,0.0,0.16,0.0,0.12,0.09,0.0,0.0,0.12,0.0,0.09,0.1,0.1,0.08,0.0,0.16,0.0,0.14,0.17,0.09,0.0,0.16,0.08,0.23,0.09,0.0,0.0,0.0,0.0,0.0,0.0,0.0,0.06,0.0,0.07,0.08,0.08,0.09,0.15,0.11,0.11,0.0,0.0,0.16,0.11,0.06,0.04,0.0,0.0,0.0,0.0,0.1,0.0,0.04,0.08,0.0,0.16,0.21,0.0,0.04,0.09,0.0,0.1,0.08,0.04,0.0,0.09,0.12,0.09,0.04,0.04,0.0,0.08,0.13,0.0,0.0,0.0,0.04,0.08,0.09,0.12,0.14,0.09,0.1,0.1,0.09,0.12,0.09,0.13,0.16,0.0,0.09,0.05,0.14,0.08,0.04,0.05,0.08,0.0,0.05,0.1,0.08,0.12,0.13,0.08,0.08,0.08,0.06,0.04,0.1,0.0,0.05,0.08,0.0,0.09,0.12,0.0,0.12,0.1,0.14,0.1,0.0,0.15,0.04,0.08,0.08,0.18,0.25,0.0,0.0,0.0,0.0,0.0,0.0,0.09,0.0,0.0,0.0,0.04,0.16,0.09,0.16,0.0,0.08,0.0,0.12,0.0,0.05,0.06,0.0,0.09,0.18,0.05,0.1,0.04,0.14,0.12,0.18,0.16,0.0,0.09,0.1,0.1,0.1,0.14,0.1,0.07,0.1,0.09,0.05,0.1,0.14,0.08,0.06,0.14,0.0,0.05,0.23,0.18,0.05,0.05,0.11,0.1,0.09,0.05,0.13,0.16,0.06,0.1,0.04,0.0,0.08,0.12,0.1,0.09,0.09,0.09,0.0,0.12,0.1,0.12,0.18,0.16,0.18,0.04,0.03,0.14,0.14,0.0,0.0,0.04,0.04,0.09,0.0,0.0,0.24,0.14,0.09,0.09,0.04,0.04,0.12,0.0,0.05,0.0,0.12,0.0,0.1,0.04,0.0,0.1,0.0,0.08,0.08,0.16,0.14,0.09,0.23,0.1,0.1,0.1,0.13,0.09,0.09,0.0,0.1,0.0,0.12,0.04,0.0,0.1,0.0,0.05,0.0,0.05,0.04,0.13,0.0,0.04,0.1,0.08,0.12,0.06,0.1,0.1,0.13,0.09,0.0,0.1,0.1,1.0,0.26,0.1,0.08,0.0,0.08,0.0,0.05,0.09,0.18,0.1,0.14,0.09,0.05,0.05,0.13,0.09,0.16,0.0,0.0,0.05,0.11,0.15,0.04,0.09,0.1,0.04,0.0,0.04,0.08,0.18,0.06,0.04,0.08,0.0,0.12,0.16,0.0,0.03,0.0,0.0,0.11,0.0,0.0,0.05,0.0,0.0,0.0,0.0,0.0,0.0,0.04,0.08,0.24,0.0,0.18,0.04,0.0,0.08
"spezzatino di vitello con patate, la ricetta per un risultato tenero e ben legato",0.1,0.13,0.08,0.1,0.14,0.0,0.14,0.08,0.0,0.12,0.0,0.08,0.08,0.06,0.1,0.06,0.11,0.08,0.1,0.06,0.12,0.1,0.08,0.1,0.05,0.08,0.04,0.08,0.04,0.13,0.19,0.08,0.09,0.12,0.12,0.18,0.04,0.0,0.0,0.0,0.04,0.2,0.1,0.0,0.05,0.0,0.0,0.04,0.04,0.08,0.07,0.1,0.14,0.0,0.0,0.12,0.04,0.06,0.0,0.06,0.12,0.16,0.0,0.1,0.09,0.03,0.05,0.04,0.11,0.32,0.0,0.04,0.08,0.0,0.1,0.08,0.0,0.0,0.08,0.08,0.09,0.08,0.08,0.1,0.08,0.12,0.08,0.0,0.06,0.04,0.08,0.08,0.11,0.14,0.09,0.1,0.1,0.09,0.12,0.09,0.12,0.08,0.0,0.09,0.04,0.14,0.08,0.04,0.04,0.08,0.0,0.04,0.1,0.08,0.12,0.08,0.08,0.1,0.08,0.06,0.0,0.1,0.04,0.04,0.08,0.08,0.08,0.12,0.04,0.12,0.1,0.1,0.1,0.0,0.18,0.04,0.08,0.08,0.21,0.2,0.16,0.14,0.0,0.0,0.08,0.0,0.08,0.0,0.0,0.0,0.04,0.12,0.09,0.23,0.09,0.04,0.0,0.06,0.0,0.05,0.06,0.0,0.14,0.17,0.05,0.1,0.04,0.14,0.08,0.14,0.15,0.12,0.09,0.04,0.1,0.1,0.14,0.1,0.07,0.04,0.09,0.04,0.1,0.14,0.08,0.06,0.14,0.0,0.04,0.22,0.18,0.05,0.05,0.04,0.1,0.09,0.05,0.12,0.15,0.06,0.1,0.04,0.11,0.07,0.08,0.1,0.04,0.08,0.08,0.0,0.08,0.04,0.08,0.12,0.16,0.08,0.0,0.03,0.09,0.1,0.0,0.04,0.07,0.04,0.08,0.0,0.07,0.04,0.1,0.09,0.08,0.0,0.04,0.14,0.08,0.04,0.0,0.12,0.0,0.04,0.0,0.04,0.12,0.0,0.08,0.08,0.22,0.1,0.03,0.22,0.05,0.1,0.1,0.12,0.09,0.08,0.0,0.1,0.0,0.08,0.04,0.0,0.1,0.0,0.1,0.0,0.1,0.04,0.12,0.07,0.04,0.1,0.02,0.16,0.06,0.1,0.04,0.12,0.09,0.2,0.04,0.04,0.26,1.0,0.16,0.08,0.0,0.04,0.12,0.04,0.09,0.16,0.1,0.06,0.12,0.05,0.04,0.1,0.09,0.11,0.0,0.0,0.05,0.07,0.1,0.04,0.09,0.05,0.04,0.0,0.0,0.08,0.14,0.06,0.04,0.08,0.0,0.12,0.16,0.0,0.0,0.0,0.06,0.07,0.0,0.04,0.1,0.1,0.04,0.0,0.04,0.09,0.08,0.08,0.24,0.16,0.18,0.12,0.04,0.08,0.12
stoccafisso al forno con finocchi brasati,0.08,0.12,0.08,0.08,0.06,0.0,0.08,0.06,0.0,0.11,0.0,0.06,0.08,0.08,0.09,0.06,0.1,0.19,0.09,0.06,0.1,0.08,0.08,0.14,0.09,0.1,0.04,0.11,0.04,0.14,0.22,0.16,0.08,0.14,0.11,0.08,0.08,0.0,0.08,0.04,0.04,0.14,0.06,0.04,0.07,0.08,0.0,0.11,0.04,0.16,0.1,0.1,0.13,0.0,0.14,0.11,0.06,0.08,0.06,0.09,0.04,0.08,0.03,0.22,0.08,0.06,0.05,0.04,0.17,0.11,0.06,0.03,0.16,0.0,0.14,0.1,0.0,0.04,0.04,0.08,0.08,0.07,0.16,0.08,0.07,0.13,0.0,0.0,0.05,0.04,0.06,0.08,0.06,0.08,0.12,0.13,0.09,0.08,0.08,0.24,0.08,0.08,0.0,0.08,0.04,0.08,0.06,0.04,0.04,0.07,0.06,0.04,0.09,0.1,0.08,0.08,0.11,0.13,0.08,0.06,0.0,0.08,0.04,0.13,0.18,0.14,0.16,0.14,0.1,0.11,0.17,0.24,0.0,0.0,0.1,0.16,0.18,0.08,0.16,0.11,0.12,0.1,0.04,0.04,0.14,0.0,0.12,0.04,0.0,0.04,0.04,0.14,0.16,0.14,0.12,0.08,0.04,0.08,0.04,0.06,0.05,0.0,0.08,0.12,0.09,0.17,0.12,0.22,0.1,0.12,0.09,0.12,0.16,0.08,0.13,0.08,0.16,0.13,0.12,0.08,0.12,0.04,0.13,0.12,0.04,0.05,0.13,0.0,0.08,0.14,0.12,0.09,0.04,0.1,0.13,0.12,0.09,0.12,0.09,0.05,0.13,0.08,0.17,0.16,0.11,0.08,0.04,0.16,0.16,0.0,0.08,0.04,0.11,0.14,0.1,0.08,0.0,0.03,0.12,0.1,0.0,0.16,0.06,0.06,0.08,0.0,0.03,0.04,0.08,0.08,0.12,0.0,0.08,0.18,0.19,0.22,0.04,0.18,0.04,0.04,0.0,0.06,0.14,0.0,0.08,0.12,0.22,0.12,0.02,0.1,0.04,0.13,0.13,0.16,0.08,0.23,0.04,0.04,0.0,0.06,0.08,0.1,0.09,0.09,0.13,0.06,0.04,0.08,0.16,0.16,0.08,0.09,0.02,0.15,0.1,0.09,0.08,0.08,0.12,0.21,0.13,0.08,0.1,0.16,1.0,0.11,0.0,0.08,0.1,0.04,0.12,0.12,0.16,0.12,0.13,0.14,0.04,0.12,0.12,0.14,0.0,0.0,0.04,0.13,0.13,0.08,0.08,0.09,0.08,0.0,0.0,0.26,0.16,0.05,0.14,0.06,0.0,0.18,0.11,0.06,0.1,0.0,0.12,0.2,0.04,0.03,0.08,0.12,0.0,0.0,0.03,0.08,0.04,0.11,0.14,0.15,0.1,0.12,0.08,0.07,0.04
strudel di pasta sfoglia con bietole e mortadella,0.12,0.18,0.14,0.1,0.16,0.0,0.1,0.08,0.0,0.14,0.0,0.04,0.1,0.04,0.12,0.04,0.12,0.1,0.17,0.06,0.13,0.1,0.1,0.12,0.06,0.08,0.05,0.09,0.04,0.18,0.09,0.14,0.1,0.08,0.09,0.15,0.15,0.0,0.05,0.0,0.05,0.14,0.08,0.0,0.0,0.06,0.0,0.04,0.04,0.14,0.12,0.08,0.08,0.0,0.0,0.14,0.04,0.1,0.08,0.08,0.04,0.09,0.0,0.1,0.1,0.04,0.06,0.05,0.12,0.09,0.0,0.04,0.1,0.0,0.23,0.08,0.0,0.04,0.22,0.09,0.05,0.04,0.1,0.06,0.08,0.16,0.0,0.0,0.06,0.04,0.12,0.1,0.08,0.16,0.15,0.1,0.12,0.1,0.09,0.1,0.1,0.09,0.0,0.1,0.06,0.1,0.08,0.05,0.06,0.08,0.0,0.06,0.12,0.08,0.09,0.1,0.09,0.08,0.09,0.14,0.0,0.1,0.04,0.1,0.14,0.12,0.19,0.14,0.12,0.14,0.16,0.15,0.06,0.0,0.12,0.1,0.09,0.14,0.1,0.14,0.08,0.12,0.0,0.0,0.12,0.0,0.1,0.0,0.0,0.0,0.04,0.09,0.15,0.04,0.2,0.04,0.0,0.09,0.0,0.06,0.06,0.0,0.1,0.14,0.12,0.18,0.1,0.16,0.04,0.15,0.12,0.14,0.1,0.06,0.16,0.06,0.1,0.1,0.24,0.06,0.1,0.06,0.1,0.15,0.09,0.06,0.1,0.0,0.16,0.08,0.1,0.12,0.06,0.04,0.1,0.1,0.06,0.14,0.12,0.06,0.1,0.1,0.08,0.16,0.18,0.06,0.05,0.14,0.14,0.0,0.09,0.06,0.14,0.14,0.13,0.1,0.0,0.0,0.15,0.12,0.0,0.05,0.08,0.08,0.1,0.0,0.04,0.1,0.1,0.1,0.14,0.04,0.04,0.16,0.14,0.1,0.0,0.14,0.0,0.06,0.0,0.04,0.14,0.0,0.14,0.1,0.18,0.12,0.03,0.08,0.06,0.1,0.1,0.1,0.15,0.1,0.0,0.06,0.06,0.08,0.05,0.06,0.12,0.0,0.06,0.0,0.0,0.1,0.14,0.08,0.1,0.12,0.03,0.12,0.06,0.06,0.0,0.14,0.15,0.12,0.06,0.06,0.08,0.08,0.11,1.0,0.0,0.04,0.08,0.06,0.05,0.15,0.16,0.14,0.1,0.06,0.06,0.1,0.15,0.16,0.08,0.0,0.12,0.16,0.16,0.09,0.1,0.06,0.04,0.08,0.0,0.14,0.16,0.12,0.14,0.08,0.06,0.26,0.14,0.04,0.0,0.0,0.06,0.16,0.06,0.04,0.1,0.12,0.0,0.06,0.04,0.05,0.0,0.04,0.09,0.12,0.08,0.14,0.05,0.04,0.09
sushi hosomaki,0.0,0.0,0.0,0.0,0.0,0.0,0.0,0.0,0.0,0.0,0.0,0.0,0.0,0.0,0.0,0.0,0.0,0.0,0.0,0.0,0.0,0.0,0.0,0.0,0.0,0.0,0.0,0.0,0.0,0.0,0.0,0.0,0.0,0.0,0.0,0.0,0.0,0.0,0.0,0.0,0.0,0.0,0.0,0.0,0.0,0.0,0.0,0.0,0.0,0.0,0.06,0.0,0.0,0.0,0.0,0.0,0.0,0.0,0.0,0.0,0.0,0.0,0.0,0.0,0.0,0.0,0.0,0.0,0.0,0.0,0.0,0.0,0.0,0.0,0.0,0.0,0.0,0.0,0.0,0.0,0.0,0.0,0.0,0.0,0.0,0.02,0.0,0.0,0.0,0.0,0.0,0.0,0.06,0.0,0.0,0.0,0.0,0.0,0.0,0.0,0.0,0.0,0.0,0.0,0.0,0.07,0.0,0.06,0.0,0.0,0.0,0.0,0.0,0.0,0.0,0.0,0.0,0.0,0.0,0.0,0.0,0.0,0.0,0.0,0.0,0.0,0.0,0.0,0.0,0.0,0.0,0.0,0.0,0.0,0.0,0.0,0.0,0.0,0.0,0.0,0.0,0.0,0.0,0.0,0.0,0.0,0.0,0.0,0.0,0.0,0.06,0.0,0.0,0.0,0.0,0.0,0.0,0.0,0.0,0.0,0.0,0.0,0.0,0.0,0.0,0.0,0.0,0.0,0.0,0.0,0.0,0.0,0.0,0.0,0.0,0.0,0.0,0.0,0.0,0.0,0.0,0.0,0.0,0.0,0.0,0.0,0.0,0.0,0.0,0.0,0.0,0.0,0.0,0.0,0.0,0.0,0.0,0.0,0.0,0.0,0.0,0.0,0.0,0.0,0.0,0.0,0.0,0.0,0.0,0.0,0.0,0.0,0.0,0.0,0.0,0.0,0.0,0.0,0.0,0.0,0.0,0.0,0.0,0.0,0.0,0.0,0.0,0.0,0.0,0.0,0.0,0.0,0.0,0.0,0.0,0.0,0.0,0.0,0.0,0.0,0.0,0.0,0.0,0.0,0.0,0.0,0.0,0.0,0.0,0.0,0.0,0.0,0.0,0.0,0.0,0.0,0.06,0.0,0.0,0.0,0.0,0.0,0.0,0.0,0.0,0.0,0.0,0.0,0.0,0.0,0.0,0.0,0.0,0.0,0.0,0.0,0.0,0.0,0.0,0.0,0.0,0.0,0.0,0.0,0.0,0.0,1.0,0.0,0.0,0.0,0.0,0.0,0.0,0.0,0.0,0.0,0.0,0.0,0.0,0.0,0.0,0.0,0.0,0.0,0.0,0.0,0.0,0.0,0.0,0.0,0.0,0.0,0.0,0.0,0.0,0.0,0.0,0.0,0.0,0.0,0.0,0.0,0.0,0.0,0.0,0.0,0.0,0.0,0.0,0.0,0.0,0.0,0.0,0.0,0.0,0.0,0.0,0.0,0.0,0.0,0.0
"tabouleh alla crema di basilico, pistacchio e speck",0.09,0.08,0.09,0.16,0.04,0.0,0.06,0.0,0.0,0.08,0.0,0.04,0.05,0.07,0.06,0.11,0.06,0.1,0.06,0.14,0.08,0.07,0.05,0.12,0.17,0.18,0.05,0.09,0.04,0.06,0.06,0.1,0.05,0.08,0.14,0.05,0.1,0.0,0.0,0.0,0.05,0.11,0.0,0.0,0.03,0.0,0.0,0.18,0.08,0.1,0.16,0.08,0.08,0.04,0.0,0.09,0.04,0.0,0.08,0.08,0.0,0.04,0.04,0.1,0.0,0.0,0.09,0.05,0.08,0.09,0.0,0.04,0.14,0.0,0.06,0.08,0.04,0.09,0.05,0.09,0.0,0.13,0.0,0.0,0.04,0.08,0.0,0.0,0.0,0.08,0.04,0.05,0.08,0.06,0.1,0.06,0.18,0.05,0.09,0.05,0.05,0.09,0.0,0.05,0.16,0.05,0.04,0.05,0.06,0.04,0.04,0.06,0.06,0.04,0.04,0.05,0.04,0.08,0.04,0.04,0.04,0.06,0.0,0.0,0.04,0.0,0.05,0.04,0.0,0.04,0.16,0.08,0.06,0.0,0.08,0.0,0.14,0.04,0.1,0.04,0.08,0.08,0.0,0.0,0.08,0.0,0.05,0.05,0.0,0.06,0.0,0.14,0.1,0.0,0.05,0.14,0.04,0.09,0.04,0.06,0.06,0.0,0.1,0.1,0.06,0.04,0.0,0.08,0.04,0.05,0.06,0.05,0.15,0.06,0.06,0.06,0.1,0.16,0.04,0.1,0.1,0.06,0.1,0.05,0.04,0.06,0.06,0.06,0.0,0.08,0.05,0.06,0.06,0.08,0.16,0.05,0.06,0.05,0.06,0.06,0.1,0.0,0.12,0.08,0.09,0.0,0.05,0.1,0.1,0.0,0.09,0.0,0.04,0.14,0.04,0.1,0.05,0.0,0.1,0.15,0.0,0.05,0.0,0.0,0.1,0.0,0.0,0.1,0.1,0.05,0.05,0.08,0.04,0.06,0.05,0.06,0.08,0.04,0.1,0.06,0.08,0.0,0.04,0.0,0.04,0.06,0.07,0.08,0.06,0.08,0.0,0.1,0.1,0.1,0.05,0.1,0.04,0.06,0.0,0.08,0.05,0.0,0.06,0.06,0.0,0.0,0.0,0.0,0.2,0.04,0.05,0.0,0.06,0.06,0.18,0.0,0.0,0.05,0.05,0.08,0.1,0.1,0.08,0.04,0.08,0.04,0.0,1.0,0.04,0.06,0.05,0.12,0.04,0.04,0.06,0.0,0.23,0.07,0.05,0.12,0.08,0.0,0.0,0.12,0.08,0.04,0.0,0.0,0.09,0.0,0.04,0.04,0.08,0.0,0.09,0.0,0.0,0.08,0.04,0.08,0.16,0.05,0.0,0.08,0.06,0.0,0.06,0.12,0.0,0.0,0.04,0.0,0.04,0.09,0.09,0.08,0.08,0.14,0.15,0.13,0.0
tabuleh,0.0,0.0,0.08,0.0,0.0,0.0,0.26,0.08,0.0,0.13,0.0,0.0,0.14,0.0,0.11,0.0,0.12,0.18,0.0,0.0,0.12,0.0,0.09,0.16,0.06,0.08,0.0,0.08,0.0,0.14,0.09,0.09,0.0,0.12,0.08,0.14,0.05,0.0,0.0,0.0,0.0,0.0,0.0,0.0,0.0,0.0,0.0,0.08,0.04,0.14,0.12,0.16,0.08,0.0,0.08,0.13,0.08,0.06,0.0,0.0,0.0,0.0,0.0,0.1,0.0,0.04,0.06,0.0,0.08,0.08,0.0,0.04,0.14,0.0,0.11,0.16,0.04,0.0,0.09,0.08,0.14,0.04,0.04,0.0,0.08,0.18,0.0,0.0,0.0,0.12,0.16,0.14,0.2,0.1,0.1,0.1,0.11,0.19,0.08,0.1,0.14,0.13,0.0,0.14,0.1,0.19,0.08,0.09,0.1,0.12,0.08,0.05,0.11,0.12,0.08,0.14,0.13,0.12,0.13,0.07,0.0,0.16,0.0,0.1,0.08,0.0,0.09,0.18,0.0,0.08,0.1,0.14,0.0,0.0,0.12,0.04,0.13,0.08,0.14,0.13,0.0,0.0,0.0,0.0,0.0,0.0,0.09,0.0,0.0,0.0,0.04,0.18,0.1,0.08,0.0,0.04,0.04,0.06,0.0,0.06,0.06,0.0,0.1,0.14,0.06,0.1,0.05,0.16,0.04,0.1,0.16,0.0,0.14,0.05,0.1,0.1,0.1,0.1,0.08,0.05,0.1,0.05,0.1,0.14,0.04,0.12,0.2,0.06,0.05,0.08,0.14,0.11,0.11,0.12,0.1,0.1,0.06,0.09,0.22,0.06,0.1,0.05,0.0,0.08,0.08,0.1,0.09,0.09,0.09,0.0,0.08,0.1,0.08,0.13,0.16,0.09,0.0,0.0,0.1,0.12,0.0,0.0,0.04,0.04,0.09,0.0,0.0,0.05,0.1,0.14,0.14,0.0,0.04,0.12,0.0,0.05,0.0,0.08,0.0,0.05,0.0,0.0,0.1,0.0,0.13,0.09,0.16,0.07,0.03,0.12,0.06,0.1,0.1,0.09,0.1,0.14,0.08,0.1,0.0,0.12,0.05,0.0,0.11,0.06,0.1,0.06,0.0,0.05,0.14,0.0,0.05,0.11,0.08,0.12,0.06,0.16,0.05,0.14,0.1,0.0,0.1,0.05,0.0,0.12,0.1,0.08,0.0,0.04,1.0,0.05,0.19,0.14,0.11,0.04,0.09,0.06,0.05,0.1,0.1,0.12,0.0,0.04,0.06,0.08,0.16,0.04,0.14,0.0,0.04,0.0,0.0,0.08,0.2,0.06,0.04,0.08,0.0,0.14,0.13,0.0,0.06,0.0,0.0,0.08,0.0,0.0,0.05,0.0,0.0,0.0,0.0,0.0,0.0,0.08,0.13,0.14,0.0,0.09,0.05,0.0,0.08
tagliatelle al sugo di pesce e radicchio,0.04,0.04,0.06,0.06,0.04,0.0,0.06,0.0,0.0,0.06,0.0,0.0,0.06,0.0,0.06,0.08,0.07,0.06,0.06,0.08,0.05,0.08,0.11,0.06,0.06,0.05,0.0,0.06,0.0,0.04,0.0,0.06,0.06,0.05,0.06,0.06,0.06,0.0,0.0,0.0,0.0,0.08,0.0,0.0,0.0,0.0,0.0,0.06,0.05,0.06,0.1,0.04,0.04,0.0,0.0,0.06,0.0,0.0,0.0,0.0,0.0,0.06,0.0,0.06,0.0,0.0,0.07,0.0,0.05,0.06,0.0,0.04,0.06,0.0,0.06,0.05,0.0,0.0,0.06,0.0,0.16,0.0,0.0,0.0,0.1,0.07,0.0,0.0,0.0,0.05,0.05,0.06,0.05,0.06,0.06,0.06,0.06,0.06,0.06,0.06,0.06,0.06,0.0,0.06,0.06,0.06,0.05,0.06,0.06,0.05,0.0,0.06,0.06,0.05,0.06,0.06,0.06,0.04,0.06,0.04,0.0,0.06,0.0,0.0,0.06,0.0,0.06,0.06,0.0,0.06,0.06,0.04,0.0,0.0,0.04,0.0,0.06,0.1,0.06,0.06,0.04,0.04,0.0,0.0,0.05,0.0,0.06,0.06,0.0,0.0,0.0,0.06,0.06,0.0,0.06,0.06,0.06,0.04,0.0,0.06,0.07,0.0,0.06,0.06,0.0,0.04,0.0,0.03,0.0,0.06,0.06,0.06,0.06,0.0,0.06,0.06,0.06,0.06,0.04,0.06,0.12,0.12,0.12,0.06,0.06,0.14,0.06,0.0,0.0,0.05,0.06,0.06,0.06,0.04,0.06,0.06,0.0,0.06,0.06,0.07,0.06,0.06,0.05,0.04,0.06,0.0,0.06,0.06,0.06,0.0,0.06,0.0,0.06,0.08,0.05,0.06,0.0,0.0,0.06,0.07,0.0,0.0,0.0,0.0,0.06,0.0,0.0,0.06,0.06,0.06,0.06,0.0,0.0,0.08,0.06,0.0,0.0,0.06,0.0,0.0,0.0,0.0,0.08,0.0,0.06,0.04,0.08,0.04,0.0,0.05,0.0,0.06,0.06,0.06,0.06,0.06,0.0,0.06,0.06,0.05,0.12,0.07,0.06,0.0,0.0,0.0,0.0,0.0,0.06,0.0,0.06,0.0,0.04,0.07,0.07,0.0,0.0,0.06,0.06,0.04,0.06,0.12,0.05,0.04,0.04,0.06,0.0,0.06,0.05,1.0,0.0,0.09,0.04,0.04,0.04,0.0,0.06,0.04,0.06,0.1,0.0,0.0,0.0,0.1,0.04,0.0,0.0,0.0,0.06,0.0,0.0,0.06,0.04,0.0,0.06,0.0,0.0,0.06,0.06,0.0,0.0,0.0,0.0,0.04,0.06,0.0,0.06,0.04,0.0,0.0,0.0,0.0,0.0,0.1,0.1,0.04,0.04,0.06,0.06,0.05,0.0
taglioni con vongole veraci e carciofi,0.04,0.12,0.05,0.06,0.04,0.0,0.18,0.09,0.0,0.09,0.0,0.09,0.06,0.08,0.06,0.04,0.07,0.34,0.06,0.0,0.1,0.08,0.06,0.12,0.06,0.1,0.06,0.05,0.05,0.16,0.17,0.1,0.06,0.14,0.1,0.11,0.0,0.0,0.0,0.0,0.06,0.12,0.04,0.06,0.04,0.06,0.0,0.1,0.0,0.16,0.0,0.14,0.09,0.0,0.04,0.1,0.09,0.08,0.0,0.08,0.1,0.1,0.04,0.12,0.11,0.04,0.0,0.06,0.04,0.05,0.0,0.0,0.16,0.0,0.06,0.1,0.0,0.1,0.06,0.1,0.11,0.14,0.06,0.06,0.05,0.16,0.04,0.0,0.07,0.05,0.09,0.1,0.04,0.06,0.06,0.06,0.06,0.11,0.05,0.06,0.1,0.05,0.0,0.06,0.0,0.11,0.04,0.0,0.06,0.05,0.09,0.0,0.06,0.09,0.05,0.1,0.05,0.04,0.05,0.04,0.05,0.06,0.05,0.06,0.05,0.04,0.06,0.1,0.04,0.05,0.12,0.16,0.0,0.0,0.09,0.06,0.1,0.05,0.16,0.1,0.04,0.09,0.0,0.0,0.14,0.0,0.06,0.06,0.0,0.06,0.05,0.2,0.11,0.1,0.06,0.05,0.05,0.07,0.05,0.0,0.0,0.0,0.06,0.1,0.06,0.08,0.06,0.18,0.1,0.06,0.12,0.1,0.16,0.12,0.22,0.06,0.11,0.12,0.04,0.06,0.29,0.0,0.12,0.11,0.0,0.0,0.18,0.0,0.06,0.09,0.11,0.0,0.0,0.09,0.12,0.06,0.12,0.06,0.12,0.0,0.12,0.06,0.14,0.09,0.05,0.12,0.06,0.1,0.1,0.0,0.05,0.12,0.05,0.11,0.14,0.06,0.06,0.0,0.06,0.06,0.0,0.06,0.04,0.04,0.06,0.0,0.09,0.0,0.06,0.06,0.1,0.0,0.1,0.07,0.06,0.18,0.04,0.05,0.06,0.06,0.08,0.04,0.08,0.0,0.05,0.28,0.26,0.04,0.04,0.14,0.06,0.12,0.12,0.1,0.06,0.1,0.05,0.06,0.0,0.04,0.0,0.0,0.06,0.12,0.12,0.0,0.0,0.06,0.1,0.0,0.0,0.12,0.03,0.07,0.07,0.19,0.06,0.1,0.06,0.08,0.12,0.06,0.09,0.09,0.12,0.05,0.0,0.05,0.19,0.0,1.0,0.08,0.08,0.0,0.07,0.06,0.0,0.08,0.06,0.04,0.0,0.0,0.06,0.09,0.09,0.05,0.11,0.0,0.05,0.0,0.0,0.05,0.14,0.07,0.0,0.09,0.0,0.12,0.1,0.04,0.28,0.0,0.04,0.04,0.0,0.09,0.0,0.08,0.0,0.0,0.04,0.11,0.09,0.1,0.15,0.16,0.04,0.1,0.06,0.05,0.1
tarte tatin alle carote,0.1,0.18,0.15,0.22,0.14,0.0,0.18,0.14,0.08,0.25,0.0,0.1,0.16,0.06,0.19,0.09,0.2,0.16,0.19,0.11,0.22,0.12,0.16,0.19,0.1,0.18,0.12,0.22,0.14,0.19,0.13,0.16,0.16,0.14,0.15,0.16,0.12,0.0,0.0,0.0,0.12,0.18,0.06,0.0,0.0,0.0,0.0,0.12,0.1,0.16,0.16,0.14,0.16,0.04,0.04,0.26,0.1,0.11,0.07,0.12,0.08,0.15,0.0,0.18,0.08,0.06,0.12,0.16,0.21,0.19,0.0,0.06,0.16,0.0,0.19,0.14,0.04,0.04,0.08,0.12,0.08,0.27,0.12,0.14,0.14,0.25,0.04,0.0,0.1,0.07,0.18,0.16,0.14,0.18,0.16,0.22,0.19,0.16,0.22,0.16,0.16,0.22,0.0,0.16,0.09,0.16,0.14,0.12,0.09,0.14,0.0,0.09,0.19,0.14,0.15,0.16,0.15,0.16,0.15,0.15,0.04,0.18,0.11,0.09,0.15,0.1,0.16,0.15,0.1,0.15,0.18,0.12,0.09,0.0,0.2,0.12,0.19,0.15,0.16,0.15,0.06,0.16,0.0,0.0,0.18,0.06,0.2,0.0,0.0,0.0,0.08,0.15,0.16,0.11,0.16,0.08,0.0,0.08,0.0,0.09,0.1,0.0,0.42,0.16,0.1,0.2,0.12,0.2,0.07,0.16,0.19,0.16,0.16,0.09,0.18,0.09,0.16,0.18,0.13,0.09,0.16,0.09,0.18,0.16,0.08,0.1,0.18,0.0,0.09,0.14,0.16,0.1,0.14,0.1,0.18,0.16,0.1,0.16,0.19,0.1,0.18,0.08,0.14,0.14,0.19,0.09,0.08,0.16,0.16,0.0,0.22,0.09,0.22,0.25,0.26,0.2,0.04,0.03,0.25,0.25,0.04,0.04,0.13,0.1,0.2,0.0,0.06,0.14,0.22,0.16,0.16,0.04,0.08,0.24,0.16,0.09,0.0,0.15,0.04,0.14,0.03,0.07,0.2,0.0,0.15,0.21,0.23,0.16,0.1,0.14,0.1,0.18,0.18,0.16,0.16,0.08,0.0,0.09,0.0,0.18,0.08,0.0,0.19,0.0,0.0,0.0,0.0,0.08,0.16,0.0,0.08,0.1,0.12,0.2,0.1,0.1,0.0,0.16,0.16,0.12,0.09,0.09,0.18,0.16,0.12,0.15,0.0,0.12,0.14,0.09,0.08,1.0,0.2,0.06,0.22,0.1,0.09,0.18,0.16,0.28,0.04,0.04,0.1,0.16,0.26,0.08,0.08,0.0,0.08,0.0,0.03,0.15,0.26,0.1,0.08,0.1,0.0,0.23,0.15,0.0,0.02,0.0,0.06,0.14,0.0,0.06,0.14,0.1,0.04,0.0,0.1,0.08,0.07,0.08,0.15,0.12,0.1,0.2,0.12,0.14,0.12
timballo al radicchio salsiccia e scamorza,0.02,0.19,0.12,0.14,0.1,0.0,0.22,0.14,0.0,0.24,0.0,0.07,0.12,0.06,0.14,0.03,0.16,0.12,0.14,0.06,0.18,0.09,0.26,0.23,0.05,0.15,0.08,0.16,0.11,0.2,0.13,0.16,0.13,0.15,0.12,0.13,0.08,0.0,0.08,0.04,0.08,0.12,0.18,0.04,0.02,0.09,0.0,0.04,0.04,0.12,0.07,0.1,0.1,0.04,0.1,0.2,0.1,0.14,0.07,0.19,0.08,0.12,0.0,0.14,0.13,0.15,0.08,0.08,0.25,0.16,0.12,0.04,0.12,0.0,0.24,0.2,0.0,0.0,0.04,0.16,0.17,0.08,0.16,0.18,0.11,0.22,0.0,0.0,0.1,0.04,0.24,0.25,0.2,0.29,0.2,0.2,0.2,0.27,0.26,0.22,0.18,0.22,0.0,0.23,0.04,0.23,0.16,0.04,0.04,0.25,0.0,0.04,0.3,0.2,0.17,0.25,0.22,0.23,0.22,0.25,0.0,0.18,0.08,0.27,0.12,0.22,0.24,0.2,0.25,0.18,0.18,0.16,0.0,0.0,0.18,0.12,0.12,0.12,0.12,0.12,0.06,0.1,0.05,0.08,0.1,0.0,0.29,0.0,0.0,0.0,0.08,0.12,0.22,0.15,0.22,0.04,0.0,0.02,0.04,0.12,0.06,0.0,0.13,0.16,0.14,0.24,0.22,0.28,0.08,0.17,0.2,0.16,0.13,0.14,0.18,0.04,0.13,0.14,0.16,0.09,0.13,0.04,0.14,0.22,0.12,0.06,0.18,0.0,0.23,0.1,0.17,0.1,0.05,0.04,0.14,0.13,0.17,0.37,0.2,0.06,0.14,0.17,0.1,0.24,0.26,0.22,0.08,0.16,0.16,0.0,0.12,0.09,0.16,0.18,0.18,0.12,0.0,0.03,0.17,0.16,0.0,0.08,0.26,0.23,0.2,0.0,0.07,0.04,0.14,0.13,0.16,0.04,0.12,0.24,0.16,0.14,0.04,0.16,0.0,0.16,0.0,0.07,0.26,0.0,0.12,0.14,0.24,0.2,0.12,0.1,0.1,0.14,0.14,0.12,0.17,0.08,0.0,0.04,0.0,0.18,0.08,0.1,0.14,0.0,0.09,0.06,0.04,0.3,0.2,0.1,0.08,0.14,0.02,0.38,0.06,0.1,0.0,0.12,0.22,0.2,0.04,0.04,0.1,0.1,0.16,0.16,0.0,0.04,0.11,0.04,0.08,0.2,1.0,0.12,0.2,0.14,0.04,0.18,0.17,0.22,0.04,0.04,0.23,0.29,0.29,0.22,0.23,0.05,0.2,0.0,0.04,0.3,0.38,0.19,0.08,0.27,0.0,0.32,0.3,0.04,0.0,0.0,0.16,0.24,0.04,0.07,0.09,0.06,0.04,0.0,0.06,0.13,0.0,0.04,0.12,0.1,0.04,0.12,0.04,0.04,0.08
timballo di riso,0.14,0.12,0.04,0.04,0.16,0.0,0.04,0.0,0.0,0.04,0.0,0.0,0.04,0.03,0.09,0.03,0.05,0.04,0.09,0.06,0.04,0.12,0.04,0.04,0.09,0.04,0.0,0.08,0.07,0.14,0.1,0.12,0.04,0.07,0.04,0.12,0.12,0.0,0.12,0.04,0.0,0.09,0.1,0.04,0.0,0.17,0.06,0.04,0.04,0.12,0.13,0.03,0.03,0.0,0.06,0.04,0.03,0.08,0.14,0.03,0.04,0.04,0.0,0.04,0.08,0.0,0.05,0.0,0.14,0.04,0.06,0.03,0.04,0.0,0.18,0.04,0.0,0.04,0.04,0.04,0.04,0.04,0.12,0.04,0.04,0.08,0.0,0.0,0.0,0.04,0.04,0.04,0.06,0.08,0.08,0.04,0.04,0.04,0.04,0.04,0.04,0.04,0.0,0.04,0.04,0.04,0.04,0.04,0.04,0.04,0.0,0.04,0.04,0.06,0.08,0.08,0.04,0.03,0.04,0.06,0.0,0.04,0.04,0.17,0.08,0.1,0.19,0.14,0.14,0.11,0.13,0.18,0.08,0.0,0.03,0.08,0.08,0.08,0.04,0.14,0.14,0.13,0.04,0.04,0.1,0.0,0.08,0.0,0.0,0.0,0.0,0.04,0.12,0.07,0.12,0.04,0.0,0.12,0.04,0.06,0.05,0.0,0.04,0.12,0.09,0.06,0.12,0.08,0.04,0.16,0.04,0.16,0.04,0.04,0.13,0.04,0.04,0.04,0.12,0.04,0.04,0.04,0.04,0.12,0.04,0.05,0.04,0.0,0.13,0.1,0.04,0.14,0.04,0.03,0.04,0.04,0.0,0.12,0.04,0.05,0.04,0.08,0.04,0.16,0.14,0.04,0.04,0.12,0.12,0.0,0.04,0.04,0.14,0.08,0.04,0.08,0.0,0.0,0.12,0.05,0.0,0.12,0.06,0.06,0.04,0.0,0.0,0.13,0.04,0.04,0.08,0.03,0.0,0.08,0.19,0.08,0.04,0.08,0.0,0.0,0.0,0.0,0.08,0.0,0.08,0.02,0.14,0.15,0.0,0.1,0.04,0.04,0.04,0.04,0.08,0.12,0.0,0.04,0.04,0.04,0.08,0.15,0.04,0.0,0.13,0.06,0.25,0.08,0.16,0.16,0.12,0.09,0.02,0.05,0.05,0.0,0.0,0.04,0.12,0.15,0.04,0.04,0.14,0.06,0.12,0.14,0.0,0.04,0.04,0.04,0.0,0.06,0.12,1.0,0.08,0.04,0.04,0.12,0.12,0.14,0.03,0.0,0.0,0.1,0.06,0.08,0.08,0.09,0.08,0.0,0.03,0.14,0.13,0.0,0.11,0.1,0.0,0.16,0.08,0.06,0.0,0.0,0.05,0.22,0.04,0.03,0.13,0.16,0.0,0.04,0.03,0.04,0.0,0.04,0.04,0.15,0.1,0.12,0.04,0.04,0.04
timballo di riso al forno vegetariano,0.06,0.13,0.1,0.12,0.08,0.0,0.12,0.12,0.0,0.16,0.0,0.12,0.14,0.05,0.12,0.02,0.13,0.1,0.12,0.05,0.16,0.08,0.1,0.16,0.04,0.09,0.06,0.1,0.06,0.18,0.11,0.1,0.1,0.09,0.1,0.1,0.04,0.0,0.07,0.06,0.07,0.1,0.06,0.07,0.0,0.08,0.0,0.03,0.03,0.1,0.12,0.12,0.12,0.0,0.15,0.16,0.06,0.14,0.09,0.16,0.06,0.1,0.0,0.12,0.14,0.05,0.04,0.1,0.18,0.1,0.1,0.08,0.1,0.0,0.12,0.09,0.06,0.03,0.04,0.13,0.14,0.12,0.17,0.19,0.09,0.17,0.06,0.0,0.08,0.03,0.09,0.1,0.09,0.12,0.1,0.12,0.12,0.14,0.1,0.1,0.1,0.1,0.04,0.1,0.04,0.1,0.12,0.06,0.04,0.09,0.03,0.04,0.12,0.09,0.1,0.1,0.1,0.12,0.1,0.1,0.03,0.12,0.12,0.15,0.1,0.15,0.17,0.16,0.15,0.16,0.15,0.14,0.04,0.0,0.14,0.14,0.1,0.16,0.1,0.1,0.02,0.12,0.08,0.06,0.12,0.06,0.24,0.04,0.04,0.04,0.1,0.1,0.1,0.16,0.1,0.03,0.06,0.04,0.0,0.08,0.04,0.0,0.14,0.1,0.12,0.2,0.22,0.2,0.06,0.14,0.16,0.1,0.1,0.08,0.12,0.04,0.1,0.12,0.14,0.04,0.1,0.04,0.12,0.14,0.03,0.04,0.12,0.0,0.12,0.09,0.1,0.04,0.04,0.03,0.12,0.1,0.08,0.1,0.12,0.04,0.15,0.07,0.09,0.17,0.13,0.15,0.06,0.14,0.14,0.0,0.13,0.08,0.13,0.14,0.16,0.1,0.0,0.05,0.14,0.13,0.0,0.1,0.16,0.09,0.14,0.04,0.08,0.04,0.12,0.14,0.1,0.0,0.06,0.18,0.1,0.08,0.0,0.16,0.0,0.08,0.0,0.06,0.17,0.0,0.1,0.16,0.2,0.14,0.07,0.09,0.08,0.15,0.12,0.14,0.1,0.04,0.03,0.04,0.04,0.09,0.1,0.08,0.12,0.0,0.08,0.1,0.08,0.14,0.17,0.11,0.04,0.08,0.02,0.13,0.04,0.08,0.04,0.1,0.1,0.14,0.04,0.08,0.09,0.12,0.13,0.1,0.0,0.06,0.09,0.04,0.07,0.22,0.2,0.08,1.0,0.08,0.04,0.2,0.18,0.15,0.03,0.04,0.08,0.08,0.23,0.06,0.07,0.0,0.03,0.06,0.03,0.16,0.26,0.08,0.03,0.12,0.0,0.2,0.1,0.0,0.0,0.04,0.08,0.14,0.12,0.06,0.08,0.03,0.04,0.0,0.06,0.14,0.03,0.03,0.1,0.08,0.06,0.14,0.04,0.06,0.1
toast alla francese con cotto e leerdammer,0.04,0.14,0.06,0.06,0.1,0.0,0.06,0.1,0.0,0.18,0.06,0.05,0.06,0.04,0.07,0.0,0.08,0.06,0.07,0.0,0.11,0.04,0.12,0.07,0.0,0.11,0.06,0.06,0.11,0.14,0.16,0.06,0.06,0.11,0.06,0.06,0.0,0.0,0.0,0.0,0.06,0.04,0.1,0.0,0.0,0.0,0.0,0.0,0.0,0.06,0.0,0.05,0.05,0.0,0.0,0.12,0.1,0.12,0.0,0.14,0.06,0.06,0.0,0.14,0.12,0.04,0.0,0.12,0.05,0.06,0.08,0.0,0.06,0.08,0.14,0.06,0.0,0.0,0.0,0.06,0.06,0.11,0.06,0.06,0.06,0.18,0.0,0.0,0.08,0.0,0.1,0.12,0.05,0.14,0.06,0.06,0.07,0.12,0.12,0.06,0.06,0.12,0.0,0.06,0.0,0.06,0.05,0.0,0.0,0.11,0.0,0.0,0.14,0.1,0.06,0.12,0.06,0.05,0.06,0.09,0.0,0.06,0.11,0.06,0.12,0.05,0.12,0.06,0.1,0.06,0.06,0.1,0.0,0.0,0.1,0.18,0.17,0.06,0.06,0.06,0.0,0.05,0.07,0.06,0.05,0.0,0.12,0.0,0.0,0.0,0.06,0.06,0.12,0.06,0.06,0.0,0.0,0.0,0.0,0.0,0.0,0.0,0.06,0.06,0.14,0.22,0.12,0.14,0.06,0.12,0.07,0.06,0.06,0.06,0.06,0.0,0.06,0.06,0.05,0.0,0.06,0.0,0.06,0.06,0.0,0.0,0.06,0.0,0.14,0.05,0.06,0.0,0.0,0.0,0.06,0.06,0.07,0.06,0.07,0.0,0.06,0.12,0.16,0.15,0.06,0.06,0.06,0.06,0.06,0.0,0.06,0.06,0.06,0.08,0.11,0.06,0.0,0.0,0.06,0.08,0.0,0.0,0.1,0.05,0.06,0.0,0.05,0.0,0.06,0.06,0.06,0.05,0.06,0.12,0.18,0.14,0.05,0.12,0.0,0.06,0.0,0.05,0.18,0.06,0.06,0.08,0.08,0.1,0.04,0.05,0.07,0.06,0.06,0.06,0.12,0.06,0.0,0.0,0.0,0.05,0.0,0.0,0.07,0.0,0.0,0.0,0.0,0.12,0.06,0.0,0.06,0.14,0.0,0.08,0.0,0.07,0.06,0.06,0.19,0.14,0.0,0.0,0.05,0.05,0.14,0.06,0.0,0.0,0.06,0.0,0.06,0.1,0.14,0.04,0.08,1.0,0.0,0.09,0.12,0.05,0.0,0.0,0.07,0.1,0.1,0.12,0.06,0.0,0.12,0.0,0.05,0.12,0.1,0.08,0.06,0.05,0.0,0.13,0.12,0.0,0.0,0.06,0.05,0.1,0.06,0.05,0.0,0.0,0.0,0.06,0.04,0.06,0.0,0.0,0.06,0.04,0.0,0.06,0.0,0.0,0.06
tomino e speck burger,0.04,0.04,0.06,0.06,0.04,0.0,0.06,0.05,0.06,0.06,0.0,0.05,0.06,0.0,0.06,0.04,0.07,0.06,0.06,0.08,0.05,0.04,0.06,0.06,0.06,0.1,0.0,0.06,0.0,0.04,0.0,0.06,0.06,0.05,0.06,0.06,0.06,0.0,0.0,0.0,0.0,0.08,0.0,0.0,0.0,0.0,0.0,0.06,0.05,0.06,0.1,0.04,0.04,0.0,0.0,0.06,0.0,0.04,0.1,0.0,0.0,0.06,0.0,0.06,0.0,0.0,0.07,0.0,0.05,0.06,0.0,0.04,0.06,0.0,0.06,0.05,0.0,0.0,0.06,0.06,0.0,0.0,0.0,0.0,0.1,0.1,0.0,0.0,0.0,0.05,0.1,0.11,0.05,0.06,0.06,0.12,0.2,0.06,0.1,0.06,0.06,0.06,0.0,0.06,0.06,0.12,0.05,0.06,0.12,0.05,0.0,0.06,0.06,0.05,0.1,0.06,0.1,0.04,0.06,0.04,0.0,0.06,0.05,0.0,0.06,0.0,0.06,0.06,0.0,0.06,0.06,0.04,0.0,0.0,0.04,0.0,0.06,0.06,0.06,0.06,0.04,0.04,0.0,0.0,0.05,0.0,0.06,0.0,0.0,0.06,0.0,0.06,0.12,0.0,0.06,0.06,0.0,0.04,0.0,0.06,0.07,0.0,0.06,0.06,0.0,0.04,0.0,0.03,0.0,0.06,0.06,0.06,0.06,0.0,0.06,0.06,0.06,0.06,0.04,0.06,0.06,0.06,0.06,0.06,0.06,0.07,0.06,0.0,0.0,0.05,0.12,0.14,0.06,0.04,0.06,0.06,0.0,0.06,0.06,0.07,0.06,0.0,0.05,0.04,0.06,0.0,0.0,0.06,0.06,0.0,0.06,0.0,0.06,0.16,0.05,0.06,0.0,0.0,0.06,0.1,0.0,0.0,0.0,0.0,0.06,0.0,0.0,0.06,0.06,0.06,0.06,0.04,0.0,0.08,0.06,0.0,0.0,0.06,0.0,0.0,0.04,0.0,0.04,0.0,0.06,0.04,0.08,0.04,0.04,0.05,0.0,0.06,0.06,0.06,0.06,0.06,0.0,0.06,0.0,0.05,0.06,0.0,0.06,0.0,0.0,0.0,0.0,0.0,0.24,0.04,0.06,0.0,0.06,0.07,0.07,0.0,0.0,0.06,0.06,0.04,0.06,0.06,0.05,0.04,0.04,0.06,0.0,0.23,0.05,0.06,0.0,0.09,0.04,0.04,0.04,0.0,1.0,0.08,0.06,0.1,0.0,0.0,0.0,0.04,0.04,0.0,0.0,0.0,0.06,0.0,0.0,0.06,0.04,0.0,0.06,0.0,0.0,0.06,0.06,0.04,0.0,0.0,0.0,0.04,0.0,0.0,0.12,0.04,0.0,0.0,0.0,0.0,0.0,0.06,0.06,0.04,0.04,0.06,0.06,0.05,0.0
torta alle cipolle caramellate,0.12,0.14,0.07,0.12,0.1,0.0,0.12,0.1,0.04,0.15,0.0,0.1,0.08,0.06,0.14,0.06,0.1,0.08,0.09,0.1,0.1,0.06,0.08,0.09,0.04,0.07,0.08,0.1,0.1,0.27,0.1,0.15,0.08,0.07,0.07,0.12,0.12,0.0,0.12,0.06,0.08,0.12,0.1,0.08,0.02,0.08,0.0,0.07,0.06,0.08,0.1,0.1,0.1,0.04,0.23,0.14,0.06,0.13,0.16,0.14,0.07,0.1,0.0,0.08,0.2,0.03,0.07,0.12,0.2,0.1,0.1,0.03,0.08,0.05,0.14,0.07,0.04,0.04,0.08,0.25,0.2,0.1,0.15,0.12,0.07,0.14,0.04,0.0,0.05,0.04,0.1,0.11,0.06,0.12,0.08,0.08,0.09,0.08,0.1,0.08,0.11,0.1,0.0,0.12,0.04,0.12,0.06,0.04,0.04,0.1,0.0,0.04,0.09,0.1,0.07,0.08,0.1,0.06,0.07,0.12,0.04,0.08,0.17,0.12,0.07,0.13,0.15,0.18,0.13,0.07,0.08,0.18,0.04,0.0,0.1,0.11,0.1,0.07,0.11,0.1,0.03,0.06,0.14,0.15,0.1,0.12,0.26,0.04,0.0,0.09,0.04,0.1,0.08,0.14,0.08,0.04,0.04,0.05,0.0,0.13,0.05,0.0,0.08,0.11,0.04,0.2,0.2,0.23,0.04,0.08,0.14,0.11,0.08,0.04,0.08,0.04,0.08,0.08,0.12,0.04,0.08,0.08,0.08,0.12,0.04,0.05,0.12,0.0,0.04,0.06,0.12,0.04,0.04,0.03,0.08,0.08,0.09,0.08,0.14,0.05,0.08,0.04,0.13,0.22,0.1,0.21,0.04,0.11,0.11,0.0,0.14,0.04,0.1,0.18,0.17,0.11,0.04,0.02,0.16,0.12,0.0,0.12,0.12,0.13,0.15,0.0,0.06,0.08,0.16,0.08,0.08,0.06,0.04,0.1,0.11,0.08,0.04,0.18,0.0,0.08,0.03,0.04,0.24,0.0,0.07,0.14,0.22,0.2,0.1,0.1,0.04,0.08,0.08,0.08,0.08,0.04,0.04,0.08,0.0,0.1,0.12,0.1,0.09,0.0,0.12,0.1,0.08,0.12,0.18,0.12,0.12,0.14,0.06,0.1,0.05,0.09,0.08,0.11,0.12,0.12,0.04,0.04,0.13,0.1,0.12,0.1,0.0,0.07,0.1,0.04,0.08,0.18,0.18,0.12,0.2,0.09,0.08,1.0,0.08,0.23,0.06,0.11,0.04,0.16,0.22,0.07,0.12,0.0,0.07,0.0,0.06,0.18,0.28,0.1,0.1,0.2,0.04,0.2,0.14,0.0,0.02,0.0,0.11,0.12,0.12,0.03,0.04,0.09,0.0,0.04,0.09,0.16,0.06,0.04,0.07,0.09,0.03,0.11,0.04,0.07,0.07
torta di riso con verdure e prosciutto,0.04,0.24,0.1,0.12,0.09,0.0,0.12,0.09,0.0,0.15,0.06,0.04,0.1,0.04,0.12,0.04,0.14,0.1,0.12,0.08,0.14,0.08,0.1,0.12,0.06,0.1,0.06,0.1,0.05,0.13,0.1,0.16,0.16,0.1,0.1,0.11,0.11,0.0,0.06,0.0,0.06,0.12,0.04,0.0,0.0,0.06,0.0,0.05,0.04,0.1,0.14,0.18,0.09,0.0,0.0,0.15,0.04,0.08,0.04,0.08,0.05,0.1,0.0,0.12,0.06,0.04,0.06,0.11,0.14,0.1,0.0,0.04,0.1,0.07,0.19,0.1,0.0,0.0,0.06,0.05,0.06,0.1,0.16,0.06,0.1,0.16,0.0,0.0,0.07,0.05,0.09,0.1,0.09,0.12,0.11,0.12,0.12,0.16,0.1,0.11,0.1,0.1,0.06,0.11,0.06,0.11,0.09,0.06,0.06,0.14,0.04,0.06,0.12,0.09,0.1,0.1,0.1,0.18,0.1,0.12,0.0,0.12,0.05,0.12,0.1,0.09,0.16,0.15,0.14,0.15,0.24,0.12,0.0,0.0,0.14,0.26,0.15,0.2,0.1,0.15,0.08,0.14,0.06,0.0,0.14,0.0,0.34,0.0,0.0,0.0,0.05,0.15,0.16,0.05,0.16,0.05,0.05,0.04,0.0,0.06,0.07,0.0,0.11,0.16,0.25,0.16,0.22,0.14,0.05,0.4,0.19,0.21,0.11,0.12,0.18,0.06,0.11,0.12,0.13,0.06,0.11,0.06,0.12,0.22,0.05,0.07,0.18,0.0,0.18,0.09,0.11,0.12,0.12,0.04,0.12,0.11,0.06,0.16,0.12,0.07,0.18,0.11,0.14,0.22,0.2,0.06,0.1,0.21,0.21,0.0,0.1,0.06,0.2,0.15,0.14,0.1,0.0,0.08,0.16,0.14,0.0,0.11,0.17,0.09,0.1,0.0,0.04,0.06,0.12,0.11,0.1,0.0,0.1,0.22,0.16,0.12,0.0,0.15,0.0,0.06,0.0,0.04,0.12,0.1,0.15,0.1,0.19,0.12,0.04,0.09,0.06,0.18,0.12,0.1,0.11,0.16,0.0,0.06,0.0,0.14,0.06,0.07,0.12,0.0,0.06,0.0,0.0,0.06,0.16,0.04,0.29,0.38,0.03,0.2,0.07,0.06,0.12,0.16,0.22,0.08,0.06,0.12,0.09,0.09,0.12,0.15,0.0,0.05,0.1,0.06,0.06,0.16,0.17,0.12,0.18,0.12,0.06,0.08,1.0,0.18,0.0,0.0,0.06,0.18,0.14,0.1,0.11,0.12,0.05,0.08,0.04,0.2,0.22,0.07,0.1,0.14,0.0,0.2,0.15,0.04,0.0,0.11,0.06,0.14,0.06,0.04,0.18,0.13,0.0,0.0,0.04,0.06,0.04,0.05,0.1,0.08,0.08,0.16,0.06,0.05,0.05
torta di riso spezzina,0.2,0.2,0.12,0.2,0.11,0.0,0.14,0.12,0.04,0.2,0.0,0.08,0.13,0.04,0.21,0.1,0.17,0.13,0.16,0.18,0.16,0.1,0.13,0.16,0.1,0.12,0.09,0.21,0.12,0.22,0.08,0.22,0.14,0.12,0.12,0.14,0.23,0.0,0.09,0.0,0.09,0.17,0.08,0.04,0.06,0.1,0.0,0.12,0.16,0.13,0.18,0.11,0.15,0.08,0.12,0.21,0.08,0.06,0.19,0.1,0.04,0.16,0.04,0.14,0.04,0.06,0.22,0.14,0.27,0.16,0.0,0.08,0.13,0.06,0.26,0.12,0.04,0.08,0.13,0.16,0.09,0.12,0.13,0.05,0.12,0.18,0.0,0.0,0.06,0.08,0.12,0.18,0.12,0.14,0.14,0.14,0.16,0.14,0.16,0.14,0.13,0.16,0.04,0.18,0.1,0.14,0.12,0.09,0.1,0.45,0.32,0.14,0.16,0.12,0.12,0.13,0.16,0.11,0.12,0.14,0.08,0.14,0.12,0.1,0.12,0.12,0.18,0.16,0.12,0.12,0.2,0.14,0.05,0.0,0.15,0.18,0.12,0.33,0.13,0.12,0.1,0.11,0.05,0.13,0.16,0.14,0.26,0.04,0.0,0.05,0.04,0.12,0.18,0.04,0.18,0.08,0.04,0.62,0.0,0.2,0.12,0.0,0.14,0.18,0.1,0.2,0.18,0.24,0.04,0.18,0.16,0.18,0.14,0.05,0.2,0.1,0.14,0.14,0.18,0.1,0.14,0.14,0.14,0.18,0.08,0.12,0.14,0.05,0.1,0.12,0.14,0.21,0.1,0.08,0.14,0.14,0.05,0.18,0.16,0.12,0.14,0.09,0.16,0.22,0.21,0.05,0.04,0.22,0.22,0.0,0.25,0.05,0.21,0.22,0.2,0.18,0.09,0.1,0.28,0.22,0.05,0.09,0.14,0.19,0.22,0.0,0.04,0.14,0.2,0.14,0.13,0.08,0.04,0.18,0.18,0.14,0.08,0.16,0.05,0.1,0.1,0.04,0.19,0.0,0.12,0.2,0.26,0.24,0.09,0.12,0.05,0.14,0.14,0.13,0.14,0.13,0.04,0.1,0.0,0.16,0.09,0.06,0.16,0.05,0.05,0.0,0.0,0.04,0.18,0.04,0.18,0.16,0.13,0.17,0.17,0.05,0.05,0.13,0.23,0.1,0.1,0.1,0.16,0.11,0.14,0.16,0.0,0.12,0.12,0.1,0.04,0.28,0.22,0.14,0.15,0.05,0.1,0.23,0.18,1.0,0.11,0.13,0.05,0.26,0.22,0.12,0.14,0.05,0.12,0.0,0.1,0.21,0.3,0.12,0.16,0.19,0.1,0.26,0.12,0.04,0.03,0.04,0.13,0.15,0.05,0.04,0.2,0.14,0.0,0.05,0.1,0.04,0.04,0.08,0.12,0.1,0.07,0.18,0.14,0.12,0.04
torta pasqualina ligure,0.0,0.0,0.0,0.0,0.0,0.0,0.0,0.04,0.04,0.02,0.0,0.0,0.0,0.0,0.05,0.0,0.0,0.0,0.0,0.0,0.0,0.0,0.0,0.0,0.0,0.0,0.0,0.12,0.0,0.0,0.0,0.04,0.0,0.0,0.0,0.04,0.09,0.06,0.04,0.0,0.0,0.0,0.0,0.0,0.21,0.04,0.14,0.04,0.08,0.04,0.07,0.0,0.0,0.0,0.04,0.04,0.1,0.03,0.18,0.0,0.0,0.0,0.07,0.0,0.0,0.03,0.13,0.0,0.08,0.08,0.0,0.0,0.0,0.0,0.1,0.0,0.04,0.0,0.04,0.16,0.0,0.04,0.0,0.0,0.0,0.02,0.0,0.0,0.0,0.0,0.0,0.04,0.0,0.0,0.04,0.0,0.0,0.0,0.04,0.0,0.0,0.04,0.12,0.04,0.0,0.0,0.0,0.0,0.0,0.04,0.1,0.04,0.0,0.0,0.0,0.0,0.04,0.0,0.0,0.06,0.2,0.0,0.0,0.0,0.0,0.0,0.04,0.0,0.0,0.04,0.0,0.04,0.1,0.0,0.0,0.04,0.0,0.04,0.0,0.04,0.0,0.0,0.0,0.0,0.0,0.06,0.04,0.04,0.0,0.05,0.0,0.0,0.0,0.04,0.0,0.0,0.04,0.08,0.0,0.14,0.0,0.0,0.0,0.0,0.0,0.0,0.0,0.04,0.04,0.0,0.0,0.0,0.0,0.04,0.0,0.0,0.0,0.0,0.1,0.0,0.0,0.04,0.0,0.0,0.04,0.0,0.0,0.1,0.04,0.0,0.0,0.05,0.0,0.0,0.0,0.0,0.0,0.0,0.0,0.0,0.0,0.0,0.0,0.04,0.08,0.0,0.0,0.04,0.04,0.0,0.12,0.0,0.0,0.03,0.04,0.04,0.08,0.24,0.04,0.08,0.04,0.0,0.04,0.04,0.04,0.0,0.0,0.1,0.04,0.04,0.08,0.1,0.04,0.03,0.0,0.04,0.0,0.08,0.14,0.04,0.1,0.0,0.09,0.0,0.04,0.03,0.06,0.2,0.06,0.0,0.0,0.0,0.0,0.0,0.04,0.0,0.04,0.0,0.05,0.04,0.0,0.0,0.0,0.1,0.0,0.0,0.0,0.04,0.0,0.04,0.04,0.05,0.1,0.0,0.06,0.0,0.04,0.0,0.04,0.0,0.0,0.0,0.0,0.0,0.0,0.08,0.0,0.08,0.0,0.0,0.0,0.04,0.04,0.03,0.03,0.0,0.0,0.06,0.0,0.11,1.0,0.04,0.0,0.07,0.04,0.04,0.04,0.0,0.04,0.0,0.14,0.04,0.07,0.06,0.04,0.04,0.15,0.02,0.0,0.0,0.03,0.0,0.0,0.04,0.1,0.0,0.04,0.0,0.0,0.04,0.0,0.0,0.0,0.0,0.0,0.04,0.0,0.08,0.09,0.0,0.04
torta rustica con fave e pecorino,0.06,0.04,0.0,0.0,0.0,0.0,0.06,0.04,0.0,0.0,0.0,0.04,0.0,0.0,0.06,0.0,0.0,0.0,0.0,0.07,0.0,0.0,0.0,0.0,0.0,0.0,0.0,0.0,0.0,0.09,0.0,0.1,0.0,0.0,0.0,0.0,0.06,0.0,0.06,0.0,0.0,0.0,0.04,0.0,0.03,0.0,0.0,0.0,0.0,0.0,0.0,0.0,0.04,0.0,0.18,0.0,0.0,0.0,0.09,0.04,0.0,0.0,0.0,0.0,0.0,0.0,0.2,0.06,0.04,0.0,0.0,0.0,0.0,0.06,0.06,0.0,0.04,0.0,0.05,0.05,0.1,0.04,0.05,0.0,0.0,0.0,0.0,0.0,0.0,0.0,0.04,0.05,0.04,0.0,0.0,0.0,0.0,0.0,0.0,0.0,0.0,0.05,0.0,0.06,0.0,0.0,0.0,0.0,0.0,0.04,0.0,0.0,0.0,0.0,0.0,0.0,0.19,0.0,0.0,0.04,0.0,0.0,0.14,0.06,0.0,0.04,0.0,0.05,0.04,0.0,0.0,0.0,0.0,0.0,0.0,0.1,0.0,0.0,0.0,0.0,0.0,0.0,0.06,0.1,0.04,0.16,0.15,0.06,0.0,0.06,0.0,0.0,0.0,0.0,0.0,0.0,0.1,0.0,0.0,0.06,0.0,0.0,0.0,0.0,0.0,0.08,0.1,0.11,0.04,0.0,0.0,0.0,0.0,0.0,0.0,0.0,0.0,0.0,0.0,0.0,0.0,0.0,0.0,0.0,0.0,0.0,0.0,0.0,0.0,0.0,0.0,0.0,0.0,0.0,0.0,0.0,0.0,0.0,0.06,0.0,0.0,0.0,0.04,0.08,0.0,0.0,0.0,0.05,0.05,0.0,0.05,0.0,0.05,0.0,0.04,0.0,0.0,0.04,0.06,0.0,0.0,0.06,0.08,0.13,0.1,0.0,0.04,0.0,0.22,0.06,0.0,0.0,0.0,0.0,0.0,0.06,0.0,0.05,0.0,0.0,0.0,0.0,0.08,0.05,0.0,0.1,0.04,0.08,0.0,0.0,0.0,0.0,0.0,0.0,0.0,0.0,0.04,0.0,0.0,0.04,0.0,0.0,0.0,0.0,0.0,0.07,0.0,0.0,0.0,0.0,0.06,0.06,0.03,0.0,0.0,0.0,0.06,0.0,0.06,0.0,0.0,0.0,0.0,0.0,0.0,0.0,0.0,0.0,0.04,0.0,0.0,0.04,0.04,0.0,0.04,0.0,0.0,0.11,0.0,0.13,0.04,1.0,0.0,0.08,0.12,0.1,0.1,0.0,0.0,0.0,0.0,0.05,0.12,0.06,0.05,0.13,0.06,0.08,0.0,0.0,0.0,0.0,0.06,0.0,0.06,0.0,0.0,0.0,0.0,0.0,0.08,0.0,0.0,0.0,0.0,0.0,0.0,0.0,0.0,0.0,0.0
"torta rustica con patate, scamorza e tonno",0.0,0.09,0.06,0.06,0.1,0.0,0.06,0.1,0.0,0.1,0.0,0.05,0.06,0.04,0.07,0.0,0.08,0.06,0.07,0.0,0.11,0.04,0.06,0.07,0.0,0.06,0.06,0.06,0.06,0.08,0.08,0.06,0.06,0.06,0.06,0.06,0.06,0.0,0.0,0.0,0.06,0.04,0.1,0.0,0.0,0.0,0.0,0.0,0.0,0.06,0.0,0.05,0.05,0.06,0.0,0.12,0.05,0.08,0.0,0.09,0.06,0.06,0.0,0.06,0.12,0.04,0.0,0.12,0.05,0.12,0.08,0.0,0.06,0.08,0.07,0.06,0.0,0.0,0.06,0.06,0.06,0.06,0.06,0.06,0.06,0.1,0.0,0.0,0.08,0.0,0.05,0.06,0.05,0.06,0.06,0.06,0.07,0.06,0.06,0.06,0.06,0.06,0.0,0.06,0.0,0.06,0.05,0.0,0.0,0.11,0.0,0.0,0.07,0.05,0.06,0.06,0.06,0.05,0.06,0.04,0.0,0.19,0.06,0.06,0.06,0.05,0.06,0.06,0.05,0.12,0.06,0.04,0.0,0.0,0.1,0.06,0.06,0.06,0.06,0.06,0.0,0.05,0.0,0.0,0.05,0.0,0.06,0.0,0.0,0.0,0.06,0.06,0.06,0.06,0.12,0.0,0.0,0.0,0.0,0.0,0.0,0.0,0.06,0.06,0.07,0.09,0.06,0.14,0.06,0.06,0.07,0.06,0.06,0.06,0.06,0.0,0.06,0.06,0.1,0.0,0.06,0.0,0.06,0.12,0.0,0.0,0.06,0.0,0.06,0.05,0.06,0.0,0.0,0.12,0.06,0.06,0.07,0.06,0.24,0.0,0.06,0.06,0.05,0.05,0.12,0.06,0.2,0.06,0.06,0.0,0.06,0.06,0.06,0.08,0.11,0.06,0.0,0.0,0.06,0.08,0.0,0.0,0.1,0.05,0.12,0.0,0.05,0.0,0.06,0.06,0.06,0.0,0.06,0.08,0.06,0.06,0.0,0.06,0.0,0.06,0.0,0.05,0.08,0.0,0.06,0.08,0.08,0.04,0.04,0.05,0.07,0.06,0.06,0.06,0.06,0.0,0.0,0.0,0.0,0.05,0.0,0.0,0.07,0.0,0.0,0.0,0.0,0.06,0.06,0.0,0.0,0.07,0.0,0.08,0.0,0.07,0.0,0.06,0.12,0.04,0.0,0.0,0.05,0.05,0.04,0.12,0.0,0.0,0.06,0.0,0.06,0.1,0.23,0.0,0.08,0.07,0.0,0.04,0.06,0.05,0.0,0.0,1.0,0.1,0.1,0.12,0.06,0.0,0.06,0.1,0.0,0.12,0.15,0.16,0.06,0.05,0.07,0.13,0.24,0.0,0.0,0.0,0.05,0.05,0.0,0.05,0.0,0.0,0.0,0.0,0.04,0.06,0.0,0.0,0.06,0.04,0.0,0.06,0.0,0.0,0.06
torta salata ai funghi porcini e patate,0.1,0.16,0.08,0.14,0.1,0.0,0.2,0.11,0.0,0.2,0.0,0.11,0.08,0.06,0.15,0.1,0.11,0.12,0.1,0.12,0.12,0.12,0.25,0.25,0.1,0.2,0.08,0.12,0.08,0.16,0.14,0.21,0.14,0.16,0.12,0.09,0.22,0.0,0.09,0.0,0.09,0.13,0.1,0.0,0.05,0.04,0.0,0.12,0.08,0.12,0.14,0.1,0.1,0.04,0.08,0.16,0.1,0.06,0.11,0.13,0.04,0.08,0.04,0.14,0.09,0.13,0.08,0.09,0.24,0.12,0.06,0.07,0.12,0.06,0.26,0.22,0.04,0.08,0.08,0.12,0.09,0.2,0.21,0.04,0.08,0.18,0.0,0.0,0.06,0.04,0.24,0.27,0.2,0.26,0.18,0.18,0.16,0.26,0.29,0.19,0.2,0.24,0.0,0.26,0.04,0.22,0.15,0.04,0.04,0.24,0.07,0.04,0.28,0.2,0.14,0.22,0.24,0.24,0.2,0.32,0.04,0.15,0.08,0.2,0.08,0.11,0.17,0.12,0.15,0.16,0.19,0.14,0.04,0.0,0.1,0.12,0.12,0.08,0.12,0.22,0.1,0.14,0.05,0.08,0.11,0.06,0.27,0.14,0.0,0.1,0.04,0.32,0.22,0.08,0.14,0.08,0.08,0.08,0.04,0.1,0.06,0.0,0.09,0.12,0.1,0.16,0.14,0.22,0.08,0.14,0.1,0.12,0.18,0.1,0.19,0.04,0.14,0.14,0.1,0.1,0.22,0.14,0.14,0.14,0.04,0.11,0.1,0.0,0.14,0.11,0.09,0.1,0.05,0.1,0.14,0.09,0.18,0.21,0.1,0.06,0.14,0.22,0.15,0.25,0.4,0.15,0.21,0.21,0.21,0.0,0.12,0.04,0.12,0.18,0.16,0.12,0.04,0.13,0.18,0.14,0.0,0.14,0.31,0.25,0.22,0.0,0.04,0.1,0.14,0.09,0.08,0.04,0.12,0.23,0.12,0.19,0.04,0.16,0.04,0.18,0.04,0.04,0.22,0.04,0.08,0.14,0.18,0.16,0.16,0.11,0.05,0.14,0.14,0.12,0.14,0.27,0.08,0.04,0.0,0.35,0.09,0.11,0.1,0.05,0.04,0.0,0.0,0.14,0.12,0.04,0.14,0.3,0.05,0.36,0.11,0.05,0.1,0.21,0.22,0.14,0.1,0.1,0.11,0.07,0.13,0.16,0.0,0.12,0.08,0.1,0.09,0.16,0.29,0.1,0.08,0.1,0.04,0.16,0.18,0.26,0.07,0.08,0.1,1.0,0.24,0.24,0.26,0.2,0.12,0.06,0.04,0.4,0.34,0.26,0.16,0.32,0.1,0.32,0.32,0.1,0.08,0.0,0.12,0.23,0.1,0.04,0.26,0.18,0.0,0.0,0.1,0.04,0.08,0.08,0.2,0.1,0.1,0.17,0.09,0.12,0.04
torta salata asparagi e ricotta,0.1,0.16,0.12,0.19,0.1,0.0,0.29,0.15,0.0,0.22,0.0,0.08,0.12,0.06,0.15,0.06,0.16,0.12,0.15,0.06,0.2,0.1,0.25,0.25,0.05,0.12,0.12,0.16,0.12,0.41,0.11,0.38,0.14,0.12,0.12,0.14,0.09,0.0,0.09,0.04,0.14,0.13,0.07,0.04,0.0,0.2,0.0,0.08,0.08,0.12,0.1,0.1,0.14,0.04,0.15,0.24,0.1,0.18,0.11,0.16,0.08,0.16,0.0,0.14,0.14,0.16,0.08,0.18,0.3,0.16,0.06,0.04,0.12,0.0,0.15,0.22,0.08,0.04,0.04,0.2,0.18,0.16,0.17,0.14,0.12,0.2,0.0,0.0,0.11,0.04,0.28,0.22,0.28,0.26,0.22,0.23,0.21,0.26,0.32,0.28,0.2,0.29,0.0,0.26,0.04,0.26,0.18,0.04,0.04,0.24,0.0,0.04,0.28,0.28,0.18,0.22,0.32,0.27,0.24,0.26,0.04,0.2,0.16,0.29,0.16,0.15,0.17,0.36,0.15,0.2,0.14,0.14,0.04,0.0,0.18,0.12,0.12,0.16,0.12,0.12,0.03,0.1,0.05,0.08,0.15,0.06,0.31,0.0,0.0,0.0,0.08,0.12,0.14,0.12,0.26,0.04,0.04,0.06,0.0,0.08,0.06,0.0,0.14,0.12,0.1,0.28,0.18,0.24,0.08,0.14,0.15,0.12,0.14,0.1,0.19,0.04,0.14,0.14,0.14,0.04,0.14,0.04,0.14,0.14,0.04,0.06,0.14,0.0,0.1,0.15,0.14,0.05,0.05,0.04,0.14,0.28,0.18,0.21,0.2,0.06,0.14,0.09,0.11,0.18,0.24,0.24,0.08,0.12,0.12,0.0,0.2,0.1,0.16,0.21,0.2,0.17,0.04,0.03,0.22,0.18,0.0,0.09,0.27,0.25,0.31,0.0,0.1,0.1,0.19,0.18,0.12,0.04,0.08,0.29,0.12,0.26,0.0,0.2,0.0,0.23,0.04,0.08,0.22,0.0,0.12,0.22,0.22,0.16,0.18,0.11,0.1,0.19,0.14,0.12,0.14,0.04,0.0,0.04,0.0,0.3,0.09,0.06,0.15,0.0,0.04,0.12,0.04,0.14,0.17,0.07,0.04,0.1,0.08,0.25,0.06,0.1,0.0,0.12,0.14,0.14,0.04,0.04,0.15,0.1,0.13,0.16,0.0,0.08,0.16,0.04,0.09,0.26,0.29,0.06,0.23,0.1,0.04,0.22,0.14,0.22,0.04,0.12,0.1,0.24,1.0,0.32,0.26,0.0,0.04,0.0,0.04,0.24,0.44,0.42,0.08,0.28,0.0,0.59,0.19,0.04,0.03,0.0,0.11,0.23,0.1,0.07,0.04,0.07,0.0,0.0,0.14,0.14,0.04,0.08,0.12,0.1,0.04,0.17,0.04,0.12,0.08
"torta salata asparagi, salmone e feta",0.03,0.14,0.04,0.1,0.04,0.0,0.14,0.12,0.12,0.14,0.0,0.08,0.05,0.07,0.12,0.0,0.06,0.05,0.06,0.14,0.08,0.04,0.2,0.14,0.0,0.08,0.05,0.04,0.04,0.08,0.09,0.32,0.05,0.08,0.04,0.05,0.1,0.0,0.25,0.0,0.05,0.04,0.08,0.0,0.0,0.06,0.0,0.0,0.0,0.05,0.0,0.04,0.04,0.04,0.04,0.09,0.08,0.06,0.08,0.14,0.04,0.04,0.0,0.06,0.05,0.12,0.0,0.2,0.24,0.09,0.14,0.0,0.05,0.12,0.23,0.13,0.0,0.0,0.0,0.09,0.05,0.16,0.1,0.06,0.04,0.14,0.04,0.0,0.06,0.0,0.18,0.23,0.14,0.2,0.26,0.27,0.11,0.2,0.19,0.14,0.11,0.16,0.0,0.2,0.11,0.15,0.15,0.0,0.0,0.18,0.0,0.0,0.22,0.14,0.1,0.18,0.24,0.16,0.15,0.24,0.0,0.11,0.08,0.19,0.04,0.08,0.14,0.09,0.12,0.16,0.1,0.08,0.0,0.0,0.08,0.14,0.04,0.04,0.05,0.04,0.04,0.04,0.06,0.05,0.04,0.08,0.23,0.05,0.0,0.06,0.04,0.04,0.15,0.04,0.1,0.0,0.04,0.0,0.0,0.06,0.0,0.0,0.05,0.1,0.12,0.1,0.1,0.16,0.04,0.1,0.06,0.1,0.05,0.06,0.1,0.0,0.05,0.06,0.12,0.0,0.05,0.0,0.06,0.1,0.0,0.0,0.06,0.0,0.16,0.04,0.05,0.06,0.0,0.0,0.06,0.05,0.12,0.16,0.06,0.0,0.06,0.15,0.08,0.16,0.16,0.3,0.05,0.14,0.14,0.0,0.04,0.06,0.09,0.06,0.13,0.05,0.0,0.0,0.15,0.09,0.0,0.05,0.36,0.3,0.39,0.0,0.04,0.0,0.06,0.05,0.05,0.0,0.04,0.14,0.1,0.16,0.0,0.09,0.0,0.12,0.04,0.04,0.14,0.0,0.04,0.1,0.14,0.12,0.09,0.04,0.06,0.06,0.06,0.05,0.1,0.05,0.04,0.0,0.0,0.11,0.0,0.06,0.06,0.0,0.06,0.0,0.0,0.1,0.1,0.04,0.1,0.17,0.0,0.13,0.0,0.06,0.06,0.05,0.25,0.08,0.0,0.0,0.04,0.04,0.08,0.09,0.0,0.04,0.04,0.0,0.05,0.08,0.22,0.08,0.06,0.12,0.0,0.07,0.1,0.12,0.04,0.1,0.12,0.24,0.32,1.0,0.25,0.06,0.09,0.0,0.0,0.2,0.26,0.27,0.22,0.29,0.06,0.24,0.1,0.04,0.0,0.0,0.06,0.15,0.06,0.08,0.06,0.04,0.0,0.0,0.08,0.05,0.0,0.0,0.04,0.04,0.0,0.05,0.0,0.0,0.04
"torta salata con cavolfiore, una ricetta di recupero con una base croccante",0.04,0.2,0.05,0.06,0.04,0.0,0.3,0.14,0.0,0.09,0.0,0.09,0.06,0.04,0.12,0.0,0.07,0.06,0.06,0.08,0.1,0.04,0.22,0.19,0.0,0.05,0.06,0.05,0.05,0.16,0.14,0.16,0.06,0.05,0.05,0.11,0.11,0.08,0.11,0.0,0.06,0.08,0.04,0.0,0.04,0.06,0.0,0.0,0.0,0.06,0.0,0.09,0.04,0.0,0.09,0.1,0.04,0.08,0.09,0.12,0.1,0.1,0.0,0.06,0.11,0.16,0.0,0.11,0.19,0.05,0.0,0.0,0.06,0.07,0.19,0.18,0.05,0.0,0.06,0.15,0.16,0.05,0.1,0.06,0.05,0.09,0.04,0.0,0.07,0.0,0.26,0.23,0.26,0.22,0.16,0.16,0.14,0.22,0.22,0.18,0.19,0.2,0.0,0.28,0.0,0.28,0.13,0.0,0.0,0.26,0.0,0.0,0.23,0.21,0.12,0.18,0.32,0.3,0.22,0.33,0.0,0.12,0.14,0.3,0.26,0.09,0.16,0.2,0.14,0.15,0.12,0.12,0.0,0.0,0.09,0.16,0.05,0.05,0.1,0.1,0.04,0.04,0.06,0.06,0.04,0.08,0.23,0.06,0.0,0.06,0.05,0.1,0.11,0.1,0.11,0.0,0.1,0.0,0.0,0.03,0.0,0.0,0.06,0.16,0.12,0.08,0.11,0.2,0.05,0.11,0.12,0.16,0.06,0.06,0.12,0.0,0.06,0.06,0.08,0.0,0.06,0.0,0.06,0.16,0.0,0.0,0.12,0.0,0.12,0.04,0.11,0.06,0.0,0.0,0.06,0.06,0.16,0.2,0.19,0.0,0.06,0.11,0.14,0.14,0.2,0.24,0.06,0.16,0.16,0.0,0.05,0.06,0.1,0.08,0.19,0.06,0.0,0.0,0.11,0.06,0.0,0.06,0.38,0.26,0.23,0.0,0.14,0.0,0.06,0.11,0.06,0.0,0.05,0.17,0.1,0.18,0.0,0.1,0.0,0.16,0.0,0.04,0.12,0.0,0.05,0.1,0.19,0.12,0.12,0.09,0.06,0.06,0.06,0.06,0.06,0.06,0.05,0.06,0.0,0.19,0.0,0.07,0.06,0.0,0.12,0.08,0.0,0.06,0.16,0.04,0.11,0.25,0.03,0.17,0.0,0.12,0.42,0.1,0.16,0.04,0.0,0.0,0.09,0.09,0.08,0.1,0.0,0.0,0.14,0.0,0.11,0.08,0.23,0.08,0.07,0.06,0.0,0.12,0.11,0.14,0.04,0.1,0.06,0.26,0.26,0.25,1.0,0.06,0.0,0.0,0.0,0.3,0.43,0.26,0.1,0.44,0.06,0.32,0.18,0.04,0.0,0.0,0.06,0.19,0.06,0.04,0.06,0.08,0.0,0.0,0.12,0.11,0.04,0.0,0.05,0.08,0.0,0.06,0.0,0.0,0.1
torta salata con patate e prosciutto,0.04,0.04,0.0,0.0,0.0,0.0,0.0,0.0,0.0,0.0,0.0,0.0,0.0,0.0,0.0,0.0,0.0,0.0,0.0,0.0,0.0,0.0,0.0,0.0,0.0,0.0,0.0,0.0,0.0,0.04,0.12,0.06,0.06,0.0,0.0,0.0,0.06,0.0,0.06,0.0,0.0,0.04,0.0,0.0,0.08,0.06,0.0,0.0,0.0,0.0,0.0,0.0,0.05,0.0,0.0,0.0,0.0,0.0,0.05,0.0,0.0,0.0,0.0,0.0,0.0,0.0,0.0,0.0,0.1,0.12,0.0,0.0,0.0,0.0,0.07,0.0,0.0,0.0,0.0,0.0,0.0,0.14,0.2,0.0,0.0,0.0,0.0,0.0,0.0,0.0,0.0,0.0,0.0,0.0,0.0,0.0,0.0,0.06,0.0,0.0,0.0,0.14,0.0,0.0,0.0,0.0,0.0,0.0,0.0,0.0,0.0,0.0,0.0,0.0,0.0,0.0,0.0,0.0,0.0,0.04,0.0,0.0,0.0,0.06,0.0,0.05,0.06,0.12,0.05,0.06,0.06,0.04,0.0,0.06,0.0,0.06,0.0,0.0,0.06,0.22,0.04,0.05,0.0,0.0,0.0,0.0,0.0,0.0,0.0,0.0,0.0,0.24,0.06,0.06,0.06,0.06,0.0,0.0,0.0,0.0,0.0,0.0,0.0,0.12,0.07,0.0,0.06,0.04,0.06,0.06,0.0,0.06,0.0,0.0,0.06,0.06,0.06,0.0,0.05,0.06,0.0,0.0,0.0,0.06,0.0,0.0,0.0,0.0,0.06,0.05,0.06,0.07,0.0,0.1,0.0,0.0,0.0,0.06,0.0,0.0,0.0,0.06,0.0,0.05,0.2,0.0,0.15,0.06,0.06,0.0,0.0,0.0,0.06,0.0,0.0,0.0,0.0,0.18,0.06,0.0,0.0,0.19,0.05,0.05,0.0,0.0,0.0,0.16,0.0,0.0,0.0,0.0,0.06,0.04,0.06,0.06,0.0,0.06,0.0,0.0,0.0,0.0,0.0,0.06,0.0,0.0,0.04,0.04,0.0,0.0,0.0,0.0,0.0,0.06,0.0,0.22,0.0,0.0,0.0,0.14,0.0,0.08,0.0,0.0,0.06,0.0,0.0,0.0,0.06,0.05,0.06,0.24,0.11,0.16,0.0,0.0,0.14,0.15,0.06,0.04,0.06,0.06,0.1,0.05,0.09,0.06,0.0,0.0,0.0,0.0,0.0,0.0,0.05,0.09,0.0,0.0,0.0,0.0,0.12,0.05,0.0,0.0,0.0,0.2,0.0,0.06,0.06,1.0,0.0,0.0,0.0,0.2,0.05,0.0,0.06,0.05,0.0,0.06,0.18,0.05,0.0,0.0,0.02,0.05,0.0,0.0,0.26,0.2,0.0,0.0,0.0,0.0,0.1,0.0,0.0,0.04,0.1,0.0,0.0,0.0,0.0
torta salata con salsiccia e cime di rapa,0.15,0.04,0.04,0.06,0.08,0.0,0.06,0.0,0.13,0.11,0.0,0.04,0.05,0.04,0.06,0.08,0.06,0.1,0.06,0.06,0.04,0.07,0.1,0.12,0.12,0.13,0.0,0.09,0.08,0.12,0.09,0.1,0.05,0.13,0.09,0.05,0.05,0.0,0.0,0.0,0.0,0.11,0.04,0.05,0.06,0.06,0.0,0.09,0.08,0.1,0.08,0.08,0.08,0.09,0.0,0.04,0.04,0.04,0.2,0.04,0.0,0.09,0.08,0.1,0.05,0.14,0.24,0.05,0.17,0.04,0.14,0.04,0.1,0.06,0.12,0.08,0.0,0.09,0.22,0.04,0.0,0.13,0.0,0.0,0.04,0.14,0.0,0.0,0.0,0.04,0.08,0.1,0.04,0.1,0.05,0.06,0.06,0.1,0.09,0.05,0.05,0.09,0.15,0.05,0.06,0.05,0.04,0.05,0.06,0.04,0.2,0.18,0.12,0.08,0.04,0.1,0.04,0.04,0.04,0.08,0.17,0.06,0.04,0.0,0.04,0.0,0.1,0.04,0.04,0.09,0.1,0.08,0.0,0.0,0.04,0.0,0.14,0.04,0.1,0.04,0.08,0.08,0.0,0.05,0.08,0.0,0.05,0.05,0.0,0.06,0.0,0.09,0.15,0.0,0.05,0.09,0.04,0.06,0.08,0.11,0.06,0.0,0.05,0.05,0.0,0.07,0.0,0.06,0.04,0.05,0.06,0.05,0.1,0.06,0.06,0.06,0.1,0.1,0.12,0.1,0.1,0.19,0.1,0.05,0.04,0.06,0.06,0.06,0.06,0.08,0.05,0.12,0.06,0.08,0.1,0.05,0.06,0.18,0.06,0.06,0.1,0.05,0.08,0.12,0.04,0.0,0.0,0.1,0.1,0.0,0.09,0.0,0.04,0.1,0.04,0.05,0.05,0.17,0.05,0.09,0.06,0.05,0.08,0.0,0.1,0.0,0.0,0.06,0.06,0.05,0.05,0.08,0.04,0.06,0.1,0.06,0.16,0.04,0.1,0.0,0.08,0.0,0.1,0.0,0.04,0.06,0.07,0.12,0.0,0.08,0.0,0.1,0.1,0.1,0.1,0.1,0.04,0.06,0.0,0.04,0.05,0.0,0.06,0.12,0.0,0.0,0.0,0.05,0.05,0.0,0.05,0.0,0.16,0.21,0.18,0.0,0.0,0.05,0.15,0.12,0.1,0.1,0.04,0.04,0.08,0.04,0.0,0.09,0.04,0.06,0.05,0.08,0.2,0.08,0.03,0.12,0.06,0.07,0.05,0.12,0.04,0.0,0.06,0.12,0.04,0.09,0.0,0.0,1.0,0.0,0.28,0.04,0.04,0.0,0.04,0.0,0.16,0.1,0.09,0.04,0.06,0.05,0.02,0.04,0.0,0.0,0.1,0.08,0.0,0.1,0.0,0.0,0.0,0.09,0.09,0.08,0.08,0.1,0.15,0.08,0.0
torta salata con stracchino e cotto,0.0,0.0,0.0,0.0,0.06,0.0,0.0,0.0,0.0,0.0,0.0,0.0,0.0,0.0,0.0,0.0,0.0,0.0,0.0,0.0,0.0,0.0,0.0,0.0,0.0,0.0,0.0,0.0,0.0,0.0,0.0,0.0,0.0,0.0,0.0,0.0,0.08,0.0,0.0,0.0,0.0,0.0,0.0,0.0,0.0,0.0,0.0,0.0,0.0,0.0,0.0,0.0,0.0,0.0,0.0,0.24,0.0,0.0,0.0,0.0,0.0,0.0,0.0,0.0,0.08,0.0,0.0,0.0,0.0,0.0,0.0,0.0,0.0,0.0,0.0,0.0,0.0,0.0,0.08,0.0,0.0,0.0,0.0,0.0,0.0,0.0,0.0,0.0,0.0,0.0,0.0,0.0,0.0,0.0,0.0,0.0,0.0,0.0,0.0,0.0,0.0,0.0,0.0,0.0,0.0,0.0,0.0,0.0,0.0,0.0,0.0,0.0,0.0,0.0,0.0,0.0,0.0,0.0,0.0,0.0,0.0,0.0,0.0,0.0,0.0,0.0,0.0,0.0,0.07,0.08,0.0,0.0,0.0,0.0,0.0,0.08,0.0,0.0,0.0,0.0,0.0,0.0,0.0,0.0,0.0,0.0,0.0,0.0,0.0,0.0,0.0,0.0,0.0,0.0,0.0,0.0,0.0,0.0,0.0,0.0,0.0,0.0,0.0,0.0,0.1,0.0,0.0,0.0,0.0,0.08,0.0,0.0,0.0,0.0,0.0,0.0,0.0,0.0,0.0,0.0,0.0,0.0,0.0,0.08,0.0,0.0,0.0,0.26,0.0,0.0,0.0,0.0,0.0,0.0,0.0,0.0,0.0,0.0,0.0,0.0,0.0,0.0,0.0,0.0,0.0,0.0,0.0,0.0,0.0,0.0,0.0,0.0,0.0,0.0,0.0,0.0,0.0,0.06,0.0,0.0,0.0,0.0,0.0,0.0,0.0,0.0,0.0,0.0,0.0,0.0,0.0,0.0,0.0,0.0,0.0,0.0,0.0,0.0,0.0,0.0,0.0,0.0,0.0,0.0,0.0,0.0,0.0,0.0,0.0,0.0,0.0,0.0,0.0,0.0,0.0,0.0,0.0,0.0,0.0,0.0,0.0,0.0,0.0,0.0,0.0,0.0,0.0,0.0,0.0,0.0,0.0,0.0,0.0,0.0,0.0,0.0,0.09,0.0,0.0,0.0,0.0,0.0,0.0,0.0,0.0,0.08,0.0,0.0,0.0,0.0,0.0,0.0,0.0,0.0,0.06,0.0,0.0,0.0,0.08,0.0,0.0,0.0,0.1,0.06,0.0,0.0,0.0,0.0,0.0,1.0,0.06,0.0,0.0,0.1,0.08,0.07,0.19,0.04,0.08,0.0,0.0,0.08,0.0,0.0,0.0,0.0,0.0,0.0,0.0,0.0,0.0,0.0,0.0,0.0,0.0,0.0,0.0,0.0,0.0,0.0,0.0
torta salata del contadino,0.16,0.0,0.0,0.04,0.04,0.0,0.0,0.0,0.2,0.02,0.0,0.0,0.0,0.0,0.0,0.03,0.0,0.0,0.0,0.0,0.0,0.0,0.0,0.0,0.0,0.0,0.04,0.16,0.18,0.05,0.02,0.0,0.0,0.0,0.0,0.0,0.04,0.0,0.0,0.0,0.04,0.0,0.0,0.08,0.05,0.09,0.0,0.04,0.1,0.0,0.04,0.0,0.0,0.16,0.0,0.04,0.04,0.03,0.6,0.0,0.0,0.08,0.07,0.0,0.04,0.22,0.33,0.04,0.23,0.04,0.0,0.0,0.0,0.0,0.0,0.0,0.04,0.12,0.33,0.16,0.0,0.11,0.0,0.04,0.0,0.02,0.0,0.0,0.0,0.0,0.0,0.0,0.0,0.0,0.0,0.0,0.0,0.0,0.04,0.0,0.0,0.04,0.24,0.0,0.0,0.0,0.0,0.0,0.0,0.0,0.32,0.19,0.0,0.04,0.0,0.0,0.0,0.0,0.0,0.0,0.36,0.0,0.04,0.0,0.0,0.04,0.0,0.0,0.07,0.04,0.0,0.0,0.04,0.0,0.0,0.04,0.04,0.0,0.0,0.0,0.0,0.0,0.0,0.08,0.0,0.0,0.0,0.0,0.0,0.0,0.0,0.0,0.0,0.04,0.0,0.0,0.0,0.02,0.0,0.12,0.0,0.0,0.0,0.0,0.05,0.0,0.0,0.0,0.0,0.04,0.0,0.0,0.0,0.04,0.0,0.0,0.0,0.0,0.06,0.0,0.0,0.22,0.0,0.04,0.04,0.0,0.0,0.1,0.0,0.0,0.0,0.1,0.0,0.0,0.0,0.0,0.0,0.0,0.0,0.0,0.0,0.0,0.0,0.0,0.04,0.0,0.0,0.0,0.0,0.0,0.12,0.0,0.0,0.03,0.0,0.04,0.12,0.34,0.04,0.08,0.09,0.0,0.0,0.0,0.0,0.0,0.0,0.04,0.04,0.0,0.04,0.18,0.08,0.0,0.04,0.0,0.22,0.0,0.09,0.04,0.16,0.0,0.06,0.0,0.0,0.0,0.0,0.16,0.06,0.0,0.0,0.0,0.0,0.0,0.0,0.0,0.0,0.0,0.0,0.04,0.0,0.0,0.0,0.1,0.0,0.0,0.0,0.0,0.0,0.0,0.0,0.0,0.22,0.0,0.1,0.0,0.04,0.0,0.0,0.03,0.0,0.0,0.04,0.0,0.0,0.0,0.0,0.04,0.0,0.0,0.0,0.03,0.04,0.03,0.03,0.05,0.0,0.06,0.04,0.1,0.14,0.0,0.0,0.04,0.04,0.0,0.0,0.0,0.28,0.06,1.0,0.0,0.04,0.0,0.0,0.04,0.26,0.02,0.04,0.0,0.08,0.13,0.04,0.0,0.0,0.0,0.09,0.04,0.0,0.14,0.03,0.0,0.04,0.0,0.0,0.0,0.0,0.04,0.08,0.04,0.0
torta salata di patate con funghi e speck,0.06,0.18,0.09,0.1,0.08,0.0,0.19,0.12,0.0,0.14,0.0,0.08,0.1,0.04,0.17,0.04,0.12,0.14,0.12,0.14,0.13,0.07,0.2,0.2,0.06,0.08,0.05,0.14,0.04,0.14,0.12,0.19,0.15,0.08,0.09,0.1,0.15,0.0,0.15,0.04,0.05,0.11,0.04,0.05,0.0,0.1,0.0,0.04,0.04,0.1,0.08,0.08,0.08,0.0,0.16,0.14,0.04,0.1,0.12,0.14,0.04,0.09,0.0,0.16,0.1,0.16,0.06,0.05,0.24,0.14,0.06,0.04,0.1,0.06,0.23,0.17,0.0,0.0,0.05,0.14,0.1,0.16,0.26,0.1,0.08,0.14,0.0,0.0,0.06,0.04,0.18,0.23,0.18,0.2,0.22,0.23,0.17,0.2,0.19,0.18,0.16,0.16,0.0,0.25,0.06,0.2,0.15,0.05,0.06,0.28,0.0,0.06,0.22,0.18,0.14,0.18,0.28,0.2,0.19,0.27,0.0,0.16,0.08,0.24,0.18,0.16,0.19,0.18,0.12,0.16,0.16,0.19,0.0,0.0,0.12,0.19,0.14,0.09,0.1,0.22,0.08,0.12,0.12,0.1,0.08,0.08,0.28,0.05,0.0,0.06,0.04,0.24,0.15,0.08,0.2,0.04,0.04,0.03,0.0,0.11,0.06,0.0,0.1,0.14,0.12,0.18,0.15,0.26,0.04,0.15,0.12,0.14,0.1,0.06,0.16,0.06,0.1,0.1,0.16,0.06,0.1,0.06,0.1,0.15,0.04,0.06,0.1,0.0,0.1,0.08,0.1,0.12,0.06,0.04,0.1,0.15,0.12,0.22,0.12,0.06,0.1,0.1,0.16,0.2,0.39,0.19,0.16,0.19,0.19,0.0,0.09,0.06,0.14,0.14,0.18,0.1,0.0,0.12,0.15,0.12,0.0,0.15,0.24,0.21,0.23,0.0,0.04,0.06,0.1,0.1,0.1,0.0,0.09,0.3,0.19,0.22,0.0,0.28,0.0,0.12,0.0,0.08,0.18,0.04,0.09,0.16,0.24,0.19,0.09,0.08,0.06,0.1,0.1,0.1,0.1,0.28,0.04,0.06,0.0,0.29,0.1,0.12,0.12,0.0,0.1,0.06,0.06,0.1,0.19,0.16,0.15,0.32,0.03,0.35,0.06,0.06,0.16,0.22,0.2,0.15,0.06,0.06,0.08,0.08,0.26,0.14,0.0,0.04,0.08,0.06,0.05,0.15,0.3,0.14,0.16,0.12,0.06,0.18,0.2,0.21,0.04,0.05,0.12,0.4,0.24,0.2,0.3,0.2,0.04,0.0,0.0,1.0,0.38,0.21,0.18,0.25,0.06,0.32,0.32,0.04,0.0,0.0,0.12,0.27,0.1,0.04,0.26,0.12,0.0,0.0,0.08,0.1,0.04,0.04,0.09,0.08,0.08,0.1,0.05,0.04,0.04
torta salata di zucchine,0.1,0.26,0.12,0.19,0.1,0.0,0.36,0.18,0.0,0.22,0.0,0.11,0.12,0.06,0.2,0.06,0.16,0.12,0.15,0.12,0.2,0.1,0.29,0.28,0.05,0.12,0.12,0.16,0.12,0.28,0.16,0.21,0.14,0.12,0.12,0.18,0.18,0.0,0.14,0.04,0.14,0.16,0.07,0.04,0.0,0.1,0.0,0.08,0.08,0.12,0.14,0.18,0.14,0.04,0.18,0.24,0.1,0.14,0.18,0.2,0.12,0.16,0.0,0.14,0.18,0.19,0.08,0.18,0.36,0.2,0.06,0.04,0.12,0.06,0.26,0.24,0.08,0.04,0.08,0.24,0.22,0.12,0.21,0.14,0.12,0.2,0.04,0.0,0.11,0.04,0.32,0.3,0.32,0.31,0.24,0.24,0.22,0.34,0.32,0.26,0.26,0.3,0.04,0.34,0.04,0.34,0.2,0.04,0.04,0.36,0.04,0.04,0.32,0.28,0.19,0.25,0.36,0.4,0.29,0.38,0.04,0.2,0.2,0.36,0.12,0.15,0.21,0.28,0.15,0.22,0.48,0.2,0.04,0.0,0.18,0.21,0.12,0.32,0.17,0.16,0.06,0.1,0.1,0.08,0.15,0.14,0.63,0.04,0.0,0.05,0.08,0.16,0.18,0.16,0.22,0.04,0.37,0.06,0.0,0.1,0.06,0.0,0.14,0.21,0.15,0.22,0.43,0.33,0.08,0.18,0.42,0.21,0.14,0.1,0.19,0.04,0.14,0.14,0.18,0.04,0.14,0.04,0.14,0.22,0.04,0.06,0.19,0.0,0.32,0.11,0.18,0.1,0.05,0.04,0.14,0.14,0.2,0.27,0.26,0.06,0.32,0.14,0.18,0.5,0.34,0.32,0.08,0.21,0.21,0.0,0.2,0.1,0.2,0.21,0.27,0.17,0.04,0.03,0.26,0.18,0.0,0.14,0.45,0.31,0.34,0.0,0.14,0.1,0.19,0.18,0.12,0.04,0.08,0.3,0.17,0.19,0.0,0.2,0.0,0.24,0.04,0.08,0.22,0.0,0.12,0.22,0.3,0.24,0.2,0.15,0.1,0.32,0.14,0.12,0.14,0.08,0.04,0.1,0.0,0.29,0.09,0.11,0.15,0.0,0.14,0.12,0.04,0.14,0.26,0.1,0.14,0.26,0.08,0.26,0.06,0.15,0.1,0.17,0.22,0.14,0.04,0.22,0.18,0.14,0.16,0.16,0.0,0.08,0.2,0.04,0.14,0.26,0.38,0.13,0.26,0.1,0.04,0.28,0.22,0.3,0.07,0.12,0.15,0.34,0.44,0.26,0.43,0.05,0.04,0.0,0.04,0.38,1.0,0.29,0.12,0.47,0.05,0.44,0.29,0.04,0.03,0.0,0.11,0.28,0.1,0.07,0.1,0.14,0.0,0.0,0.16,0.18,0.08,0.04,0.12,0.14,0.04,0.21,0.04,0.08,0.12
torta salata patate e ricotta,0.04,0.15,0.06,0.07,0.11,0.0,0.17,0.17,0.0,0.11,0.0,0.12,0.06,0.1,0.16,0.0,0.08,0.06,0.08,0.09,0.12,0.05,0.19,0.18,0.0,0.06,0.06,0.06,0.06,0.24,0.08,0.13,0.07,0.06,0.06,0.07,0.14,0.0,0.14,0.0,0.07,0.05,0.06,0.0,0.0,0.17,0.0,0.0,0.0,0.06,0.0,0.06,0.06,0.0,0.06,0.12,0.06,0.09,0.06,0.15,0.06,0.12,0.0,0.07,0.14,0.15,0.0,0.14,0.2,0.06,0.0,0.0,0.06,0.08,0.16,0.16,0.0,0.0,0.06,0.12,0.07,0.06,0.06,0.07,0.06,0.11,0.06,0.0,0.08,0.0,0.18,0.23,0.18,0.2,0.16,0.16,0.14,0.2,0.18,0.17,0.14,0.15,0.0,0.26,0.0,0.2,0.18,0.0,0.0,0.24,0.0,0.0,0.2,0.18,0.12,0.16,0.25,0.22,0.18,0.26,0.0,0.12,0.12,0.17,0.06,0.06,0.06,0.25,0.06,0.15,0.07,0.05,0.0,0.0,0.11,0.13,0.06,0.06,0.06,0.06,0.0,0.06,0.08,0.06,0.06,0.1,0.23,0.07,0.0,0.08,0.06,0.06,0.07,0.06,0.14,0.0,0.06,0.0,0.0,0.04,0.0,0.0,0.07,0.06,0.08,0.1,0.07,0.18,0.06,0.07,0.08,0.06,0.07,0.07,0.07,0.0,0.07,0.07,0.06,0.0,0.07,0.0,0.07,0.07,0.0,0.0,0.07,0.0,0.07,0.06,0.07,0.0,0.0,0.0,0.07,0.24,0.16,0.15,0.08,0.0,0.07,0.07,0.12,0.11,0.15,0.17,0.06,0.13,0.13,0.0,0.06,0.07,0.06,0.09,0.18,0.06,0.0,0.0,0.07,0.08,0.0,0.0,0.27,0.27,0.23,0.0,0.06,0.0,0.07,0.07,0.06,0.0,0.06,0.17,0.06,0.34,0.0,0.12,0.17,0.16,0.0,0.06,0.14,0.0,0.06,0.17,0.14,0.1,0.12,0.06,0.08,0.14,0.07,0.06,0.07,0.0,0.06,0.0,0.0,0.14,0.0,0.0,0.08,0.0,0.0,0.0,0.0,0.07,0.06,0.0,0.07,0.16,0.0,0.17,0.0,0.08,0.07,0.06,0.14,0.05,0.0,0.0,0.06,0.06,0.05,0.12,0.0,0.0,0.06,0.0,0.07,0.1,0.19,0.0,0.08,0.08,0.0,0.1,0.07,0.12,0.06,0.06,0.16,0.26,0.42,0.27,0.26,0.0,0.0,0.1,0.0,0.21,0.29,1.0,0.12,0.34,0.16,0.49,0.2,0.06,0.0,0.0,0.06,0.14,0.07,0.11,0.0,0.0,0.0,0.0,0.1,0.07,0.0,0.0,0.06,0.05,0.0,0.06,0.0,0.06,0.06
torta salata pomodorini e feta,0.06,0.11,0.04,0.1,0.08,0.0,0.06,0.04,0.0,0.06,0.0,0.04,0.1,0.0,0.12,0.04,0.12,0.05,0.06,0.2,0.04,0.04,0.05,0.06,0.06,0.04,0.0,0.04,0.0,0.06,0.06,0.19,0.05,0.04,0.04,0.05,0.2,0.0,0.1,0.04,0.0,0.08,0.04,0.0,0.0,0.06,0.0,0.04,0.04,0.05,0.08,0.04,0.04,0.0,0.04,0.04,0.0,0.04,0.08,0.04,0.0,0.04,0.0,0.1,0.05,0.0,0.06,0.0,0.08,0.04,0.0,0.04,0.05,0.06,0.17,0.04,0.0,0.0,0.1,0.09,0.0,0.17,0.05,0.0,0.04,0.06,0.0,0.0,0.0,0.04,0.04,0.1,0.08,0.06,0.18,0.06,0.06,0.05,0.04,0.1,0.05,0.04,0.0,0.1,0.16,0.05,0.04,0.05,0.06,0.08,0.0,0.06,0.12,0.12,0.04,0.05,0.09,0.04,0.04,0.11,0.0,0.06,0.04,0.06,0.09,0.04,0.1,0.09,0.04,0.04,0.1,0.15,0.0,0.0,0.04,0.14,0.09,0.04,0.05,0.04,0.08,0.04,0.06,0.1,0.04,0.08,0.1,0.05,0.0,0.06,0.0,0.04,0.1,0.0,0.15,0.09,0.04,0.03,0.0,0.08,0.06,0.0,0.05,0.1,0.06,0.07,0.05,0.14,0.0,0.15,0.06,0.14,0.05,0.06,0.16,0.06,0.05,0.06,0.08,0.06,0.05,0.1,0.1,0.15,0.04,0.06,0.06,0.0,0.06,0.08,0.05,0.12,0.06,0.04,0.06,0.05,0.06,0.1,0.06,0.06,0.06,0.05,0.12,0.16,0.09,0.06,0.0,0.14,0.14,0.0,0.04,0.0,0.09,0.1,0.13,0.05,0.0,0.0,0.1,0.12,0.0,0.05,0.08,0.12,0.29,0.0,0.0,0.06,0.06,0.05,0.05,0.0,0.0,0.2,0.14,0.16,0.0,0.14,0.0,0.06,0.04,0.0,0.1,0.0,0.04,0.06,0.14,0.12,0.0,0.04,0.06,0.06,0.06,0.05,0.05,0.14,0.04,0.1,0.0,0.08,0.05,0.06,0.06,0.0,0.06,0.0,0.0,0.0,0.1,0.04,0.25,0.12,0.03,0.06,0.06,0.0,0.1,0.05,0.15,0.08,0.06,0.1,0.04,0.04,0.14,0.14,0.0,0.09,0.04,0.06,0.0,0.08,0.08,0.11,0.03,0.06,0.06,0.1,0.1,0.16,0.04,0.05,0.06,0.16,0.08,0.22,0.1,0.06,0.04,0.08,0.0,0.18,0.12,0.12,1.0,0.08,0.12,0.16,0.09,0.04,0.0,0.0,0.04,0.16,0.06,0.0,0.1,0.08,0.0,0.0,0.04,0.0,0.0,0.09,0.04,0.04,0.04,0.05,0.05,0.08,0.0
torta salata pronta in 5 minuti,0.06,0.17,0.04,0.05,0.04,0.0,0.26,0.12,0.04,0.1,0.0,0.08,0.04,0.1,0.1,0.0,0.06,0.04,0.05,0.06,0.08,0.04,0.3,0.22,0.0,0.04,0.04,0.04,0.04,0.22,0.12,0.13,0.04,0.04,0.04,0.09,0.09,0.0,0.09,0.0,0.04,0.06,0.08,0.0,0.02,0.05,0.0,0.0,0.0,0.04,0.0,0.08,0.08,0.04,0.12,0.08,0.04,0.06,0.12,0.1,0.08,0.08,0.0,0.05,0.09,0.2,0.0,0.14,0.28,0.04,0.0,0.0,0.04,0.06,0.16,0.2,0.0,0.0,0.04,0.12,0.14,0.08,0.13,0.05,0.04,0.11,0.08,0.0,0.06,0.0,0.29,0.26,0.29,0.3,0.17,0.18,0.14,0.3,0.29,0.21,0.19,0.16,0.0,0.34,0.0,0.34,0.18,0.0,0.0,0.33,0.0,0.0,0.3,0.29,0.12,0.21,0.34,0.54,0.29,0.56,0.0,0.12,0.12,0.26,0.04,0.12,0.09,0.12,0.16,0.21,0.1,0.1,0.0,0.0,0.08,0.22,0.04,0.04,0.09,0.08,0.04,0.04,0.05,0.09,0.08,0.14,0.34,0.04,0.0,0.05,0.04,0.08,0.09,0.08,0.09,0.0,0.04,0.0,0.0,0.05,0.0,0.0,0.04,0.13,0.16,0.13,0.18,0.22,0.04,0.14,0.1,0.13,0.04,0.05,0.1,0.0,0.04,0.05,0.07,0.0,0.04,0.0,0.05,0.18,0.0,0.0,0.1,0.0,0.1,0.04,0.09,0.05,0.0,0.0,0.05,0.04,0.18,0.22,0.1,0.0,0.05,0.09,0.12,0.15,0.21,0.26,0.04,0.13,0.13,0.0,0.08,0.05,0.12,0.06,0.16,0.04,0.0,0.06,0.14,0.06,0.0,0.09,0.64,0.4,0.3,0.05,0.08,0.0,0.05,0.04,0.04,0.0,0.04,0.18,0.09,0.14,0.0,0.08,0.0,0.18,0.0,0.04,0.12,0.0,0.04,0.14,0.16,0.1,0.13,0.08,0.05,0.05,0.05,0.04,0.04,0.04,0.04,0.05,0.0,0.16,0.0,0.06,0.05,0.0,0.1,0.0,0.0,0.04,0.13,0.04,0.09,0.21,0.0,0.18,0.0,0.1,0.14,0.09,0.14,0.04,0.0,0.0,0.08,0.08,0.06,0.08,0.0,0.0,0.08,0.0,0.09,0.1,0.27,0.1,0.12,0.05,0.0,0.2,0.14,0.19,0.04,0.13,0.05,0.32,0.28,0.29,0.44,0.05,0.0,0.07,0.04,0.25,0.47,0.34,0.08,1.0,0.05,0.33,0.18,0.04,0.0,0.04,0.13,0.2,0.05,0.08,0.05,0.07,0.0,0.0,0.07,0.09,0.04,0.0,0.04,0.07,0.0,0.04,0.0,0.0,0.08
torta salata prosciutto e funghi,0.15,0.04,0.0,0.0,0.1,0.0,0.0,0.05,0.14,0.0,0.0,0.05,0.0,0.0,0.07,0.0,0.0,0.0,0.0,0.08,0.0,0.0,0.0,0.0,0.0,0.0,0.0,0.06,0.06,0.0,0.0,0.06,0.0,0.0,0.0,0.0,0.12,0.0,0.06,0.0,0.0,0.0,0.0,0.06,0.08,0.06,0.0,0.0,0.05,0.0,0.0,0.0,0.0,0.06,0.05,0.06,0.0,0.0,0.32,0.04,0.0,0.06,0.1,0.0,0.12,0.15,0.2,0.0,0.14,0.06,0.0,0.0,0.0,0.08,0.07,0.0,0.0,0.12,0.24,0.12,0.0,0.06,0.0,0.0,0.0,0.0,0.0,0.0,0.0,0.0,0.0,0.06,0.0,0.0,0.0,0.0,0.0,0.0,0.0,0.0,0.0,0.0,0.16,0.06,0.0,0.0,0.0,0.0,0.0,0.06,0.18,0.14,0.0,0.0,0.0,0.0,0.06,0.0,0.0,0.04,0.24,0.0,0.06,0.0,0.0,0.0,0.0,0.0,0.0,0.0,0.0,0.0,0.0,0.0,0.0,0.06,0.0,0.0,0.0,0.0,0.0,0.0,0.07,0.18,0.0,0.1,0.06,0.06,0.0,0.07,0.0,0.0,0.0,0.0,0.0,0.0,0.06,0.0,0.0,0.18,0.0,0.0,0.0,0.0,0.0,0.0,0.0,0.06,0.0,0.0,0.0,0.0,0.0,0.0,0.0,0.0,0.0,0.0,0.1,0.0,0.0,0.15,0.0,0.0,0.0,0.0,0.0,0.22,0.0,0.0,0.0,0.07,0.0,0.0,0.0,0.0,0.0,0.0,0.0,0.0,0.0,0.0,0.05,0.05,0.0,0.0,0.0,0.06,0.06,0.0,0.12,0.0,0.0,0.0,0.06,0.0,0.06,0.23,0.0,0.08,0.06,0.0,0.05,0.05,0.06,0.0,0.0,0.0,0.0,0.06,0.0,0.05,0.0,0.0,0.0,0.06,0.1,0.06,0.06,0.0,0.1,0.0,0.04,0.06,0.0,0.04,0.08,0.14,0.0,0.0,0.0,0.0,0.0,0.0,0.0,0.0,0.06,0.0,0.0,0.0,0.0,0.0,0.0,0.14,0.0,0.0,0.0,0.0,0.0,0.0,0.06,0.07,0.18,0.0,0.08,0.0,0.06,0.0,0.06,0.0,0.0,0.0,0.0,0.0,0.0,0.06,0.0,0.0,0.0,0.0,0.0,0.0,0.0,0.0,0.0,0.0,0.0,0.04,0.0,0.1,0.15,0.06,0.07,0.1,0.0,0.06,0.06,0.0,0.16,0.19,0.26,0.06,0.05,0.16,0.12,0.05,1.0,0.06,0.06,0.0,0.0,0.06,0.02,0.0,0.06,0.0,0.06,0.0,0.0,0.06,0.04,0.0,0.0,0.0,0.0,0.0,0.0,0.0,0.12,0.0,0.0
torta salata ricotta e spinaci,0.15,0.22,0.12,0.15,0.16,0.0,0.28,0.16,0.0,0.2,0.0,0.12,0.14,0.08,0.19,0.06,0.18,0.16,0.16,0.12,0.2,0.12,0.26,0.29,0.1,0.14,0.08,0.12,0.1,0.5,0.19,0.24,0.14,0.14,0.16,0.14,0.17,0.0,0.17,0.02,0.08,0.18,0.07,0.03,0.02,0.25,0.0,0.08,0.04,0.16,0.09,0.14,0.16,0.02,0.12,0.2,0.07,0.15,0.12,0.16,0.08,0.18,0.02,0.18,0.17,0.16,0.06,0.12,0.3,0.12,0.04,0.04,0.16,0.04,0.26,0.24,0.02,0.02,0.1,0.2,0.14,0.14,0.18,0.12,0.12,0.22,0.0,0.0,0.1,0.05,0.26,0.26,0.26,0.28,0.23,0.24,0.22,0.26,0.25,0.24,0.2,0.24,0.0,0.3,0.06,0.26,0.18,0.08,0.06,0.27,0.02,0.06,0.29,0.26,0.18,0.24,0.3,0.28,0.25,0.29,0.0,0.2,0.17,0.31,0.18,0.19,0.22,0.64,0.19,0.21,0.24,0.19,0.0,0.0,0.18,0.18,0.18,0.12,0.16,0.12,0.1,0.16,0.06,0.06,0.16,0.08,0.32,0.06,0.0,0.06,0.08,0.16,0.22,0.1,0.31,0.08,0.08,0.05,0.02,0.1,0.07,0.0,0.17,0.18,0.16,0.28,0.2,0.3,0.1,0.2,0.16,0.18,0.17,0.12,0.21,0.06,0.17,0.18,0.18,0.09,0.17,0.06,0.18,0.2,0.05,0.07,0.15,0.0,0.15,0.14,0.14,0.13,0.06,0.07,0.18,0.3,0.22,0.27,0.19,0.07,0.18,0.14,0.16,0.27,0.26,0.22,0.08,0.24,0.24,0.0,0.16,0.09,0.2,0.21,0.22,0.14,0.0,0.02,0.22,0.17,0.0,0.14,0.32,0.26,0.29,0.0,0.09,0.06,0.15,0.17,0.14,0.02,0.1,0.26,0.22,0.64,0.04,0.23,0.03,0.18,0.0,0.07,0.25,0.0,0.12,0.24,0.27,0.21,0.12,0.14,0.1,0.24,0.18,0.16,0.14,0.14,0.05,0.06,0.0,0.23,0.08,0.1,0.16,0.03,0.09,0.08,0.03,0.12,0.22,0.08,0.14,0.19,0.05,0.26,0.1,0.1,0.03,0.14,0.22,0.15,0.09,0.09,0.12,0.12,0.18,0.26,0.0,0.08,0.14,0.06,0.12,0.23,0.32,0.16,0.2,0.13,0.06,0.2,0.2,0.26,0.02,0.08,0.13,0.32,0.59,0.24,0.32,0.06,0.1,0.04,0.02,0.32,0.44,0.49,0.16,0.33,0.06,1.0,0.25,0.12,0.04,0.0,0.1,0.26,0.12,0.07,0.12,0.13,0.0,0.03,0.1,0.12,0.0,0.08,0.16,0.12,0.06,0.16,0.08,0.12,0.08
torta salata zucca e patate con scamorza e noci,0.09,0.14,0.09,0.1,0.16,0.0,0.23,0.08,0.0,0.14,0.0,0.04,0.1,0.07,0.12,0.04,0.12,0.1,0.12,0.06,0.13,0.07,0.18,0.18,0.06,0.08,0.05,0.09,0.08,0.2,0.18,0.1,0.15,0.08,0.09,0.15,0.24,0.0,0.0,0.0,0.05,0.18,0.04,0.0,0.06,0.0,0.0,0.04,0.04,0.1,0.08,0.12,0.12,0.0,0.0,0.14,0.04,0.1,0.0,0.08,0.09,0.14,0.0,0.1,0.2,0.11,0.06,0.05,0.18,0.18,0.0,0.04,0.1,0.0,0.12,0.16,0.0,0.0,0.14,0.09,0.1,0.19,0.16,0.1,0.13,0.16,0.04,0.0,0.06,0.04,0.17,0.16,0.17,0.19,0.16,0.16,0.16,0.18,0.18,0.17,0.2,0.15,0.0,0.18,0.06,0.24,0.14,0.05,0.06,0.22,0.0,0.06,0.2,0.21,0.24,0.16,0.18,0.18,0.18,0.21,0.0,0.15,0.08,0.12,0.09,0.04,0.1,0.14,0.04,0.2,0.1,0.12,0.0,0.0,0.12,0.05,0.14,0.09,0.19,0.3,0.04,0.12,0.0,0.0,0.08,0.0,0.16,0.0,0.0,0.0,0.09,0.26,0.1,0.13,0.15,0.04,0.0,0.03,0.0,0.06,0.06,0.0,0.1,0.14,0.06,0.1,0.05,0.16,0.08,0.1,0.17,0.14,0.1,0.06,0.1,0.1,0.15,0.1,0.08,0.06,0.1,0.06,0.1,0.15,0.04,0.06,0.16,0.0,0.06,0.12,0.2,0.06,0.06,0.04,0.1,0.1,0.12,0.16,0.17,0.06,0.1,0.05,0.12,0.08,0.32,0.18,0.16,0.1,0.1,0.0,0.14,0.06,0.09,0.14,0.18,0.1,0.0,0.14,0.1,0.12,0.0,0.1,0.14,0.11,0.16,0.0,0.08,0.06,0.1,0.1,0.1,0.04,0.09,0.22,0.14,0.06,0.04,0.14,0.0,0.12,0.0,0.04,0.14,0.04,0.09,0.1,0.18,0.12,0.08,0.12,0.06,0.1,0.1,0.14,0.1,0.16,0.04,0.1,0.0,0.27,0.05,0.0,0.12,0.0,0.06,0.0,0.0,0.05,0.14,0.11,0.05,0.24,0.03,0.33,0.06,0.12,0.1,0.25,0.1,0.12,0.06,0.06,0.16,0.16,0.11,0.14,0.0,0.04,0.13,0.06,0.1,0.15,0.3,0.08,0.1,0.12,0.06,0.14,0.15,0.12,0.0,0.0,0.24,0.32,0.19,0.1,0.18,0.18,0.09,0.08,0.04,0.32,0.29,0.2,0.09,0.18,0.06,0.25,1.0,0.0,0.0,0.0,0.04,0.14,0.0,0.04,0.19,0.2,0.0,0.06,0.04,0.1,0.08,0.04,0.09,0.15,0.12,0.1,0.05,0.04,0.09
torta tramezzino,0.0,0.0,0.04,0.0,0.0,0.0,0.0,0.08,0.04,0.0,0.0,0.0,0.0,0.0,0.0,0.0,0.0,0.04,0.0,0.0,0.0,0.0,0.04,0.05,0.05,0.04,0.0,0.0,0.0,0.08,0.08,0.08,0.0,0.04,0.04,0.0,0.04,0.0,0.09,0.04,0.0,0.0,0.0,0.0,0.02,0.1,0.0,0.04,0.0,0.04,0.04,0.04,0.04,0.0,0.0,0.0,0.0,0.0,0.11,0.0,0.0,0.0,0.04,0.04,0.0,0.0,0.02,0.0,0.04,0.0,0.0,0.0,0.04,0.0,0.05,0.04,0.0,0.0,0.0,0.0,0.0,0.04,0.04,0.0,0.0,0.02,0.0,0.0,0.0,0.04,0.0,0.04,0.0,0.0,0.0,0.0,0.0,0.0,0.04,0.0,0.04,0.0,0.0,0.0,0.04,0.04,0.0,0.0,0.1,0.0,0.07,0.0,0.0,0.0,0.0,0.0,0.08,0.07,0.0,0.0,0.0,0.0,0.0,0.04,0.0,0.0,0.04,0.08,0.0,0.0,0.14,0.06,0.0,0.0,0.04,0.04,0.08,0.0,0.04,0.0,0.0,0.0,0.0,0.0,0.0,0.0,0.0,0.04,0.0,0.05,0.0,0.12,0.14,0.0,0.0,0.04,0.04,0.02,0.0,0.0,0.0,0.0,0.04,0.08,0.1,0.0,0.04,0.07,0.04,0.04,0.0,0.0,0.04,0.04,0.04,0.0,0.04,0.04,0.04,0.04,0.04,0.0,0.04,0.04,0.0,0.0,0.0,0.05,0.04,0.04,0.0,0.1,0.0,0.07,0.1,0.04,0.05,0.04,0.0,0.0,0.04,0.09,0.0,0.07,0.04,0.0,0.04,0.08,0.08,0.0,0.0,0.0,0.04,0.03,0.0,0.04,0.0,0.0,0.04,0.06,0.0,0.0,0.04,0.04,0.0,0.0,0.0,0.0,0.0,0.0,0.0,0.0,0.04,0.0,0.0,0.14,0.0,0.0,0.1,0.0,0.04,0.0,0.0,0.0,0.0,0.08,0.03,0.04,0.0,0.04,0.0,0.1,0.04,0.04,0.0,0.08,0.04,0.0,0.0,0.0,0.0,0.06,0.0,0.05,0.04,0.0,0.0,0.0,0.04,0.04,0.04,0.05,0.0,0.0,0.06,0.0,0.0,0.0,0.04,0.0,0.04,0.04,0.0,0.0,0.06,0.04,0.0,0.08,0.0,0.0,0.04,0.0,0.04,0.06,0.0,0.0,0.04,0.0,0.04,0.04,0.0,0.0,0.0,0.1,0.04,0.04,0.04,0.05,0.04,0.0,0.0,0.04,0.04,0.06,0.04,0.04,0.0,0.12,0.0,1.0,0.06,0.0,0.0,0.04,0.0,0.0,0.04,0.0,0.0,0.0,0.0,0.0,0.0,0.04,0.04,0.04,0.0,0.04,0.09,0.0,0.0
totani ripieni di riso con guazzetto di vongole,0.06,0.0,0.0,0.04,0.0,0.0,0.0,0.0,0.0,0.02,0.0,0.06,0.0,0.05,0.0,0.08,0.0,0.13,0.0,0.0,0.06,0.05,0.0,0.08,0.16,0.12,0.04,0.03,0.03,0.04,0.08,0.06,0.0,0.12,0.12,0.0,0.04,0.0,0.0,0.0,0.04,0.05,0.03,0.0,0.04,0.0,0.0,0.25,0.03,0.13,0.03,0.06,0.06,0.03,0.06,0.03,0.08,0.0,0.03,0.1,0.0,0.0,0.06,0.08,0.0,0.0,0.02,0.04,0.03,0.03,0.0,0.0,0.23,0.0,0.0,0.06,0.03,0.1,0.0,0.03,0.0,0.12,0.0,0.0,0.0,0.03,0.0,0.0,0.0,0.0,0.0,0.0,0.06,0.0,0.0,0.0,0.0,0.0,0.03,0.0,0.0,0.03,0.0,0.0,0.0,0.0,0.0,0.0,0.0,0.0,0.11,0.0,0.16,0.0,0.0,0.0,0.0,0.0,0.0,0.0,0.03,0.0,0.0,0.0,0.0,0.0,0.0,0.0,0.0,0.0,0.08,0.1,0.04,0.0,0.03,0.0,0.06,0.0,0.06,0.0,0.05,0.06,0.0,0.0,0.12,0.0,0.0,0.07,0.0,0.08,0.0,0.12,0.07,0.0,0.0,0.12,0.06,0.1,0.06,0.0,0.0,0.0,0.0,0.0,0.0,0.0,0.0,0.08,0.06,0.0,0.0,0.0,0.21,0.08,0.0,0.0,0.07,0.14,0.0,0.08,0.1,0.0,0.08,0.0,0.0,0.0,0.08,0.0,0.0,0.06,0.0,0.0,0.0,0.11,0.08,0.0,0.08,0.0,0.0,0.0,0.08,0.0,0.06,0.06,0.03,0.0,0.0,0.06,0.06,0.0,0.03,0.0,0.0,0.07,0.0,0.04,0.04,0.0,0.04,0.02,0.0,0.07,0.0,0.0,0.0,0.0,0.0,0.04,0.04,0.0,0.06,0.08,0.12,0.0,0.0,0.08,0.06,0.0,0.08,0.04,0.02,0.0,0.0,0.0,0.0,0.04,0.0,0.02,0.04,0.06,0.0,0.08,0.08,0.06,0.0,0.13,0.06,0.14,0.14,0.15,0.04,0.0,0.0,0.2,0.08,0.0,0.0,0.0,0.0,0.0,0.0,0.0,0.13,0.0,0.17,0.08,0.0,0.0,0.0,0.05,0.14,0.08,0.03,0.0,0.1,0.0,0.0,0.16,0.06,0.0,0.28,0.02,0.0,0.0,0.0,0.0,0.0,0.02,0.0,0.03,0.03,0.0,0.0,0.08,0.03,0.0,0.0,0.0,0.06,0.0,0.08,0.0,0.03,0.0,0.0,0.0,0.0,0.04,0.0,0.06,1.0,0.0,0.0,0.06,0.0,0.0,0.0,0.08,0.0,0.0,0.02,0.0,0.08,0.12,0.12,0.1,0.06,0.1,0.07,0.09,0.0
tramezzini veneziani,0.0,0.0,0.05,0.0,0.0,0.07,0.0,0.0,0.05,0.0,0.0,0.0,0.0,0.0,0.0,0.0,0.0,0.0,0.0,0.0,0.0,0.0,0.0,0.0,0.0,0.0,0.0,0.05,0.0,0.0,0.0,0.0,0.0,0.0,0.0,0.0,0.0,0.0,0.0,0.0,0.0,0.0,0.0,0.0,0.04,0.06,0.0,0.0,0.04,0.0,0.04,0.0,0.0,0.0,0.0,0.0,0.0,0.0,0.04,0.0,0.0,0.0,0.04,0.0,0.0,0.04,0.1,0.0,0.04,0.0,0.0,0.0,0.0,0.0,0.0,0.0,0.0,0.0,0.06,0.05,0.0,0.05,0.0,0.0,0.0,0.0,0.0,0.0,0.0,0.05,0.0,0.0,0.0,0.0,0.0,0.0,0.0,0.0,0.0,0.0,0.0,0.0,0.06,0.0,0.06,0.06,0.0,0.0,0.0,0.05,0.04,0.06,0.0,0.0,0.0,0.0,0.0,0.04,0.0,0.0,0.05,0.06,0.0,0.0,0.0,0.0,0.0,0.0,0.0,0.05,0.06,0.0,0.0,0.0,0.04,0.1,0.05,0.0,0.0,0.0,0.0,0.0,0.0,0.0,0.0,0.0,0.06,0.0,0.0,0.0,0.0,0.05,0.0,0.0,0.0,0.0,0.0,0.0,0.0,0.06,0.0,0.0,0.06,0.06,0.19,0.04,0.06,0.03,0.0,0.11,0.0,0.0,0.0,0.0,0.0,0.0,0.0,0.0,0.04,0.0,0.0,0.06,0.0,0.06,0.0,0.0,0.0,0.12,0.0,0.0,0.0,0.06,0.0,0.0,0.06,0.0,0.0,0.0,0.0,0.0,0.0,0.0,0.0,0.04,0.0,0.0,0.06,0.0,0.0,0.08,0.05,0.0,0.0,0.0,0.0,0.0,0.06,0.12,0.0,0.06,0.06,0.0,0.0,0.0,0.0,0.0,0.0,0.0,0.0,0.0,0.0,0.04,0.0,0.0,0.0,0.0,0.0,0.0,0.12,0.0,0.08,0.0,0.0,0.05,0.0,0.0,0.0,0.04,0.0,0.0,0.0,0.0,0.0,0.0,0.0,0.0,0.0,0.0,0.0,0.0,0.0,0.0,0.0,0.06,0.0,0.0,0.0,0.0,0.0,0.0,0.06,0.06,0.06,0.0,0.07,0.0,0.06,0.0,0.06,0.0,0.0,0.0,0.0,0.0,0.0,0.0,0.0,0.05,0.0,0.0,0.0,0.0,0.0,0.0,0.04,0.06,0.0,0.0,0.11,0.04,0.0,0.0,0.0,0.0,0.0,0.0,0.0,0.0,0.05,0.08,0.13,0.0,0.0,0.0,0.0,0.04,0.06,0.0,0.0,0.0,0.0,1.0,0.0,0.0,0.06,0.0,0.06,0.0,0.0,0.06,0.0,0.0,0.0,0.0,0.0,0.0,0.0,0.0,0.11,0.0,0.0
tris di canederli,0.0,0.0,0.04,0.0,0.0,0.0,0.05,0.08,0.02,0.08,0.0,0.0,0.04,0.0,0.05,0.0,0.06,0.08,0.0,0.0,0.08,0.0,0.04,0.05,0.0,0.04,0.0,0.1,0.0,0.12,0.07,0.08,0.0,0.04,0.04,0.04,0.02,0.0,0.04,0.02,0.0,0.0,0.0,0.0,0.06,0.07,0.0,0.0,0.02,0.04,0.0,0.06,0.04,0.0,0.13,0.08,0.06,0.09,0.06,0.0,0.0,0.0,0.02,0.05,0.0,0.08,0.04,0.0,0.1,0.04,0.03,0.0,0.04,0.0,0.08,0.04,0.0,0.0,0.02,0.08,0.14,0.08,0.17,0.0,0.04,0.07,0.0,0.0,0.0,0.0,0.04,0.04,0.04,0.05,0.09,0.1,0.05,0.04,0.04,0.06,0.06,0.04,0.02,0.04,0.0,0.04,0.04,0.0,0.0,0.04,0.04,0.02,0.05,0.06,0.04,0.04,0.08,0.04,0.04,0.04,0.02,0.05,0.0,0.1,0.08,0.0,0.08,0.08,0.0,0.04,0.07,0.06,0.0,0.0,0.07,0.06,0.04,0.04,0.04,0.04,0.0,0.0,0.0,0.0,0.0,0.0,0.13,0.0,0.0,0.0,0.04,0.06,0.06,0.08,0.0,0.0,0.0,0.0,0.0,0.08,0.0,0.0,0.04,0.06,0.08,0.12,0.16,0.13,0.04,0.06,0.05,0.0,0.04,0.05,0.1,0.0,0.04,0.05,0.08,0.0,0.04,0.02,0.05,0.06,0.0,0.0,0.05,0.02,0.07,0.06,0.04,0.05,0.0,0.02,0.05,0.09,0.05,0.06,0.05,0.0,0.05,0.06,0.0,0.12,0.06,0.07,0.04,0.13,0.13,0.0,0.06,0.05,0.06,0.06,0.08,0.04,0.02,0.03,0.06,0.06,0.02,0.0,0.05,0.13,0.06,0.0,0.0,0.0,0.05,0.04,0.04,0.02,0.04,0.1,0.0,0.07,0.0,0.06,0.02,0.05,0.04,0.0,0.12,0.0,0.04,0.08,0.11,0.08,0.03,0.04,0.05,0.05,0.05,0.04,0.04,0.02,0.0,0.0,0.0,0.06,0.02,0.06,0.05,0.02,0.05,0.03,0.02,0.06,0.08,0.1,0.02,0.08,0.02,0.08,0.03,0.05,0.0,0.04,0.06,0.0,0.0,0.0,0.0,0.06,0.12,0.06,0.0,0.0,0.0,0.0,0.04,0.06,0.16,0.05,0.08,0.05,0.0,0.11,0.06,0.13,0.0,0.06,0.05,0.12,0.11,0.06,0.06,0.02,0.02,0.0,0.04,0.12,0.11,0.06,0.04,0.13,0.02,0.1,0.04,0.0,0.0,0.0,1.0,0.07,0.02,0.0,0.05,0.0,0.0,0.02,0.0,0.0,0.0,0.02,0.04,0.04,0.0,0.04,0.02,0.0,0.04
trofie al forno con salsiccia e provola,0.08,0.16,0.08,0.1,0.1,0.0,0.18,0.08,0.0,0.12,0.0,0.04,0.12,0.03,0.1,0.03,0.16,0.08,0.15,0.06,0.16,0.12,0.18,0.18,0.15,0.16,0.04,0.12,0.08,0.13,0.11,0.12,0.09,0.12,0.12,0.09,0.09,0.0,0.09,0.08,0.04,0.13,0.07,0.04,0.0,0.14,0.0,0.08,0.04,0.12,0.18,0.07,0.07,0.0,0.08,0.12,0.04,0.12,0.11,0.16,0.08,0.08,0.0,0.14,0.09,0.12,0.05,0.04,0.35,0.08,0.06,0.07,0.12,0.0,0.2,0.16,0.0,0.04,0.04,0.08,0.09,0.08,0.12,0.1,0.08,0.14,0.0,0.0,0.06,0.04,0.18,0.17,0.25,0.2,0.2,0.16,0.16,0.19,0.18,0.18,0.15,0.15,0.0,0.19,0.04,0.19,0.14,0.04,0.04,0.18,0.0,0.04,0.25,0.21,0.14,0.17,0.18,0.2,0.18,0.26,0.0,0.15,0.04,0.28,0.16,0.11,0.21,0.16,0.11,0.32,0.14,0.24,0.04,0.0,0.14,0.12,0.12,0.12,0.08,0.12,0.06,0.14,0.1,0.04,0.15,0.0,0.21,0.0,0.0,0.0,0.04,0.08,0.14,0.12,0.14,0.12,0.0,0.08,0.04,0.08,0.06,0.0,0.09,0.12,0.1,0.16,0.14,0.19,0.12,0.22,0.1,0.21,0.18,0.14,0.19,0.04,0.09,0.14,0.14,0.04,0.14,0.21,0.14,0.18,0.04,0.06,0.1,0.0,0.14,0.08,0.09,0.1,0.05,0.04,0.1,0.09,0.26,0.2,0.1,0.06,0.1,0.14,0.11,0.14,0.23,0.18,0.08,0.17,0.12,0.0,0.08,0.04,0.16,0.18,0.16,0.12,0.0,0.12,0.14,0.14,0.0,0.09,0.2,0.16,0.17,0.0,0.04,0.28,0.1,0.09,0.12,0.04,0.04,0.3,0.17,0.14,0.0,0.16,0.0,0.16,0.0,0.04,0.12,0.0,0.12,0.08,0.18,0.14,0.09,0.08,0.15,0.1,0.1,0.08,0.14,0.12,0.0,0.1,0.05,0.15,0.09,0.11,0.1,0.0,0.1,0.06,0.04,0.18,0.17,0.14,0.09,0.1,0.02,0.18,0.11,0.05,0.04,0.08,0.14,0.16,0.04,0.1,0.11,0.07,0.2,0.16,0.0,0.08,0.08,0.04,0.04,0.14,0.24,0.22,0.14,0.1,0.04,0.12,0.14,0.15,0.04,0.0,0.05,0.23,0.23,0.15,0.19,0.05,0.04,0.0,0.0,0.27,0.28,0.14,0.16,0.2,0.0,0.26,0.14,0.04,0.06,0.0,0.07,1.0,0.04,0.04,0.1,0.1,0.0,0.0,0.04,0.09,0.0,0.04,0.12,0.1,0.07,0.17,0.04,0.08,0.08
uova in cocotte,0.07,0.08,0.0,0.0,0.0,0.0,0.0,0.05,0.0,0.0,0.06,0.05,0.0,0.0,0.32,0.0,0.0,0.0,0.0,0.08,0.0,0.0,0.0,0.0,0.0,0.0,0.0,0.0,0.0,0.1,0.04,0.06,0.0,0.0,0.0,0.0,0.06,0.0,0.12,0.05,0.0,0.04,0.0,0.06,0.0,0.06,0.0,0.0,0.0,0.0,0.0,0.0,0.0,0.0,0.14,0.0,0.0,0.04,0.1,0.08,0.0,0.0,0.0,0.0,0.06,0.0,0.0,0.06,0.05,0.0,0.08,0.04,0.06,0.14,0.06,0.0,0.0,0.0,0.0,0.16,0.06,0.0,0.06,0.06,0.0,0.0,0.0,0.0,0.0,0.0,0.0,0.06,0.0,0.0,0.0,0.0,0.0,0.0,0.0,0.0,0.0,0.0,0.0,0.06,0.0,0.0,0.0,0.0,0.0,0.1,0.0,0.0,0.0,0.0,0.0,0.0,0.3,0.0,0.0,0.04,0.0,0.0,0.05,0.06,0.06,0.1,0.06,0.06,0.1,0.0,0.0,0.09,0.0,0.0,0.0,0.11,0.0,0.0,0.0,0.06,0.0,0.0,0.2,0.11,0.0,0.09,0.17,0.12,0.0,0.19,0.0,0.0,0.0,0.05,0.06,0.0,0.06,0.0,0.0,0.06,0.0,0.0,0.0,0.0,0.06,0.16,0.12,0.12,0.0,0.06,0.0,0.0,0.0,0.0,0.0,0.0,0.0,0.0,0.04,0.0,0.06,0.06,0.0,0.0,0.0,0.07,0.0,0.0,0.0,0.0,0.06,0.0,0.0,0.0,0.0,0.0,0.0,0.0,0.0,0.0,0.0,0.06,0.1,0.19,0.0,0.06,0.06,0.06,0.06,0.0,0.0,0.0,0.0,0.0,0.05,0.0,0.0,0.0,0.0,0.0,0.0,0.06,0.04,0.05,0.06,0.0,0.0,0.0,0.0,0.0,0.0,0.0,0.0,0.0,0.0,0.06,0.0,0.16,0.0,0.0,0.0,0.0,0.16,0.06,0.0,0.04,0.08,0.09,0.0,0.05,0.0,0.0,0.06,0.0,0.0,0.06,0.05,0.0,0.0,0.0,0.24,0.22,0.0,0.06,0.06,0.24,0.06,0.18,0.11,0.14,0.12,0.14,0.0,0.0,0.0,0.0,0.06,0.0,0.12,0.04,0.0,0.0,0.0,0.0,0.04,0.06,0.0,0.06,0.0,0.06,0.0,0.0,0.04,0.04,0.12,0.06,0.0,0.12,0.06,0.05,0.1,0.06,0.0,0.1,0.1,0.06,0.06,0.0,0.0,0.0,0.0,0.1,0.1,0.07,0.06,0.05,0.06,0.12,0.0,0.0,0.0,0.06,0.02,0.04,1.0,0.0,0.0,0.0,0.0,0.0,0.04,0.06,0.0,0.0,0.1,0.04,0.04,0.0,0.0,0.0,0.06
vegan california rolls,0.0,0.0,0.04,0.0,0.0,0.06,0.14,0.08,0.0,0.08,0.0,0.0,0.04,0.0,0.1,0.0,0.06,0.04,0.0,0.0,0.08,0.0,0.04,0.05,0.0,0.04,0.0,0.04,0.0,0.05,0.06,0.04,0.0,0.04,0.04,0.09,0.0,0.0,0.0,0.0,0.0,0.0,0.0,0.0,0.0,0.0,0.06,0.0,0.0,0.04,0.04,0.04,0.04,0.0,0.0,0.08,0.07,0.06,0.0,0.0,0.0,0.0,0.0,0.04,0.0,0.06,0.0,0.0,0.08,0.04,0.0,0.0,0.04,0.0,0.05,0.04,0.0,0.0,0.0,0.04,0.04,0.04,0.04,0.0,0.04,0.1,0.0,0.0,0.0,0.08,0.08,0.12,0.08,0.04,0.04,0.1,0.05,0.09,0.04,0.04,0.04,0.04,0.0,0.04,0.0,0.09,0.08,0.08,0.04,0.04,0.0,0.04,0.05,0.08,0.04,0.12,0.04,0.04,0.04,0.03,0.0,0.04,0.0,0.04,0.04,0.0,0.04,0.04,0.0,0.04,0.04,0.04,0.0,0.0,0.07,0.04,0.04,0.04,0.04,0.08,0.0,0.0,0.0,0.0,0.0,0.0,0.04,0.0,0.0,0.0,0.12,0.04,0.04,0.04,0.0,0.0,0.0,0.02,0.0,0.0,0.0,0.0,0.04,0.04,0.05,0.06,0.04,0.07,0.04,0.04,0.05,0.0,0.04,0.04,0.04,0.04,0.04,0.04,0.04,0.0,0.04,0.0,0.04,0.04,0.0,0.0,0.04,0.0,0.04,0.08,0.04,0.0,0.0,0.0,0.04,0.04,0.05,0.04,0.05,0.0,0.04,0.04,0.0,0.04,0.04,0.04,0.04,0.04,0.04,0.0,0.04,0.14,0.04,0.06,0.08,0.04,0.0,0.0,0.04,0.06,0.0,0.0,0.04,0.08,0.04,0.1,0.0,0.0,0.04,0.04,0.04,0.0,0.04,0.06,0.0,0.04,0.0,0.04,0.0,0.04,0.0,0.0,0.06,0.0,0.04,0.06,0.06,0.04,0.03,0.08,0.05,0.04,0.04,0.04,0.09,0.0,0.04,0.0,0.0,0.04,0.0,0.0,0.05,0.0,0.0,0.0,0.0,0.04,0.04,0.0,0.0,0.05,0.02,0.06,0.0,0.05,0.0,0.04,0.04,0.0,0.0,0.0,0.0,0.04,0.03,0.04,0.0,0.0,0.0,0.0,0.09,0.06,0.07,0.03,0.06,0.05,0.0,0.03,0.04,0.04,0.0,0.0,0.05,0.04,0.07,0.08,0.04,0.0,0.0,0.0,0.0,0.04,0.07,0.11,0.0,0.08,0.0,0.07,0.04,0.0,0.0,0.0,0.0,0.04,0.0,1.0,0.0,0.0,0.0,0.04,0.0,0.0,0.0,0.0,0.04,0.1,0.0,0.04,0.0,0.0,0.04
vellutata di sedano rapa e patate,0.1,0.08,0.06,0.06,0.04,0.0,0.06,0.0,0.06,0.06,0.0,0.05,0.06,0.0,0.06,0.04,0.07,0.06,0.06,0.08,0.05,0.04,0.06,0.06,0.06,0.05,0.0,0.1,0.05,0.07,0.07,0.11,0.12,0.05,0.06,0.06,0.12,0.0,0.06,0.0,0.0,0.08,0.0,0.06,0.04,0.12,0.0,0.06,0.1,0.06,0.1,0.04,0.04,0.06,0.0,0.06,0.0,0.0,0.1,0.0,0.0,0.1,0.04,0.06,0.0,0.04,0.18,0.0,0.14,0.06,0.0,0.04,0.06,0.0,0.14,0.05,0.0,0.06,0.11,0.06,0.0,0.26,0.21,0.06,0.05,0.1,0.05,0.0,0.0,0.05,0.05,0.06,0.05,0.06,0.06,0.06,0.06,0.06,0.06,0.06,0.06,0.06,0.06,0.06,0.06,0.06,0.05,0.06,0.06,0.05,0.04,0.12,0.06,0.05,0.06,0.06,0.06,0.04,0.06,0.08,0.06,0.06,0.0,0.06,0.06,0.1,0.11,0.1,0.05,0.06,0.12,0.09,0.06,0.0,0.04,0.06,0.06,0.06,0.06,0.23,0.08,0.14,0.0,0.06,0.05,0.0,0.06,0.0,0.0,0.0,0.0,0.27,0.12,0.05,0.12,0.06,0.0,0.04,0.0,0.13,0.07,0.0,0.18,0.11,0.06,0.04,0.06,0.06,0.0,0.12,0.06,0.11,0.06,0.0,0.12,0.06,0.06,0.06,0.14,0.06,0.06,0.12,0.06,0.12,0.06,0.07,0.06,0.06,0.06,0.05,0.06,0.2,0.06,0.04,0.06,0.06,0.0,0.11,0.06,0.07,0.06,0.06,0.05,0.1,0.26,0.0,0.16,0.11,0.11,0.0,0.1,0.0,0.1,0.08,0.05,0.06,0.06,0.24,0.12,0.1,0.06,0.12,0.09,0.05,0.06,0.0,0.0,0.06,0.06,0.06,0.06,0.04,0.06,0.15,0.11,0.06,0.1,0.1,0.06,0.0,0.09,0.0,0.04,0.06,0.06,0.04,0.12,0.14,0.0,0.05,0.0,0.06,0.06,0.06,0.06,0.3,0.0,0.06,0.0,0.2,0.06,0.07,0.06,0.06,0.06,0.0,0.0,0.0,0.11,0.04,0.12,0.26,0.1,0.24,0.14,0.0,0.06,0.21,0.12,0.04,0.06,0.06,0.05,0.1,0.08,0.1,0.0,0.06,0.05,0.06,0.0,0.14,0.09,0.13,0.08,0.0,0.12,0.04,0.18,0.2,0.04,0.0,0.0,0.26,0.04,0.06,0.06,0.26,0.1,0.0,0.09,0.26,0.1,0.0,0.1,0.05,0.06,0.12,0.19,0.04,0.0,0.06,0.05,0.1,0.0,0.0,1.0,0.14,0.06,0.06,0.0,0.0,0.1,0.06,0.06,0.04,0.14,0.06,0.12,0.1,0.06
vellutata di verdure,0.0,0.0,0.08,0.0,0.0,0.0,0.09,0.0,0.0,0.07,0.0,0.0,0.04,0.0,0.1,0.0,0.06,0.08,0.0,0.0,0.04,0.0,0.04,0.1,0.1,0.08,0.0,0.08,0.0,0.15,0.16,0.12,0.0,0.08,0.08,0.13,0.17,0.0,0.04,0.0,0.0,0.0,0.0,0.0,0.08,0.04,0.06,0.12,0.07,0.12,0.14,0.1,0.1,0.0,0.0,0.08,0.07,0.03,0.1,0.0,0.0,0.0,0.04,0.09,0.0,0.0,0.08,0.0,0.14,0.16,0.0,0.04,0.08,0.0,0.14,0.08,0.04,0.0,0.12,0.12,0.04,0.08,0.08,0.0,0.04,0.08,0.0,0.0,0.0,0.04,0.04,0.04,0.04,0.04,0.08,0.04,0.05,0.04,0.08,0.04,0.08,0.12,0.0,0.04,0.04,0.08,0.04,0.08,0.04,0.04,0.04,0.04,0.05,0.04,0.04,0.08,0.08,0.04,0.04,0.1,0.04,0.04,0.0,0.04,0.04,0.0,0.12,0.12,0.0,0.12,0.14,0.16,0.09,0.0,0.04,0.04,0.08,0.08,0.16,0.24,0.0,0.0,0.0,0.0,0.0,0.0,0.04,0.04,0.0,0.05,0.04,0.2,0.13,0.08,0.0,0.12,0.04,0.16,0.0,0.04,0.06,0.0,0.08,0.12,0.05,0.03,0.04,0.09,0.08,0.08,0.1,0.0,0.13,0.04,0.09,0.09,0.13,0.09,0.06,0.18,0.08,0.04,0.09,0.13,0.04,0.06,0.09,0.0,0.09,0.14,0.13,0.1,0.05,0.14,0.09,0.04,0.05,0.08,0.1,0.06,0.09,0.04,0.0,0.1,0.2,0.04,0.04,0.12,0.12,0.0,0.08,0.04,0.08,0.12,0.08,0.08,0.04,0.06,0.13,0.08,0.0,0.0,0.04,0.04,0.04,0.0,0.0,0.18,0.09,0.04,0.08,0.04,0.08,0.11,0.0,0.09,0.0,0.08,0.04,0.04,0.04,0.0,0.03,0.04,0.08,0.06,0.12,0.1,0.06,0.14,0.0,0.09,0.09,0.12,0.13,0.16,0.04,0.09,0.05,0.1,0.04,0.06,0.05,0.05,0.09,0.06,0.0,0.04,0.12,0.1,0.08,0.14,0.08,0.1,0.1,0.05,0.14,0.12,0.08,0.0,0.14,0.14,0.0,0.1,0.12,0.12,0.0,0.12,0.0,0.04,0.08,0.1,0.06,0.16,0.03,0.0,0.04,0.09,0.13,0.14,0.0,0.0,0.0,0.18,0.07,0.04,0.08,0.2,0.08,0.0,0.04,0.12,0.14,0.0,0.08,0.07,0.0,0.13,0.2,0.0,0.08,0.0,0.0,0.1,0.0,0.0,0.14,1.0,0.0,0.0,0.0,0.0,0.0,0.08,0.08,0.22,0.0,0.16,0.08,0.0,0.08
yaki udon,0.0,0.0,0.0,0.0,0.0,0.0,0.0,0.0,0.0,0.03,0.0,0.1,0.0,0.0,0.06,0.0,0.0,0.0,0.0,0.0,0.0,0.0,0.0,0.0,0.0,0.0,0.0,0.0,0.0,0.0,0.04,0.0,0.0,0.0,0.0,0.0,0.0,0.0,0.0,0.0,0.06,0.0,0.04,0.0,0.0,0.0,0.0,0.0,0.0,0.0,0.0,0.0,0.0,0.0,0.0,0.0,0.0,0.0,0.0,0.0,0.0,0.0,0.0,0.0,0.0,0.0,0.0,0.0,0.0,0.0,0.0,0.0,0.0,0.0,0.0,0.0,0.05,0.0,0.0,0.0,0.0,0.05,0.0,0.06,0.0,0.0,0.05,0.0,0.0,0.0,0.0,0.0,0.0,0.0,0.0,0.0,0.0,0.0,0.0,0.0,0.0,0.0,0.0,0.0,0.0,0.0,0.0,0.0,0.0,0.0,0.0,0.0,0.0,0.0,0.0,0.0,0.0,0.0,0.0,0.0,0.0,0.0,0.0,0.0,0.0,0.05,0.0,0.0,0.0,0.0,0.0,0.0,0.06,0.0,0.0,0.0,0.0,0.0,0.0,0.0,0.0,0.04,0.0,0.0,0.0,0.0,0.0,0.0,0.0,0.0,0.06,0.0,0.0,0.05,0.0,0.0,0.06,0.0,0.0,0.0,0.0,0.0,0.06,0.0,0.0,0.0,0.0,0.0,0.0,0.0,0.0,0.0,0.0,0.0,0.0,0.0,0.0,0.0,0.0,0.0,0.0,0.0,0.0,0.0,0.0,0.0,0.0,0.0,0.0,0.0,0.0,0.0,0.0,0.0,0.0,0.0,0.0,0.0,0.0,0.0,0.0,0.0,0.0,0.0,0.0,0.0,0.0,0.0,0.0,0.0,0.0,0.0,0.0,0.0,0.0,0.0,0.0,0.0,0.0,0.0,0.0,0.0,0.04,0.0,0.0,0.0,0.1,0.0,0.0,0.0,0.0,0.0,0.0,0.04,0.0,0.0,0.0,0.0,0.0,0.0,0.0,0.0,0.0,0.0,0.0,0.0,0.0,0.0,0.04,0.0,0.0,0.0,0.0,0.0,0.0,0.0,0.05,0.0,0.06,0.0,0.0,0.0,0.0,0.0,0.0,0.0,0.0,0.0,0.0,0.0,0.0,0.0,0.0,0.0,0.0,0.0,0.0,0.0,0.0,0.0,0.0,0.0,0.0,0.04,0.0,0.0,0.0,0.0,0.0,0.0,0.0,0.04,0.04,0.0,0.04,0.0,0.0,0.0,0.0,0.0,0.0,0.0,0.0,0.0,0.0,0.0,0.0,0.0,0.0,0.0,0.0,0.0,0.0,0.0,0.0,0.0,0.0,0.0,0.0,0.0,0.0,0.0,0.0,0.0,0.0,0.0,0.06,0.0,1.0,0.0,0.04,0.0,0.1,0.0,0.0,0.0,0.04,0.0,0.0,0.05,0.06
zucchine ripiene con couscous e uvetta,0.1,0.0,0.06,0.0,0.04,0.0,0.0,0.0,0.06,0.0,0.0,0.0,0.0,0.0,0.0,0.0,0.0,0.0,0.0,0.0,0.0,0.0,0.0,0.0,0.0,0.0,0.0,0.06,0.1,0.07,0.04,0.0,0.0,0.0,0.0,0.0,0.0,0.0,0.0,0.0,0.0,0.0,0.0,0.06,0.04,0.06,0.0,0.0,0.22,0.16,0.0,0.21,0.0,0.06,0.0,0.0,0.0,0.04,0.05,0.0,0.0,0.06,0.04,0.0,0.06,0.12,0.1,0.0,0.05,0.0,0.0,0.0,0.0,0.0,0.0,0.0,0.0,0.06,0.06,0.06,0.0,0.1,0.0,0.0,0.0,0.02,0.0,0.0,0.0,0.0,0.0,0.0,0.0,0.0,0.0,0.0,0.0,0.0,0.0,0.0,0.0,0.0,0.06,0.0,0.0,0.0,0.0,0.0,0.0,0.0,0.04,0.06,0.0,0.05,0.0,0.0,0.0,0.0,0.0,0.0,0.06,0.0,0.05,0.0,0.0,0.0,0.0,0.0,0.0,0.0,0.0,0.0,0.0,0.0,0.0,0.0,0.06,0.0,0.0,0.0,0.0,0.0,0.0,0.06,0.0,0.0,0.0,0.0,0.0,0.0,0.0,0.0,0.06,0.0,0.0,0.0,0.0,0.0,0.0,0.06,0.0,0.0,0.0,0.0,0.0,0.0,0.0,0.0,0.0,0.0,0.0,0.0,0.0,0.0,0.0,0.0,0.0,0.0,0.04,0.0,0.0,0.06,0.0,0.0,0.06,0.0,0.0,0.06,0.0,0.0,0.0,0.06,0.0,0.0,0.0,0.0,0.0,0.0,0.0,0.0,0.0,0.0,0.0,0.0,0.0,0.0,0.0,0.0,0.0,0.0,0.06,0.0,0.0,0.0,0.0,0.0,0.06,0.08,0.0,0.04,0.06,0.0,0.0,0.0,0.0,0.0,0.0,0.0,0.0,0.0,0.0,0.19,0.0,0.0,0.06,0.0,0.14,0.0,0.06,0.0,0.09,0.0,0.04,0.0,0.0,0.04,0.0,0.09,0.0,0.0,0.0,0.0,0.0,0.0,0.12,0.0,0.0,0.0,0.0,0.0,0.0,0.0,0.0,0.06,0.0,0.0,0.0,0.0,0.0,0.0,0.0,0.0,0.06,0.0,0.07,0.0,0.0,0.06,0.0,0.0,0.0,0.0,0.0,0.0,0.0,0.06,0.0,0.0,0.0,0.0,0.0,0.0,0.0,0.04,0.0,0.06,0.0,0.04,0.0,0.05,0.04,0.0,0.0,0.0,0.0,0.0,0.0,0.0,0.1,0.0,0.14,0.0,0.0,0.0,0.0,0.0,0.06,0.03,0.06,0.0,0.0,0.06,0.02,0.0,0.0,0.04,0.06,0.0,0.0,1.0,0.0,0.0,0.0,0.0,0.0,0.0,0.0,0.0,0.06,0.0,0.0
"zuppa agropiccante, una ricetta cinese autentica",0.0,0.0,0.04,0.0,0.0,0.0,0.09,0.1,0.0,0.09,0.0,0.0,0.04,0.0,0.14,0.0,0.05,0.04,0.0,0.0,0.07,0.0,0.04,0.04,0.0,0.04,0.0,0.08,0.0,0.05,0.05,0.08,0.0,0.04,0.04,0.08,0.08,0.0,0.04,0.0,0.0,0.0,0.0,0.0,0.0,0.0,0.06,0.04,0.04,0.04,0.04,0.04,0.04,0.0,0.07,0.12,0.1,0.06,0.07,0.0,0.0,0.0,0.0,0.04,0.0,0.03,0.02,0.0,0.07,0.08,0.0,0.0,0.04,0.0,0.1,0.04,0.11,0.0,0.0,0.12,0.08,0.04,0.04,0.0,0.04,0.06,0.0,0.0,0.0,0.0,0.07,0.08,0.07,0.04,0.04,0.04,0.04,0.04,0.08,0.04,0.04,0.12,0.0,0.08,0.0,0.04,0.04,0.0,0.0,0.07,0.0,0.0,0.04,0.04,0.04,0.08,0.12,0.04,0.04,0.06,0.04,0.04,0.0,0.09,0.04,0.0,0.04,0.08,0.0,0.04,0.04,0.03,0.04,0.0,0.06,0.08,0.04,0.04,0.04,0.08,0.0,0.0,0.0,0.0,0.0,0.06,0.08,0.04,0.0,0.04,0.08,0.04,0.04,0.04,0.0,0.0,0.12,0.05,0.0,0.02,0.0,0.0,0.04,0.04,0.04,0.06,0.04,0.11,0.04,0.04,0.04,0.0,0.04,0.04,0.04,0.0,0.04,0.04,0.06,0.0,0.04,0.0,0.04,0.04,0.0,0.0,0.04,0.0,0.04,0.07,0.04,0.0,0.0,0.0,0.04,0.04,0.04,0.04,0.1,0.0,0.04,0.04,0.0,0.06,0.08,0.04,0.04,0.08,0.08,0.0,0.08,0.09,0.04,0.08,0.11,0.08,0.04,0.0,0.08,0.08,0.0,0.0,0.06,0.1,0.08,0.04,0.0,0.04,0.09,0.08,0.04,0.04,0.04,0.06,0.0,0.09,0.0,0.08,0.0,0.09,0.03,0.0,0.08,0.0,0.04,0.08,0.08,0.1,0.1,0.07,0.04,0.04,0.04,0.04,0.04,0.0,0.07,0.0,0.04,0.1,0.0,0.0,0.04,0.0,0.0,0.06,0.0,0.04,0.04,0.0,0.04,0.1,0.04,0.05,0.0,0.04,0.04,0.04,0.08,0.0,0.0,0.0,0.0,0.04,0.03,0.04,0.0,0.04,0.0,0.0,0.04,0.1,0.06,0.03,0.06,0.04,0.0,0.09,0.04,0.1,0.0,0.08,0.04,0.1,0.14,0.08,0.12,0.0,0.0,0.0,0.03,0.08,0.16,0.1,0.04,0.07,0.04,0.1,0.04,0.0,0.02,0.0,0.0,0.04,0.04,0.0,0.0,0.0,0.04,0.0,1.0,0.0,0.0,0.0,0.04,0.1,0.0,0.08,0.0,0.0,0.04
zuppa alla valdostana,0.0,0.0,0.05,0.0,0.0,0.0,0.12,0.09,0.0,0.12,0.0,0.0,0.06,0.0,0.06,0.0,0.07,0.06,0.0,0.0,0.1,0.0,0.06,0.06,0.0,0.05,0.0,0.05,0.0,0.16,0.1,0.06,0.0,0.05,0.05,0.11,0.0,0.0,0.06,0.04,0.0,0.0,0.0,0.0,0.0,0.06,0.0,0.0,0.0,0.06,0.0,0.09,0.04,0.0,0.09,0.1,0.04,0.11,0.04,0.0,0.0,0.0,0.0,0.06,0.0,0.04,0.0,0.0,0.09,0.05,0.08,0.0,0.06,0.0,0.06,0.05,0.0,0.0,0.06,0.15,0.16,0.05,0.1,0.0,0.05,0.09,0.0,0.0,0.0,0.0,0.04,0.06,0.04,0.06,0.06,0.06,0.06,0.06,0.05,0.06,0.1,0.05,0.0,0.06,0.0,0.11,0.04,0.0,0.0,0.05,0.0,0.0,0.06,0.04,0.05,0.06,0.05,0.04,0.05,0.04,0.0,0.06,0.0,0.12,0.1,0.0,0.1,0.15,0.0,0.05,0.06,0.12,0.0,0.0,0.09,0.06,0.05,0.05,0.1,0.1,0.0,0.0,0.0,0.0,0.0,0.0,0.1,0.0,0.0,0.0,0.05,0.1,0.06,0.19,0.0,0.05,0.0,0.0,0.0,0.03,0.0,0.0,0.06,0.1,0.06,0.16,0.11,0.14,0.1,0.06,0.12,0.0,0.06,0.06,0.06,0.0,0.06,0.06,0.08,0.0,0.06,0.0,0.06,0.11,0.0,0.0,0.12,0.0,0.06,0.04,0.11,0.0,0.0,0.0,0.06,0.06,0.06,0.06,0.12,0.0,0.06,0.06,0.0,0.09,0.05,0.18,0.06,0.06,0.06,0.0,0.05,0.06,0.05,0.08,0.14,0.06,0.0,0.0,0.06,0.06,0.0,0.0,0.04,0.04,0.06,0.0,0.0,0.0,0.06,0.06,0.06,0.0,0.05,0.07,0.0,0.06,0.0,0.1,0.0,0.06,0.0,0.0,0.12,0.0,0.05,0.07,0.16,0.08,0.04,0.14,0.06,0.06,0.06,0.1,0.06,0.0,0.0,0.06,0.0,0.04,0.06,0.07,0.12,0.0,0.12,0.08,0.06,0.11,0.21,0.08,0.0,0.12,0.0,0.07,0.0,0.12,0.06,0.1,0.06,0.0,0.0,0.0,0.0,0.09,0.08,0.05,0.0,0.0,0.0,0.0,0.11,0.08,0.13,0.04,0.14,0.06,0.0,0.16,0.06,0.04,0.0,0.0,0.06,0.04,0.14,0.05,0.11,0.0,0.0,0.0,0.0,0.1,0.18,0.07,0.0,0.09,0.0,0.12,0.1,0.0,0.0,0.0,0.0,0.09,0.06,0.0,0.0,0.0,0.0,0.0,0.0,1.0,0.0,0.0,0.05,0.08,0.0,0.06,0.0,0.0,0.1
"zuppa cinese, l’alternativa asiatica al minestrone",0.0,0.0,0.0,0.0,0.0,0.0,0.05,0.0,0.0,0.02,0.0,0.0,0.04,0.0,0.0,0.0,0.0,0.04,0.0,0.0,0.0,0.0,0.0,0.0,0.0,0.0,0.0,0.04,0.0,0.06,0.06,0.0,0.0,0.04,0.0,0.04,0.04,0.0,0.0,0.0,0.0,0.0,0.0,0.0,0.0,0.0,0.0,0.08,0.04,0.04,0.04,0.04,0.0,0.0,0.04,0.08,0.11,0.0,0.04,0.0,0.0,0.0,0.0,0.0,0.0,0.0,0.02,0.0,0.04,0.08,0.0,0.0,0.04,0.0,0.0,0.0,0.08,0.0,0.04,0.08,0.04,0.08,0.04,0.0,0.0,0.0,0.0,0.0,0.0,0.0,0.0,0.0,0.0,0.0,0.04,0.0,0.0,0.0,0.04,0.0,0.09,0.08,0.0,0.0,0.0,0.04,0.0,0.0,0.0,0.0,0.04,0.0,0.0,0.0,0.0,0.0,0.0,0.0,0.0,0.06,0.04,0.0,0.0,0.0,0.0,0.0,0.0,0.04,0.0,0.0,0.0,0.07,0.1,0.0,0.0,0.0,0.0,0.0,0.04,0.08,0.0,0.0,0.0,0.0,0.0,0.0,0.0,0.0,0.0,0.0,0.04,0.16,0.0,0.08,0.0,0.04,0.04,0.06,0.0,0.0,0.0,0.0,0.04,0.04,0.0,0.0,0.0,0.05,0.0,0.0,0.05,0.0,0.04,0.0,0.0,0.0,0.0,0.0,0.0,0.05,0.0,0.0,0.0,0.04,0.0,0.0,0.1,0.0,0.0,0.0,0.04,0.0,0.0,0.11,0.0,0.0,0.0,0.0,0.05,0.0,0.0,0.0,0.0,0.0,0.08,0.05,0.04,0.0,0.0,0.0,0.04,0.0,0.0,0.03,0.04,0.04,0.04,0.03,0.04,0.03,0.0,0.0,0.04,0.0,0.0,0.0,0.0,0.1,0.05,0.0,0.04,0.04,0.04,0.06,0.0,0.0,0.0,0.08,0.0,0.05,0.04,0.0,0.0,0.04,0.0,0.0,0.03,0.04,0.12,0.04,0.0,0.0,0.0,0.0,0.0,0.09,0.04,0.05,0.05,0.08,0.0,0.0,0.0,0.05,0.1,0.0,0.0,0.0,0.04,0.0,0.04,0.1,0.05,0.06,0.0,0.1,0.14,0.09,0.0,0.0,0.1,0.05,0.0,0.08,0.04,0.0,0.0,0.04,0.0,0.0,0.09,0.07,0.0,0.0,0.03,0.0,0.0,0.06,0.04,0.04,0.0,0.0,0.0,0.08,0.04,0.0,0.04,0.1,0.0,0.0,0.04,0.04,0.08,0.0,0.0,0.04,0.0,0.0,0.08,0.0,0.08,0.0,0.0,0.0,0.0,0.0,0.1,0.0,0.1,0.0,0.0,0.0,1.0,0.04,0.04,0.07,0.0,0.04,0.0,0.0,0.08
zuppa di cozze alla napoletana,0.09,0.04,0.04,0.06,0.08,0.0,0.06,0.0,0.0,0.06,0.0,0.04,0.05,0.07,0.06,0.14,0.06,0.14,0.06,0.06,0.04,0.14,0.05,0.12,0.12,0.08,0.0,0.04,0.0,0.06,0.06,0.14,0.05,0.13,0.14,0.05,0.05,0.0,0.0,0.0,0.0,0.14,0.0,0.0,0.03,0.0,0.0,0.14,0.04,0.19,0.08,0.08,0.12,0.0,0.04,0.04,0.04,0.04,0.0,0.0,0.0,0.04,0.04,0.1,0.0,0.0,0.06,0.0,0.04,0.04,0.0,0.04,0.19,0.0,0.06,0.13,0.04,0.04,0.05,0.0,0.0,0.08,0.0,0.0,0.04,0.08,0.0,0.0,0.0,0.04,0.04,0.05,0.04,0.06,0.05,0.06,0.06,0.05,0.09,0.1,0.05,0.04,0.05,0.05,0.06,0.05,0.04,0.05,0.06,0.04,0.12,0.06,0.06,0.08,0.04,0.05,0.04,0.04,0.04,0.04,0.0,0.06,0.0,0.0,0.04,0.0,0.05,0.04,0.0,0.04,0.1,0.12,0.0,0.0,0.12,0.0,0.09,0.04,0.14,0.04,0.11,0.08,0.0,0.05,0.12,0.0,0.05,0.05,0.0,0.06,0.0,0.14,0.1,0.0,0.1,0.14,0.04,0.16,0.04,0.06,0.06,0.0,0.05,0.05,0.0,0.04,0.0,0.08,0.04,0.05,0.06,0.05,0.36,0.06,0.1,0.06,0.36,0.1,0.04,0.1,0.1,0.06,0.1,0.05,0.04,0.06,0.1,0.0,0.0,0.16,0.05,0.06,0.06,0.12,0.1,0.05,0.06,0.05,0.06,0.06,0.1,0.0,0.12,0.08,0.04,0.0,0.0,0.1,0.1,0.0,0.04,0.0,0.04,0.1,0.04,0.05,0.0,0.0,0.05,0.09,0.06,0.05,0.0,0.04,0.1,0.0,0.0,0.06,0.06,0.05,0.1,0.0,0.04,0.1,0.05,0.06,0.04,0.04,0.06,0.0,0.0,0.0,0.04,0.0,0.04,0.06,0.07,0.04,0.0,0.12,0.0,0.1,0.16,0.1,0.05,0.36,0.04,0.1,0.0,0.08,0.05,0.0,0.06,0.12,0.06,0.0,0.0,0.0,0.05,0.0,0.05,0.0,0.03,0.06,0.12,0.06,0.0,0.05,0.05,0.12,0.26,0.1,0.04,0.08,0.11,0.04,0.0,0.09,0.08,0.1,0.1,0.08,0.04,0.04,0.03,0.0,0.06,0.04,0.05,0.08,0.0,0.0,0.0,0.08,0.08,0.0,0.0,0.0,0.09,0.0,0.0,0.04,0.04,0.0,0.09,0.0,0.0,0.08,0.04,0.04,0.12,0.0,0.02,0.04,0.0,0.0,0.06,0.08,0.0,0.0,0.0,0.0,0.04,1.0,0.34,0.12,0.12,0.14,0.1,0.08,0.0
zuppa di cozze vongole e patate,0.06,0.11,0.09,0.1,0.08,0.0,0.1,0.08,0.0,0.14,0.0,0.08,0.1,0.07,0.12,0.08,0.12,0.19,0.12,0.06,0.13,0.14,0.1,0.17,0.12,0.18,0.05,0.09,0.04,0.12,0.16,0.14,0.1,0.18,0.14,0.1,0.05,0.0,0.0,0.0,0.05,0.18,0.08,0.0,0.03,0.0,0.0,0.14,0.04,0.19,0.12,0.12,0.12,0.0,0.04,0.14,0.08,0.06,0.0,0.08,0.04,0.09,0.04,0.16,0.05,0.04,0.06,0.05,0.08,0.26,0.0,0.12,0.41,0.0,0.12,0.18,0.0,0.04,0.05,0.04,0.05,0.08,0.05,0.06,0.08,0.16,0.0,0.0,0.06,0.04,0.08,0.1,0.08,0.1,0.1,0.1,0.12,0.1,0.09,0.1,0.1,0.09,0.0,0.1,0.06,0.1,0.08,0.05,0.06,0.08,0.12,0.06,0.12,0.08,0.09,0.1,0.09,0.08,0.09,0.08,0.0,0.1,0.04,0.06,0.09,0.04,0.1,0.09,0.04,0.09,0.16,0.19,0.0,0.0,0.12,0.05,0.14,0.09,0.14,0.14,0.08,0.12,0.0,0.0,0.16,0.0,0.1,0.1,0.0,0.06,0.04,0.18,0.15,0.08,0.1,0.09,0.04,0.16,0.04,0.06,0.06,0.0,0.1,0.1,0.06,0.1,0.05,0.16,0.08,0.1,0.12,0.1,0.4,0.1,0.16,0.06,0.3,0.16,0.08,0.1,0.25,0.16,0.16,0.1,0.04,0.12,0.16,0.0,0.06,0.12,0.15,0.06,0.06,0.12,0.16,0.1,0.12,0.1,0.12,0.06,0.16,0.15,0.12,0.12,0.09,0.06,0.1,0.14,0.14,0.0,0.09,0.06,0.09,0.17,0.13,0.1,0.0,0.0,0.1,0.12,0.0,0.05,0.04,0.04,0.1,0.0,0.04,0.06,0.1,0.1,0.14,0.0,0.09,0.13,0.1,0.1,0.04,0.09,0.06,0.06,0.0,0.04,0.14,0.0,0.14,0.12,0.14,0.08,0.03,0.16,0.06,0.32,0.22,0.14,0.1,0.29,0.04,0.06,0.0,0.08,0.15,0.12,0.12,0.12,0.06,0.06,0.0,0.15,0.1,0.0,0.05,0.06,0.03,0.12,0.12,0.12,0.0,0.1,0.1,0.15,0.26,0.1,0.08,0.24,0.14,0.09,0.0,0.09,0.13,0.1,0.15,0.15,0.12,0.04,0.1,0.06,0.06,0.07,0.1,0.12,0.0,0.0,0.06,0.2,0.12,0.04,0.05,0.0,0.09,0.0,0.0,0.09,0.12,0.06,0.04,0.04,0.0,0.16,0.09,0.04,0.12,0.0,0.04,0.12,0.1,0.04,0.06,0.08,0.0,0.0,0.04,0.05,0.04,0.34,1.0,0.19,0.12,0.14,0.1,0.08,0.09
zuppa di farro,0.2,0.15,0.08,0.09,0.2,0.0,0.14,0.07,0.0,0.12,0.0,0.07,0.08,0.09,0.19,0.06,0.1,0.16,0.14,0.06,0.11,0.2,0.08,0.14,0.1,0.11,0.04,0.08,0.04,0.14,0.23,0.12,0.08,0.14,0.12,0.25,0.04,0.0,0.0,0.0,0.04,0.24,0.16,0.0,0.08,0.0,0.12,0.12,0.04,0.2,0.1,0.14,0.14,0.0,0.04,0.12,0.14,0.08,0.04,0.06,0.08,0.12,0.04,0.14,0.08,0.03,0.05,0.04,0.1,0.12,0.0,0.06,0.2,0.0,0.14,0.11,0.0,0.08,0.08,0.08,0.08,0.07,0.04,0.04,0.07,0.15,0.04,0.0,0.05,0.04,0.07,0.08,0.1,0.14,0.12,0.26,0.1,0.08,0.08,0.08,0.12,0.08,0.0,0.08,0.04,0.12,0.07,0.04,0.04,0.07,0.06,0.04,0.1,0.07,0.12,0.16,0.08,0.06,0.08,0.09,0.0,0.09,0.04,0.04,0.08,0.04,0.12,0.12,0.1,0.15,0.14,0.22,0.09,0.0,0.1,0.04,0.12,0.12,0.24,0.34,0.15,0.16,0.0,0.0,0.18,0.0,0.08,0.04,0.0,0.04,0.04,0.19,0.12,0.14,0.08,0.08,0.04,0.2,0.04,0.04,0.05,0.0,0.08,0.12,0.04,0.09,0.04,0.16,0.11,0.08,0.14,0.12,0.16,0.09,0.09,0.09,0.16,0.14,0.06,0.09,0.12,0.04,0.14,0.12,0.04,0.05,0.18,0.0,0.14,0.24,0.21,0.04,0.04,0.1,0.14,0.08,0.1,0.08,0.14,0.05,0.14,0.04,0.14,0.1,0.15,0.09,0.04,0.12,0.12,0.0,0.08,0.14,0.08,0.14,0.14,0.08,0.0,0.03,0.08,0.1,0.0,0.08,0.03,0.04,0.08,0.0,0.06,0.09,0.09,0.08,0.16,0.0,0.08,0.14,0.16,0.09,0.04,0.08,0.04,0.04,0.0,0.04,0.08,0.0,0.12,0.1,0.14,0.06,0.02,0.28,0.04,0.14,0.18,0.16,0.12,0.12,0.04,0.09,0.04,0.07,0.08,0.05,0.1,0.1,0.09,0.06,0.0,0.12,0.12,0.03,0.04,0.1,0.02,0.1,0.1,0.14,0.04,0.12,0.08,0.25,0.14,0.09,0.24,0.16,0.15,0.12,0.0,0.08,0.14,0.04,0.16,0.12,0.1,0.15,0.08,0.04,0.04,0.09,0.08,0.1,0.04,0.0,0.04,0.1,0.1,0.04,0.08,0.04,0.08,0.0,0.0,0.08,0.14,0.05,0.04,0.07,0.0,0.12,0.15,0.04,0.1,0.0,0.04,0.1,0.04,0.1,0.04,0.22,0.0,0.0,0.1,0.08,0.07,0.12,0.19,1.0,0.2,0.16,0.08,0.07,0.15
zuppa di legumi e cereali,0.0,0.0,0.04,0.0,0.0,0.0,0.04,0.0,0.0,0.04,0.0,0.0,0.04,0.0,0.05,0.0,0.06,0.08,0.0,0.0,0.04,0.0,0.04,0.1,0.1,0.08,0.0,0.04,0.0,0.05,0.18,0.08,0.0,0.08,0.12,0.13,0.04,0.0,0.0,0.0,0.0,0.0,0.0,0.0,0.08,0.0,0.0,0.08,0.04,0.12,0.1,0.07,0.18,0.0,0.0,0.04,0.0,0.03,0.04,0.0,0.0,0.0,0.04,0.09,0.0,0.0,0.05,0.0,0.07,0.08,0.0,0.07,0.12,0.0,0.1,0.08,0.0,0.0,0.04,0.0,0.0,0.11,0.04,0.0,0.04,0.08,0.0,0.0,0.0,0.04,0.04,0.04,0.07,0.09,0.08,0.04,0.05,0.04,0.08,0.04,0.04,0.04,0.0,0.04,0.04,0.04,0.04,0.04,0.04,0.04,0.04,0.04,0.05,0.04,0.08,0.04,0.04,0.04,0.04,0.1,0.0,0.04,0.0,0.0,0.04,0.0,0.08,0.04,0.0,0.12,0.09,0.13,0.14,0.0,0.07,0.0,0.08,0.08,0.16,0.24,0.0,0.0,0.0,0.0,0.0,0.0,0.04,0.04,0.0,0.05,0.0,0.12,0.08,0.11,0.0,0.08,0.04,0.13,0.0,0.04,0.06,0.0,0.08,0.04,0.0,0.03,0.0,0.04,0.08,0.04,0.05,0.0,0.08,0.04,0.04,0.09,0.17,0.09,0.04,0.09,0.08,0.04,0.09,0.04,0.04,0.06,0.04,0.0,0.04,0.18,0.13,0.05,0.05,0.07,0.09,0.04,0.05,0.04,0.05,0.06,0.09,0.0,0.0,0.07,0.12,0.0,0.04,0.08,0.08,0.0,0.04,0.0,0.04,0.08,0.04,0.04,0.0,0.06,0.04,0.05,0.0,0.0,0.04,0.0,0.04,0.0,0.0,0.09,0.04,0.04,0.08,0.0,0.08,0.14,0.0,0.04,0.0,0.08,0.04,0.0,0.0,0.0,0.03,0.04,0.08,0.06,0.06,0.03,0.0,0.18,0.0,0.09,0.14,0.12,0.08,0.12,0.04,0.04,0.05,0.07,0.08,0.06,0.05,0.05,0.0,0.06,0.0,0.08,0.04,0.04,0.04,0.05,0.02,0.1,0.1,0.0,0.04,0.08,0.04,0.0,0.09,0.09,0.0,0.18,0.1,0.08,0.0,0.08,0.0,0.04,0.04,0.1,0.04,0.1,0.06,0.0,0.04,0.03,0.08,0.07,0.0,0.0,0.0,0.1,0.04,0.0,0.0,0.1,0.08,0.0,0.0,0.08,0.04,0.0,0.04,0.0,0.0,0.06,0.12,0.0,0.06,0.0,0.0,0.07,0.04,0.0,0.14,0.0,0.04,0.0,0.0,0.0,0.0,0.12,0.12,0.2,1.0,0.16,0.08,0.0,0.12
zuppa di orzo e fagioli,0.19,0.16,0.1,0.17,0.17,0.0,0.11,0.09,0.0,0.18,0.0,0.09,0.17,0.08,0.12,0.12,0.13,0.15,0.18,0.07,0.14,0.15,0.1,0.18,0.18,0.14,0.1,0.19,0.14,0.12,0.13,0.15,0.1,0.18,0.25,0.1,0.1,0.0,0.0,0.0,0.1,0.23,0.08,0.0,0.03,0.0,0.0,0.14,0.09,0.2,0.26,0.17,0.17,0.05,0.0,0.29,0.08,0.1,0.09,0.08,0.1,0.1,0.04,0.17,0.06,0.04,0.1,0.1,0.13,0.14,0.0,0.04,0.15,0.0,0.18,0.14,0.04,0.14,0.05,0.1,0.06,0.09,0.05,0.06,0.09,0.19,0.0,0.0,0.06,0.04,0.09,0.1,0.09,0.11,0.24,0.11,0.12,0.16,0.19,0.1,0.17,0.14,0.2,0.1,0.12,0.1,0.09,0.05,0.06,0.09,0.08,0.06,0.12,0.09,0.1,0.1,0.1,0.12,0.1,0.12,0.05,0.16,0.04,0.06,0.1,0.04,0.15,0.1,0.04,0.14,0.22,0.2,0.11,0.0,0.17,0.05,0.14,0.24,0.32,0.14,0.12,0.21,0.0,0.0,0.18,0.0,0.15,0.06,0.0,0.06,0.05,0.14,0.16,0.04,0.1,0.1,0.1,0.16,0.09,0.06,0.06,0.0,0.1,0.1,0.06,0.11,0.1,0.14,0.14,0.16,0.18,0.15,0.26,0.17,0.11,0.06,0.16,0.17,0.08,0.2,0.16,0.06,0.17,0.1,0.05,0.06,0.11,0.0,0.17,0.28,0.1,0.06,0.06,0.16,0.17,0.1,0.12,0.1,0.12,0.06,0.22,0.06,0.13,0.17,0.19,0.06,0.1,0.15,0.15,0.0,0.14,0.06,0.14,0.34,0.14,0.2,0.05,0.0,0.16,0.16,0.0,0.06,0.08,0.04,0.1,0.0,0.04,0.22,0.17,0.1,0.15,0.04,0.1,0.2,0.1,0.11,0.04,0.22,0.06,0.11,0.04,0.04,0.11,0.0,0.14,0.23,0.24,0.19,0.1,0.18,0.12,0.22,0.17,0.15,0.16,0.1,0.04,0.06,0.06,0.13,0.06,0.0,0.12,0.06,0.0,0.0,0.0,0.1,0.1,0.04,0.16,0.06,0.06,0.13,0.23,0.06,0.0,0.1,0.1,0.2,0.11,0.17,0.18,0.12,0.12,0.14,0.0,0.14,0.09,0.06,0.1,0.2,0.12,0.12,0.14,0.06,0.06,0.11,0.16,0.18,0.08,0.0,0.06,0.17,0.17,0.05,0.06,0.0,0.1,0.0,0.04,0.1,0.21,0.06,0.05,0.04,0.0,0.16,0.1,0.04,0.1,0.0,0.04,0.17,0.0,0.04,0.06,0.16,0.0,0.0,0.08,0.06,0.04,0.14,0.14,0.16,0.16,1.0,0.1,0.14,0.1
zuppa di pomodori fredda con burrata,0.16,0.08,0.1,0.06,0.04,0.0,0.06,0.0,0.1,0.06,0.0,0.04,0.06,0.08,0.06,0.08,0.3,0.1,0.06,0.08,0.05,0.08,0.06,0.12,0.12,0.1,0.0,0.1,0.05,0.06,0.07,0.1,0.06,0.1,0.1,0.06,0.06,0.0,0.0,0.0,0.0,0.12,0.0,0.06,0.1,0.06,0.0,0.1,0.09,0.1,0.14,0.09,0.09,0.05,0.0,0.05,0.0,0.0,0.09,0.0,0.0,0.1,0.14,0.12,0.0,0.04,0.16,0.0,0.09,0.1,0.0,0.04,0.1,0.0,0.06,0.1,0.0,0.15,0.1,0.05,0.0,0.1,0.0,0.0,0.05,0.09,0.0,0.0,0.0,0.1,0.04,0.06,0.04,0.06,0.06,0.06,0.06,0.06,0.05,0.06,0.06,0.05,0.06,0.06,0.12,0.06,0.04,0.06,0.06,0.05,0.09,0.12,0.06,0.04,0.05,0.06,0.05,0.09,0.05,0.04,0.1,0.06,0.0,0.0,0.05,0.0,0.06,0.05,0.04,0.05,0.18,0.08,0.0,0.0,0.09,0.0,0.15,0.05,0.1,0.05,0.08,0.09,0.0,0.06,0.09,0.0,0.06,0.06,0.0,0.06,0.0,0.15,0.11,0.0,0.06,0.1,0.05,0.07,0.05,0.32,0.07,0.0,0.11,0.1,0.06,0.04,0.0,0.09,0.05,0.06,0.06,0.06,0.11,0.24,0.06,0.06,0.11,0.12,0.13,0.12,0.11,0.12,0.12,0.06,0.05,0.07,0.06,0.19,0.0,0.09,0.06,0.12,0.06,0.09,0.18,0.06,0.06,0.06,0.06,0.07,0.12,0.0,0.14,0.09,0.05,0.0,0.06,0.1,0.1,0.0,0.15,0.0,0.05,0.11,0.05,0.27,0.06,0.12,0.06,0.2,0.06,0.06,0.0,0.0,0.06,0.0,0.0,0.06,0.06,0.11,0.06,0.04,0.05,0.1,0.06,0.06,0.18,0.05,0.18,0.0,0.08,0.0,0.04,0.0,0.05,0.07,0.12,0.12,0.0,0.09,0.32,0.12,0.12,0.1,0.06,0.1,0.05,0.06,0.0,0.04,0.06,0.0,0.06,0.19,0.0,0.0,0.0,0.0,0.06,0.0,0.06,0.0,0.19,0.07,0.2,0.0,0.0,0.06,0.06,0.08,0.12,0.12,0.04,0.04,0.08,0.05,0.0,0.15,0.05,0.06,0.06,0.12,0.04,0.04,0.04,0.0,0.06,0.04,0.06,0.14,0.09,0.0,0.0,0.09,0.04,0.0,0.0,0.0,0.15,0.0,0.08,0.05,0.04,0.0,0.05,0.0,0.12,0.08,0.05,0.09,0.07,0.11,0.02,0.04,0.0,0.0,0.12,0.08,0.0,0.06,0.0,0.0,0.0,0.1,0.1,0.08,0.08,0.1,1.0,0.1,0.0
zuppa leggera con verdure di primavera,0.0,0.0,0.04,0.0,0.0,0.0,0.05,0.0,0.0,0.08,0.0,0.0,0.09,0.0,0.06,0.0,0.12,0.09,0.0,0.0,0.04,0.0,0.04,0.11,0.11,0.08,0.0,0.08,0.0,0.08,0.09,0.09,0.0,0.08,0.08,0.05,0.1,0.0,0.05,0.04,0.0,0.0,0.0,0.0,0.03,0.05,0.0,0.13,0.08,0.09,0.12,0.08,0.08,0.0,0.0,0.08,0.04,0.0,0.04,0.0,0.0,0.0,0.04,0.1,0.0,0.0,0.08,0.0,0.08,0.08,0.0,0.04,0.09,0.0,0.06,0.08,0.04,0.0,0.04,0.04,0.0,0.08,0.0,0.0,0.04,0.08,0.0,0.0,0.0,0.04,0.04,0.04,0.08,0.05,0.05,0.05,0.06,0.05,0.08,0.05,0.04,0.08,0.0,0.05,0.05,0.05,0.04,0.04,0.1,0.04,0.04,0.05,0.11,0.08,0.04,0.04,0.04,0.04,0.04,0.07,0.04,0.05,0.0,0.0,0.04,0.0,0.04,0.08,0.0,0.04,0.1,0.07,0.1,0.0,0.04,0.0,0.08,0.04,0.09,0.04,0.0,0.0,0.0,0.0,0.0,0.0,0.04,0.05,0.0,0.06,0.0,0.08,0.1,0.04,0.0,0.13,0.04,0.09,0.0,0.06,0.06,0.0,0.1,0.04,0.0,0.04,0.0,0.05,0.04,0.1,0.06,0.0,0.1,0.1,0.05,0.05,0.1,0.1,0.04,0.1,0.1,0.05,0.16,0.1,0.04,0.06,0.05,0.0,0.0,0.08,0.05,0.06,0.06,0.08,0.1,0.1,0.06,0.04,0.06,0.06,0.1,0.0,0.0,0.08,0.08,0.0,0.0,0.09,0.09,0.0,0.08,0.0,0.04,0.16,0.08,0.09,0.04,0.0,0.1,0.12,0.0,0.0,0.04,0.0,0.04,0.0,0.0,0.1,0.1,0.05,0.04,0.04,0.04,0.16,0.0,0.1,0.0,0.04,0.05,0.1,0.04,0.0,0.04,0.0,0.04,0.09,0.06,0.07,0.06,0.08,0.06,0.16,0.1,0.09,0.05,0.09,0.04,0.1,0.0,0.08,0.05,0.0,0.06,0.06,0.0,0.0,0.0,0.0,0.04,0.0,0.05,0.0,0.06,0.06,0.12,0.0,0.0,0.04,0.05,0.0,0.1,0.16,0.0,0.08,0.07,0.04,0.0,0.13,0.0,0.05,0.05,0.14,0.04,0.04,0.06,0.0,0.05,0.07,0.05,0.12,0.0,0.0,0.0,0.12,0.12,0.0,0.0,0.0,0.08,0.0,0.04,0.04,0.08,0.06,0.08,0.0,0.0,0.12,0.04,0.0,0.09,0.0,0.0,0.08,0.0,0.0,0.1,0.0,0.05,0.0,0.0,0.0,0.0,0.08,0.08,0.07,0.0,0.14,0.1,1.0,0.04
"zuppa orzo, lenticchie e ceci",0.06,0.14,0.04,0.06,0.08,0.0,0.1,0.08,0.0,0.08,0.0,0.08,0.05,0.04,0.06,0.0,0.06,0.05,0.12,0.0,0.08,0.07,0.05,0.06,0.0,0.04,0.05,0.04,0.04,0.12,0.16,0.05,0.05,0.04,0.04,0.1,0.0,0.0,0.0,0.0,0.05,0.14,0.12,0.0,0.0,0.0,0.0,0.0,0.0,0.1,0.04,0.08,0.04,0.0,0.0,0.09,0.04,0.1,0.04,0.08,0.09,0.09,0.0,0.06,0.1,0.04,0.0,0.05,0.04,0.04,0.0,0.04,0.1,0.0,0.12,0.04,0.0,0.04,0.05,0.09,0.1,0.08,0.05,0.1,0.04,0.1,0.08,0.0,0.06,0.0,0.04,0.05,0.04,0.06,0.1,0.06,0.06,0.05,0.04,0.05,0.1,0.04,0.0,0.05,0.0,0.1,0.04,0.0,0.0,0.04,0.0,0.0,0.06,0.04,0.04,0.05,0.04,0.04,0.04,0.08,0.0,0.06,0.04,0.06,0.04,0.08,0.1,0.09,0.04,0.09,0.06,0.15,0.1,0.0,0.08,0.05,0.04,0.09,0.1,0.18,0.0,0.12,0.0,0.0,0.08,0.0,0.05,0.0,0.0,0.0,0.04,0.09,0.2,0.13,0.05,0.0,0.0,0.06,0.0,0.0,0.0,0.0,0.1,0.1,0.06,0.07,0.05,0.1,0.04,0.05,0.12,0.1,0.05,0.06,0.06,0.0,0.05,0.06,0.04,0.0,0.05,0.0,0.06,0.1,0.0,0.0,0.1,0.0,0.1,0.04,0.15,0.0,0.0,0.0,0.06,0.05,0.06,0.05,0.12,0.0,0.06,0.1,0.08,0.04,0.09,0.1,0.05,0.05,0.05,0.0,0.04,0.06,0.04,0.06,0.13,0.05,0.0,0.0,0.05,0.06,0.0,0.0,0.08,0.04,0.05,0.0,0.08,0.06,0.06,0.05,0.1,0.0,0.04,0.13,0.05,0.06,0.0,0.04,0.0,0.06,0.0,0.04,0.07,0.04,0.09,0.06,0.1,0.04,0.03,0.12,0.06,0.06,0.1,0.05,0.1,0.0,0.0,0.06,0.06,0.04,0.05,0.06,0.06,0.0,0.06,0.06,0.0,0.15,0.1,0.04,0.0,0.12,0.0,0.06,0.0,0.12,0.06,0.1,0.05,0.08,0.0,0.0,0.08,0.12,0.04,0.09,0.0,0.0,0.08,0.0,0.1,0.12,0.08,0.04,0.1,0.06,0.0,0.07,0.05,0.04,0.04,0.0,0.06,0.04,0.08,0.04,0.1,0.0,0.0,0.0,0.0,0.04,0.12,0.06,0.0,0.08,0.0,0.08,0.09,0.0,0.0,0.0,0.04,0.08,0.06,0.04,0.06,0.08,0.06,0.0,0.04,0.1,0.08,0.0,0.09,0.15,0.12,0.1,0.0,0.04,1.0
