,aglio sott’olio,amarene sciroppate,arista al sale,bagnet verd o salsa verde piemontese,besciamella con olio extravergine d’oliva,bigoli,biscotti di frolla montata,biscotti di pasta frolla montata,biscotti ovis mollis,biscotti secchi,branzino al cartoccio,branzino al forno,brodo di pollo,brutti ma buoni senza glutine,budino al cioccolato,burger buns,burger buns (panini per hamburger) soffici,burro di arachidi,calamari fritti,caldarroste al forno,camy cream,cappelletti vegani in brodo,cardi gratinati al parmigiano,carne lessa,castagne al microonde,castagne lesse,cavatelli,cavolo nero in padella,cenci toscani al forno,cheesecake fredda,chutney di pere,ciambella al latte caldo,ciambella ricotta e limone,ciambellone allo yogurt,ciambellone all’acqua,cipolle rosse in agrodolce,cipolline al forno,come fare i funghi porcini sottolio in tre mosse,come fare la pasta frolla alla perfezione,come fare la polenta in casa e ottenere la giusta consistenza,come preparare la panna acida,cornetti con lievito madre non rinfrescato,cornetti sfogliati,cosciotto di agnello al forno,cotechino con lenticchie,couscous aromatizzato al tè,crema al burro,crema al mascarpone e panna,crema alla banana,crema di parmigiano,crema diplomatica,crema diplomatica con il bimby,crema pasticcera al cioccolato,croccante di mandorle,crostata di marmellata con il bimby,crostata senza burro,"fettine di maiale in padella, la ricetta per farle morbide",fettuccine fatte in casa,finocchi in padella,focaccia bianca,focaccia patate e rosmarino,"focaccia, la ricetta classica per un risultato morbidissimo",fonduta di parmigiano,frittata,frittata di zucchine,frolla al burro di cocco,frollini salati alle erbe,"frosting al philadelphia, per dei cupcake perfetti","funghi gratinati al forno, la ricetta per un contorno autunnale",funghi sott’olio,funghi trifolati,ganache montata,gelato allo yogurt,gelato oreo,glassa al cioccolato,glassa al limone,gnocchi di patate,grappa all’arancia e cannella,grissini fatti in casa,infusi home made,insalata di patate lesse alle erbe,ketchup fatto in casa,latte di mandorla,lenticchie in umido,lenticchie semplicissime,lievito di birra fatto in casa,limonata rosa,liquore al cedro,liquore all’alloro,maionese,"maionese senza uova, la ricetta per una salsa bianca e ben soda",maltagliati con ceci,marmellata di fichi e noci,marmellata di fragole,marmellata di prugne,mbriachelle,minestra di semolino,minestrone di verdure,mojito analcolico,mousse cioccolato e lamponi,mousse di mascarpone,muffin ricotta e cioccolato,olive in salamoia,pancake di quinoa,pancarrè fatto in casa sofficissimo,pane al pomodoro,pane alle mandorle e rosmarino,pane senza glutine,pane senza lievitazione con olive e rosmarino,panettone semplice con lievito di birra,panini al latte,panini semidolci morbidi,panko fatto in casa,pappardelle,pasta al forno con polpettine e uova sode,pasta all’uovo,pasta d’arance,"pasta fredda al pesto di zucchine, caprino e olive",pasta fresca paglia e fieno,pasta fresca senza uova,pasta frolla con uova sode,"pasta margherita, la ricetta di una torta senza burro, glutine e lievito",pasta olio e parmigiano,pasta sfoglia,patate in padella,patate lesse gustose,peperoni arrosto,pesche sciroppate,pesto di melanzane light,pesto di prezzemolo e mandorle,pici,pizza senza impasto,pizza senza lievitazione,"plumcake al latte, la ricetta base da imparare a memoria",plumcake classico,polpettone farcito,pop corn caramellati,porridge classico,preparato per brownies in barattolo,preparato per vin brûlé,purea di patate senza latte,ragù di soia vegetale,ragù rosso di carne,ravioli asparagi e ricotta,ricetta della pasta frolla classica,riso per sushi,"risotto al tartufo bianco, la ricetta per degustare il fungo più prezioso",sale al vino rosso,sale aromatizzato alle erbe,salsa alla vaniglia,salsa allo yogurt,salsa olandese,"salsa tartara, una maionese arricchita con erbe e sottaceti",salsa tonnata,scaloppine di pollo al limone,schiacciata toscana,sciroppo al cioccolato,sciroppo per la tosse fatto in casa,spaghetti con sugo di pesce,spinaci in padella,spätzle di spinaci con speck e panna,strozzapreti fatti in casa,succo di mela fatto in casa,sugo ai funghi porcini per servire la pasta o la polenta,torta 5 minuti,torta di pane senza uova,torta di pere,torta maddalena,torta margherita con crema pasticcera,torta tutte mele,"torta versata alla marmellata, la ricetta di una torta ripiena facile da fare",tortellini,troccoli,trofie al pesto,uova alla coque,uova fritte,uova in camicia,uova in conserva,uova strapazzate,vellutata zucca e ricotta,verdure grigliate,verza bollita,yogurt al latte di cocco,zabaione,zucca patate e cipolle al forno
aglio sott’olio,1.0,0.0,0.0,0.19,0.23,0.0,0.0,0.0,0.0,0.0,0.06,0.07,0.06,0.0,0.0,0.0,0.0,0.1,0.0,0.0,0.0,0.0,0.0,0.0,0.0,0.19,0.0,0.0,0.0,0.0,0.06,0.0,0.0,0.0,0.0,0.0,0.08,0.07,0.0,0.0,0.0,0.0,0.0,0.14,0.06,0.05,0.0,0.0,0.0,0.0,0.0,0.0,0.0,0.0,0.0,0.0,0.08,0.0,0.06,0.07,0.07,0.12,0.0,0.0,0.07,0.0,0.0,0.0,0.08,0.38,0.06,0.0,0.0,0.0,0.0,0.0,0.0,0.0,0.08,0.0,0.07,0.0,0.0,0.12,0.06,0.0,0.0,0.0,0.1,0.0,0.0,0.1,0.0,0.0,0.0,0.06,0.18,0.05,0.0,0.0,0.0,0.0,0.1,0.0,0.0,0.07,0.05,0.0,0.16,0.0,0.0,0.0,0.0,0.0,0.09,0.0,0.0,0.0,0.0,0.08,0.0,0.0,0.18,0.0,0.0,0.08,0.08,0.0,0.12,0.14,0.0,0.07,0.06,0.0,0.0,0.05,0.08,0.0,0.0,0.0,0.08,0.1,0.06,0.0,0.0,0.0,0.0,0.0,0.0,0.0,0.06,0.0,0.0,0.14,0.14,0.08,0.0,0.08,0.06,0.0,0.0,0.0,0.0,0.08,0.0,0.0,0.0,0.0,0.0,0.0,0.0,0.0,0.25,0.06,0.0,0.0,0.1,0.18,0.0,0.06,0.06,0.16,0.0,0.0,0.08
amarene sciroppate,0.0,1.0,0.0,0.0,0.0,0.0,0.0,0.12,0.0,0.16,0.0,0.0,0.0,0.0,0.14,0.12,0.0,0.0,0.0,0.0,0.0,0.0,0.0,0.0,0.0,0.0,0.0,0.0,0.0,0.1,0.0,0.0,0.12,0.0,0.11,0.18,0.0,0.0,0.0,0.0,0.0,0.14,0.1,0.0,0.0,0.0,0.18,0.18,0.16,0.0,0.14,0.0,0.14,0.2,0.0,0.12,0.0,0.0,0.0,0.0,0.14,0.0,0.0,0.0,0.0,0.16,0.0,0.0,0.0,0.0,0.0,0.0,0.2,0.0,0.2,0.0,0.0,0.0,0.0,0.0,0.0,0.11,0.0,0.0,0.0,0.0,0.0,0.18,0.18,0.0,0.0,0.0,0.0,0.2,0.2,0.0,0.0,0.0,0.0,0.0,0.18,0.0,0.0,0.0,0.12,0.0,0.0,0.16,0.0,0.0,0.0,0.12,0.0,0.0,0.0,0.0,0.18,0.0,0.0,0.0,0.0,0.14,0.0,0.0,0.0,0.0,0.0,0.0,0.0,0.0,0.0,0.0,0.12,0.12,0.0,0.0,0.16,0.0,0.12,0.12,0.0,0.0,0.0,0.0,0.0,0.0,0.0,0.0,0.0,0.0,0.0,0.0,0.0,0.0,0.0,0.0,0.2,0.0,0.0,0.0,0.0,0.0,0.0,0.0,0.11,0.14,0.0,0.0,0.19,0.11,0.12,0.0,0.0,0.0,0.0,0.0,0.0,0.0,0.0,0.0,0.0,0.0,0.2,0.0,0.0
arista al sale,0.0,0.0,1.0,0.0,0.0,0.0,0.0,0.0,0.0,0.0,0.0,0.0,0.1,0.0,0.0,0.0,0.0,0.0,0.0,0.0,0.0,0.0,0.0,0.0,0.0,0.0,0.0,0.0,0.0,0.0,0.0,0.0,0.0,0.0,0.0,0.0,0.0,0.0,0.0,0.16,0.0,0.0,0.0,0.0,0.0,0.0,0.0,0.0,0.0,0.0,0.0,0.0,0.0,0.0,0.0,0.0,0.0,0.0,0.0,0.11,0.0,0.0,0.0,0.0,0.0,0.0,0.0,0.0,0.0,0.0,0.0,0.0,0.0,0.0,0.0,0.0,0.0,0.0,0.0,0.0,0.0,0.0,0.0,0.0,0.0,0.0,0.0,0.0,0.0,0.0,0.0,0.0,0.0,0.0,0.0,0.0,0.09,0.0,0.0,0.0,0.0,0.0,0.0,0.0,0.0,0.0,0.08,0.0,0.11,0.0,0.0,0.0,0.0,0.0,0.0,0.0,0.0,0.0,0.0,0.0,0.0,0.0,0.0,0.0,0.0,0.0,0.0,0.0,0.0,0.0,0.0,0.0,0.0,0.0,0.0,0.0,0.0,0.0,0.0,0.0,0.0,0.0,0.0,0.0,0.0,0.0,0.0,0.0,0.0,0.0,0.0,0.0,0.0,0.0,0.0,0.0,0.0,0.0,0.0,0.0,0.0,0.0,0.0,0.0,0.0,0.0,0.0,0.0,0.0,0.0,0.0,0.0,0.0,0.09,0.0,0.0,0.0,0.0,0.0,0.0,0.0,0.12,0.0,0.0,0.0
bagnet verd o salsa verde piemontese,0.19,0.0,0.0,1.0,0.18,0.1,0.04,0.0,0.0,0.0,0.06,0.06,0.0,0.0,0.0,0.0,0.0,0.0,0.0,0.0,0.0,0.1,0.0,0.0,0.0,0.08,0.08,0.0,0.0,0.0,0.0,0.0,0.0,0.0,0.0,0.0,0.08,0.0,0.0,0.0,0.08,0.0,0.0,0.06,0.1,0.09,0.0,0.0,0.0,0.0,0.0,0.0,0.0,0.0,0.0,0.0,0.07,0.0,0.1,0.06,0.06,0.1,0.0,0.0,0.06,0.0,0.31,0.0,0.07,0.16,0.06,0.0,0.0,0.0,0.0,0.0,0.0,0.0,0.08,0.0,0.06,0.0,0.0,0.06,0.06,0.0,0.0,0.0,0.0,0.08,0.0,0.08,0.0,0.0,0.0,0.06,0.06,0.04,0.0,0.0,0.0,0.0,0.34,0.0,0.0,0.06,0.04,0.0,0.06,0.04,0.0,0.0,0.0,0.1,0.16,0.0,0.0,0.06,0.0,0.08,0.12,0.0,0.15,0.0,0.0,0.07,0.07,0.0,0.11,0.19,0.0,0.06,0.06,0.0,0.0,0.04,0.08,0.0,0.06,0.0,0.07,0.04,0.05,0.0,0.06,0.08,0.0,0.0,0.0,0.0,0.37,0.65,0.3,0.12,0.12,0.08,0.0,0.0,0.06,0.0,0.0,0.0,0.0,0.08,0.0,0.0,0.0,0.0,0.0,0.0,0.0,0.06,0.15,0.06,0.0,0.0,0.08,0.06,0.0,0.16,0.05,0.07,0.0,0.0,0.08
besciamella con olio extravergine d’oliva,0.23,0.0,0.0,0.18,1.0,0.2,0.04,0.0,0.0,0.0,0.06,0.06,0.06,0.0,0.0,0.0,0.0,0.0,0.0,0.1,0.0,0.18,0.0,0.06,0.12,0.18,0.18,0.0,0.06,0.06,0.0,0.0,0.0,0.0,0.06,0.0,0.08,0.0,0.0,0.1,0.09,0.0,0.1,0.06,0.1,0.14,0.0,0.0,0.0,0.08,0.0,0.06,0.0,0.0,0.0,0.0,0.07,0.0,0.1,0.14,0.14,0.16,0.0,0.0,0.06,0.0,0.06,0.0,0.07,0.37,0.06,0.0,0.0,0.0,0.1,0.0,0.0,0.0,0.16,0.0,0.06,0.0,0.1,0.06,0.12,0.0,0.07,0.09,0.09,0.09,0.0,0.14,0.0,0.0,0.0,0.12,0.36,0.04,0.0,0.0,0.09,0.06,0.18,0.06,0.06,0.14,0.14,0.08,0.19,0.04,0.0,0.0,0.0,0.1,0.16,0.0,0.09,0.06,0.12,0.24,0.06,0.0,0.32,0.09,0.0,0.14,0.07,0.09,0.06,0.14,0.0,0.14,0.12,0.0,0.0,0.05,0.16,0.0,0.06,0.0,0.14,0.14,0.1,0.11,0.06,0.16,0.0,0.0,0.0,0.0,0.06,0.16,0.06,0.04,0.06,0.16,0.1,0.08,0.06,0.0,0.1,0.08,0.09,0.08,0.06,0.0,0.0,0.0,0.04,0.0,0.06,0.06,0.74,0.11,0.0,0.0,0.0,0.06,0.0,0.22,0.06,0.07,0.0,0.0,0.08
bigoli,0.0,0.0,0.0,0.1,0.2,1.0,0.0,0.0,0.0,0.0,0.0,0.0,0.0,0.0,0.0,0.0,0.0,0.0,0.0,0.0,0.0,0.0,0.0,0.0,0.0,0.0,0.0,0.0,0.0,0.0,0.0,0.1,0.1,0.1,0.09,0.0,0.0,0.0,0.0,0.0,0.14,0.0,0.0,0.0,0.08,0.08,0.0,0.0,0.0,0.0,0.0,0.0,0.0,0.0,0.0,0.0,0.0,0.0,0.08,0.0,0.0,0.0,0.0,0.0,0.11,0.13,0.1,0.0,0.0,0.0,0.0,0.0,0.0,0.0,0.0,0.0,0.0,0.0,0.0,0.0,0.0,0.0,0.0,0.0,0.0,0.0,0.0,0.0,0.0,0.0,0.0,0.08,0.0,0.0,0.0,0.0,0.0,0.0,0.0,0.0,0.0,0.09,0.14,0.0,0.0,0.11,0.0,0.0,0.0,0.13,0.0,0.0,0.0,0.0,0.2,0.2,0.0,0.09,0.0,0.0,0.0,0.0,0.13,0.0,0.0,0.0,0.0,0.0,0.0,0.11,0.0,0.0,0.0,0.1,0.0,0.0,0.0,0.0,0.0,0.0,0.0,0.0,0.0,0.18,0.0,0.13,0.0,0.0,0.0,0.0,0.1,0.13,0.1,0.0,0.0,0.0,0.0,0.0,0.0,0.0,0.16,0.0,0.0,0.0,0.0,0.0,0.1,0.0,0.0,0.0,0.0,0.0,0.13,0.0,0.0,0.14,0.14,0.09,0.13,0.09,0.0,0.0,0.0,0.0,0.0
biscotti di frolla montata,0.0,0.0,0.0,0.04,0.04,0.0,1.0,0.0,0.0,0.0,0.0,0.0,0.0,0.0,0.05,0.0,0.0,0.0,0.06,0.0,0.0,0.0,0.0,0.0,0.0,0.0,0.0,0.0,0.0,0.0,0.0,0.14,0.14,0.04,0.16,0.0,0.0,0.0,0.0,0.0,0.06,0.0,0.0,0.0,0.04,0.07,0.0,0.0,0.0,0.06,0.0,0.0,0.05,0.0,0.0,0.0,0.06,0.0,0.04,0.0,0.0,0.0,0.0,0.0,0.0,0.06,0.09,0.15,0.0,0.0,0.0,0.0,0.0,0.0,0.0,0.18,0.08,0.0,0.0,0.0,0.0,0.0,0.0,0.0,0.0,0.08,0.0,0.0,0.0,0.0,0.0,0.0,0.0,0.0,0.0,0.0,0.0,0.0,0.0,0.0,0.0,0.0,0.06,0.0,0.0,0.0,0.0,0.0,0.05,0.09,0.0,0.0,0.0,0.0,0.03,0.09,0.0,0.04,0.0,0.0,0.0,0.0,0.06,0.0,0.0,0.0,0.0,0.0,0.0,0.05,0.0,0.0,0.04,0.04,0.0,0.0,0.0,0.0,0.0,0.0,0.0,0.0,0.0,0.0,0.0,0.06,0.0,0.0,0.0,0.0,0.04,0.06,0.04,0.0,0.05,0.0,0.0,0.0,0.0,0.0,0.0,0.0,0.0,0.0,0.0,0.0,0.04,0.0,0.0,0.04,0.0,0.0,0.06,0.0,0.0,0.0,0.0,0.0,0.0,0.04,0.0,0.0,0.0,0.0,0.0
biscotti di pasta frolla montata,0.0,0.12,0.0,0.0,0.0,0.0,0.0,1.0,0.0,0.0,0.06,0.06,0.0,0.0,0.12,0.0,0.0,0.08,0.16,0.0,0.0,0.0,0.08,0.0,0.0,0.0,0.0,0.08,0.0,0.0,0.0,0.12,0.18,0.12,0.1,0.16,0.08,0.06,0.0,0.0,0.0,0.19,0.0,0.06,0.0,0.0,0.16,0.16,0.08,0.15,0.0,0.0,0.25,0.1,0.0,0.0,0.14,0.0,0.1,0.0,0.12,0.0,0.0,0.0,0.06,0.15,0.12,0.0,0.07,0.06,0.0,0.0,0.1,0.0,0.1,0.0,0.19,0.0,0.0,0.0,0.06,0.0,0.0,0.06,0.06,0.1,0.0,0.08,0.08,0.0,0.08,0.04,0.0,0.1,0.1,0.0,0.0,0.0,0.0,0.0,0.16,0.06,0.0,0.0,0.0,0.06,0.04,0.0,0.12,0.04,0.06,0.0,0.0,0.0,0.0,0.12,0.08,0.06,0.0,0.0,0.0,0.0,0.0,0.0,0.08,0.07,0.07,0.0,0.06,0.0,0.0,0.0,0.16,0.18,0.0,0.0,0.0,0.0,0.0,0.06,0.07,0.04,0.0,0.1,0.0,0.0,0.12,0.12,0.0,0.0,0.0,0.08,0.06,0.04,0.12,0.0,0.1,0.0,0.0,0.08,0.14,0.0,0.0,0.0,0.0,0.06,0.11,0.0,0.0,0.16,0.0,0.0,0.0,0.0,0.0,0.16,0.08,0.06,0.15,0.0,0.0,0.0,0.1,0.0,0.0
biscotti ovis mollis,0.0,0.0,0.0,0.0,0.0,0.0,0.0,0.0,1.0,0.0,0.0,0.0,0.0,0.0,0.16,0.0,0.0,0.0,0.1,0.0,0.0,0.0,0.09,0.0,0.0,0.0,0.0,0.0,0.0,0.0,0.0,0.22,0.14,0.14,0.2,0.0,0.0,0.0,0.0,0.0,0.0,0.16,0.0,0.0,0.0,0.06,0.1,0.1,0.0,0.18,0.0,0.0,0.16,0.0,0.0,0.0,0.08,0.0,0.06,0.0,0.0,0.0,0.0,0.0,0.0,0.09,0.14,0.12,0.0,0.0,0.0,0.0,0.0,0.0,0.0,0.14,0.12,0.0,0.0,0.0,0.0,0.0,0.0,0.0,0.0,0.12,0.0,0.0,0.0,0.0,0.0,0.0,0.0,0.0,0.0,0.0,0.0,0.0,0.0,0.0,0.1,0.0,0.0,0.0,0.0,0.0,0.0,0.0,0.08,0.1,0.07,0.0,0.0,0.0,0.0,0.14,0.0,0.0,0.0,0.0,0.0,0.0,0.0,0.0,0.09,0.0,0.0,0.0,0.0,0.0,0.0,0.0,0.07,0.07,0.0,0.0,0.0,0.0,0.0,0.0,0.0,0.0,0.0,0.06,0.0,0.0,0.08,0.0,0.0,0.0,0.0,0.09,0.07,0.0,0.08,0.0,0.0,0.0,0.0,0.1,0.06,0.0,0.0,0.0,0.0,0.0,0.14,0.0,0.0,0.13,0.0,0.0,0.0,0.0,0.0,0.1,0.0,0.0,0.09,0.0,0.0,0.0,0.0,0.0,0.0
biscotti secchi,0.0,0.16,0.0,0.0,0.0,0.0,0.0,0.0,0.0,1.0,0.04,0.04,0.0,0.0,0.26,0.0,0.0,0.06,0.18,0.0,0.0,0.0,0.06,0.0,0.0,0.0,0.0,0.06,0.0,0.0,0.0,0.25,0.25,0.16,0.22,0.18,0.06,0.04,0.0,0.0,0.0,0.22,0.0,0.04,0.0,0.04,0.18,0.12,0.21,0.26,0.0,0.0,0.26,0.14,0.0,0.0,0.14,0.0,0.07,0.0,0.14,0.0,0.0,0.0,0.04,0.21,0.12,0.0,0.05,0.04,0.0,0.0,0.14,0.0,0.14,0.0,0.2,0.0,0.0,0.0,0.04,0.0,0.0,0.04,0.04,0.14,0.0,0.12,0.12,0.0,0.24,0.03,0.0,0.14,0.14,0.0,0.0,0.0,0.0,0.0,0.12,0.11,0.0,0.0,0.0,0.04,0.03,0.0,0.14,0.02,0.0,0.0,0.0,0.0,0.0,0.16,0.12,0.0,0.0,0.0,0.0,0.0,0.0,0.0,0.06,0.05,0.05,0.0,0.04,0.0,0.0,0.0,0.2,0.38,0.0,0.0,0.0,0.0,0.0,0.08,0.05,0.03,0.0,0.08,0.0,0.0,0.09,0.08,0.0,0.0,0.0,0.0,0.04,0.03,0.14,0.0,0.14,0.0,0.0,0.06,0.1,0.0,0.0,0.0,0.0,0.18,0.24,0.0,0.0,0.3,0.0,0.0,0.0,0.0,0.0,0.12,0.06,0.04,0.1,0.0,0.0,0.0,0.14,0.0,0.0
branzino al cartoccio,0.06,0.0,0.0,0.06,0.06,0.0,0.0,0.06,0.0,0.04,1.0,0.34,0.06,0.0,0.0,0.06,0.05,0.09,0.09,0.0,0.0,0.0,0.0,0.0,0.0,0.09,0.0,0.16,0.0,0.0,0.0,0.0,0.06,0.0,0.0,0.09,0.16,0.14,0.06,0.0,0.0,0.0,0.04,0.31,0.0,0.05,0.0,0.0,0.0,0.0,0.0,0.06,0.06,0.0,0.0,0.06,0.22,0.0,0.22,0.14,0.14,0.22,0.1,0.08,0.14,0.0,0.06,0.0,0.22,0.18,0.18,0.0,0.0,0.0,0.0,0.0,0.1,0.0,0.16,0.08,0.2,0.06,0.0,0.11,0.18,0.0,0.14,0.0,0.0,0.09,0.09,0.28,0.0,0.0,0.0,0.06,0.06,0.14,0.0,0.0,0.0,0.06,0.0,0.0,0.06,0.14,0.09,0.08,0.14,0.0,0.0,0.06,0.0,0.0,0.08,0.0,0.0,0.06,0.0,0.16,0.0,0.07,0.08,0.09,0.08,0.22,0.29,0.09,0.18,0.14,0.1,0.14,0.12,0.06,0.05,0.05,0.08,0.0,0.0,0.0,0.22,0.09,0.1,0.06,0.0,0.0,0.14,0.12,0.06,0.0,0.0,0.0,0.06,0.09,0.14,0.08,0.0,0.0,0.12,0.09,0.1,0.08,0.0,0.16,0.06,0.0,0.0,0.06,0.0,0.0,0.0,0.0,0.08,0.17,0.0,0.18,0.18,0.06,0.16,0.06,0.26,0.07,0.0,0.0,0.08
branzino al forno,0.07,0.0,0.0,0.06,0.06,0.0,0.0,0.06,0.0,0.04,0.34,1.0,0.06,0.0,0.0,0.06,0.06,0.1,0.1,0.0,0.0,0.0,0.0,0.0,0.0,0.1,0.0,0.17,0.0,0.0,0.0,0.0,0.06,0.0,0.0,0.1,0.17,0.14,0.07,0.0,0.0,0.0,0.05,0.26,0.0,0.05,0.0,0.0,0.0,0.0,0.0,0.06,0.07,0.0,0.0,0.06,0.23,0.0,0.23,0.14,0.14,0.23,0.11,0.08,0.14,0.0,0.0,0.0,0.23,0.19,0.2,0.0,0.0,0.0,0.0,0.0,0.11,0.0,0.17,0.0,0.22,0.06,0.0,0.12,0.2,0.0,0.08,0.0,0.0,0.0,0.1,0.3,0.0,0.0,0.0,0.06,0.06,0.15,0.0,0.0,0.0,0.06,0.0,0.0,0.06,0.14,0.1,0.08,0.14,0.0,0.0,0.06,0.0,0.0,0.09,0.0,0.0,0.06,0.0,0.17,0.0,0.08,0.08,0.1,0.08,0.23,0.23,0.0,0.19,0.14,0.11,0.14,0.12,0.06,0.06,0.05,0.08,0.0,0.0,0.0,0.23,0.1,0.11,0.06,0.0,0.0,0.14,0.14,0.06,0.0,0.0,0.0,0.06,0.1,0.14,0.08,0.0,0.0,0.12,0.1,0.1,0.08,0.0,0.17,0.06,0.0,0.0,0.07,0.0,0.0,0.0,0.0,0.08,0.18,0.0,0.19,0.19,0.06,0.17,0.06,0.28,0.08,0.0,0.0,0.08
brodo di pollo,0.06,0.0,0.1,0.0,0.06,0.0,0.0,0.0,0.0,0.0,0.06,0.06,1.0,0.0,0.0,0.0,0.0,0.0,0.0,0.1,0.0,0.14,0.0,0.12,0.12,0.16,0.08,0.08,0.0,0.05,0.0,0.0,0.0,0.0,0.06,0.0,0.0,0.19,0.0,0.19,0.0,0.0,0.04,0.06,0.15,0.04,0.0,0.0,0.0,0.0,0.0,0.0,0.0,0.0,0.0,0.0,0.0,0.0,0.05,0.12,0.06,0.05,0.0,0.0,0.0,0.0,0.0,0.0,0.07,0.22,0.06,0.0,0.0,0.0,0.1,0.0,0.0,0.0,0.08,0.0,0.06,0.0,0.1,0.1,0.12,0.0,0.07,0.08,0.16,0.0,0.0,0.13,0.0,0.0,0.0,0.0,0.21,0.09,0.0,0.0,0.08,0.0,0.16,0.0,0.06,0.0,0.08,0.08,0.0,0.0,0.0,0.0,0.0,0.0,0.12,0.0,0.08,0.06,0.0,0.08,0.0,0.0,0.0,0.08,0.08,0.14,0.07,0.08,0.06,0.06,0.0,0.06,0.06,0.0,0.0,0.0,0.08,0.0,0.0,0.0,0.0,0.16,0.1,0.0,0.0,0.08,0.0,0.0,0.0,0.0,0.0,0.0,0.0,0.0,0.0,0.08,0.1,0.15,0.06,0.08,0.04,0.08,0.08,0.08,0.06,0.0,0.0,0.0,0.0,0.0,0.06,0.0,0.08,0.16,0.0,0.0,0.0,0.1,0.0,0.0,0.05,0.14,0.0,0.0,0.0
brutti ma buoni senza glutine,0.0,0.0,0.0,0.0,0.0,0.0,0.0,0.0,0.0,0.0,0.0,0.0,0.0,1.0,0.0,0.0,0.0,0.0,0.0,0.0,0.0,0.0,0.0,0.0,0.0,0.0,0.0,0.0,0.0,0.0,0.0,0.0,0.0,0.0,0.0,0.0,0.0,0.0,0.0,0.0,0.0,0.0,0.0,0.0,0.0,0.0,0.0,0.0,0.0,0.0,0.0,0.0,0.0,0.0,0.0,0.0,0.0,0.0,0.0,0.0,0.0,0.0,0.0,0.0,0.0,0.0,0.0,0.0,0.0,0.0,0.0,0.0,0.0,0.0,0.0,0.0,0.0,0.0,0.0,0.0,0.0,0.0,0.0,0.0,0.0,0.0,0.0,0.0,0.0,0.0,0.0,0.0,0.0,0.0,0.0,0.0,0.0,0.0,0.0,0.0,0.0,0.0,0.0,0.0,0.0,0.0,0.0,0.0,0.0,0.06,0.0,0.0,0.0,0.0,0.0,0.0,0.0,0.0,0.0,0.0,0.0,0.0,0.0,0.0,0.0,0.0,0.0,0.0,0.0,0.0,0.0,0.0,0.0,0.0,0.0,0.0,0.0,0.0,0.0,0.0,0.0,0.0,0.0,0.0,0.0,0.0,0.0,0.0,0.0,0.0,0.0,0.0,0.0,0.0,0.0,0.0,0.0,0.0,0.0,0.0,0.0,0.0,0.0,0.0,0.0,0.0,0.0,0.0,0.0,0.08,0.0,0.0,0.0,0.0,0.0,0.0,0.0,0.08,0.0,0.0,0.0,0.0,0.0,0.0,0.0
budino al cioccolato,0.0,0.14,0.0,0.0,0.0,0.0,0.05,0.12,0.16,0.26,0.0,0.0,0.0,0.0,1.0,0.12,0.06,0.0,0.0,0.0,0.0,0.0,0.08,0.0,0.0,0.0,0.0,0.0,0.0,0.17,0.0,0.14,0.06,0.06,0.12,0.1,0.0,0.0,0.07,0.0,0.0,0.22,0.15,0.0,0.0,0.05,0.19,0.1,0.17,0.17,0.08,0.0,0.78,0.11,0.06,0.06,0.0,0.0,0.06,0.0,0.07,0.0,0.0,0.08,0.0,0.08,0.06,0.0,0.0,0.0,0.0,0.14,0.11,0.0,0.72,0.0,0.0,0.0,0.0,0.0,0.0,0.06,0.0,0.0,0.0,0.0,0.0,0.1,0.1,0.0,0.1,0.0,0.0,0.11,0.11,0.0,0.0,0.0,0.0,0.34,0.1,0.0,0.0,0.0,0.14,0.0,0.0,0.08,0.0,0.04,0.0,0.14,0.0,0.0,0.0,0.0,0.1,0.0,0.0,0.0,0.14,0.16,0.0,0.1,0.08,0.0,0.0,0.0,0.0,0.0,0.0,0.0,0.06,0.14,0.06,0.05,0.08,0.0,0.2,0.06,0.0,0.0,0.0,0.06,0.14,0.0,0.07,0.0,0.0,0.0,0.0,0.0,0.0,0.0,0.0,0.0,0.72,0.0,0.0,0.1,0.05,0.0,0.0,0.0,0.12,0.22,0.12,0.07,0.2,0.18,0.06,0.06,0.0,0.0,0.0,0.1,0.0,0.0,0.08,0.0,0.0,0.0,0.11,0.0,0.0
burger buns,0.0,0.12,0.0,0.0,0.0,0.0,0.0,0.0,0.0,0.0,0.06,0.06,0.0,0.0,0.12,1.0,0.0,0.08,0.08,0.0,0.0,0.0,0.08,0.0,0.0,0.0,0.0,0.08,0.0,0.0,0.0,0.06,0.12,0.06,0.06,0.16,0.08,0.06,0.0,0.0,0.0,0.12,0.0,0.06,0.0,0.0,0.16,0.08,0.08,0.08,0.0,0.0,0.12,0.1,0.0,0.0,0.07,0.0,0.1,0.0,0.19,0.0,0.0,0.0,0.06,0.08,0.12,0.0,0.07,0.06,0.0,0.0,0.1,0.0,0.1,0.0,0.1,0.0,0.0,0.0,0.06,0.0,0.0,0.06,0.06,0.0,0.0,0.08,0.08,0.0,0.08,0.04,0.0,0.1,0.1,0.0,0.0,0.0,0.0,0.0,0.08,0.1,0.0,0.0,0.0,0.06,0.08,0.0,0.06,0.08,0.12,0.0,0.0,0.0,0.0,0.0,0.08,0.0,0.0,0.0,0.0,0.0,0.0,0.0,0.08,0.07,0.07,0.0,0.06,0.0,0.0,0.0,0.11,0.12,0.0,0.0,0.0,0.0,0.0,0.06,0.07,0.04,0.0,0.1,0.0,0.0,0.12,0.12,0.0,0.08,0.0,0.0,0.0,0.04,0.06,0.0,0.1,0.0,0.0,0.08,0.14,0.0,0.0,0.0,0.0,0.06,0.06,0.0,0.0,0.16,0.0,0.0,0.08,0.0,0.0,0.16,0.08,0.06,0.15,0.0,0.0,0.0,0.1,0.0,0.0
burger buns (panini per hamburger) soffici,0.0,0.0,0.0,0.0,0.0,0.0,0.0,0.0,0.0,0.0,0.05,0.06,0.0,0.0,0.06,0.0,1.0,0.07,0.07,0.0,0.0,0.0,0.0,0.0,0.0,0.0,0.0,0.06,0.0,0.0,0.0,0.1,0.05,0.05,0.0,0.07,0.13,0.06,0.0,0.0,0.0,0.16,0.0,0.05,0.0,0.0,0.0,0.0,0.06,0.06,0.0,0.0,0.11,0.0,0.0,0.0,0.06,0.0,0.04,0.0,0.11,0.0,0.0,0.0,0.06,0.0,0.05,0.0,0.06,0.05,0.0,0.0,0.08,0.0,0.0,0.0,0.08,0.0,0.0,0.0,0.06,0.0,0.0,0.04,0.05,0.0,0.06,0.0,0.0,0.0,0.14,0.04,0.0,0.0,0.0,0.0,0.0,0.0,0.0,0.0,0.0,0.09,0.0,0.0,0.0,0.06,0.08,0.0,0.06,0.16,0.16,0.0,0.0,0.0,0.0,0.0,0.07,0.0,0.0,0.0,0.0,0.0,0.0,0.0,0.0,0.06,0.06,0.07,0.05,0.0,0.0,0.0,0.05,0.1,0.0,0.0,0.0,0.0,0.0,0.0,0.06,0.04,0.0,0.04,0.0,0.06,0.06,0.1,0.0,0.13,0.0,0.0,0.0,0.04,0.06,0.0,0.0,0.0,0.0,0.0,0.08,0.0,0.07,0.0,0.0,0.06,0.05,0.0,0.0,0.09,0.0,0.0,0.06,0.0,0.0,0.07,0.07,0.04,0.06,0.04,0.0,0.0,0.0,0.0,0.0
burro di arachidi,0.1,0.0,0.0,0.0,0.0,0.0,0.0,0.08,0.0,0.06,0.09,0.1,0.0,0.0,0.0,0.08,0.07,1.0,0.12,0.0,0.0,0.0,0.0,0.0,0.0,0.0,0.0,0.11,0.0,0.0,0.0,0.0,0.09,0.0,0.0,0.12,0.11,0.1,0.1,0.0,0.0,0.0,0.06,0.09,0.0,0.0,0.0,0.0,0.0,0.0,0.0,0.08,0.1,0.0,0.0,0.08,0.1,0.0,0.08,0.1,0.1,0.08,0.0,0.11,0.1,0.0,0.0,0.0,0.1,0.08,0.09,0.0,0.0,0.0,0.0,0.0,0.14,0.12,0.11,0.0,0.1,0.08,0.0,0.08,0.09,0.0,0.0,0.0,0.0,0.0,0.12,0.06,0.0,0.0,0.0,0.0,0.0,0.06,0.1,0.0,0.0,0.08,0.0,0.0,0.09,0.1,0.06,0.11,0.1,0.0,0.0,0.09,0.0,0.0,0.0,0.0,0.0,0.0,0.0,0.11,0.0,0.1,0.0,0.12,0.0,0.1,0.1,0.0,0.08,0.0,0.14,0.1,0.08,0.09,0.07,0.0,0.0,0.0,0.09,0.0,0.1,0.06,0.14,0.08,0.0,0.0,0.1,0.18,0.0,0.0,0.0,0.0,0.0,0.06,0.1,0.0,0.0,0.0,0.0,0.0,0.14,0.11,0.0,0.0,0.08,0.0,0.08,0.1,0.0,0.0,0.0,0.0,0.0,0.08,0.0,0.12,0.12,0.08,0.11,0.0,0.08,0.0,0.0,0.0,0.0
calamari fritti,0.0,0.0,0.0,0.0,0.0,0.0,0.06,0.16,0.1,0.18,0.09,0.1,0.0,0.0,0.0,0.08,0.07,0.12,1.0,0.0,0.0,0.05,0.0,0.0,0.0,0.0,0.0,0.11,0.09,0.0,0.0,0.09,0.18,0.09,0.08,0.12,0.11,0.1,0.19,0.0,0.0,0.0,0.14,0.09,0.0,0.0,0.0,0.0,0.0,0.11,0.1,0.08,0.1,0.0,0.09,0.16,0.2,0.18,0.08,0.1,0.1,0.15,0.0,0.11,0.1,0.11,0.09,0.0,0.1,0.08,0.09,0.0,0.0,0.0,0.0,0.0,0.29,0.0,0.11,0.0,0.1,0.08,0.0,0.08,0.09,0.14,0.0,0.0,0.0,0.0,0.12,0.06,0.0,0.0,0.0,0.0,0.0,0.06,0.0,0.0,0.0,0.08,0.0,0.0,0.18,0.1,0.06,0.11,0.19,0.0,0.0,0.09,0.0,0.14,0.0,0.18,0.0,0.0,0.0,0.11,0.09,0.1,0.0,0.25,0.0,0.1,0.1,0.0,0.08,0.0,0.29,0.1,0.16,0.18,0.14,0.0,0.0,0.0,0.09,0.0,0.1,0.06,0.07,0.08,0.1,0.0,0.1,0.18,0.0,0.0,0.0,0.0,0.0,0.06,0.19,0.0,0.0,0.0,0.0,0.0,0.14,0.22,0.0,0.0,0.16,0.0,0.08,0.19,0.0,0.08,0.08,0.08,0.0,0.16,0.0,0.12,0.12,0.08,0.11,0.0,0.08,0.0,0.0,0.0,0.0
caldarroste al forno,0.0,0.0,0.0,0.0,0.1,0.0,0.0,0.0,0.0,0.0,0.0,0.0,0.1,0.0,0.0,0.0,0.0,0.0,0.0,1.0,0.0,0.0,0.0,0.11,0.41,0.29,0.0,0.0,0.0,0.0,0.0,0.0,0.0,0.0,0.09,0.0,0.0,0.0,0.0,0.0,0.0,0.0,0.0,0.0,0.0,0.08,0.0,0.0,0.0,0.0,0.0,0.0,0.0,0.0,0.0,0.0,0.0,0.0,0.0,0.0,0.11,0.0,0.0,0.0,0.0,0.0,0.0,0.0,0.0,0.1,0.0,0.0,0.0,0.0,0.16,0.0,0.0,0.0,0.0,0.0,0.0,0.0,0.16,0.0,0.1,0.0,0.12,0.14,0.14,0.0,0.0,0.08,0.0,0.0,0.0,0.0,0.09,0.0,0.0,0.0,0.14,0.0,0.14,0.0,0.0,0.0,0.15,0.0,0.0,0.0,0.0,0.0,0.0,0.0,0.0,0.0,0.14,0.0,0.0,0.0,0.0,0.0,0.0,0.0,0.0,0.12,0.0,0.14,0.0,0.0,0.0,0.0,0.1,0.0,0.0,0.0,0.0,0.0,0.0,0.0,0.0,0.07,0.0,0.0,0.0,0.13,0.0,0.0,0.0,0.0,0.0,0.0,0.0,0.0,0.0,0.0,0.16,0.0,0.0,0.0,0.08,0.0,0.14,0.0,0.0,0.0,0.0,0.0,0.0,0.0,0.0,0.0,0.13,0.0,0.0,0.0,0.0,0.09,0.0,0.0,0.0,0.0,0.0,0.0,0.0
camy cream,0.0,0.0,0.0,0.0,0.0,0.0,0.0,0.0,0.0,0.0,0.0,0.0,0.0,0.0,0.0,0.0,0.0,0.0,0.0,0.0,1.0,0.0,0.0,0.0,0.0,0.0,0.0,0.0,0.0,0.0,0.0,0.0,0.0,0.0,0.0,0.0,0.0,0.0,0.0,0.0,0.0,0.0,0.0,0.0,0.0,0.0,0.0,0.14,0.0,0.0,0.0,0.0,0.0,0.0,0.0,0.0,0.0,0.0,0.0,0.0,0.0,0.0,0.0,0.0,0.0,0.0,0.0,0.16,0.0,0.0,0.0,0.0,0.16,0.0,0.0,0.0,0.0,0.0,0.0,0.0,0.0,0.0,0.0,0.0,0.0,0.0,0.0,0.0,0.0,0.0,0.0,0.0,0.0,0.0,0.0,0.0,0.0,0.0,0.0,0.0,0.14,0.0,0.0,0.0,0.0,0.0,0.0,0.0,0.0,0.0,0.0,0.0,0.0,0.0,0.0,0.0,0.0,0.0,0.0,0.0,0.0,0.0,0.0,0.0,0.0,0.0,0.0,0.0,0.0,0.0,0.0,0.0,0.0,0.0,0.0,0.0,0.0,0.0,0.0,0.0,0.0,0.0,0.0,0.0,0.0,0.0,0.0,0.0,0.0,0.0,0.0,0.0,0.0,0.0,0.0,0.0,0.0,0.0,0.0,0.0,0.0,0.0,0.0,0.0,0.0,0.0,0.0,0.0,0.0,0.0,0.0,0.0,0.0,0.0,0.0,0.0,0.0,0.0,0.13,0.0,0.0,0.0,0.0,0.0,0.0
cappelletti vegani in brodo,0.0,0.0,0.0,0.1,0.18,0.0,0.0,0.0,0.0,0.0,0.0,0.0,0.14,0.0,0.0,0.0,0.0,0.0,0.05,0.0,0.0,1.0,0.0,0.23,0.07,0.05,0.0,0.0,0.0,0.0,0.0,0.04,0.04,0.04,0.06,0.0,0.0,0.0,0.0,0.0,0.1,0.0,0.0,0.0,0.24,0.08,0.0,0.0,0.0,0.09,0.0,0.0,0.0,0.0,0.0,0.0,0.04,0.0,0.06,0.0,0.04,0.0,0.0,0.0,0.08,0.04,0.11,0.0,0.0,0.04,0.0,0.0,0.0,0.0,0.06,0.0,0.06,0.0,0.0,0.0,0.04,0.0,0.06,0.03,0.11,0.06,0.04,0.05,0.05,0.0,0.0,0.1,0.0,0.0,0.0,0.0,0.2,0.0,0.0,0.0,0.05,0.0,0.16,0.0,0.0,0.0,0.06,0.0,0.08,0.04,0.0,0.0,0.0,0.0,0.19,0.07,0.05,0.1,0.0,0.0,0.0,0.0,0.09,0.0,0.0,0.04,0.0,0.05,0.0,0.08,0.0,0.0,0.07,0.04,0.0,0.0,0.0,0.0,0.0,0.0,0.08,0.18,0.0,0.03,0.0,0.14,0.0,0.0,0.0,0.0,0.07,0.14,0.07,0.0,0.04,0.0,0.06,0.0,0.0,0.0,0.02,0.0,0.05,0.0,0.0,0.0,0.04,0.0,0.0,0.03,0.0,0.0,0.14,0.0,0.0,0.0,0.0,0.03,0.0,0.13,0.0,0.0,0.0,0.0,0.14
cardi gratinati al parmigiano,0.0,0.0,0.0,0.0,0.0,0.0,0.0,0.08,0.09,0.06,0.0,0.0,0.0,0.0,0.08,0.08,0.0,0.0,0.0,0.0,0.0,0.0,1.0,0.0,0.0,0.0,0.0,0.0,0.0,0.06,0.0,0.08,0.0,0.08,0.0,0.11,0.0,0.0,0.08,0.0,0.0,0.08,0.06,0.0,0.0,0.0,0.11,0.0,0.0,0.45,0.0,0.0,0.0,0.0,0.08,0.0,0.0,0.0,0.06,0.0,0.0,0.0,0.38,0.2,0.08,0.0,0.08,0.0,0.0,0.0,0.0,0.0,0.0,0.0,0.0,0.0,0.0,0.0,0.0,0.0,0.0,0.0,0.0,0.0,0.0,0.0,0.0,0.0,0.0,0.0,0.11,0.0,0.0,0.0,0.0,0.0,0.07,0.0,0.0,0.0,0.0,0.0,0.0,0.0,0.0,0.0,0.0,0.0,0.0,0.05,0.0,0.08,0.0,0.0,0.0,0.0,0.0,0.0,0.0,0.0,0.08,0.0,0.0,0.11,0.2,0.0,0.0,0.0,0.0,0.08,0.0,0.0,0.08,0.0,0.06,0.06,0.0,0.0,0.08,0.0,0.09,0.0,0.0,0.14,0.08,0.0,0.17,0.0,0.0,0.0,0.0,0.0,0.0,0.0,0.0,0.0,0.0,0.0,0.0,0.22,0.06,0.0,0.0,0.1,0.0,0.0,0.08,0.08,0.06,0.07,0.0,0.14,0.0,0.07,0.0,0.11,0.0,0.0,0.1,0.07,0.0,0.0,0.0,0.0,0.0
carne lessa,0.0,0.0,0.0,0.0,0.06,0.0,0.0,0.0,0.0,0.0,0.0,0.0,0.12,0.0,0.0,0.0,0.0,0.0,0.0,0.11,0.0,0.23,0.0,1.0,0.14,0.1,0.1,0.0,0.0,0.06,0.0,0.0,0.0,0.0,0.06,0.0,0.0,0.0,0.0,0.11,0.0,0.0,0.05,0.0,0.17,0.05,0.0,0.0,0.0,0.0,0.0,0.0,0.0,0.0,0.0,0.0,0.0,0.0,0.0,0.07,0.07,0.06,0.0,0.0,0.07,0.0,0.0,0.0,0.0,0.06,0.0,0.0,0.0,0.0,0.11,0.0,0.0,0.0,0.08,0.0,0.0,0.0,0.11,0.0,0.14,0.0,0.08,0.1,0.1,0.0,0.0,0.1,0.0,0.0,0.0,0.0,0.18,0.15,0.0,0.0,0.1,0.0,0.1,0.0,0.06,0.0,0.1,0.08,0.0,0.0,0.0,0.0,0.0,0.0,0.09,0.0,0.1,0.0,0.0,0.08,0.0,0.0,0.0,0.1,0.0,0.08,0.0,0.1,0.0,0.0,0.0,0.07,0.06,0.0,0.0,0.0,0.08,0.0,0.0,0.0,0.0,0.14,0.16,0.0,0.0,0.08,0.0,0.0,0.0,0.0,0.0,0.0,0.0,0.0,0.0,0.08,0.11,0.08,0.0,0.0,0.05,0.08,0.1,0.0,0.06,0.0,0.0,0.0,0.0,0.0,0.06,0.0,0.08,0.06,0.0,0.0,0.0,0.06,0.0,0.0,0.0,0.0,0.0,0.0,0.08
castagne al microonde,0.0,0.0,0.0,0.0,0.12,0.0,0.0,0.0,0.0,0.0,0.0,0.0,0.12,0.0,0.0,0.0,0.0,0.0,0.0,0.41,0.0,0.07,0.0,0.14,1.0,0.86,0.18,0.0,0.0,0.1,0.0,0.0,0.0,0.0,0.11,0.0,0.0,0.0,0.0,0.2,0.0,0.0,0.1,0.0,0.0,0.1,0.0,0.0,0.0,0.0,0.0,0.0,0.0,0.0,0.0,0.0,0.0,0.0,0.0,0.14,0.14,0.1,0.0,0.0,0.0,0.0,0.0,0.0,0.0,0.12,0.0,0.0,0.0,0.0,0.2,0.0,0.0,0.0,0.16,0.0,0.0,0.0,0.2,0.0,0.12,0.0,0.14,0.18,0.18,0.0,0.0,0.09,0.0,0.0,0.0,0.0,0.11,0.0,0.0,0.0,0.18,0.0,0.18,0.0,0.12,0.0,0.18,0.16,0.0,0.0,0.0,0.0,0.0,0.0,0.0,0.0,0.18,0.0,0.0,0.16,0.0,0.0,0.0,0.18,0.0,0.14,0.0,0.18,0.0,0.0,0.0,0.14,0.12,0.0,0.0,0.0,0.16,0.0,0.0,0.0,0.0,0.09,0.1,0.0,0.0,0.16,0.0,0.0,0.0,0.0,0.0,0.0,0.0,0.0,0.0,0.16,0.2,0.16,0.0,0.0,0.1,0.16,0.18,0.0,0.11,0.0,0.0,0.0,0.0,0.0,0.12,0.0,0.16,0.11,0.0,0.0,0.0,0.11,0.0,0.0,0.0,0.0,0.0,0.0,0.0
castagne lesse,0.19,0.0,0.0,0.08,0.18,0.0,0.0,0.0,0.0,0.0,0.09,0.1,0.16,0.0,0.0,0.0,0.0,0.0,0.0,0.29,0.0,0.05,0.0,0.1,0.86,1.0,0.12,0.0,0.0,0.08,0.0,0.0,0.0,0.0,0.08,0.0,0.11,0.1,0.0,0.14,0.0,0.0,0.06,0.18,0.08,0.14,0.0,0.0,0.0,0.0,0.0,0.0,0.0,0.0,0.0,0.0,0.1,0.0,0.08,0.19,0.19,0.22,0.0,0.0,0.1,0.0,0.0,0.0,0.1,0.25,0.09,0.0,0.0,0.0,0.14,0.0,0.0,0.0,0.22,0.0,0.1,0.0,0.14,0.16,0.18,0.0,0.1,0.12,0.25,0.0,0.0,0.2,0.0,0.0,0.0,0.08,0.16,0.06,0.0,0.0,0.12,0.0,0.25,0.0,0.09,0.1,0.2,0.11,0.1,0.0,0.0,0.0,0.0,0.0,0.06,0.0,0.12,0.0,0.0,0.22,0.0,0.0,0.11,0.12,0.0,0.2,0.1,0.12,0.08,0.1,0.0,0.19,0.16,0.0,0.0,0.07,0.22,0.0,0.0,0.0,0.1,0.19,0.14,0.0,0.0,0.11,0.0,0.0,0.0,0.0,0.0,0.0,0.0,0.06,0.1,0.22,0.14,0.22,0.08,0.0,0.06,0.11,0.12,0.11,0.08,0.0,0.0,0.0,0.0,0.0,0.08,0.0,0.22,0.16,0.0,0.0,0.0,0.16,0.0,0.08,0.08,0.2,0.0,0.0,0.11
cavatelli,0.0,0.0,0.0,0.08,0.18,0.0,0.0,0.0,0.0,0.0,0.0,0.0,0.08,0.0,0.0,0.0,0.0,0.0,0.0,0.0,0.0,0.0,0.0,0.1,0.18,0.12,1.0,0.0,0.0,0.0,0.0,0.0,0.0,0.0,0.08,0.0,0.0,0.0,0.0,0.0,0.12,0.0,0.0,0.0,0.08,0.14,0.0,0.0,0.0,0.0,0.0,0.0,0.0,0.0,0.0,0.0,0.0,0.0,0.08,0.0,0.1,0.0,0.0,0.0,0.0,0.0,0.18,0.0,0.0,0.08,0.0,0.0,0.0,0.0,0.14,0.0,0.0,0.0,0.0,0.0,0.0,0.0,0.14,0.0,0.09,0.0,0.1,0.12,0.12,0.0,0.0,0.06,0.0,0.0,0.0,0.0,0.08,0.0,0.0,0.0,0.12,0.08,0.25,0.0,0.0,0.0,0.13,0.0,0.0,0.06,0.09,0.0,0.0,0.0,0.06,0.0,0.12,0.08,0.0,0.0,0.0,0.0,0.11,0.0,0.0,0.1,0.0,0.12,0.0,0.1,0.0,0.0,0.08,0.0,0.0,0.0,0.0,0.0,0.0,0.0,0.0,0.06,0.0,0.0,0.0,0.22,0.0,0.0,0.0,0.11,0.09,0.11,0.08,0.0,0.0,0.0,0.14,0.0,0.0,0.0,0.06,0.0,0.12,0.0,0.0,0.0,0.0,0.0,0.0,0.08,0.0,0.0,0.34,0.0,0.0,0.0,0.0,0.08,0.0,0.08,0.0,0.0,0.0,0.0,0.0
cavolo nero in padella,0.0,0.0,0.0,0.0,0.0,0.0,0.0,0.08,0.0,0.06,0.16,0.17,0.08,0.0,0.0,0.08,0.06,0.11,0.11,0.0,0.0,0.0,0.0,0.0,0.0,0.0,0.0,1.0,0.0,0.0,0.0,0.0,0.08,0.0,0.0,0.11,0.1,0.17,0.08,0.0,0.0,0.0,0.06,0.08,0.06,0.0,0.0,0.0,0.0,0.0,0.0,0.08,0.08,0.0,0.0,0.08,0.09,0.0,0.14,0.08,0.08,0.06,0.0,0.1,0.08,0.0,0.0,0.0,0.18,0.15,0.16,0.0,0.0,0.0,0.0,0.0,0.13,0.0,0.1,0.0,0.17,0.07,0.0,0.07,0.16,0.0,0.0,0.0,0.0,0.0,0.11,0.12,0.0,0.0,0.0,0.0,0.0,0.12,0.0,0.0,0.0,0.07,0.0,0.0,0.08,0.08,0.06,0.1,0.08,0.0,0.0,0.08,0.0,0.0,0.06,0.0,0.0,0.07,0.0,0.1,0.0,0.09,0.0,0.11,0.1,0.18,0.18,0.0,0.15,0.08,0.13,0.08,0.08,0.08,0.06,0.0,0.0,0.0,0.0,0.0,0.09,0.06,0.06,0.07,0.0,0.0,0.08,0.16,0.0,0.0,0.0,0.0,0.0,0.06,0.08,0.0,0.0,0.0,0.08,0.11,0.12,0.1,0.0,0.1,0.07,0.0,0.0,0.08,0.0,0.0,0.0,0.0,0.0,0.14,0.0,0.11,0.11,0.07,0.1,0.0,0.14,0.0,0.0,0.0,0.0
cenci toscani al forno,0.0,0.0,0.0,0.0,0.06,0.0,0.0,0.0,0.0,0.0,0.0,0.0,0.0,0.0,0.0,0.0,0.0,0.0,0.09,0.0,0.0,0.0,0.0,0.0,0.0,0.0,0.0,0.0,1.0,0.0,0.0,0.12,0.06,0.12,0.11,0.0,0.0,0.06,0.0,0.0,0.0,0.0,0.0,0.0,0.0,0.0,0.0,0.0,0.0,0.0,0.0,0.0,0.0,0.0,0.0,0.0,0.07,0.0,0.0,0.0,0.0,0.0,0.0,0.0,0.0,0.0,0.06,0.0,0.0,0.0,0.0,0.0,0.0,0.0,0.0,0.0,0.0,0.0,0.0,0.0,0.0,0.0,0.0,0.0,0.0,0.0,0.07,0.0,0.0,0.0,0.0,0.0,0.0,0.0,0.0,0.0,0.0,0.0,0.0,0.0,0.0,0.17,0.0,0.0,0.0,0.06,0.0,0.0,0.0,0.08,0.06,0.0,0.0,0.0,0.04,0.0,0.0,0.0,0.0,0.0,0.0,0.0,0.0,0.0,0.0,0.0,0.0,0.09,0.0,0.0,0.0,0.0,0.0,0.0,0.0,0.0,0.0,0.0,0.0,0.0,0.0,0.0,0.0,0.06,0.0,0.08,0.0,0.0,0.0,0.16,0.0,0.0,0.0,0.0,0.0,0.0,0.0,0.0,0.0,0.0,0.04,0.0,0.09,0.0,0.0,0.0,0.0,0.0,0.0,0.11,0.0,0.0,0.08,0.0,0.0,0.0,0.0,0.0,0.0,0.0,0.0,0.0,0.0,0.0,0.0
cheesecake fredda,0.0,0.1,0.0,0.0,0.06,0.0,0.0,0.0,0.0,0.0,0.0,0.0,0.05,0.0,0.17,0.0,0.0,0.0,0.0,0.0,0.0,0.0,0.06,0.06,0.1,0.08,0.0,0.0,0.0,1.0,0.0,0.06,0.06,0.06,0.14,0.08,0.0,0.0,0.0,0.0,0.0,0.12,0.0,0.0,0.0,0.08,0.15,0.08,0.06,0.06,0.0,0.0,0.12,0.18,0.0,0.0,0.0,0.0,0.04,0.0,0.12,0.0,0.0,0.0,0.0,0.06,0.06,0.08,0.0,0.05,0.0,0.0,0.18,0.0,0.18,0.0,0.0,0.0,0.0,0.0,0.0,0.0,0.08,0.0,0.06,0.0,0.06,0.15,0.15,0.0,0.0,0.04,0.0,0.08,0.08,0.0,0.05,0.0,0.0,0.0,0.15,0.0,0.08,0.0,0.0,0.0,0.08,0.0,0.0,0.04,0.0,0.0,0.0,0.0,0.0,0.0,0.15,0.0,0.0,0.0,0.0,0.0,0.0,0.0,0.06,0.06,0.0,0.08,0.0,0.0,0.0,0.0,0.1,0.06,0.0,0.0,0.0,0.0,0.0,0.06,0.0,0.04,0.0,0.05,0.0,0.06,0.06,0.0,0.0,0.0,0.0,0.0,0.0,0.0,0.0,0.0,0.18,0.0,0.0,0.08,0.08,0.0,0.15,0.0,0.0,0.12,0.05,0.0,0.0,0.1,0.0,0.0,0.06,0.0,0.0,0.08,0.0,0.05,0.14,0.0,0.0,0.0,0.08,0.0,0.0
chutney di pere,0.06,0.0,0.0,0.0,0.0,0.0,0.0,0.0,0.0,0.0,0.0,0.0,0.0,0.0,0.0,0.0,0.0,0.0,0.0,0.0,0.0,0.0,0.0,0.0,0.0,0.0,0.0,0.0,0.0,0.0,1.0,0.0,0.0,0.0,0.0,0.0,0.0,0.0,0.0,0.0,0.0,0.0,0.0,0.0,0.0,0.0,0.0,0.0,0.0,0.0,0.0,0.0,0.0,0.0,0.0,0.0,0.0,0.0,0.0,0.0,0.0,0.0,0.0,0.0,0.0,0.0,0.0,0.0,0.0,0.0,0.0,0.0,0.0,0.0,0.0,0.0,0.0,0.0,0.0,0.0,0.0,0.0,0.0,0.0,0.0,0.0,0.0,0.0,0.0,0.0,0.0,0.0,0.0,0.0,0.0,0.0,0.0,0.0,0.0,0.0,0.0,0.0,0.0,0.0,0.0,0.0,0.0,0.0,0.0,0.0,0.0,0.0,0.0,0.0,0.0,0.0,0.0,0.0,0.0,0.0,0.0,0.0,0.0,0.0,0.0,0.0,0.0,0.0,0.0,0.0,0.0,0.0,0.0,0.0,0.0,0.0,0.0,0.0,0.0,0.0,0.0,0.0,0.0,0.0,0.0,0.0,0.0,0.0,0.0,0.0,0.0,0.0,0.06,0.0,0.0,0.0,0.0,0.07,0.0,0.0,0.0,0.0,0.0,0.0,0.0,0.0,0.0,0.0,0.0,0.0,0.0,0.0,0.0,0.0,0.0,0.0,0.0,0.05,0.0,0.0,0.05,0.0,0.0,0.0,0.0
ciambella al latte caldo,0.0,0.0,0.0,0.0,0.0,0.1,0.14,0.12,0.22,0.25,0.0,0.0,0.0,0.0,0.14,0.06,0.1,0.0,0.09,0.0,0.0,0.04,0.08,0.0,0.0,0.0,0.0,0.0,0.12,0.06,0.0,1.0,0.25,0.31,0.22,0.0,0.0,0.0,0.2,0.0,0.0,0.14,0.14,0.0,0.0,0.0,0.18,0.0,0.08,0.24,0.14,0.12,0.06,0.0,0.18,0.18,0.07,0.25,0.06,0.0,0.0,0.06,0.0,0.16,0.06,0.16,0.12,0.1,0.0,0.0,0.0,0.0,0.0,0.0,0.0,0.12,0.1,0.0,0.0,0.0,0.0,0.0,0.0,0.0,0.0,0.1,0.07,0.0,0.0,0.0,0.09,0.04,0.0,0.0,0.0,0.12,0.0,0.0,0.0,0.0,0.0,0.06,0.0,0.06,0.12,0.0,0.0,0.0,0.06,0.2,0.0,0.06,0.0,0.2,0.04,0.25,0.0,0.0,0.12,0.0,0.18,0.14,0.0,0.18,0.08,0.0,0.0,0.09,0.0,0.0,0.1,0.0,0.06,0.68,0.26,0.1,0.0,0.0,0.18,0.0,0.0,0.0,0.0,0.11,0.2,0.08,0.06,0.0,0.0,0.08,0.0,0.0,0.0,0.0,0.06,0.0,0.0,0.08,0.0,0.09,0.1,0.08,0.09,0.0,0.22,0.06,0.24,0.26,0.19,0.22,0.12,0.17,0.0,0.06,0.0,0.18,0.09,0.06,0.16,0.0,0.0,0.0,0.0,0.1,0.0
ciambella ricotta e limone,0.0,0.12,0.0,0.0,0.0,0.1,0.14,0.18,0.14,0.25,0.06,0.06,0.0,0.0,0.06,0.12,0.05,0.09,0.18,0.0,0.0,0.04,0.0,0.0,0.0,0.0,0.0,0.08,0.06,0.06,0.0,0.25,1.0,0.18,0.28,0.18,0.08,0.06,0.2,0.0,0.0,0.06,0.14,0.06,0.0,0.0,0.09,0.09,0.08,0.08,0.22,0.12,0.14,0.1,0.06,0.3,0.14,0.25,0.06,0.06,0.14,0.1,0.0,0.16,0.14,0.24,0.06,0.1,0.07,0.06,0.06,0.0,0.1,0.0,0.1,0.12,0.2,0.0,0.08,0.0,0.06,0.11,0.0,0.06,0.06,0.1,0.0,0.09,0.09,0.0,0.09,0.09,0.0,0.1,0.1,0.06,0.0,0.04,0.0,0.0,0.09,0.34,0.0,0.06,0.18,0.06,0.04,0.16,0.14,0.08,0.0,0.12,0.0,0.2,0.04,0.25,0.09,0.0,0.12,0.08,0.12,0.29,0.0,0.18,0.0,0.07,0.07,0.0,0.06,0.0,0.2,0.06,0.18,0.25,0.2,0.05,0.08,0.0,0.18,0.06,0.07,0.04,0.05,0.34,0.14,0.0,0.06,0.12,0.0,0.0,0.0,0.08,0.0,0.04,0.14,0.0,0.1,0.0,0.0,0.0,0.14,0.16,0.0,0.0,0.28,0.06,0.12,0.26,0.19,0.17,0.18,0.11,0.0,0.11,0.0,0.18,0.18,0.11,0.16,0.0,0.06,0.0,0.1,0.0,0.0
ciambellone allo yogurt,0.0,0.0,0.0,0.0,0.0,0.1,0.04,0.12,0.14,0.16,0.0,0.0,0.0,0.0,0.06,0.06,0.05,0.0,0.09,0.0,0.0,0.04,0.08,0.0,0.0,0.0,0.0,0.0,0.12,0.06,0.0,0.31,0.18,1.0,0.17,0.0,0.0,0.0,0.14,0.0,0.0,0.06,0.1,0.0,0.0,0.0,0.09,0.0,0.0,0.16,0.07,0.06,0.0,0.0,0.18,0.18,0.07,0.25,0.06,0.0,0.0,0.06,0.0,0.16,0.06,0.16,0.12,0.0,0.0,0.0,0.0,0.0,0.0,0.0,0.0,0.0,0.1,0.0,0.0,0.0,0.0,0.0,0.0,0.0,0.0,0.1,0.07,0.0,0.0,0.0,0.0,0.04,0.0,0.0,0.0,0.12,0.0,0.0,0.0,0.0,0.0,0.06,0.0,0.06,0.06,0.0,0.0,0.0,0.06,0.12,0.0,0.06,0.0,0.2,0.04,0.25,0.0,0.0,0.12,0.0,0.12,0.07,0.0,0.18,0.08,0.0,0.0,0.09,0.0,0.0,0.1,0.0,0.06,0.12,0.2,0.05,0.0,0.0,0.18,0.0,0.0,0.0,0.0,0.11,0.14,0.08,0.06,0.0,0.0,0.08,0.0,0.0,0.0,0.04,0.06,0.0,0.0,0.08,0.0,0.09,0.1,0.08,0.09,0.0,0.11,0.0,0.18,0.2,0.14,0.17,0.12,0.17,0.0,0.06,0.0,0.18,0.09,0.06,0.16,0.0,0.0,0.0,0.0,0.1,0.0
ciambellone all’acqua,0.0,0.11,0.0,0.0,0.06,0.09,0.16,0.1,0.2,0.22,0.0,0.0,0.06,0.0,0.12,0.06,0.0,0.0,0.08,0.09,0.0,0.06,0.0,0.06,0.11,0.08,0.08,0.0,0.11,0.14,0.0,0.22,0.28,0.17,1.0,0.08,0.0,0.0,0.12,0.09,0.0,0.06,0.12,0.0,0.0,0.09,0.08,0.08,0.07,0.07,0.26,0.06,0.12,0.09,0.06,0.21,0.06,0.22,0.0,0.06,0.12,0.1,0.0,0.07,0.06,0.21,0.06,0.09,0.0,0.06,0.0,0.0,0.09,0.0,0.18,0.22,0.09,0.0,0.07,0.0,0.0,0.05,0.09,0.0,0.06,0.09,0.06,0.16,0.16,0.0,0.0,0.08,0.0,0.18,0.18,0.1,0.05,0.0,0.0,0.0,0.16,0.05,0.08,0.06,0.17,0.0,0.08,0.14,0.06,0.11,0.0,0.06,0.0,0.18,0.04,0.22,0.16,0.0,0.1,0.07,0.11,0.26,0.0,0.16,0.0,0.06,0.0,0.08,0.0,0.0,0.09,0.06,0.16,0.17,0.14,0.04,0.14,0.0,0.17,0.06,0.0,0.04,0.04,0.05,0.18,0.07,0.0,0.0,0.0,0.0,0.0,0.0,0.0,0.04,0.12,0.07,0.18,0.07,0.0,0.0,0.08,0.14,0.08,0.0,0.25,0.06,0.16,0.24,0.17,0.15,0.21,0.1,0.07,0.1,0.0,0.08,0.08,0.1,0.07,0.0,0.0,0.06,0.09,0.0,0.0
cipolle rosse in agrodolce,0.0,0.18,0.0,0.0,0.0,0.0,0.0,0.16,0.0,0.18,0.09,0.1,0.0,0.0,0.1,0.16,0.07,0.12,0.12,0.0,0.0,0.0,0.11,0.0,0.0,0.0,0.0,0.11,0.0,0.08,0.0,0.0,0.18,0.0,0.08,1.0,0.11,0.1,0.1,0.0,0.0,0.1,0.14,0.09,0.0,0.0,0.12,0.12,0.11,0.0,0.1,0.08,0.19,0.14,0.0,0.16,0.1,0.0,0.08,0.1,0.19,0.08,0.0,0.11,0.1,0.11,0.0,0.0,0.1,0.08,0.09,0.0,0.14,0.0,0.14,0.0,0.14,0.0,0.11,0.0,0.1,0.16,0.0,0.08,0.09,0.0,0.0,0.12,0.12,0.0,0.25,0.06,0.0,0.14,0.14,0.0,0.0,0.06,0.0,0.0,0.12,0.08,0.0,0.0,0.18,0.1,0.06,0.22,0.1,0.0,0.0,0.18,0.0,0.0,0.0,0.0,0.12,0.0,0.0,0.11,0.0,0.2,0.0,0.12,0.11,0.1,0.1,0.0,0.08,0.0,0.14,0.1,0.16,0.18,0.07,0.0,0.11,0.0,0.09,0.09,0.1,0.06,0.07,0.08,0.0,0.0,0.1,0.18,0.0,0.0,0.0,0.0,0.0,0.06,0.1,0.0,0.14,0.0,0.0,0.0,0.14,0.11,0.0,0.0,0.16,0.1,0.0,0.1,0.14,0.08,0.08,0.0,0.0,0.08,0.0,0.12,0.12,0.08,0.11,0.0,0.08,0.0,0.14,0.0,0.0
cipolline al forno,0.08,0.0,0.0,0.08,0.08,0.0,0.0,0.08,0.0,0.06,0.16,0.17,0.0,0.0,0.0,0.08,0.13,0.11,0.11,0.0,0.0,0.0,0.0,0.0,0.0,0.11,0.0,0.1,0.0,0.0,0.0,0.0,0.08,0.0,0.0,0.11,1.0,0.08,0.08,0.0,0.0,0.08,0.12,0.16,0.0,0.06,0.0,0.0,0.0,0.0,0.0,0.08,0.08,0.0,0.0,0.08,0.18,0.0,0.14,0.26,0.17,0.2,0.0,0.1,0.17,0.0,0.0,0.0,0.18,0.15,0.16,0.0,0.0,0.0,0.0,0.0,0.13,0.0,0.2,0.0,0.17,0.07,0.0,0.14,0.16,0.0,0.0,0.0,0.0,0.0,0.11,0.18,0.0,0.0,0.0,0.08,0.07,0.12,0.0,0.0,0.0,0.07,0.0,0.0,0.08,0.17,0.12,0.1,0.17,0.05,0.0,0.08,0.0,0.0,0.06,0.0,0.11,0.0,0.0,0.2,0.0,0.09,0.1,0.11,0.0,0.18,0.18,0.0,0.15,0.08,0.13,0.26,0.15,0.08,0.06,0.06,0.1,0.0,0.0,0.0,0.18,0.11,0.2,0.07,0.0,0.0,0.08,0.16,0.0,0.0,0.0,0.0,0.0,0.11,0.17,0.1,0.0,0.0,0.08,0.0,0.12,0.1,0.0,0.1,0.07,0.0,0.0,0.08,0.0,0.0,0.0,0.0,0.1,0.14,0.0,0.11,0.11,0.07,0.1,0.07,0.14,0.09,0.0,0.0,0.1
come fare i funghi porcini sottolio in tre mosse,0.07,0.0,0.0,0.0,0.0,0.0,0.0,0.06,0.0,0.04,0.14,0.14,0.19,0.0,0.0,0.06,0.06,0.1,0.1,0.0,0.0,0.0,0.0,0.0,0.0,0.1,0.0,0.17,0.06,0.0,0.0,0.0,0.06,0.0,0.0,0.1,0.08,1.0,0.07,0.0,0.0,0.0,0.05,0.14,0.06,0.0,0.0,0.0,0.0,0.0,0.0,0.06,0.07,0.0,0.0,0.06,0.16,0.0,0.12,0.07,0.07,0.06,0.0,0.08,0.07,0.0,0.0,0.0,0.16,0.25,0.14,0.0,0.0,0.0,0.0,0.0,0.11,0.0,0.08,0.0,0.14,0.06,0.0,0.12,0.14,0.0,0.0,0.0,0.1,0.0,0.1,0.1,0.0,0.0,0.0,0.0,0.0,0.1,0.0,0.0,0.0,0.06,0.1,0.0,0.06,0.07,0.05,0.08,0.07,0.0,0.0,0.06,0.0,0.0,0.04,0.0,0.0,0.06,0.0,0.08,0.0,0.08,0.0,0.1,0.08,0.16,0.16,0.0,0.12,0.07,0.11,0.07,0.06,0.06,0.06,0.05,0.0,0.0,0.0,0.0,0.08,0.1,0.06,0.06,0.0,0.0,0.07,0.14,0.0,0.0,0.0,0.0,0.0,0.04,0.07,0.0,0.0,0.08,0.06,0.1,0.1,0.08,0.0,0.08,0.06,0.0,0.0,0.07,0.0,0.0,0.0,0.0,0.0,0.12,0.0,0.1,0.1,0.12,0.08,0.0,0.12,0.08,0.0,0.0,0.0
come fare la pasta frolla alla perfezione,0.0,0.0,0.0,0.0,0.0,0.0,0.0,0.0,0.0,0.0,0.06,0.07,0.0,0.0,0.07,0.0,0.0,0.1,0.19,0.0,0.0,0.0,0.08,0.0,0.0,0.0,0.0,0.08,0.0,0.0,0.0,0.2,0.2,0.14,0.12,0.1,0.08,0.07,1.0,0.0,0.0,0.07,0.0,0.06,0.0,0.0,0.1,0.0,0.08,0.17,0.0,0.0,0.07,0.0,0.0,0.0,0.16,0.0,0.12,0.0,0.07,0.0,0.0,0.0,0.07,0.08,0.2,0.11,0.08,0.06,0.0,0.0,0.0,0.0,0.0,0.14,0.22,0.0,0.0,0.0,0.07,0.0,0.0,0.06,0.06,0.11,0.0,0.0,0.0,0.0,0.1,0.05,0.0,0.0,0.0,0.0,0.0,0.0,0.0,0.0,0.0,0.12,0.0,0.0,0.0,0.07,0.05,0.0,0.14,0.13,0.06,0.0,0.0,0.0,0.0,0.14,0.0,0.0,0.0,0.0,0.0,0.0,0.0,0.0,0.08,0.08,0.08,0.0,0.06,0.0,0.0,0.0,0.12,0.2,0.0,0.0,0.0,0.0,0.0,0.0,0.08,0.04,0.0,0.12,0.0,0.0,0.14,0.14,0.06,0.08,0.0,0.0,0.0,0.04,0.14,0.0,0.0,0.0,0.0,0.1,0.15,0.0,0.0,0.0,0.0,0.0,0.12,0.0,0.0,0.18,0.0,0.0,0.08,0.0,0.0,0.19,0.1,0.06,0.17,0.0,0.0,0.0,0.0,0.0,0.0
come fare la polenta in casa e ottenere la giusta consistenza,0.0,0.0,0.16,0.0,0.1,0.0,0.0,0.0,0.0,0.0,0.0,0.0,0.19,0.0,0.0,0.0,0.0,0.0,0.0,0.0,0.0,0.0,0.0,0.11,0.2,0.14,0.0,0.0,0.0,0.0,0.0,0.0,0.0,0.0,0.09,0.0,0.0,0.0,0.0,1.0,0.0,0.0,0.0,0.0,0.0,0.08,0.0,0.0,0.0,0.0,0.0,0.0,0.0,0.0,0.0,0.0,0.0,0.0,0.0,0.0,0.11,0.0,0.0,0.0,0.0,0.0,0.0,0.0,0.0,0.1,0.0,0.0,0.0,0.0,0.16,0.0,0.0,0.0,0.0,0.0,0.0,0.0,0.16,0.0,0.1,0.0,0.12,0.14,0.14,0.0,0.0,0.08,0.0,0.0,0.0,0.0,0.18,0.0,0.0,0.0,0.14,0.0,0.14,0.0,0.0,0.0,0.15,0.0,0.0,0.0,0.0,0.0,0.0,0.0,0.0,0.0,0.14,0.0,0.0,0.0,0.0,0.0,0.0,0.0,0.0,0.12,0.0,0.14,0.0,0.0,0.0,0.0,0.1,0.0,0.0,0.0,0.0,0.0,0.0,0.0,0.0,0.07,0.0,0.0,0.0,0.13,0.0,0.0,0.0,0.0,0.0,0.0,0.0,0.0,0.0,0.0,0.16,0.0,0.0,0.0,0.08,0.0,0.14,0.0,0.0,0.0,0.0,0.0,0.0,0.0,0.0,0.0,0.13,0.0,0.0,0.0,0.0,0.09,0.0,0.0,0.0,0.12,0.0,0.0,0.0
come preparare la panna acida,0.0,0.0,0.0,0.08,0.09,0.14,0.06,0.0,0.0,0.0,0.0,0.0,0.0,0.0,0.0,0.0,0.0,0.0,0.0,0.0,0.0,0.1,0.0,0.0,0.0,0.0,0.12,0.0,0.0,0.0,0.0,0.0,0.0,0.0,0.0,0.0,0.0,0.0,0.0,0.0,1.0,0.0,0.0,0.0,0.08,0.07,0.0,0.0,0.0,0.0,0.0,0.0,0.0,0.0,0.0,0.0,0.0,0.0,0.08,0.0,0.0,0.0,0.0,0.0,0.0,0.0,0.09,0.0,0.0,0.0,0.0,0.0,0.0,0.0,0.0,0.0,0.0,0.0,0.0,0.0,0.0,0.0,0.0,0.0,0.0,0.0,0.0,0.0,0.0,0.12,0.0,0.0,0.0,0.0,0.0,0.0,0.0,0.0,0.0,0.11,0.0,0.0,0.12,0.0,0.0,0.0,0.0,0.0,0.0,0.06,0.0,0.0,0.0,0.14,0.06,0.0,0.0,0.08,0.0,0.0,0.09,0.0,0.11,0.0,0.0,0.0,0.0,0.0,0.0,0.1,0.0,0.0,0.0,0.0,0.0,0.0,0.0,0.0,0.09,0.0,0.0,0.0,0.0,0.0,0.1,0.11,0.0,0.0,0.0,0.0,0.09,0.11,0.08,0.0,0.0,0.0,0.0,0.0,0.0,0.0,0.0,0.0,0.0,0.0,0.0,0.0,0.0,0.0,0.0,0.0,0.0,0.08,0.11,0.0,0.0,0.0,0.0,0.0,0.0,0.08,0.0,0.0,0.0,0.0,0.0
cornetti con lievito madre non rinfrescato,0.0,0.14,0.0,0.0,0.0,0.0,0.0,0.19,0.16,0.22,0.0,0.0,0.0,0.0,0.22,0.12,0.16,0.0,0.0,0.0,0.0,0.0,0.08,0.0,0.0,0.0,0.0,0.0,0.0,0.12,0.0,0.14,0.06,0.06,0.06,0.1,0.08,0.0,0.07,0.0,0.0,1.0,0.2,0.0,0.0,0.0,0.19,0.19,0.17,0.17,0.16,0.06,0.22,0.11,0.06,0.06,0.0,0.0,0.06,0.07,0.07,0.0,0.0,0.08,0.0,0.08,0.06,0.0,0.0,0.0,0.0,0.0,0.11,0.0,0.11,0.0,0.0,0.0,0.0,0.0,0.0,0.06,0.0,0.0,0.0,0.0,0.0,0.1,0.1,0.0,0.1,0.0,0.0,0.11,0.11,0.0,0.0,0.0,0.0,0.0,0.19,0.0,0.0,0.0,0.2,0.0,0.0,0.08,0.0,0.13,0.14,0.2,0.0,0.0,0.0,0.0,0.19,0.0,0.0,0.0,0.06,0.08,0.0,0.1,0.08,0.0,0.0,0.0,0.0,0.0,0.0,0.07,0.06,0.14,0.06,0.05,0.08,0.0,0.14,0.06,0.0,0.0,0.0,0.06,0.07,0.0,0.07,0.0,0.0,0.0,0.0,0.08,0.06,0.0,0.0,0.0,0.11,0.0,0.0,0.1,0.05,0.0,0.0,0.0,0.12,0.14,0.12,0.07,0.2,0.18,0.06,0.06,0.0,0.0,0.0,0.1,0.0,0.0,0.08,0.0,0.0,0.0,0.11,0.11,0.0
cornetti sfogliati,0.0,0.1,0.0,0.0,0.1,0.0,0.0,0.0,0.0,0.0,0.04,0.05,0.04,0.0,0.15,0.0,0.0,0.06,0.14,0.0,0.0,0.0,0.06,0.05,0.1,0.06,0.0,0.06,0.0,0.0,0.0,0.14,0.14,0.1,0.12,0.14,0.12,0.05,0.0,0.0,0.0,0.2,1.0,0.04,0.0,0.04,0.14,0.06,0.18,0.18,0.0,0.0,0.15,0.08,0.0,0.0,0.11,0.0,0.08,0.0,0.2,0.0,0.0,0.0,0.05,0.12,0.1,0.0,0.06,0.09,0.0,0.0,0.08,0.0,0.16,0.0,0.16,0.0,0.0,0.0,0.05,0.0,0.08,0.04,0.1,0.08,0.06,0.14,0.14,0.0,0.14,0.07,0.0,0.08,0.08,0.0,0.04,0.0,0.0,0.0,0.14,0.08,0.06,0.0,0.0,0.1,0.14,0.0,0.1,0.12,0.04,0.0,0.0,0.0,0.03,0.1,0.2,0.0,0.0,0.0,0.0,0.0,0.0,0.0,0.06,0.11,0.06,0.06,0.04,0.0,0.0,0.0,0.18,0.24,0.0,0.0,0.0,0.0,0.0,0.04,0.06,0.06,0.0,0.12,0.0,0.06,0.1,0.1,0.04,0.0,0.0,0.0,0.0,0.04,0.1,0.0,0.16,0.0,0.0,0.06,0.18,0.0,0.06,0.0,0.0,0.1,0.14,0.0,0.0,0.17,0.0,0.0,0.06,0.0,0.0,0.14,0.06,0.08,0.12,0.0,0.0,0.0,0.08,0.0,0.0
cosciotto di agnello al forno,0.14,0.0,0.0,0.06,0.06,0.0,0.0,0.06,0.0,0.04,0.31,0.26,0.06,0.0,0.0,0.06,0.05,0.09,0.09,0.0,0.0,0.0,0.0,0.0,0.0,0.18,0.0,0.08,0.0,0.0,0.0,0.0,0.06,0.0,0.0,0.09,0.16,0.14,0.06,0.0,0.0,0.0,0.04,1.0,0.06,0.05,0.0,0.0,0.0,0.0,0.0,0.06,0.06,0.0,0.0,0.06,0.22,0.0,0.16,0.14,0.14,0.22,0.1,0.08,0.14,0.0,0.06,0.0,0.14,0.18,0.12,0.0,0.0,0.0,0.0,0.0,0.1,0.0,0.16,0.0,0.14,0.06,0.0,0.17,0.12,0.0,0.07,0.0,0.09,0.0,0.09,0.23,0.0,0.0,0.0,0.06,0.06,0.1,0.0,0.0,0.0,0.06,0.09,0.0,0.06,0.14,0.09,0.08,0.14,0.0,0.0,0.06,0.0,0.0,0.04,0.0,0.0,0.0,0.0,0.16,0.0,0.07,0.08,0.09,0.0,0.14,0.14,0.0,0.12,0.06,0.1,0.14,0.12,0.06,0.05,0.05,0.08,0.0,0.0,0.0,0.22,0.14,0.1,0.06,0.0,0.0,0.2,0.12,0.06,0.0,0.0,0.0,0.06,0.09,0.14,0.08,0.0,0.08,0.06,0.0,0.1,0.08,0.0,0.08,0.06,0.0,0.0,0.06,0.0,0.0,0.0,0.0,0.08,0.11,0.0,0.18,0.18,0.11,0.16,0.06,0.22,0.14,0.0,0.0,0.08
cotechino con lenticchie,0.06,0.0,0.0,0.1,0.1,0.08,0.04,0.0,0.0,0.0,0.0,0.0,0.15,0.0,0.0,0.0,0.0,0.0,0.0,0.0,0.0,0.24,0.0,0.17,0.0,0.08,0.08,0.06,0.0,0.0,0.0,0.0,0.0,0.0,0.0,0.0,0.0,0.06,0.0,0.0,0.08,0.0,0.0,0.06,1.0,0.04,0.0,0.0,0.0,0.0,0.0,0.0,0.0,0.0,0.0,0.0,0.0,0.0,0.04,0.0,0.0,0.0,0.0,0.0,0.06,0.0,0.06,0.0,0.0,0.05,0.0,0.0,0.0,0.0,0.0,0.0,0.0,0.0,0.0,0.0,0.0,0.0,0.0,0.4,0.06,0.0,0.0,0.0,0.08,0.08,0.0,0.08,0.0,0.0,0.0,0.0,0.14,0.08,0.0,0.0,0.0,0.0,0.15,0.0,0.0,0.0,0.0,0.0,0.0,0.04,0.0,0.0,0.0,0.08,0.18,0.0,0.0,0.05,0.0,0.0,0.06,0.0,0.06,0.0,0.0,0.0,0.0,0.0,0.0,0.06,0.0,0.0,0.0,0.0,0.0,0.0,0.0,0.0,0.06,0.0,0.0,0.15,0.04,0.0,0.06,0.06,0.0,0.0,0.0,0.0,0.06,0.14,0.05,0.0,0.0,0.0,0.0,0.06,0.0,0.0,0.0,0.0,0.0,0.0,0.0,0.0,0.0,0.0,0.0,0.0,0.0,0.05,0.06,0.0,0.0,0.0,0.0,0.05,0.0,0.1,0.0,0.06,0.0,0.0,0.06
couscous aromatizzato al tè,0.05,0.0,0.0,0.09,0.14,0.08,0.07,0.0,0.06,0.04,0.05,0.05,0.04,0.0,0.05,0.0,0.0,0.0,0.0,0.08,0.0,0.08,0.0,0.05,0.1,0.14,0.14,0.0,0.0,0.08,0.0,0.0,0.0,0.0,0.09,0.0,0.06,0.0,0.0,0.08,0.07,0.0,0.04,0.05,0.04,1.0,0.0,0.0,0.0,0.0,0.0,0.0,0.05,0.0,0.0,0.0,0.06,0.0,0.08,0.1,0.1,0.12,0.0,0.0,0.05,0.0,0.05,0.0,0.06,0.09,0.05,0.0,0.0,0.0,0.08,0.0,0.0,0.0,0.12,0.0,0.05,0.0,0.08,0.04,0.1,0.0,0.06,0.07,0.07,0.07,0.0,0.1,0.0,0.0,0.0,0.04,0.09,0.04,0.0,0.0,0.07,0.0,0.14,0.0,0.05,0.05,0.1,0.06,0.05,0.03,0.0,0.0,0.0,0.08,0.06,0.0,0.07,0.04,0.0,0.12,0.05,0.0,0.12,0.07,0.0,0.12,0.06,0.07,0.04,0.1,0.0,0.1,0.09,0.0,0.0,0.04,0.12,0.0,0.05,0.0,0.06,0.07,0.08,0.0,0.1,0.12,0.0,0.0,0.0,0.0,0.05,0.06,0.04,0.04,0.05,0.12,0.08,0.06,0.04,0.0,0.04,0.06,0.07,0.06,0.04,0.0,0.0,0.0,0.0,0.0,0.04,0.04,0.18,0.09,0.0,0.0,0.0,0.04,0.0,0.09,0.04,0.06,0.0,0.0,0.06
crema al burro,0.0,0.18,0.0,0.0,0.0,0.0,0.0,0.16,0.1,0.18,0.0,0.0,0.0,0.0,0.19,0.16,0.0,0.0,0.0,0.0,0.0,0.0,0.11,0.0,0.0,0.0,0.0,0.0,0.0,0.15,0.0,0.18,0.09,0.09,0.08,0.12,0.0,0.0,0.1,0.0,0.0,0.19,0.14,0.0,0.0,0.0,1.0,0.12,0.11,0.11,0.1,0.08,0.1,0.14,0.09,0.08,0.0,0.0,0.08,0.0,0.1,0.0,0.0,0.11,0.0,0.11,0.09,0.0,0.0,0.0,0.0,0.0,0.14,0.0,0.14,0.0,0.0,0.0,0.0,0.0,0.0,0.08,0.0,0.0,0.0,0.0,0.0,0.12,0.12,0.0,0.0,0.0,0.0,0.14,0.14,0.0,0.0,0.0,0.0,0.0,0.12,0.08,0.0,0.0,0.09,0.0,0.0,0.11,0.0,0.17,0.09,0.26,0.0,0.0,0.06,0.0,0.12,0.0,0.0,0.0,0.09,0.1,0.0,0.12,0.11,0.0,0.0,0.0,0.0,0.0,0.0,0.0,0.08,0.09,0.14,0.0,0.11,0.0,0.18,0.09,0.0,0.0,0.0,0.08,0.1,0.0,0.1,0.0,0.0,0.11,0.0,0.0,0.0,0.0,0.0,0.0,0.14,0.0,0.0,0.12,0.06,0.0,0.0,0.0,0.08,0.1,0.08,0.1,0.26,0.16,0.08,0.08,0.0,0.0,0.0,0.12,0.0,0.0,0.11,0.0,0.0,0.0,0.14,0.0,0.0
crema al mascarpone e panna,0.0,0.18,0.0,0.0,0.0,0.0,0.0,0.16,0.1,0.12,0.0,0.0,0.0,0.0,0.1,0.08,0.0,0.0,0.0,0.0,0.14,0.0,0.0,0.0,0.0,0.0,0.0,0.0,0.0,0.08,0.0,0.0,0.09,0.0,0.08,0.12,0.0,0.0,0.0,0.0,0.0,0.19,0.06,0.0,0.0,0.0,0.12,1.0,0.11,0.0,0.2,0.08,0.19,0.14,0.0,0.08,0.0,0.0,0.0,0.0,0.1,0.0,0.14,0.0,0.0,0.11,0.0,0.0,0.0,0.0,0.0,0.0,0.14,0.14,0.14,0.0,0.0,0.0,0.0,0.0,0.0,0.08,0.0,0.0,0.0,0.0,0.0,0.12,0.12,0.0,0.0,0.0,0.0,0.14,0.14,0.0,0.0,0.0,0.0,0.0,0.62,0.0,0.0,0.0,0.09,0.0,0.0,0.11,0.0,0.0,0.09,0.09,0.0,0.0,0.0,0.0,0.12,0.0,0.0,0.0,0.0,0.1,0.0,0.0,0.0,0.0,0.0,0.0,0.0,0.0,0.0,0.0,0.08,0.09,0.0,0.0,0.11,0.0,0.09,0.09,0.0,0.0,0.0,0.0,0.0,0.0,0.0,0.0,0.0,0.0,0.0,0.11,0.08,0.0,0.0,0.0,0.14,0.0,0.0,0.0,0.0,0.0,0.0,0.0,0.08,0.1,0.0,0.0,0.14,0.08,0.08,0.0,0.0,0.0,0.0,0.0,0.0,0.0,0.0,0.0,0.0,0.0,0.14,0.14,0.0
crema alla banana,0.0,0.16,0.0,0.0,0.0,0.0,0.0,0.08,0.0,0.21,0.0,0.0,0.0,0.0,0.17,0.08,0.06,0.0,0.0,0.0,0.0,0.0,0.0,0.0,0.0,0.0,0.0,0.0,0.0,0.06,0.0,0.08,0.08,0.0,0.07,0.11,0.0,0.0,0.08,0.0,0.0,0.17,0.18,0.0,0.0,0.0,0.11,0.11,1.0,0.1,0.09,0.0,0.17,0.13,0.08,0.15,0.0,0.0,0.0,0.0,0.08,0.0,0.0,0.0,0.0,0.1,0.0,0.0,0.0,0.0,0.0,0.0,0.13,0.0,0.13,0.0,0.0,0.0,0.0,0.0,0.0,0.07,0.0,0.0,0.0,0.0,0.0,0.11,0.11,0.0,0.11,0.0,0.0,0.13,0.13,0.0,0.0,0.0,0.0,0.0,0.11,0.0,0.0,0.0,0.16,0.0,0.0,0.1,0.0,0.0,0.0,0.08,0.0,0.0,0.0,0.0,0.11,0.0,0.0,0.0,0.0,0.09,0.0,0.0,0.0,0.0,0.0,0.0,0.0,0.0,0.0,0.0,0.08,0.24,0.06,0.06,0.1,0.0,0.08,0.08,0.0,0.0,0.0,0.0,0.0,0.0,0.0,0.0,0.08,0.1,0.0,0.0,0.0,0.0,0.0,0.0,0.13,0.0,0.0,0.0,0.0,0.0,0.0,0.0,0.21,0.17,0.08,0.0,0.24,0.14,0.15,0.0,0.0,0.0,0.0,0.0,0.0,0.0,0.0,0.0,0.0,0.0,0.13,0.0,0.0
crema di parmigiano,0.0,0.0,0.0,0.0,0.08,0.0,0.06,0.15,0.18,0.26,0.0,0.0,0.0,0.0,0.17,0.08,0.06,0.0,0.11,0.0,0.0,0.09,0.45,0.0,0.0,0.0,0.0,0.0,0.0,0.06,0.0,0.24,0.08,0.16,0.07,0.0,0.0,0.0,0.17,0.0,0.0,0.17,0.18,0.0,0.0,0.0,0.11,0.0,0.1,1.0,0.09,0.0,0.08,0.0,0.16,0.08,0.09,0.16,0.06,0.0,0.0,0.06,0.63,0.2,0.08,0.1,0.16,0.0,0.0,0.0,0.0,0.0,0.0,0.0,0.0,0.0,0.13,0.0,0.0,0.0,0.0,0.0,0.0,0.0,0.0,0.13,0.0,0.0,0.0,0.0,0.11,0.0,0.0,0.0,0.0,0.0,0.07,0.0,0.0,0.0,0.0,0.0,0.0,0.0,0.16,0.0,0.0,0.0,0.08,0.05,0.0,0.08,0.0,0.13,0.0,0.16,0.0,0.0,0.0,0.0,0.16,0.0,0.0,0.22,0.1,0.0,0.0,0.0,0.0,0.08,0.13,0.0,0.15,0.16,0.13,0.12,0.0,0.0,0.16,0.0,0.09,0.06,0.0,0.21,0.17,0.0,0.17,0.0,0.0,0.0,0.0,0.0,0.0,0.0,0.08,0.0,0.0,0.0,0.0,0.22,0.06,0.1,0.0,0.0,0.14,0.08,0.22,0.17,0.12,0.21,0.08,0.21,0.0,0.14,0.0,0.11,0.0,0.0,0.1,0.07,0.0,0.0,0.0,0.0,0.0
crema diplomatica,0.0,0.14,0.0,0.0,0.0,0.0,0.0,0.0,0.0,0.0,0.0,0.0,0.0,0.0,0.08,0.0,0.0,0.0,0.1,0.0,0.0,0.0,0.0,0.0,0.0,0.0,0.0,0.0,0.0,0.0,0.0,0.14,0.22,0.07,0.26,0.1,0.0,0.0,0.0,0.0,0.0,0.16,0.0,0.0,0.0,0.0,0.1,0.2,0.09,0.09,1.0,0.0,0.16,0.12,0.0,0.0,0.08,0.0,0.0,0.0,0.08,0.0,0.0,0.0,0.0,0.18,0.07,0.24,0.0,0.0,0.0,0.0,0.24,0.0,0.12,0.14,0.12,0.0,0.0,0.0,0.0,0.0,0.0,0.0,0.0,0.12,0.0,0.1,0.1,0.0,0.0,0.0,0.0,0.12,0.12,0.0,0.0,0.0,0.0,0.0,0.2,0.0,0.0,0.0,0.0,0.0,0.0,0.0,0.08,0.1,0.07,0.0,0.0,0.0,0.0,0.14,0.1,0.0,0.0,0.0,0.0,0.0,0.0,0.0,0.0,0.0,0.0,0.0,0.0,0.0,0.0,0.0,0.14,0.14,0.0,0.0,0.0,0.0,0.0,0.07,0.0,0.0,0.0,0.0,0.0,0.0,0.0,0.0,0.0,0.0,0.0,0.09,0.07,0.0,0.08,0.0,0.12,0.0,0.0,0.0,0.0,0.0,0.0,0.0,0.0,0.08,0.07,0.0,0.0,0.13,0.0,0.0,0.0,0.0,0.0,0.0,0.0,0.0,0.09,0.0,0.0,0.0,0.12,0.0,0.0
crema diplomatica con il bimby,0.0,0.0,0.0,0.0,0.06,0.0,0.0,0.0,0.0,0.0,0.06,0.06,0.0,0.0,0.0,0.0,0.0,0.08,0.08,0.0,0.0,0.0,0.0,0.0,0.0,0.0,0.0,0.08,0.0,0.0,0.0,0.12,0.12,0.06,0.06,0.08,0.08,0.06,0.0,0.0,0.0,0.06,0.0,0.06,0.0,0.0,0.08,0.08,0.0,0.0,0.0,1.0,0.12,0.0,0.0,0.0,0.07,0.0,0.05,0.0,0.06,0.0,0.0,0.0,0.06,0.0,0.0,0.19,0.07,0.06,0.0,0.0,0.1,0.0,0.0,0.12,0.1,0.0,0.0,0.0,0.06,0.0,0.0,0.06,0.06,0.0,0.07,0.0,0.0,0.0,0.08,0.04,0.0,0.0,0.0,0.0,0.0,0.0,0.0,0.0,0.08,0.16,0.0,0.0,0.0,0.12,0.04,0.0,0.06,0.12,0.12,0.0,0.0,0.0,0.08,0.0,0.0,0.0,0.0,0.0,0.0,0.0,0.0,0.0,0.0,0.07,0.07,0.08,0.06,0.0,0.0,0.0,0.06,0.06,0.0,0.0,0.0,0.0,0.0,0.0,0.07,0.04,0.0,0.1,0.0,0.08,0.06,0.12,0.0,0.15,0.0,0.08,0.06,0.04,0.06,0.0,0.0,0.0,0.0,0.0,0.14,0.0,0.08,0.0,0.0,0.0,0.0,0.0,0.0,0.0,0.0,0.0,0.0,0.0,0.0,0.08,0.08,0.06,0.15,0.0,0.0,0.0,0.0,0.0,0.0
crema pasticcera al cioccolato,0.0,0.14,0.0,0.0,0.0,0.0,0.05,0.25,0.16,0.26,0.06,0.07,0.0,0.0,0.78,0.12,0.11,0.1,0.1,0.0,0.0,0.0,0.0,0.0,0.0,0.0,0.0,0.08,0.0,0.12,0.0,0.06,0.14,0.0,0.12,0.19,0.08,0.07,0.07,0.0,0.0,0.22,0.15,0.06,0.0,0.05,0.1,0.19,0.17,0.08,0.16,0.12,1.0,0.11,0.0,0.12,0.08,0.0,0.06,0.07,0.14,0.06,0.0,0.08,0.07,0.08,0.0,0.0,0.08,0.06,0.06,0.14,0.11,0.0,0.72,0.0,0.11,0.0,0.08,0.0,0.07,0.12,0.0,0.06,0.06,0.0,0.0,0.1,0.1,0.0,0.19,0.05,0.0,0.11,0.11,0.0,0.0,0.05,0.0,0.34,0.19,0.06,0.0,0.0,0.2,0.07,0.05,0.17,0.07,0.0,0.06,0.14,0.0,0.0,0.0,0.0,0.1,0.0,0.0,0.08,0.0,0.16,0.0,0.1,0.0,0.08,0.08,0.0,0.06,0.0,0.11,0.07,0.12,0.2,0.06,0.05,0.08,0.0,0.14,0.06,0.08,0.04,0.06,0.06,0.07,0.0,0.07,0.14,0.0,0.0,0.0,0.08,0.06,0.04,0.07,0.0,0.72,0.0,0.0,0.0,0.1,0.08,0.0,0.0,0.18,0.14,0.06,0.07,0.15,0.12,0.06,0.0,0.0,0.06,0.0,0.1,0.1,0.06,0.08,0.0,0.06,0.0,0.11,0.11,0.0
croccante di mandorle,0.0,0.2,0.0,0.0,0.0,0.0,0.0,0.1,0.0,0.14,0.0,0.0,0.0,0.0,0.11,0.1,0.0,0.0,0.0,0.0,0.0,0.0,0.0,0.0,0.0,0.0,0.0,0.0,0.0,0.18,0.0,0.0,0.1,0.0,0.09,0.14,0.0,0.0,0.0,0.0,0.0,0.11,0.08,0.0,0.0,0.0,0.14,0.14,0.13,0.0,0.12,0.0,0.11,1.0,0.0,0.1,0.0,0.0,0.0,0.0,0.11,0.0,0.0,0.0,0.0,0.13,0.0,0.0,0.0,0.0,0.0,0.0,0.16,0.0,0.16,0.0,0.0,0.0,0.0,0.0,0.0,0.09,0.66,0.0,0.0,0.0,0.0,0.14,0.14,0.0,0.0,0.0,0.0,0.16,0.16,0.0,0.0,0.0,0.0,0.0,0.14,0.0,0.0,0.0,0.1,0.0,0.0,0.13,0.0,0.06,0.0,0.1,0.0,0.0,0.0,0.0,0.14,0.09,0.0,0.0,0.0,0.12,0.0,0.0,0.0,0.0,0.0,0.0,0.0,0.36,0.0,0.0,0.1,0.1,0.0,0.0,0.13,0.0,0.1,0.1,0.0,0.0,0.0,0.0,0.0,0.0,0.0,0.0,0.0,0.0,0.0,0.0,0.0,0.0,0.0,0.0,0.16,0.0,0.0,0.0,0.0,0.0,0.14,0.0,0.09,0.11,0.0,0.0,0.16,0.09,0.1,0.0,0.0,0.0,0.0,0.0,0.0,0.0,0.0,0.0,0.0,0.0,0.16,0.0,0.0
crostata di marmellata con il bimby,0.0,0.0,0.0,0.0,0.0,0.0,0.0,0.0,0.0,0.0,0.0,0.0,0.0,0.0,0.06,0.0,0.0,0.0,0.09,0.0,0.0,0.0,0.08,0.0,0.0,0.0,0.0,0.0,0.0,0.0,0.0,0.18,0.06,0.18,0.06,0.0,0.0,0.0,0.0,0.0,0.0,0.06,0.0,0.0,0.0,0.0,0.09,0.0,0.08,0.16,0.0,0.0,0.0,0.0,1.0,0.0,0.07,0.0,0.06,0.0,0.0,0.0,0.0,0.0,0.0,0.08,0.18,0.0,0.0,0.0,0.0,0.0,0.0,0.0,0.0,0.0,0.1,0.0,0.0,0.0,0.0,0.0,0.0,0.0,0.0,0.1,0.07,0.0,0.0,0.0,0.0,0.0,0.0,0.0,0.0,0.0,0.0,0.0,0.0,0.0,0.0,0.06,0.0,0.0,0.0,0.0,0.0,0.0,0.06,0.12,0.06,0.0,0.0,0.0,0.0,0.12,0.0,0.0,0.0,0.0,0.0,0.0,0.0,0.0,0.08,0.0,0.0,0.09,0.0,0.0,0.0,0.0,0.06,0.18,0.0,0.0,0.0,0.0,0.0,0.0,0.0,0.0,0.0,0.06,0.0,0.08,0.06,0.0,0.06,0.16,0.0,0.0,0.0,0.0,0.06,0.0,0.0,0.0,0.0,0.09,0.04,0.0,0.09,0.0,0.0,0.0,0.18,0.0,0.0,0.17,0.0,0.0,0.08,0.0,0.0,0.09,0.0,0.0,0.08,0.0,0.0,0.0,0.0,0.0,0.0
crostata senza burro,0.0,0.12,0.0,0.0,0.0,0.0,0.0,0.0,0.0,0.0,0.06,0.06,0.0,0.0,0.06,0.0,0.0,0.08,0.16,0.0,0.0,0.0,0.0,0.0,0.0,0.0,0.0,0.08,0.0,0.0,0.0,0.18,0.3,0.18,0.21,0.16,0.08,0.06,0.0,0.0,0.0,0.06,0.0,0.06,0.0,0.0,0.08,0.08,0.15,0.08,0.0,0.0,0.12,0.1,0.0,1.0,0.14,0.0,0.05,0.0,0.12,0.0,0.0,0.0,0.12,0.22,0.06,0.0,0.07,0.06,0.0,0.0,0.1,0.0,0.1,0.0,0.19,0.0,0.0,0.0,0.06,0.0,0.0,0.06,0.06,0.1,0.0,0.08,0.08,0.0,0.16,0.08,0.0,0.1,0.1,0.0,0.0,0.0,0.0,0.0,0.08,0.16,0.0,0.0,0.0,0.06,0.04,0.0,0.12,0.08,0.0,0.0,0.0,0.0,0.04,0.24,0.08,0.0,0.0,0.0,0.0,0.0,0.0,0.0,0.0,0.07,0.07,0.0,0.06,0.0,0.0,0.0,0.16,0.36,0.0,0.0,0.0,0.0,0.0,0.06,0.07,0.04,0.0,0.1,0.0,0.0,0.06,0.12,0.06,0.0,0.0,0.0,0.06,0.04,0.12,0.0,0.1,0.0,0.0,0.0,0.14,0.0,0.0,0.0,0.0,0.12,0.11,0.0,0.0,0.16,0.0,0.0,0.0,0.0,0.0,0.16,0.16,0.1,0.15,0.0,0.0,0.0,0.1,0.0,0.0
"fettine di maiale in padella, la ricetta per farle morbide",0.08,0.0,0.0,0.07,0.07,0.0,0.06,0.14,0.08,0.14,0.22,0.23,0.0,0.0,0.0,0.07,0.06,0.1,0.2,0.0,0.0,0.04,0.0,0.0,0.0,0.1,0.0,0.09,0.07,0.0,0.0,0.07,0.14,0.07,0.06,0.1,0.18,0.16,0.16,0.0,0.0,0.0,0.11,0.22,0.0,0.06,0.0,0.0,0.0,0.09,0.08,0.07,0.08,0.0,0.07,0.14,1.0,0.14,0.18,0.16,0.16,0.24,0.12,0.09,0.16,0.09,0.07,0.0,0.16,0.14,0.14,0.0,0.0,0.0,0.0,0.0,0.24,0.0,0.18,0.0,0.16,0.06,0.0,0.13,0.14,0.12,0.0,0.0,0.0,0.0,0.1,0.21,0.0,0.0,0.0,0.07,0.06,0.11,0.0,0.0,0.0,0.06,0.0,0.0,0.14,0.16,0.1,0.09,0.23,0.0,0.0,0.07,0.0,0.12,0.05,0.14,0.0,0.0,0.0,0.18,0.07,0.08,0.09,0.2,0.0,0.16,0.16,0.0,0.14,0.08,0.24,0.16,0.2,0.14,0.12,0.12,0.09,0.0,0.07,0.0,0.25,0.1,0.12,0.06,0.08,0.0,0.16,0.14,0.0,0.0,0.0,0.0,0.07,0.1,0.23,0.09,0.0,0.0,0.07,0.0,0.11,0.18,0.0,0.09,0.13,0.0,0.07,0.16,0.0,0.06,0.07,0.06,0.09,0.2,0.0,0.2,0.2,0.06,0.18,0.06,0.18,0.08,0.0,0.0,0.09
fettuccine fatte in casa,0.0,0.0,0.0,0.0,0.0,0.0,0.0,0.0,0.0,0.0,0.0,0.0,0.0,0.0,0.0,0.0,0.0,0.0,0.18,0.0,0.0,0.0,0.0,0.0,0.0,0.0,0.0,0.0,0.0,0.0,0.0,0.25,0.25,0.25,0.22,0.0,0.0,0.0,0.0,0.0,0.0,0.0,0.0,0.0,0.0,0.0,0.0,0.0,0.0,0.16,0.0,0.0,0.0,0.0,0.0,0.0,0.14,1.0,0.0,0.0,0.0,0.0,0.0,0.0,0.14,0.32,0.12,0.0,0.0,0.0,0.0,0.0,0.0,0.0,0.0,0.0,0.2,0.0,0.0,0.0,0.0,0.0,0.0,0.0,0.0,0.2,0.0,0.0,0.0,0.0,0.0,0.09,0.0,0.0,0.0,0.0,0.0,0.0,0.0,0.0,0.0,0.0,0.0,0.0,0.0,0.0,0.0,0.0,0.14,0.08,0.0,0.0,0.0,0.0,0.08,0.5,0.0,0.0,0.0,0.0,0.0,0.0,0.0,0.0,0.0,0.0,0.0,0.0,0.0,0.0,0.0,0.0,0.12,0.25,0.0,0.0,0.0,0.0,0.0,0.0,0.0,0.0,0.0,0.11,0.0,0.0,0.0,0.0,0.0,0.0,0.0,0.0,0.0,0.0,0.14,0.0,0.0,0.0,0.0,0.0,0.1,0.0,0.0,0.0,0.0,0.0,0.24,0.0,0.0,0.11,0.0,0.0,0.0,0.0,0.0,0.18,0.18,0.11,0.16,0.0,0.0,0.0,0.0,0.0,0.0
finocchi in padella,0.06,0.0,0.0,0.1,0.1,0.08,0.04,0.1,0.06,0.07,0.22,0.23,0.05,0.0,0.06,0.1,0.04,0.08,0.08,0.0,0.0,0.06,0.06,0.0,0.0,0.08,0.08,0.14,0.0,0.04,0.0,0.06,0.06,0.06,0.0,0.08,0.14,0.12,0.12,0.0,0.08,0.06,0.08,0.16,0.04,0.08,0.08,0.0,0.0,0.06,0.0,0.05,0.06,0.0,0.06,0.05,0.18,0.0,1.0,0.12,0.12,0.14,0.08,0.14,0.12,0.0,0.1,0.0,0.18,0.15,0.16,0.0,0.0,0.0,0.0,0.0,0.08,0.0,0.14,0.0,0.17,0.05,0.0,0.1,0.16,0.0,0.0,0.0,0.0,0.08,0.08,0.2,0.0,0.0,0.0,0.05,0.05,0.12,0.0,0.0,0.0,0.05,0.08,0.0,0.06,0.12,0.08,0.06,0.12,0.07,0.0,0.1,0.0,0.08,0.1,0.0,0.0,0.1,0.0,0.14,0.1,0.06,0.14,0.15,0.14,0.18,0.18,0.0,0.15,0.17,0.08,0.12,0.1,0.06,0.08,0.04,0.06,0.0,0.1,0.0,0.18,0.08,0.08,0.1,0.12,0.06,0.17,0.1,0.0,0.0,0.06,0.06,0.1,0.08,0.12,0.06,0.0,0.0,0.1,0.15,0.12,0.06,0.0,0.14,0.05,0.0,0.05,0.12,0.04,0.05,0.0,0.1,0.14,0.14,0.0,0.22,0.15,0.05,0.2,0.1,0.18,0.06,0.0,0.0,0.06
focaccia bianca,0.07,0.0,0.11,0.06,0.14,0.0,0.0,0.0,0.0,0.0,0.14,0.14,0.12,0.0,0.0,0.0,0.0,0.1,0.1,0.0,0.0,0.0,0.0,0.07,0.14,0.19,0.0,0.08,0.0,0.0,0.0,0.0,0.06,0.0,0.06,0.1,0.26,0.07,0.0,0.0,0.0,0.07,0.0,0.14,0.0,0.1,0.0,0.0,0.0,0.0,0.0,0.0,0.07,0.0,0.0,0.0,0.16,0.0,0.12,1.0,0.28,0.0,0.0,0.0,0.14,0.0,0.0,0.0,0.16,0.19,0.0,0.0,0.0,0.0,0.11,0.0,0.11,0.0,0.0,0.0,0.14,0.0,0.11,0.12,0.2,0.0,0.08,0.1,0.1,0.0,0.1,0.2,0.0,0.0,0.0,0.0,0.18,0.0,0.0,0.0,0.1,0.06,0.1,0.0,0.0,0.14,0.24,0.0,0.14,0.08,0.06,0.0,0.0,0.0,0.04,0.0,0.19,0.0,0.0,0.0,0.0,0.0,0.08,0.0,0.0,0.23,0.16,0.1,0.12,0.07,0.0,0.0,0.19,0.06,0.0,0.0,0.0,0.0,0.0,0.0,0.16,0.14,0.0,0.06,0.0,0.08,0.07,0.14,0.0,0.0,0.0,0.0,0.0,0.1,0.14,0.0,0.11,0.0,0.06,0.0,0.15,0.0,0.1,0.08,0.0,0.0,0.0,0.0,0.0,0.0,0.0,0.0,0.17,0.0,0.0,0.1,0.1,0.12,0.08,0.06,0.0,0.16,0.0,0.0,0.08
focaccia patate e rosmarino,0.07,0.14,0.0,0.06,0.14,0.0,0.0,0.12,0.0,0.14,0.14,0.14,0.06,0.0,0.07,0.19,0.11,0.1,0.1,0.11,0.0,0.04,0.0,0.07,0.14,0.19,0.1,0.08,0.0,0.12,0.0,0.0,0.14,0.0,0.12,0.19,0.17,0.07,0.07,0.11,0.0,0.07,0.2,0.14,0.0,0.1,0.1,0.1,0.08,0.0,0.08,0.06,0.14,0.11,0.0,0.12,0.16,0.0,0.12,0.28,1.0,0.23,0.0,0.08,0.14,0.08,0.0,0.0,0.16,0.19,0.14,0.0,0.11,0.0,0.22,0.0,0.11,0.0,0.42,0.0,0.14,0.12,0.11,0.12,0.2,0.0,0.08,0.19,0.19,0.0,0.1,0.2,0.0,0.11,0.11,0.06,0.12,0.1,0.0,0.0,0.19,0.06,0.1,0.0,0.2,0.14,0.34,0.34,0.14,0.08,0.06,0.14,0.0,0.0,0.04,0.0,0.19,0.0,0.0,0.26,0.0,0.16,0.08,0.19,0.0,0.23,0.16,0.1,0.12,0.07,0.11,0.28,0.25,0.14,0.06,0.05,0.26,0.0,0.06,0.06,0.16,0.14,0.16,0.06,0.0,0.08,0.07,0.14,0.0,0.0,0.0,0.0,0.0,0.1,0.14,0.34,0.22,0.08,0.06,0.0,0.15,0.26,0.1,0.08,0.18,0.07,0.0,0.07,0.1,0.06,0.12,0.0,0.17,0.18,0.0,0.1,0.1,0.12,0.08,0.06,0.12,0.08,0.11,0.0,0.08
"focaccia, la ricetta classica per un risultato morbidissimo",0.12,0.0,0.0,0.1,0.16,0.0,0.0,0.0,0.0,0.0,0.22,0.23,0.05,0.0,0.0,0.0,0.0,0.08,0.15,0.0,0.0,0.0,0.0,0.06,0.1,0.22,0.0,0.06,0.0,0.0,0.0,0.06,0.1,0.06,0.1,0.08,0.2,0.06,0.0,0.0,0.0,0.0,0.0,0.22,0.0,0.12,0.0,0.0,0.0,0.06,0.0,0.0,0.06,0.0,0.0,0.0,0.24,0.0,0.14,0.0,0.23,1.0,0.0,0.0,0.17,0.06,0.06,0.0,0.18,0.2,0.0,0.0,0.0,0.0,0.08,0.0,0.18,0.0,0.0,0.0,0.17,0.0,0.08,0.14,0.22,0.08,0.12,0.08,0.08,0.0,0.08,0.27,0.0,0.0,0.0,0.0,0.14,0.0,0.0,0.0,0.08,0.05,0.08,0.0,0.0,0.17,0.2,0.0,0.28,0.0,0.0,0.0,0.0,0.0,0.07,0.1,0.08,0.0,0.0,0.0,0.0,0.0,0.14,0.0,0.0,0.24,0.18,0.08,0.15,0.12,0.0,0.0,0.25,0.1,0.0,0.0,0.0,0.0,0.0,0.0,0.18,0.15,0.0,0.05,0.0,0.06,0.06,0.1,0.05,0.0,0.0,0.0,0.0,0.12,0.23,0.0,0.08,0.0,0.1,0.0,0.12,0.0,0.08,0.14,0.0,0.0,0.05,0.0,0.0,0.05,0.0,0.0,0.2,0.0,0.0,0.08,0.08,0.1,0.06,0.1,0.0,0.12,0.0,0.0,0.14
fonduta di parmigiano,0.0,0.0,0.0,0.0,0.0,0.0,0.0,0.0,0.0,0.0,0.1,0.11,0.0,0.0,0.0,0.0,0.0,0.0,0.0,0.0,0.0,0.0,0.38,0.0,0.0,0.0,0.0,0.0,0.0,0.0,0.0,0.0,0.0,0.0,0.0,0.0,0.0,0.0,0.0,0.0,0.0,0.0,0.0,0.1,0.0,0.0,0.0,0.14,0.0,0.63,0.0,0.0,0.0,0.0,0.0,0.0,0.12,0.0,0.08,0.0,0.0,0.0,1.0,0.13,0.11,0.0,0.0,0.0,0.0,0.0,0.0,0.0,0.0,0.16,0.0,0.0,0.0,0.0,0.0,0.0,0.0,0.0,0.0,0.0,0.0,0.0,0.0,0.0,0.0,0.0,0.0,0.08,0.0,0.0,0.0,0.0,0.09,0.0,0.0,0.0,0.0,0.0,0.0,0.0,0.0,0.0,0.0,0.0,0.0,0.0,0.0,0.0,0.0,0.0,0.0,0.0,0.0,0.0,0.0,0.0,0.0,0.0,0.0,0.0,0.0,0.0,0.0,0.0,0.0,0.11,0.0,0.0,0.1,0.0,0.0,0.08,0.0,0.0,0.0,0.0,0.12,0.0,0.0,0.09,0.0,0.0,0.22,0.0,0.0,0.0,0.0,0.0,0.1,0.0,0.0,0.0,0.0,0.0,0.0,0.14,0.0,0.0,0.0,0.0,0.0,0.0,0.0,0.0,0.0,0.0,0.0,0.09,0.0,0.09,0.0,0.14,0.14,0.0,0.13,0.0,0.08,0.0,0.0,0.0,0.0
frittata,0.0,0.0,0.0,0.0,0.0,0.0,0.0,0.0,0.0,0.0,0.08,0.08,0.0,0.0,0.08,0.0,0.0,0.11,0.11,0.0,0.0,0.0,0.2,0.0,0.0,0.0,0.0,0.1,0.0,0.0,0.0,0.16,0.16,0.16,0.07,0.11,0.1,0.08,0.0,0.0,0.0,0.08,0.0,0.08,0.0,0.0,0.11,0.0,0.0,0.2,0.0,0.0,0.08,0.0,0.0,0.0,0.09,0.0,0.14,0.0,0.08,0.0,0.13,1.0,0.26,0.1,0.08,0.0,0.09,0.08,0.0,0.0,0.0,0.0,0.0,0.0,0.13,0.0,0.0,0.0,0.08,0.0,0.0,0.07,0.08,0.0,0.0,0.0,0.0,0.0,0.11,0.12,0.0,0.0,0.0,0.0,0.07,0.0,0.0,0.0,0.0,0.07,0.0,0.0,0.0,0.08,0.06,0.0,0.08,0.1,0.0,0.0,0.0,0.0,0.06,0.16,0.0,0.0,0.0,0.0,0.0,0.0,0.0,0.0,0.1,0.09,0.09,0.0,0.08,0.08,0.0,0.0,0.15,0.16,0.0,0.0,0.0,0.0,0.0,0.08,0.09,0.06,0.0,0.28,0.0,0.0,0.26,0.16,0.0,0.0,0.0,0.0,0.0,0.06,0.08,0.0,0.0,0.0,0.0,0.22,0.24,0.0,0.0,0.0,0.0,0.0,0.15,0.0,0.0,0.07,0.0,0.0,0.0,0.0,0.0,0.34,0.22,0.14,0.3,0.0,0.0,0.0,0.0,0.0,0.0
frittata di zucchine,0.07,0.0,0.0,0.06,0.06,0.11,0.0,0.06,0.0,0.04,0.14,0.14,0.0,0.0,0.0,0.06,0.06,0.1,0.1,0.0,0.0,0.08,0.08,0.07,0.0,0.1,0.0,0.08,0.0,0.0,0.0,0.06,0.14,0.06,0.06,0.1,0.17,0.07,0.07,0.0,0.0,0.0,0.05,0.14,0.06,0.05,0.0,0.0,0.0,0.08,0.0,0.06,0.07,0.0,0.0,0.12,0.16,0.14,0.12,0.14,0.14,0.17,0.11,0.26,1.0,0.08,0.0,0.0,0.16,0.12,0.14,0.0,0.0,0.0,0.0,0.0,0.11,0.0,0.17,0.0,0.14,0.06,0.0,0.12,0.2,0.0,0.0,0.0,0.0,0.0,0.1,0.24,0.0,0.0,0.0,0.12,0.18,0.15,0.0,0.0,0.0,0.06,0.0,0.0,0.06,0.14,0.1,0.08,0.14,0.04,0.0,0.06,0.0,0.11,0.14,0.14,0.0,0.0,0.12,0.17,0.0,0.16,0.08,0.1,0.0,0.16,0.16,0.0,0.12,0.14,0.11,0.14,0.19,0.14,0.11,0.16,0.08,0.0,0.06,0.0,0.16,0.19,0.11,0.24,0.0,0.0,0.14,0.14,0.0,0.0,0.0,0.0,0.0,0.1,0.22,0.08,0.0,0.0,0.06,0.1,0.2,0.08,0.0,0.08,0.12,0.0,0.06,0.14,0.05,0.0,0.06,0.12,0.08,0.18,0.0,0.19,0.19,0.18,0.17,0.06,0.12,0.08,0.0,0.0,0.17
frolla al burro di cocco,0.0,0.16,0.0,0.0,0.0,0.13,0.06,0.15,0.09,0.21,0.0,0.0,0.0,0.0,0.08,0.08,0.0,0.0,0.11,0.0,0.0,0.04,0.0,0.0,0.0,0.0,0.0,0.0,0.0,0.06,0.0,0.16,0.24,0.16,0.21,0.11,0.0,0.0,0.08,0.0,0.0,0.08,0.12,0.0,0.0,0.0,0.11,0.11,0.1,0.1,0.18,0.0,0.08,0.13,0.08,0.22,0.09,0.32,0.0,0.0,0.08,0.06,0.0,0.1,0.08,1.0,0.08,0.0,0.0,0.0,0.0,0.0,0.13,0.0,0.13,0.0,0.13,0.0,0.0,0.0,0.0,0.07,0.0,0.0,0.0,0.13,0.0,0.11,0.11,0.0,0.0,0.06,0.0,0.13,0.13,0.08,0.0,0.0,0.0,0.0,0.11,0.0,0.0,0.0,0.16,0.0,0.0,0.1,0.08,0.05,0.0,0.08,0.0,0.26,0.06,0.32,0.11,0.0,0.15,0.0,0.08,0.18,0.0,0.11,0.0,0.0,0.0,0.0,0.0,0.0,0.13,0.0,0.15,0.24,0.13,0.06,0.1,0.0,0.24,0.08,0.0,0.0,0.0,0.07,0.08,0.0,0.0,0.0,0.0,0.0,0.0,0.0,0.0,0.0,0.08,0.0,0.13,0.0,0.0,0.0,0.06,0.1,0.0,0.0,0.21,0.08,0.15,0.17,0.18,0.14,0.22,0.14,0.0,0.07,0.0,0.11,0.11,0.07,0.1,0.0,0.0,0.0,0.13,0.0,0.0
frollini salati alle erbe,0.0,0.0,0.0,0.31,0.06,0.1,0.09,0.12,0.14,0.12,0.06,0.0,0.0,0.0,0.06,0.12,0.05,0.0,0.09,0.0,0.0,0.11,0.08,0.0,0.0,0.0,0.18,0.0,0.06,0.06,0.0,0.12,0.06,0.12,0.06,0.0,0.0,0.0,0.2,0.0,0.09,0.06,0.1,0.06,0.06,0.05,0.09,0.0,0.0,0.16,0.07,0.0,0.0,0.0,0.18,0.06,0.07,0.12,0.1,0.0,0.0,0.06,0.0,0.08,0.0,0.08,1.0,0.0,0.0,0.0,0.0,0.0,0.0,0.0,0.0,0.0,0.1,0.0,0.0,0.0,0.0,0.0,0.0,0.0,0.0,0.1,0.0,0.0,0.0,0.18,0.0,0.0,0.0,0.0,0.0,0.0,0.0,0.0,0.0,0.0,0.0,0.06,0.26,0.0,0.06,0.0,0.0,0.0,0.06,0.08,0.06,0.06,0.0,0.2,0.04,0.12,0.0,0.06,0.0,0.0,0.18,0.0,0.08,0.18,0.08,0.0,0.0,0.0,0.0,0.06,0.1,0.0,0.06,0.06,0.1,0.0,0.0,0.0,0.18,0.0,0.0,0.0,0.0,0.06,0.2,0.08,0.06,0.0,0.0,0.08,0.22,0.33,0.22,0.0,0.06,0.0,0.0,0.0,0.0,0.09,0.04,0.16,0.0,0.0,0.06,0.0,0.12,0.14,0.1,0.17,0.06,0.22,0.16,0.06,0.0,0.09,0.0,0.0,0.08,0.06,0.0,0.0,0.0,0.0,0.0
"frosting al philadelphia, per dei cupcake perfetti",0.0,0.0,0.0,0.0,0.0,0.0,0.15,0.0,0.12,0.0,0.0,0.0,0.0,0.0,0.0,0.0,0.0,0.0,0.0,0.0,0.16,0.0,0.0,0.0,0.0,0.0,0.0,0.0,0.0,0.08,0.0,0.1,0.1,0.0,0.09,0.0,0.0,0.0,0.11,0.0,0.0,0.0,0.0,0.0,0.0,0.0,0.0,0.0,0.0,0.0,0.24,0.19,0.0,0.0,0.0,0.0,0.0,0.0,0.0,0.0,0.0,0.0,0.0,0.0,0.0,0.0,0.0,1.0,0.0,0.0,0.0,0.2,0.16,0.0,0.0,0.2,0.0,0.0,0.0,0.0,0.0,0.0,0.0,0.0,0.0,0.0,0.0,0.0,0.0,0.0,0.0,0.0,0.0,0.0,0.0,0.0,0.0,0.0,0.0,0.0,0.0,0.0,0.0,0.0,0.0,0.0,0.0,0.0,0.0,0.06,0.0,0.0,0.0,0.0,0.0,0.0,0.0,0.0,0.0,0.0,0.1,0.12,0.0,0.0,0.0,0.0,0.0,0.0,0.0,0.0,0.0,0.0,0.0,0.0,0.0,0.0,0.0,0.0,0.0,0.0,0.0,0.0,0.0,0.0,0.11,0.0,0.0,0.0,0.0,0.0,0.0,0.0,0.0,0.0,0.0,0.0,0.0,0.0,0.0,0.0,0.0,0.0,0.0,0.0,0.09,0.0,0.0,0.11,0.0,0.0,0.0,0.0,0.0,0.0,0.0,0.0,0.0,0.0,0.13,0.0,0.0,0.0,0.0,0.0,0.0
"funghi gratinati al forno, la ricetta per un contorno autunnale",0.08,0.0,0.0,0.07,0.07,0.0,0.0,0.07,0.0,0.05,0.22,0.23,0.07,0.0,0.0,0.07,0.06,0.1,0.1,0.0,0.0,0.0,0.0,0.0,0.0,0.1,0.0,0.18,0.0,0.0,0.0,0.0,0.07,0.0,0.0,0.1,0.18,0.16,0.08,0.0,0.0,0.0,0.06,0.14,0.0,0.06,0.0,0.0,0.0,0.0,0.0,0.07,0.08,0.0,0.0,0.07,0.16,0.0,0.18,0.16,0.16,0.18,0.0,0.09,0.16,0.0,0.0,0.0,1.0,0.2,0.22,0.0,0.0,0.0,0.0,0.0,0.12,0.0,0.18,0.0,0.31,0.06,0.0,0.13,0.22,0.0,0.0,0.0,0.0,0.0,0.1,0.21,0.0,0.0,0.0,0.07,0.06,0.16,0.0,0.0,0.0,0.06,0.0,0.0,0.07,0.16,0.1,0.09,0.16,0.0,0.0,0.07,0.0,0.0,0.1,0.0,0.0,0.06,0.0,0.18,0.0,0.08,0.09,0.1,0.09,0.25,0.25,0.0,0.2,0.16,0.12,0.16,0.14,0.07,0.06,0.17,0.09,0.0,0.0,0.0,0.16,0.1,0.12,0.06,0.0,0.0,0.08,0.14,0.0,0.0,0.0,0.0,0.07,0.1,0.16,0.09,0.0,0.0,0.14,0.1,0.11,0.09,0.0,0.28,0.06,0.0,0.0,0.08,0.0,0.0,0.0,0.0,0.09,0.2,0.0,0.1,0.1,0.06,0.09,0.06,0.18,0.08,0.0,0.0,0.09
funghi sott’olio,0.38,0.0,0.0,0.16,0.37,0.0,0.0,0.06,0.0,0.04,0.18,0.19,0.22,0.0,0.0,0.06,0.05,0.08,0.08,0.1,0.0,0.04,0.0,0.06,0.12,0.25,0.08,0.15,0.0,0.05,0.0,0.0,0.06,0.0,0.06,0.08,0.15,0.25,0.06,0.1,0.0,0.0,0.09,0.18,0.05,0.09,0.0,0.0,0.0,0.0,0.0,0.06,0.06,0.0,0.0,0.06,0.14,0.0,0.15,0.19,0.19,0.2,0.0,0.08,0.12,0.0,0.0,0.0,0.2,1.0,0.18,0.0,0.0,0.0,0.1,0.0,0.1,0.0,0.22,0.0,0.19,0.06,0.1,0.16,0.24,0.0,0.07,0.08,0.16,0.0,0.08,0.22,0.0,0.0,0.0,0.06,0.27,0.14,0.0,0.0,0.08,0.06,0.16,0.0,0.12,0.12,0.17,0.15,0.22,0.0,0.0,0.06,0.0,0.0,0.12,0.0,0.08,0.06,0.0,0.22,0.0,0.07,0.2,0.16,0.08,0.27,0.2,0.08,0.22,0.19,0.1,0.19,0.16,0.06,0.05,0.04,0.15,0.0,0.0,0.0,0.14,0.16,0.14,0.06,0.0,0.08,0.06,0.12,0.0,0.0,0.06,0.0,0.0,0.16,0.19,0.15,0.1,0.15,0.11,0.08,0.14,0.15,0.08,0.15,0.1,0.0,0.0,0.06,0.0,0.0,0.06,0.0,0.4,0.21,0.0,0.08,0.16,0.21,0.08,0.06,0.15,0.14,0.0,0.0,0.08
funghi trifolati,0.06,0.0,0.0,0.06,0.06,0.0,0.0,0.0,0.0,0.0,0.18,0.2,0.06,0.0,0.0,0.0,0.0,0.09,0.09,0.0,0.0,0.0,0.0,0.0,0.0,0.09,0.0,0.16,0.0,0.0,0.0,0.0,0.06,0.0,0.0,0.09,0.16,0.14,0.0,0.0,0.0,0.0,0.0,0.12,0.0,0.05,0.0,0.0,0.0,0.0,0.0,0.0,0.06,0.0,0.0,0.0,0.14,0.0,0.16,0.0,0.14,0.0,0.0,0.0,0.14,0.0,0.0,0.0,0.22,0.18,1.0,0.0,0.0,0.0,0.0,0.0,0.1,0.0,0.0,0.0,0.2,0.0,0.0,0.11,0.18,0.0,0.0,0.0,0.0,0.0,0.09,0.18,0.0,0.0,0.0,0.0,0.11,0.0,0.0,0.0,0.0,0.06,0.0,0.0,0.0,0.14,0.09,0.0,0.14,0.0,0.0,0.0,0.0,0.0,0.08,0.0,0.0,0.06,0.0,0.0,0.0,0.0,0.08,0.0,0.08,0.29,0.22,0.0,0.18,0.14,0.0,0.0,0.12,0.06,0.0,0.0,0.0,0.0,0.0,0.0,0.14,0.09,0.0,0.06,0.0,0.0,0.06,0.12,0.0,0.0,0.0,0.0,0.0,0.09,0.14,0.0,0.0,0.0,0.12,0.09,0.1,0.0,0.0,0.16,0.0,0.0,0.0,0.0,0.0,0.0,0.0,0.0,0.08,0.0,0.0,0.09,0.09,0.06,0.08,0.06,0.0,0.07,0.0,0.0,0.08
ganache montata,0.0,0.0,0.0,0.0,0.0,0.0,0.0,0.0,0.0,0.0,0.0,0.0,0.0,0.0,0.14,0.0,0.0,0.0,0.0,0.0,0.0,0.0,0.0,0.0,0.0,0.0,0.0,0.0,0.0,0.0,0.0,0.0,0.0,0.0,0.0,0.0,0.0,0.0,0.0,0.0,0.0,0.0,0.0,0.0,0.0,0.0,0.0,0.0,0.0,0.0,0.0,0.0,0.14,0.0,0.0,0.0,0.0,0.0,0.0,0.0,0.0,0.0,0.0,0.0,0.0,0.0,0.0,0.2,0.0,0.0,0.0,1.0,0.2,0.0,0.2,0.0,0.0,0.0,0.0,0.0,0.0,0.0,0.0,0.0,0.0,0.0,0.0,0.0,0.0,0.0,0.0,0.0,0.0,0.0,0.0,0.0,0.0,0.0,0.0,0.16,0.0,0.0,0.0,0.0,0.0,0.0,0.0,0.0,0.0,0.0,0.0,0.0,0.0,0.0,0.0,0.0,0.0,0.0,0.0,0.0,0.0,0.0,0.0,0.0,0.0,0.0,0.0,0.0,0.0,0.0,0.0,0.0,0.0,0.0,0.0,0.0,0.0,0.0,0.0,0.0,0.0,0.0,0.0,0.0,0.0,0.0,0.0,0.0,0.0,0.0,0.0,0.0,0.0,0.0,0.0,0.0,0.2,0.0,0.0,0.0,0.0,0.0,0.0,0.0,0.0,0.0,0.0,0.0,0.0,0.0,0.0,0.0,0.0,0.0,0.0,0.0,0.0,0.0,0.16,0.0,0.0,0.0,0.0,0.0,0.0
gelato allo yogurt,0.0,0.2,0.0,0.0,0.0,0.0,0.0,0.1,0.0,0.14,0.0,0.0,0.0,0.0,0.11,0.1,0.08,0.0,0.0,0.0,0.16,0.0,0.0,0.0,0.0,0.0,0.0,0.0,0.0,0.18,0.0,0.0,0.1,0.0,0.09,0.14,0.0,0.0,0.0,0.0,0.0,0.11,0.08,0.0,0.0,0.0,0.14,0.14,0.13,0.0,0.24,0.1,0.11,0.16,0.0,0.1,0.0,0.0,0.0,0.0,0.11,0.0,0.0,0.0,0.0,0.13,0.0,0.16,0.0,0.0,0.0,0.2,1.0,0.0,0.16,0.0,0.0,0.0,0.0,0.0,0.0,0.09,0.0,0.0,0.0,0.0,0.0,0.14,0.14,0.0,0.0,0.0,0.0,0.16,0.16,0.0,0.0,0.0,0.0,0.0,0.14,0.0,0.0,0.0,0.1,0.0,0.0,0.13,0.0,0.0,0.0,0.1,0.0,0.0,0.0,0.0,0.14,0.0,0.0,0.0,0.0,0.12,0.0,0.0,0.0,0.0,0.0,0.0,0.0,0.0,0.0,0.0,0.1,0.1,0.0,0.0,0.13,0.0,0.1,0.1,0.0,0.0,0.0,0.0,0.0,0.0,0.0,0.0,0.0,0.0,0.0,0.0,0.0,0.0,0.0,0.0,0.16,0.0,0.0,0.0,0.0,0.0,0.0,0.0,0.09,0.11,0.0,0.0,0.16,0.09,0.1,0.0,0.0,0.0,0.0,0.0,0.0,0.0,0.13,0.0,0.0,0.0,0.16,0.0,0.0
gelato oreo,0.0,0.0,0.0,0.0,0.0,0.0,0.0,0.0,0.0,0.0,0.0,0.0,0.0,0.0,0.0,0.0,0.0,0.0,0.0,0.0,0.0,0.0,0.0,0.0,0.0,0.0,0.0,0.0,0.0,0.0,0.0,0.0,0.0,0.0,0.0,0.0,0.0,0.0,0.0,0.0,0.0,0.0,0.0,0.0,0.0,0.0,0.0,0.14,0.0,0.0,0.0,0.0,0.0,0.0,0.0,0.0,0.0,0.0,0.0,0.0,0.0,0.0,0.16,0.0,0.0,0.0,0.0,0.0,0.0,0.0,0.0,0.0,0.0,1.0,0.0,0.0,0.0,0.0,0.0,0.0,0.0,0.0,0.0,0.0,0.0,0.0,0.0,0.0,0.0,0.0,0.0,0.0,0.0,0.0,0.0,0.0,0.0,0.0,0.0,0.0,0.0,0.0,0.0,0.0,0.0,0.0,0.0,0.0,0.0,0.0,0.0,0.0,0.0,0.0,0.0,0.0,0.0,0.0,0.0,0.0,0.0,0.0,0.0,0.0,0.0,0.0,0.0,0.0,0.0,0.0,0.0,0.0,0.0,0.0,0.0,0.0,0.0,0.0,0.0,0.0,0.0,0.0,0.0,0.0,0.0,0.0,0.0,0.0,0.0,0.0,0.0,0.0,0.0,0.0,0.0,0.0,0.0,0.0,0.0,0.0,0.0,0.0,0.0,0.0,0.0,0.0,0.0,0.0,0.0,0.0,0.0,0.0,0.0,0.0,0.0,0.0,0.0,0.0,0.0,0.0,0.0,0.0,0.0,0.0,0.0
glassa al cioccolato,0.0,0.2,0.0,0.0,0.1,0.0,0.0,0.1,0.0,0.14,0.0,0.0,0.1,0.0,0.72,0.1,0.0,0.0,0.0,0.16,0.0,0.06,0.0,0.11,0.2,0.14,0.14,0.0,0.0,0.18,0.0,0.0,0.1,0.0,0.18,0.14,0.0,0.0,0.0,0.16,0.0,0.11,0.16,0.0,0.0,0.08,0.14,0.14,0.13,0.0,0.12,0.0,0.72,0.16,0.0,0.1,0.0,0.0,0.0,0.11,0.22,0.08,0.0,0.0,0.0,0.13,0.0,0.0,0.0,0.1,0.0,0.2,0.16,0.0,1.0,0.0,0.0,0.0,0.13,0.0,0.0,0.09,0.16,0.0,0.1,0.0,0.12,0.29,0.29,0.0,0.0,0.08,0.0,0.16,0.16,0.0,0.09,0.0,0.0,0.38,0.29,0.0,0.14,0.0,0.2,0.0,0.15,0.26,0.0,0.0,0.0,0.1,0.0,0.0,0.0,0.0,0.29,0.0,0.0,0.13,0.0,0.12,0.0,0.14,0.0,0.12,0.0,0.14,0.0,0.0,0.0,0.11,0.19,0.1,0.0,0.0,0.26,0.0,0.2,0.1,0.0,0.07,0.08,0.0,0.0,0.13,0.0,0.0,0.0,0.0,0.0,0.0,0.0,0.0,0.0,0.13,1.0,0.13,0.0,0.0,0.08,0.13,0.14,0.0,0.18,0.11,0.0,0.0,0.16,0.09,0.19,0.0,0.13,0.09,0.0,0.0,0.0,0.09,0.0,0.0,0.0,0.0,0.16,0.0,0.0
glassa al limone,0.0,0.0,0.0,0.0,0.0,0.0,0.18,0.0,0.14,0.0,0.0,0.0,0.0,0.0,0.0,0.0,0.0,0.0,0.0,0.0,0.0,0.0,0.0,0.0,0.0,0.0,0.0,0.0,0.0,0.0,0.0,0.12,0.12,0.0,0.22,0.0,0.0,0.0,0.14,0.0,0.0,0.0,0.0,0.0,0.0,0.0,0.0,0.0,0.0,0.0,0.14,0.12,0.0,0.0,0.0,0.0,0.0,0.0,0.0,0.0,0.0,0.0,0.0,0.0,0.0,0.0,0.0,0.2,0.0,0.0,0.0,0.0,0.0,0.0,0.0,1.0,0.0,0.0,0.0,0.0,0.0,0.0,0.0,0.0,0.0,0.0,0.0,0.0,0.0,0.0,0.0,0.0,0.0,0.2,0.2,0.0,0.0,0.0,0.0,0.0,0.0,0.0,0.0,0.0,0.0,0.0,0.0,0.0,0.0,0.08,0.0,0.0,0.0,0.0,0.0,0.0,0.0,0.0,0.0,0.0,0.12,0.29,0.0,0.0,0.0,0.0,0.0,0.0,0.0,0.0,0.0,0.0,0.0,0.0,0.0,0.0,0.0,0.0,0.0,0.0,0.0,0.0,0.0,0.0,0.14,0.0,0.0,0.0,0.0,0.0,0.0,0.0,0.0,0.09,0.38,0.0,0.0,0.0,0.0,0.0,0.0,0.0,0.0,0.0,0.11,0.0,0.12,0.14,0.0,0.0,0.0,0.0,0.0,0.0,0.0,0.0,0.0,0.0,0.0,0.0,0.0,0.14,0.0,0.0,0.0
gnocchi di patate,0.0,0.0,0.0,0.0,0.0,0.0,0.08,0.19,0.12,0.2,0.1,0.11,0.0,0.0,0.0,0.1,0.08,0.14,0.29,0.0,0.0,0.06,0.0,0.0,0.0,0.0,0.0,0.13,0.0,0.0,0.0,0.1,0.2,0.1,0.09,0.14,0.13,0.11,0.22,0.0,0.0,0.0,0.16,0.1,0.0,0.0,0.0,0.0,0.0,0.13,0.12,0.1,0.11,0.0,0.1,0.19,0.24,0.2,0.08,0.11,0.11,0.18,0.0,0.13,0.11,0.13,0.1,0.0,0.12,0.1,0.1,0.0,0.0,0.0,0.0,0.0,1.0,0.0,0.13,0.0,0.11,0.09,0.0,0.09,0.1,0.16,0.0,0.0,0.0,0.0,0.14,0.08,0.0,0.0,0.0,0.0,0.0,0.08,0.0,0.0,0.0,0.09,0.0,0.0,0.2,0.11,0.08,0.13,0.22,0.0,0.0,0.1,0.0,0.16,0.0,0.2,0.0,0.0,0.0,0.13,0.1,0.12,0.0,0.29,0.0,0.12,0.12,0.0,0.1,0.0,0.34,0.11,0.19,0.2,0.16,0.0,0.0,0.0,0.1,0.0,0.12,0.07,0.08,0.09,0.11,0.0,0.11,0.2,0.0,0.0,0.0,0.0,0.0,0.07,0.22,0.0,0.0,0.0,0.0,0.0,0.16,0.26,0.0,0.0,0.18,0.0,0.1,0.22,0.0,0.09,0.1,0.09,0.0,0.18,0.0,0.14,0.14,0.09,0.13,0.0,0.08,0.0,0.0,0.0,0.0
grappa all’arancia e cannella,0.0,0.0,0.0,0.0,0.0,0.0,0.0,0.0,0.0,0.0,0.0,0.0,0.0,0.0,0.0,0.0,0.0,0.12,0.0,0.0,0.0,0.0,0.0,0.0,0.0,0.0,0.0,0.0,0.0,0.0,0.0,0.0,0.0,0.0,0.0,0.0,0.0,0.0,0.0,0.0,0.0,0.0,0.0,0.0,0.0,0.0,0.0,0.0,0.0,0.0,0.0,0.0,0.0,0.0,0.0,0.0,0.0,0.0,0.0,0.0,0.0,0.0,0.0,0.0,0.0,0.0,0.0,0.0,0.0,0.0,0.0,0.0,0.0,0.0,0.0,0.0,0.0,1.0,0.0,0.0,0.0,0.0,0.0,0.0,0.0,0.0,0.0,0.0,0.0,0.0,0.0,0.0,0.0,0.0,0.0,0.0,0.0,0.0,0.1,0.0,0.0,0.0,0.0,0.0,0.0,0.0,0.0,0.0,0.0,0.0,0.0,0.0,0.0,0.0,0.0,0.0,0.0,0.0,0.0,0.0,0.0,0.0,0.0,0.0,0.0,0.0,0.0,0.0,0.0,0.0,0.0,0.0,0.0,0.0,0.0,0.0,0.0,0.0,0.09,0.09,0.0,0.0,0.07,0.0,0.0,0.0,0.0,0.0,0.0,0.0,0.0,0.0,0.0,0.0,0.0,0.0,0.0,0.0,0.0,0.0,0.0,0.0,0.0,0.0,0.0,0.0,0.08,0.0,0.0,0.0,0.0,0.0,0.0,0.0,0.0,0.0,0.0,0.0,0.0,0.0,0.0,0.0,0.0,0.0,0.0
grissini fatti in casa,0.08,0.0,0.0,0.08,0.16,0.0,0.0,0.0,0.0,0.0,0.16,0.17,0.08,0.0,0.0,0.0,0.0,0.11,0.11,0.0,0.0,0.0,0.0,0.08,0.16,0.22,0.0,0.1,0.0,0.0,0.0,0.0,0.08,0.0,0.07,0.11,0.2,0.08,0.0,0.0,0.0,0.0,0.0,0.16,0.0,0.12,0.0,0.0,0.0,0.0,0.0,0.0,0.08,0.0,0.0,0.0,0.18,0.0,0.14,0.0,0.42,0.0,0.0,0.0,0.17,0.0,0.0,0.0,0.18,0.22,0.0,0.0,0.0,0.0,0.13,0.0,0.13,0.0,1.0,0.0,0.17,0.0,0.13,0.14,0.24,0.0,0.09,0.11,0.11,0.0,0.11,0.23,0.0,0.0,0.0,0.0,0.14,0.0,0.0,0.0,0.11,0.07,0.11,0.0,0.0,0.17,0.4,0.0,0.17,0.1,0.08,0.0,0.0,0.0,0.06,0.0,0.11,0.0,0.0,0.0,0.0,0.0,0.1,0.0,0.0,0.28,0.18,0.11,0.15,0.08,0.0,0.0,0.22,0.08,0.0,0.0,0.0,0.0,0.0,0.0,0.18,0.17,0.0,0.07,0.0,0.1,0.08,0.16,0.0,0.0,0.0,0.0,0.0,0.11,0.17,0.0,0.13,0.0,0.08,0.0,0.18,0.0,0.11,0.1,0.0,0.0,0.0,0.0,0.0,0.0,0.0,0.0,0.2,0.0,0.0,0.11,0.11,0.14,0.1,0.07,0.0,0.09,0.0,0.0,0.1
infusi home made,0.0,0.0,0.0,0.0,0.0,0.0,0.0,0.0,0.0,0.0,0.08,0.0,0.0,0.0,0.0,0.0,0.0,0.0,0.0,0.0,0.0,0.0,0.0,0.0,0.0,0.0,0.0,0.0,0.0,0.0,0.0,0.0,0.0,0.0,0.0,0.0,0.0,0.0,0.0,0.0,0.0,0.0,0.0,0.0,0.0,0.0,0.0,0.0,0.0,0.0,0.0,0.0,0.0,0.0,0.0,0.0,0.0,0.0,0.0,0.0,0.0,0.0,0.0,0.0,0.0,0.0,0.0,0.0,0.0,0.0,0.0,0.0,0.0,0.0,0.0,0.0,0.0,0.0,0.0,1.0,0.0,0.0,0.0,0.0,0.0,0.0,0.09,0.0,0.0,0.0,0.0,0.0,0.1,0.0,0.0,0.0,0.0,0.0,0.0,0.0,0.0,0.0,0.0,0.0,0.0,0.0,0.0,0.0,0.0,0.0,0.0,0.0,0.0,0.0,0.0,0.0,0.0,0.0,0.0,0.0,0.0,0.0,0.0,0.0,0.0,0.0,0.09,0.11,0.0,0.0,0.0,0.0,0.0,0.0,0.0,0.0,0.0,0.0,0.0,0.0,0.0,0.0,0.0,0.0,0.0,0.0,0.0,0.0,0.0,0.0,0.0,0.0,0.0,0.0,0.0,0.0,0.0,0.0,0.0,0.0,0.0,0.0,0.11,0.0,0.0,0.0,0.0,0.0,0.0,0.0,0.0,0.0,0.0,0.0,0.0,0.0,0.0,0.0,0.0,0.0,0.0,0.0,0.0,0.0,0.0
insalata di patate lesse alle erbe,0.07,0.0,0.0,0.06,0.06,0.0,0.0,0.06,0.0,0.04,0.2,0.22,0.06,0.0,0.0,0.06,0.06,0.1,0.1,0.0,0.0,0.04,0.0,0.0,0.0,0.1,0.0,0.17,0.0,0.0,0.0,0.0,0.06,0.0,0.0,0.1,0.17,0.14,0.07,0.0,0.0,0.0,0.05,0.14,0.0,0.05,0.0,0.0,0.0,0.0,0.0,0.06,0.07,0.0,0.0,0.06,0.16,0.0,0.17,0.14,0.14,0.17,0.0,0.08,0.14,0.0,0.0,0.0,0.31,0.19,0.2,0.0,0.0,0.0,0.0,0.0,0.11,0.0,0.17,0.0,1.0,0.06,0.0,0.12,0.2,0.0,0.0,0.0,0.0,0.0,0.34,0.2,0.0,0.0,0.0,0.06,0.06,0.2,0.0,0.0,0.0,0.06,0.0,0.0,0.06,0.14,0.1,0.08,0.14,0.0,0.0,0.06,0.0,0.0,0.09,0.0,0.0,0.06,0.0,0.17,0.0,0.08,0.08,0.1,0.08,0.23,0.23,0.0,0.19,0.14,0.11,0.14,0.12,0.06,0.06,0.1,0.08,0.0,0.0,0.0,0.16,0.1,0.11,0.06,0.0,0.0,0.07,0.3,0.0,0.0,0.06,0.0,0.06,0.26,0.14,0.08,0.0,0.0,0.12,0.1,0.1,0.08,0.0,0.26,0.06,0.0,0.0,0.07,0.0,0.0,0.0,0.0,0.08,0.18,0.0,0.1,0.1,0.06,0.08,0.06,0.17,0.08,0.0,0.0,0.3
ketchup fatto in casa,0.0,0.11,0.0,0.0,0.0,0.0,0.0,0.0,0.0,0.0,0.06,0.06,0.0,0.0,0.06,0.0,0.0,0.08,0.08,0.0,0.0,0.0,0.0,0.0,0.0,0.0,0.0,0.07,0.0,0.0,0.0,0.0,0.11,0.0,0.05,0.16,0.07,0.06,0.0,0.0,0.0,0.06,0.0,0.06,0.0,0.0,0.08,0.08,0.07,0.0,0.0,0.0,0.12,0.09,0.0,0.0,0.06,0.0,0.05,0.0,0.12,0.0,0.0,0.0,0.06,0.07,0.0,0.0,0.06,0.06,0.0,0.0,0.09,0.0,0.09,0.0,0.09,0.0,0.0,0.0,0.06,1.0,0.0,0.1,0.11,0.0,0.0,0.08,0.08,0.0,0.16,0.04,0.0,0.09,0.09,0.0,0.0,0.0,0.0,0.0,0.08,0.1,0.0,0.0,0.0,0.06,0.04,0.0,0.06,0.0,0.0,0.0,0.0,0.0,0.0,0.0,0.08,0.0,0.0,0.0,0.0,0.0,0.0,0.0,0.0,0.06,0.06,0.0,0.06,0.0,0.0,0.0,0.1,0.17,0.0,0.0,0.0,0.0,0.0,0.17,0.06,0.04,0.0,0.05,0.0,0.0,0.06,0.11,0.0,0.0,0.0,0.0,0.06,0.04,0.06,0.0,0.09,0.0,0.0,0.0,0.08,0.0,0.0,0.0,0.0,0.06,0.0,0.0,0.0,0.05,0.0,0.0,0.0,0.0,0.0,0.08,0.08,0.1,0.07,0.0,0.0,0.0,0.09,0.0,0.0
latte di mandorla,0.0,0.0,0.0,0.0,0.1,0.0,0.0,0.0,0.0,0.0,0.0,0.0,0.1,0.0,0.0,0.0,0.0,0.0,0.0,0.16,0.0,0.06,0.0,0.11,0.2,0.14,0.14,0.0,0.0,0.08,0.0,0.0,0.0,0.0,0.09,0.0,0.0,0.0,0.0,0.16,0.0,0.0,0.08,0.0,0.0,0.08,0.0,0.0,0.0,0.0,0.0,0.0,0.0,0.66,0.0,0.0,0.0,0.0,0.0,0.11,0.11,0.08,0.0,0.0,0.0,0.0,0.0,0.0,0.0,0.1,0.0,0.0,0.0,0.0,0.16,0.0,0.0,0.0,0.13,0.0,0.0,0.0,1.0,0.0,0.1,0.0,0.12,0.14,0.14,0.0,0.0,0.08,0.0,0.0,0.0,0.0,0.09,0.0,0.0,0.0,0.14,0.0,0.14,0.0,0.1,0.0,0.15,0.13,0.0,0.06,0.0,0.0,0.0,0.0,0.0,0.0,0.14,0.09,0.0,0.13,0.0,0.0,0.0,0.14,0.0,0.12,0.0,0.14,0.0,0.36,0.0,0.11,0.1,0.0,0.0,0.0,0.26,0.0,0.0,0.0,0.0,0.07,0.08,0.0,0.0,0.13,0.0,0.0,0.0,0.0,0.0,0.0,0.0,0.0,0.0,0.13,0.16,0.13,0.0,0.0,0.08,0.13,0.14,0.0,0.09,0.0,0.0,0.0,0.0,0.0,0.1,0.0,0.13,0.09,0.0,0.0,0.0,0.09,0.0,0.0,0.0,0.0,0.0,0.0,0.0
lenticchie in umido,0.12,0.0,0.0,0.06,0.06,0.0,0.0,0.06,0.0,0.04,0.11,0.12,0.1,0.0,0.0,0.06,0.04,0.08,0.08,0.0,0.0,0.03,0.0,0.0,0.0,0.16,0.0,0.07,0.0,0.0,0.0,0.0,0.06,0.0,0.0,0.08,0.14,0.12,0.06,0.0,0.0,0.0,0.04,0.17,0.4,0.04,0.0,0.0,0.0,0.0,0.0,0.06,0.06,0.0,0.0,0.06,0.13,0.0,0.1,0.12,0.12,0.14,0.0,0.07,0.12,0.0,0.0,0.0,0.13,0.16,0.11,0.0,0.0,0.0,0.0,0.0,0.09,0.0,0.14,0.0,0.12,0.1,0.0,1.0,0.11,0.0,0.0,0.0,0.08,0.0,0.08,0.16,0.0,0.0,0.0,0.1,0.1,0.08,0.0,0.0,0.0,0.1,0.08,0.0,0.06,0.12,0.08,0.07,0.12,0.0,0.0,0.06,0.0,0.0,0.08,0.0,0.0,0.0,0.0,0.14,0.0,0.06,0.07,0.08,0.0,0.13,0.13,0.0,0.1,0.06,0.09,0.12,0.1,0.06,0.04,0.04,0.07,0.0,0.0,0.0,0.13,0.16,0.09,0.05,0.0,0.0,0.06,0.22,0.0,0.0,0.0,0.0,0.0,0.08,0.12,0.07,0.0,0.07,0.06,0.0,0.08,0.07,0.0,0.07,0.05,0.0,0.0,0.06,0.0,0.0,0.0,0.0,0.07,0.1,0.0,0.08,0.08,0.1,0.07,0.05,0.14,0.13,0.0,0.0,0.07
lenticchie semplicissime,0.06,0.0,0.0,0.06,0.12,0.0,0.0,0.06,0.0,0.04,0.18,0.2,0.12,0.0,0.0,0.06,0.05,0.09,0.09,0.1,0.0,0.11,0.0,0.14,0.12,0.18,0.09,0.16,0.0,0.06,0.0,0.0,0.06,0.0,0.06,0.09,0.16,0.14,0.06,0.1,0.0,0.0,0.1,0.12,0.06,0.1,0.0,0.0,0.0,0.0,0.0,0.06,0.06,0.0,0.0,0.06,0.14,0.0,0.16,0.2,0.2,0.22,0.0,0.08,0.2,0.0,0.0,0.0,0.22,0.24,0.18,0.0,0.0,0.0,0.1,0.0,0.1,0.0,0.24,0.0,0.2,0.11,0.1,0.11,1.0,0.0,0.07,0.09,0.09,0.0,0.09,0.28,0.0,0.0,0.0,0.06,0.17,0.24,0.0,0.0,0.09,0.06,0.09,0.0,0.12,0.14,0.18,0.16,0.14,0.0,0.0,0.06,0.0,0.0,0.12,0.0,0.09,0.06,0.0,0.24,0.0,0.07,0.08,0.18,0.08,0.29,0.22,0.09,0.18,0.14,0.1,0.2,0.18,0.06,0.05,0.05,0.16,0.0,0.0,0.0,0.14,0.18,0.2,0.06,0.0,0.08,0.06,0.12,0.0,0.0,0.0,0.0,0.0,0.09,0.14,0.16,0.1,0.08,0.12,0.09,0.14,0.16,0.09,0.16,0.11,0.0,0.0,0.06,0.0,0.0,0.06,0.0,0.16,0.22,0.0,0.09,0.09,0.11,0.08,0.06,0.16,0.07,0.0,0.0,0.16
lievito di birra fatto in casa,0.0,0.0,0.0,0.0,0.0,0.0,0.08,0.1,0.12,0.14,0.0,0.0,0.0,0.0,0.0,0.0,0.0,0.0,0.14,0.0,0.0,0.06,0.0,0.0,0.0,0.0,0.0,0.0,0.0,0.0,0.0,0.1,0.1,0.1,0.09,0.0,0.0,0.0,0.11,0.0,0.0,0.0,0.08,0.0,0.0,0.0,0.0,0.0,0.0,0.13,0.12,0.0,0.0,0.0,0.1,0.1,0.12,0.2,0.0,0.0,0.0,0.08,0.0,0.0,0.0,0.13,0.1,0.0,0.0,0.0,0.0,0.0,0.0,0.0,0.0,0.0,0.16,0.0,0.0,0.0,0.0,0.0,0.0,0.0,0.0,1.0,0.0,0.0,0.0,0.0,0.0,0.0,0.0,0.0,0.0,0.0,0.0,0.0,0.0,0.0,0.0,0.0,0.0,0.0,0.1,0.0,0.0,0.0,0.11,0.0,0.0,0.0,0.0,0.16,0.0,0.2,0.0,0.0,0.0,0.0,0.1,0.0,0.0,0.14,0.0,0.0,0.0,0.0,0.0,0.0,0.16,0.0,0.1,0.1,0.08,0.0,0.0,0.0,0.1,0.0,0.0,0.0,0.0,0.0,0.11,0.0,0.0,0.0,0.0,0.0,0.0,0.0,0.0,0.0,0.11,0.0,0.0,0.0,0.0,0.0,0.0,0.13,0.0,0.0,0.09,0.0,0.1,0.22,0.0,0.09,0.1,0.09,0.0,0.09,0.0,0.0,0.0,0.0,0.0,0.0,0.0,0.0,0.0,0.0,0.0
limonata rosa,0.0,0.0,0.0,0.0,0.07,0.0,0.0,0.0,0.0,0.0,0.14,0.08,0.07,0.0,0.0,0.0,0.06,0.0,0.0,0.12,0.0,0.04,0.0,0.08,0.14,0.1,0.1,0.0,0.07,0.06,0.0,0.07,0.0,0.07,0.06,0.0,0.0,0.0,0.0,0.12,0.0,0.0,0.06,0.07,0.0,0.06,0.0,0.0,0.0,0.0,0.0,0.07,0.0,0.0,0.07,0.0,0.0,0.0,0.0,0.08,0.08,0.12,0.0,0.0,0.0,0.0,0.0,0.0,0.0,0.07,0.0,0.0,0.0,0.0,0.12,0.0,0.0,0.0,0.09,0.09,0.0,0.0,0.12,0.0,0.07,0.0,1.0,0.1,0.1,0.1,0.0,0.1,0.0,0.0,0.0,0.07,0.06,0.0,0.0,0.0,0.1,0.0,0.1,0.0,0.07,0.0,0.1,0.09,0.0,0.04,0.0,0.0,0.0,0.0,0.0,0.0,0.1,0.0,0.0,0.09,0.0,0.0,0.0,0.1,0.0,0.08,0.08,0.3,0.0,0.0,0.0,0.08,0.07,0.0,0.0,0.0,0.09,0.0,0.0,0.0,0.0,0.05,0.06,0.0,0.0,0.18,0.0,0.0,0.07,0.09,0.0,0.0,0.0,0.0,0.0,0.09,0.12,0.18,0.0,0.0,0.06,0.09,0.2,0.0,0.06,0.0,0.0,0.0,0.0,0.0,0.07,0.0,0.09,0.06,0.0,0.0,0.0,0.06,0.0,0.0,0.06,0.0,0.0,0.12,0.0
liquore al cedro,0.0,0.18,0.0,0.0,0.09,0.0,0.0,0.08,0.0,0.12,0.0,0.0,0.08,0.0,0.1,0.08,0.0,0.0,0.0,0.14,0.0,0.05,0.0,0.1,0.18,0.12,0.12,0.0,0.0,0.15,0.0,0.0,0.09,0.0,0.16,0.12,0.0,0.0,0.0,0.14,0.0,0.1,0.14,0.0,0.0,0.07,0.12,0.12,0.11,0.0,0.1,0.0,0.1,0.14,0.0,0.08,0.0,0.0,0.0,0.1,0.19,0.08,0.0,0.0,0.0,0.11,0.0,0.0,0.0,0.08,0.0,0.0,0.14,0.0,0.29,0.0,0.0,0.0,0.11,0.0,0.0,0.08,0.14,0.0,0.09,0.0,0.1,1.0,0.25,0.0,0.0,0.06,0.0,0.14,0.14,0.0,0.08,0.0,0.0,0.0,0.25,0.0,0.12,0.0,0.18,0.0,0.13,0.22,0.0,0.0,0.0,0.09,0.0,0.0,0.0,0.0,0.25,0.0,0.0,0.11,0.0,0.1,0.0,0.12,0.0,0.1,0.0,0.12,0.0,0.0,0.0,0.1,0.16,0.09,0.0,0.0,0.22,0.0,0.09,0.09,0.0,0.06,0.07,0.0,0.0,0.11,0.0,0.0,0.0,0.0,0.0,0.0,0.0,0.0,0.0,0.11,0.29,0.11,0.0,0.0,0.06,0.11,0.12,0.0,0.16,0.1,0.0,0.0,0.14,0.08,0.16,0.0,0.11,0.08,0.0,0.0,0.0,0.08,0.0,0.0,0.0,0.0,0.14,0.0,0.0
liquore all’alloro,0.1,0.18,0.0,0.0,0.09,0.0,0.0,0.08,0.0,0.12,0.0,0.0,0.16,0.0,0.1,0.08,0.0,0.0,0.0,0.14,0.0,0.05,0.0,0.1,0.18,0.25,0.12,0.0,0.0,0.15,0.0,0.0,0.09,0.0,0.16,0.12,0.0,0.1,0.0,0.14,0.0,0.1,0.14,0.09,0.08,0.07,0.12,0.12,0.11,0.0,0.1,0.0,0.1,0.14,0.0,0.08,0.0,0.0,0.0,0.1,0.19,0.08,0.0,0.0,0.0,0.11,0.0,0.0,0.0,0.16,0.0,0.0,0.14,0.0,0.29,0.0,0.0,0.0,0.11,0.0,0.0,0.08,0.14,0.08,0.09,0.0,0.1,0.25,1.0,0.0,0.0,0.06,0.0,0.14,0.14,0.0,0.08,0.0,0.0,0.0,0.25,0.0,0.25,0.0,0.18,0.0,0.13,0.22,0.0,0.0,0.0,0.09,0.0,0.0,0.0,0.0,0.25,0.0,0.0,0.11,0.0,0.1,0.0,0.12,0.0,0.1,0.0,0.12,0.0,0.0,0.0,0.1,0.16,0.09,0.0,0.0,0.22,0.0,0.09,0.09,0.0,0.12,0.07,0.0,0.0,0.11,0.0,0.0,0.0,0.0,0.0,0.0,0.0,0.0,0.0,0.11,0.29,0.22,0.0,0.0,0.06,0.11,0.12,0.0,0.16,0.1,0.0,0.0,0.14,0.08,0.16,0.0,0.11,0.08,0.0,0.0,0.0,0.16,0.0,0.0,0.0,0.1,0.14,0.0,0.0
maionese,0.0,0.0,0.0,0.08,0.09,0.0,0.0,0.0,0.0,0.0,0.09,0.0,0.0,0.0,0.0,0.0,0.0,0.0,0.0,0.0,0.0,0.0,0.0,0.0,0.0,0.0,0.0,0.0,0.0,0.0,0.0,0.0,0.0,0.0,0.0,0.0,0.0,0.0,0.0,0.0,0.12,0.0,0.0,0.0,0.08,0.07,0.0,0.0,0.0,0.0,0.0,0.0,0.0,0.0,0.0,0.0,0.0,0.0,0.08,0.0,0.0,0.0,0.0,0.0,0.0,0.0,0.18,0.0,0.0,0.0,0.0,0.0,0.0,0.0,0.0,0.0,0.0,0.0,0.0,0.0,0.0,0.0,0.0,0.0,0.0,0.0,0.1,0.0,0.0,1.0,0.0,0.0,0.0,0.0,0.0,0.0,0.0,0.0,0.0,0.0,0.0,0.08,0.12,0.0,0.0,0.0,0.0,0.0,0.0,0.06,0.09,0.0,0.0,0.0,0.06,0.0,0.0,0.16,0.0,0.0,0.0,0.0,0.11,0.0,0.0,0.0,0.1,0.12,0.0,0.1,0.0,0.0,0.0,0.0,0.0,0.0,0.0,0.0,0.0,0.0,0.0,0.0,0.0,0.0,0.0,0.11,0.0,0.0,0.0,0.11,0.18,0.11,0.08,0.0,0.0,0.0,0.0,0.0,0.0,0.0,0.0,0.0,0.0,0.0,0.0,0.0,0.0,0.0,0.0,0.08,0.0,0.0,0.22,0.0,0.0,0.0,0.0,0.0,0.0,0.08,0.0,0.0,0.0,0.0,0.0
"maionese senza uova, la ricetta per una salsa bianca e ben soda",0.0,0.0,0.0,0.0,0.0,0.0,0.0,0.08,0.0,0.24,0.09,0.1,0.0,0.0,0.1,0.08,0.14,0.12,0.12,0.0,0.0,0.0,0.11,0.0,0.0,0.0,0.0,0.11,0.0,0.0,0.0,0.09,0.09,0.0,0.0,0.25,0.11,0.1,0.1,0.0,0.0,0.1,0.14,0.09,0.0,0.0,0.0,0.0,0.11,0.11,0.0,0.08,0.19,0.0,0.0,0.16,0.1,0.0,0.08,0.1,0.1,0.08,0.0,0.11,0.1,0.0,0.0,0.0,0.1,0.08,0.09,0.0,0.0,0.0,0.0,0.0,0.14,0.0,0.11,0.0,0.34,0.16,0.0,0.08,0.09,0.0,0.0,0.0,0.0,0.0,1.0,0.06,0.0,0.0,0.0,0.0,0.0,0.06,0.0,0.0,0.0,0.16,0.0,0.0,0.26,0.1,0.06,0.11,0.1,0.0,0.0,0.09,0.0,0.0,0.0,0.0,0.0,0.0,0.0,0.11,0.0,0.1,0.0,0.12,0.11,0.1,0.1,0.0,0.08,0.0,0.14,0.1,0.08,0.26,0.07,0.07,0.0,0.0,0.0,0.0,0.1,0.06,0.07,0.08,0.0,0.0,0.1,0.42,0.0,0.0,0.0,0.0,0.08,0.31,0.1,0.0,0.0,0.0,0.0,0.0,0.14,0.11,0.0,0.0,0.24,0.1,0.08,0.1,0.06,0.08,0.08,0.0,0.0,0.08,0.0,0.12,0.12,0.08,0.11,0.0,0.08,0.0,0.0,0.0,0.0
maltagliati con ceci,0.1,0.0,0.0,0.08,0.14,0.08,0.0,0.04,0.0,0.03,0.28,0.3,0.13,0.0,0.0,0.04,0.04,0.06,0.06,0.08,0.0,0.1,0.0,0.1,0.09,0.2,0.06,0.12,0.0,0.04,0.0,0.04,0.09,0.04,0.08,0.06,0.18,0.1,0.05,0.08,0.0,0.0,0.07,0.23,0.08,0.1,0.0,0.0,0.0,0.0,0.0,0.04,0.05,0.0,0.0,0.08,0.21,0.09,0.2,0.2,0.2,0.27,0.08,0.12,0.24,0.06,0.0,0.0,0.21,0.22,0.18,0.0,0.0,0.0,0.08,0.0,0.08,0.0,0.23,0.0,0.2,0.04,0.08,0.16,0.28,0.0,0.1,0.06,0.06,0.0,0.06,1.0,0.0,0.0,0.0,0.13,0.2,0.18,0.0,0.0,0.06,0.04,0.06,0.0,0.09,0.14,0.16,0.12,0.14,0.03,0.0,0.04,0.0,0.08,0.18,0.09,0.06,0.04,0.08,0.23,0.0,0.1,0.12,0.13,0.06,0.26,0.21,0.06,0.17,0.14,0.08,0.2,0.17,0.09,0.08,0.1,0.18,0.0,0.04,0.0,0.21,0.2,0.15,0.08,0.0,0.06,0.1,0.09,0.04,0.0,0.0,0.0,0.04,0.1,0.14,0.18,0.08,0.06,0.13,0.06,0.14,0.12,0.06,0.18,0.12,0.0,0.04,0.1,0.04,0.0,0.08,0.04,0.18,0.2,0.0,0.2,0.2,0.12,0.18,0.08,0.24,0.1,0.0,0.0,0.18
marmellata di fichi e noci,0.0,0.0,0.0,0.0,0.0,0.0,0.0,0.0,0.0,0.0,0.0,0.0,0.0,0.0,0.0,0.0,0.0,0.0,0.0,0.0,0.0,0.0,0.0,0.0,0.0,0.0,0.0,0.0,0.0,0.0,0.0,0.0,0.0,0.0,0.0,0.0,0.0,0.0,0.0,0.0,0.0,0.0,0.0,0.0,0.0,0.0,0.0,0.0,0.0,0.0,0.0,0.0,0.0,0.0,0.0,0.0,0.0,0.0,0.0,0.0,0.0,0.0,0.0,0.0,0.0,0.0,0.0,0.0,0.0,0.0,0.0,0.0,0.0,0.0,0.0,0.0,0.0,0.0,0.0,0.1,0.0,0.0,0.0,0.0,0.0,0.0,0.0,0.0,0.0,0.0,0.0,0.0,1.0,0.0,0.0,0.0,0.0,0.0,0.0,0.0,0.0,0.0,0.0,0.0,0.0,0.0,0.0,0.0,0.0,0.0,0.0,0.0,0.0,0.0,0.0,0.0,0.0,0.0,0.0,0.0,0.0,0.0,0.0,0.0,0.0,0.0,0.0,0.0,0.0,0.0,0.0,0.0,0.0,0.0,0.0,0.0,0.0,0.0,0.0,0.0,0.0,0.0,0.0,0.0,0.0,0.0,0.0,0.0,0.0,0.0,0.0,0.0,0.0,0.0,0.0,0.0,0.0,0.0,0.0,0.0,0.0,0.0,0.28,0.0,0.0,0.0,0.0,0.0,0.0,0.0,0.0,0.0,0.0,0.0,0.0,0.0,0.0,0.0,0.0,0.0,0.0,0.0,0.0,0.0,0.0
marmellata di fragole,0.0,0.2,0.0,0.0,0.0,0.0,0.0,0.1,0.0,0.14,0.0,0.0,0.0,0.0,0.11,0.1,0.0,0.0,0.0,0.0,0.0,0.0,0.0,0.0,0.0,0.0,0.0,0.0,0.0,0.08,0.0,0.0,0.1,0.0,0.18,0.14,0.0,0.0,0.0,0.0,0.0,0.11,0.08,0.0,0.0,0.0,0.14,0.14,0.13,0.0,0.12,0.0,0.11,0.16,0.0,0.1,0.0,0.0,0.0,0.0,0.11,0.0,0.0,0.0,0.0,0.13,0.0,0.0,0.0,0.0,0.0,0.0,0.16,0.0,0.16,0.2,0.0,0.0,0.0,0.0,0.0,0.09,0.0,0.0,0.0,0.0,0.0,0.14,0.14,0.0,0.0,0.0,0.0,1.0,0.34,0.0,0.0,0.0,0.0,0.0,0.14,0.0,0.0,0.0,0.1,0.0,0.0,0.13,0.0,0.0,0.0,0.1,0.0,0.0,0.0,0.0,0.14,0.0,0.0,0.0,0.0,0.24,0.0,0.0,0.0,0.0,0.0,0.0,0.0,0.0,0.0,0.0,0.1,0.1,0.0,0.0,0.13,0.0,0.1,0.1,0.0,0.0,0.0,0.0,0.0,0.0,0.0,0.0,0.0,0.0,0.0,0.0,0.0,0.07,0.11,0.0,0.16,0.0,0.0,0.0,0.0,0.0,0.0,0.0,0.09,0.11,0.1,0.0,0.16,0.09,0.1,0.0,0.0,0.0,0.0,0.0,0.0,0.0,0.0,0.0,0.0,0.12,0.16,0.0,0.0
marmellata di prugne,0.0,0.2,0.0,0.0,0.0,0.0,0.0,0.1,0.0,0.14,0.0,0.0,0.0,0.0,0.11,0.1,0.0,0.0,0.0,0.0,0.0,0.0,0.0,0.0,0.0,0.0,0.0,0.0,0.0,0.08,0.0,0.0,0.1,0.0,0.18,0.14,0.0,0.0,0.0,0.0,0.0,0.11,0.08,0.0,0.0,0.0,0.14,0.14,0.13,0.0,0.12,0.0,0.11,0.16,0.0,0.1,0.0,0.0,0.0,0.0,0.11,0.0,0.0,0.0,0.0,0.13,0.0,0.0,0.0,0.0,0.0,0.0,0.16,0.0,0.16,0.2,0.0,0.0,0.0,0.0,0.0,0.09,0.0,0.0,0.0,0.0,0.0,0.14,0.14,0.0,0.0,0.0,0.0,0.34,1.0,0.0,0.0,0.0,0.0,0.0,0.14,0.0,0.0,0.0,0.1,0.0,0.0,0.13,0.0,0.0,0.0,0.1,0.0,0.0,0.0,0.0,0.14,0.0,0.0,0.0,0.0,0.24,0.0,0.0,0.0,0.0,0.0,0.0,0.0,0.0,0.0,0.0,0.1,0.1,0.0,0.0,0.13,0.0,0.1,0.1,0.0,0.0,0.0,0.0,0.0,0.0,0.0,0.0,0.0,0.0,0.0,0.0,0.0,0.07,0.11,0.0,0.16,0.0,0.0,0.0,0.0,0.0,0.0,0.0,0.09,0.11,0.1,0.0,0.16,0.09,0.1,0.0,0.0,0.0,0.0,0.0,0.0,0.0,0.0,0.0,0.0,0.12,0.16,0.0,0.0
mbriachelle,0.06,0.0,0.0,0.06,0.12,0.0,0.0,0.0,0.0,0.0,0.06,0.06,0.0,0.0,0.0,0.0,0.0,0.0,0.0,0.0,0.0,0.0,0.0,0.0,0.0,0.08,0.0,0.0,0.0,0.0,0.0,0.12,0.06,0.12,0.1,0.0,0.08,0.0,0.0,0.0,0.0,0.0,0.0,0.06,0.0,0.04,0.0,0.0,0.0,0.0,0.0,0.0,0.0,0.0,0.0,0.0,0.07,0.0,0.05,0.0,0.06,0.0,0.0,0.0,0.12,0.08,0.0,0.0,0.07,0.06,0.0,0.0,0.0,0.0,0.0,0.0,0.0,0.0,0.0,0.0,0.06,0.0,0.0,0.1,0.06,0.0,0.07,0.0,0.0,0.0,0.0,0.13,0.0,0.0,0.0,1.0,0.06,0.0,0.0,0.0,0.0,0.1,0.0,0.0,0.0,0.12,0.04,0.0,0.06,0.12,0.0,0.0,0.0,0.0,0.12,0.12,0.0,0.0,0.0,0.0,0.0,0.0,0.08,0.0,0.0,0.07,0.07,0.08,0.06,0.06,0.0,0.0,0.06,0.06,0.0,0.0,0.0,0.0,0.0,0.0,0.07,0.04,0.0,0.1,0.0,0.08,0.0,0.0,0.0,0.08,0.0,0.0,0.0,0.04,0.06,0.0,0.0,0.0,0.06,0.0,0.09,0.0,0.08,0.08,0.0,0.0,0.06,0.0,0.0,0.06,0.0,0.0,0.08,0.0,0.0,0.08,0.08,0.06,0.08,0.06,0.0,0.07,0.0,0.0,0.08
minestra di semolino,0.18,0.0,0.09,0.06,0.36,0.0,0.0,0.0,0.0,0.0,0.06,0.06,0.21,0.0,0.0,0.0,0.0,0.0,0.0,0.09,0.0,0.2,0.07,0.18,0.11,0.16,0.08,0.0,0.0,0.05,0.0,0.0,0.0,0.0,0.05,0.0,0.07,0.0,0.0,0.18,0.0,0.0,0.04,0.06,0.14,0.09,0.0,0.0,0.0,0.07,0.0,0.0,0.0,0.0,0.0,0.0,0.06,0.0,0.05,0.18,0.12,0.14,0.09,0.07,0.18,0.0,0.0,0.0,0.06,0.27,0.11,0.0,0.0,0.0,0.09,0.0,0.0,0.0,0.14,0.0,0.06,0.0,0.09,0.1,0.17,0.0,0.06,0.08,0.08,0.0,0.0,0.2,0.0,0.0,0.0,0.06,1.0,0.12,0.0,0.0,0.08,0.0,0.08,0.0,0.06,0.06,0.12,0.07,0.16,0.0,0.0,0.0,0.0,0.0,0.15,0.0,0.08,0.0,0.0,0.14,0.0,0.0,0.2,0.08,0.0,0.13,0.06,0.08,0.06,0.12,0.0,0.12,0.16,0.0,0.0,0.09,0.14,0.0,0.0,0.0,0.06,0.2,0.14,0.05,0.0,0.07,0.06,0.0,0.0,0.0,0.0,0.0,0.0,0.04,0.06,0.14,0.09,0.07,0.06,0.08,0.04,0.07,0.08,0.07,0.05,0.0,0.0,0.0,0.0,0.0,0.06,0.05,0.39,0.2,0.0,0.0,0.0,0.05,0.0,0.05,0.05,0.13,0.0,0.0,0.14
minestrone di verdure,0.05,0.0,0.0,0.04,0.04,0.0,0.0,0.0,0.0,0.0,0.14,0.15,0.09,0.0,0.0,0.0,0.0,0.06,0.06,0.0,0.0,0.0,0.0,0.15,0.0,0.06,0.0,0.12,0.0,0.0,0.0,0.0,0.04,0.0,0.0,0.06,0.12,0.1,0.0,0.0,0.0,0.0,0.0,0.1,0.08,0.04,0.0,0.0,0.0,0.0,0.0,0.0,0.05,0.0,0.0,0.0,0.11,0.0,0.12,0.0,0.1,0.0,0.0,0.0,0.15,0.0,0.0,0.0,0.16,0.14,0.0,0.0,0.0,0.0,0.0,0.0,0.08,0.0,0.0,0.0,0.2,0.0,0.0,0.08,0.24,0.0,0.0,0.0,0.0,0.0,0.06,0.18,0.0,0.0,0.0,0.0,0.12,1.0,0.0,0.0,0.0,0.04,0.0,0.0,0.0,0.1,0.07,0.0,0.1,0.0,0.0,0.0,0.0,0.0,0.12,0.0,0.0,0.04,0.0,0.0,0.0,0.0,0.06,0.0,0.06,0.22,0.16,0.0,0.14,0.1,0.0,0.0,0.09,0.04,0.0,0.0,0.0,0.0,0.0,0.0,0.11,0.14,0.0,0.04,0.0,0.0,0.05,0.1,0.0,0.0,0.0,0.0,0.0,0.06,0.1,0.0,0.0,0.0,0.09,0.06,0.07,0.0,0.0,0.12,0.0,0.0,0.0,0.0,0.0,0.0,0.0,0.0,0.06,0.0,0.0,0.06,0.06,0.04,0.06,0.04,0.0,0.06,0.0,0.0,0.18
mojito analcolico,0.0,0.0,0.0,0.0,0.0,0.0,0.0,0.0,0.0,0.0,0.0,0.0,0.0,0.0,0.0,0.0,0.0,0.1,0.0,0.0,0.0,0.0,0.0,0.0,0.0,0.0,0.0,0.0,0.0,0.0,0.0,0.0,0.0,0.0,0.0,0.0,0.0,0.0,0.0,0.0,0.0,0.0,0.0,0.0,0.0,0.0,0.0,0.0,0.0,0.0,0.0,0.0,0.0,0.0,0.0,0.0,0.0,0.0,0.0,0.0,0.0,0.0,0.0,0.0,0.0,0.0,0.0,0.0,0.0,0.0,0.0,0.0,0.0,0.0,0.0,0.0,0.0,0.1,0.0,0.0,0.0,0.0,0.0,0.0,0.0,0.0,0.0,0.0,0.0,0.0,0.0,0.0,0.0,0.0,0.0,0.0,0.0,0.0,1.0,0.0,0.0,0.0,0.0,0.0,0.0,0.0,0.0,0.0,0.0,0.0,0.0,0.0,0.0,0.0,0.0,0.0,0.0,0.0,0.0,0.0,0.0,0.0,0.0,0.0,0.0,0.0,0.0,0.0,0.0,0.0,0.0,0.0,0.0,0.0,0.0,0.0,0.0,0.0,0.0,0.0,0.0,0.0,0.0,0.0,0.0,0.0,0.0,0.0,0.0,0.0,0.0,0.0,0.0,0.0,0.0,0.0,0.0,0.0,0.0,0.0,0.0,0.0,0.0,0.0,0.0,0.0,0.07,0.0,0.0,0.0,0.0,0.0,0.0,0.0,0.0,0.0,0.0,0.0,0.0,0.0,0.0,0.0,0.0,0.0,0.0
mousse cioccolato e lamponi,0.0,0.0,0.0,0.0,0.0,0.0,0.0,0.0,0.0,0.0,0.0,0.0,0.0,0.0,0.34,0.0,0.0,0.0,0.0,0.0,0.0,0.0,0.0,0.0,0.0,0.0,0.0,0.0,0.0,0.0,0.0,0.0,0.0,0.0,0.0,0.0,0.0,0.0,0.0,0.0,0.11,0.0,0.0,0.0,0.0,0.0,0.0,0.0,0.0,0.0,0.0,0.0,0.34,0.0,0.0,0.0,0.0,0.0,0.0,0.0,0.0,0.0,0.0,0.0,0.0,0.0,0.0,0.0,0.0,0.0,0.0,0.16,0.0,0.0,0.38,0.0,0.0,0.0,0.0,0.0,0.0,0.0,0.0,0.0,0.0,0.0,0.0,0.0,0.0,0.0,0.0,0.0,0.0,0.0,0.0,0.0,0.0,0.0,0.0,1.0,0.0,0.0,0.0,0.0,0.0,0.0,0.0,0.0,0.0,0.0,0.0,0.0,0.0,0.0,0.0,0.0,0.0,0.0,0.0,0.0,0.0,0.0,0.0,0.0,0.0,0.0,0.0,0.0,0.0,0.0,0.0,0.0,0.0,0.0,0.0,0.0,0.0,0.0,0.08,0.0,0.0,0.0,0.0,0.0,0.0,0.0,0.0,0.0,0.0,0.0,0.0,0.0,0.0,0.0,0.0,0.0,0.38,0.0,0.0,0.0,0.0,0.0,0.0,0.0,0.0,0.0,0.0,0.0,0.0,0.0,0.0,0.0,0.0,0.0,0.0,0.0,0.0,0.0,0.0,0.0,0.0,0.0,0.0,0.0,0.0
mousse di mascarpone,0.0,0.18,0.0,0.0,0.09,0.0,0.0,0.16,0.1,0.12,0.0,0.0,0.08,0.0,0.1,0.08,0.0,0.0,0.0,0.14,0.14,0.05,0.0,0.1,0.18,0.12,0.12,0.0,0.0,0.15,0.0,0.0,0.09,0.0,0.16,0.12,0.0,0.0,0.0,0.14,0.0,0.19,0.14,0.0,0.0,0.07,0.12,0.62,0.11,0.0,0.2,0.08,0.19,0.14,0.0,0.08,0.0,0.0,0.0,0.1,0.19,0.08,0.0,0.0,0.0,0.11,0.0,0.0,0.0,0.08,0.0,0.0,0.14,0.0,0.29,0.0,0.0,0.0,0.11,0.0,0.0,0.08,0.14,0.0,0.09,0.0,0.1,0.25,0.25,0.0,0.0,0.06,0.0,0.14,0.14,0.0,0.08,0.0,0.0,0.0,1.0,0.0,0.12,0.0,0.18,0.0,0.13,0.22,0.0,0.0,0.09,0.09,0.0,0.0,0.0,0.0,0.25,0.0,0.0,0.11,0.0,0.1,0.0,0.12,0.0,0.1,0.0,0.12,0.0,0.0,0.0,0.1,0.16,0.09,0.0,0.0,0.22,0.0,0.09,0.09,0.0,0.06,0.07,0.0,0.0,0.11,0.0,0.0,0.0,0.0,0.0,0.11,0.08,0.0,0.0,0.11,0.29,0.11,0.0,0.0,0.06,0.11,0.12,0.0,0.16,0.1,0.0,0.0,0.14,0.08,0.16,0.0,0.11,0.08,0.0,0.0,0.0,0.08,0.0,0.0,0.0,0.0,0.14,0.14,0.0
muffin ricotta e cioccolato,0.0,0.0,0.0,0.0,0.06,0.09,0.0,0.06,0.0,0.11,0.06,0.06,0.0,0.0,0.0,0.1,0.09,0.08,0.08,0.0,0.0,0.0,0.0,0.0,0.0,0.0,0.08,0.07,0.17,0.0,0.0,0.06,0.34,0.06,0.05,0.08,0.07,0.06,0.12,0.0,0.0,0.0,0.08,0.06,0.0,0.0,0.08,0.0,0.0,0.0,0.0,0.16,0.06,0.0,0.06,0.16,0.06,0.0,0.05,0.06,0.06,0.05,0.0,0.07,0.06,0.0,0.06,0.0,0.06,0.06,0.06,0.0,0.0,0.0,0.0,0.0,0.09,0.0,0.07,0.0,0.06,0.1,0.0,0.1,0.06,0.0,0.0,0.0,0.0,0.08,0.16,0.04,0.0,0.0,0.0,0.1,0.0,0.04,0.0,0.0,0.0,1.0,0.0,0.06,0.11,0.12,0.04,0.07,0.06,0.04,0.11,0.11,0.0,0.0,0.08,0.0,0.0,0.0,0.1,0.14,0.0,0.06,0.0,0.08,0.0,0.06,0.06,0.0,0.06,0.0,0.09,0.06,0.06,0.11,0.09,0.0,0.0,0.0,0.0,0.0,0.06,0.04,0.04,0.32,0.0,0.0,0.06,0.11,0.0,0.14,0.0,0.0,0.06,0.04,0.06,0.0,0.0,0.0,0.0,0.0,0.12,0.14,0.0,0.0,0.1,0.06,0.0,0.06,0.17,0.1,0.06,0.05,0.07,0.05,0.0,0.08,0.08,0.05,0.07,0.0,0.05,0.0,0.0,0.0,0.0
olive in salamoia,0.1,0.0,0.0,0.34,0.18,0.14,0.06,0.0,0.0,0.0,0.0,0.0,0.16,0.0,0.0,0.0,0.0,0.0,0.0,0.14,0.0,0.16,0.0,0.1,0.18,0.25,0.25,0.0,0.0,0.08,0.0,0.0,0.0,0.0,0.08,0.0,0.0,0.1,0.0,0.14,0.12,0.0,0.06,0.09,0.15,0.14,0.0,0.0,0.0,0.0,0.0,0.0,0.0,0.0,0.0,0.0,0.0,0.0,0.08,0.1,0.1,0.08,0.0,0.0,0.0,0.0,0.26,0.0,0.0,0.16,0.0,0.0,0.0,0.0,0.14,0.0,0.0,0.0,0.11,0.0,0.0,0.0,0.14,0.08,0.09,0.0,0.1,0.12,0.25,0.12,0.0,0.06,0.0,0.0,0.0,0.0,0.08,0.0,0.0,0.0,0.12,0.0,1.0,0.0,0.09,0.0,0.13,0.11,0.0,0.06,0.0,0.0,0.0,0.14,0.06,0.0,0.12,0.08,0.0,0.11,0.09,0.0,0.11,0.12,0.0,0.1,0.0,0.12,0.0,0.1,0.0,0.1,0.08,0.0,0.0,0.0,0.11,0.0,0.09,0.0,0.0,0.12,0.07,0.0,0.1,0.22,0.0,0.0,0.0,0.0,0.26,0.36,0.25,0.0,0.0,0.11,0.14,0.22,0.0,0.0,0.06,0.11,0.12,0.0,0.08,0.0,0.0,0.0,0.0,0.0,0.08,0.08,0.22,0.08,0.0,0.0,0.0,0.16,0.0,0.08,0.0,0.1,0.0,0.0,0.0
pancake di quinoa,0.0,0.0,0.0,0.0,0.06,0.0,0.0,0.0,0.0,0.0,0.0,0.0,0.0,0.0,0.0,0.0,0.0,0.0,0.0,0.0,0.0,0.0,0.0,0.0,0.0,0.0,0.0,0.0,0.0,0.0,0.0,0.06,0.06,0.06,0.06,0.0,0.0,0.0,0.0,0.0,0.0,0.0,0.0,0.0,0.0,0.0,0.0,0.0,0.0,0.0,0.0,0.0,0.0,0.0,0.0,0.0,0.0,0.0,0.0,0.0,0.0,0.0,0.0,0.0,0.0,0.0,0.0,0.0,0.0,0.0,0.0,0.0,0.0,0.0,0.0,0.0,0.0,0.0,0.0,0.0,0.0,0.0,0.0,0.0,0.0,0.0,0.0,0.0,0.0,0.0,0.0,0.0,0.0,0.0,0.0,0.0,0.0,0.0,0.0,0.0,0.0,0.06,0.0,1.0,0.0,0.0,0.0,0.0,0.0,0.04,0.0,0.0,0.0,0.0,0.0,0.0,0.0,0.0,0.0,0.0,0.0,0.0,0.0,0.0,0.0,0.0,0.0,0.0,0.0,0.0,0.0,0.0,0.0,0.0,0.0,0.0,0.0,0.0,0.0,0.0,0.0,0.0,0.0,0.0,0.0,0.0,0.0,0.0,0.0,0.0,0.0,0.0,0.0,0.0,0.0,0.0,0.0,0.0,0.0,0.0,0.0,0.0,0.0,0.0,0.0,0.0,0.0,0.0,0.0,0.06,0.0,0.0,0.0,0.0,0.0,0.0,0.0,0.06,0.0,0.0,0.0,0.0,0.0,0.0,0.0
pancarrè fatto in casa sofficissimo,0.0,0.12,0.0,0.0,0.06,0.0,0.0,0.0,0.0,0.0,0.06,0.06,0.06,0.0,0.14,0.0,0.0,0.09,0.18,0.0,0.0,0.0,0.0,0.06,0.12,0.09,0.0,0.08,0.0,0.0,0.0,0.12,0.18,0.06,0.17,0.18,0.08,0.06,0.0,0.0,0.0,0.2,0.0,0.06,0.0,0.05,0.09,0.09,0.16,0.16,0.0,0.0,0.2,0.1,0.0,0.0,0.14,0.0,0.06,0.0,0.2,0.0,0.0,0.0,0.06,0.16,0.06,0.0,0.07,0.12,0.0,0.0,0.1,0.0,0.2,0.0,0.2,0.0,0.0,0.0,0.06,0.0,0.1,0.06,0.12,0.1,0.07,0.18,0.18,0.0,0.26,0.09,0.0,0.1,0.1,0.0,0.06,0.0,0.0,0.0,0.18,0.11,0.09,0.0,1.0,0.06,0.14,0.0,0.14,0.04,0.06,0.0,0.0,0.0,0.0,0.12,0.18,0.0,0.0,0.0,0.0,0.0,0.0,0.0,0.0,0.14,0.07,0.09,0.06,0.0,0.0,0.0,0.24,0.31,0.0,0.0,0.0,0.0,0.0,0.06,0.07,0.09,0.0,0.06,0.0,0.08,0.06,0.12,0.0,0.0,0.0,0.0,0.06,0.04,0.14,0.0,0.2,0.0,0.0,0.0,0.14,0.0,0.09,0.0,0.0,0.14,0.12,0.0,0.0,0.17,0.0,0.0,0.08,0.0,0.0,0.09,0.09,0.11,0.08,0.0,0.0,0.0,0.1,0.0,0.0
pane al pomodoro,0.07,0.0,0.0,0.06,0.14,0.11,0.0,0.06,0.0,0.04,0.14,0.14,0.0,0.0,0.0,0.06,0.06,0.1,0.1,0.0,0.0,0.0,0.0,0.0,0.0,0.1,0.0,0.08,0.06,0.0,0.0,0.0,0.06,0.0,0.0,0.1,0.17,0.07,0.07,0.0,0.0,0.0,0.1,0.14,0.0,0.05,0.0,0.0,0.0,0.0,0.0,0.12,0.07,0.0,0.0,0.06,0.16,0.0,0.12,0.14,0.14,0.17,0.0,0.08,0.14,0.0,0.0,0.0,0.16,0.12,0.14,0.0,0.0,0.0,0.0,0.0,0.11,0.0,0.17,0.0,0.14,0.06,0.0,0.12,0.14,0.0,0.0,0.0,0.0,0.0,0.1,0.14,0.0,0.0,0.0,0.12,0.06,0.1,0.0,0.0,0.0,0.12,0.0,0.0,0.06,1.0,0.1,0.08,0.14,0.0,0.0,0.06,0.0,0.0,0.09,0.0,0.0,0.0,0.12,0.26,0.0,0.08,0.08,0.1,0.0,0.16,0.16,0.0,0.12,0.07,0.11,0.14,0.12,0.06,0.06,0.05,0.08,0.0,0.0,0.0,0.16,0.1,0.11,0.12,0.0,0.0,0.07,0.14,0.0,0.0,0.0,0.0,0.0,0.1,0.14,0.08,0.0,0.0,0.06,0.0,0.15,0.08,0.0,0.08,0.06,0.0,0.0,0.07,0.05,0.0,0.0,0.0,0.08,0.12,0.0,0.1,0.1,0.06,0.08,0.06,0.12,0.08,0.0,0.0,0.08
pane alle mandorle e rosmarino,0.05,0.0,0.08,0.04,0.14,0.0,0.0,0.04,0.0,0.03,0.09,0.1,0.08,0.0,0.0,0.08,0.08,0.06,0.06,0.15,0.0,0.06,0.0,0.1,0.18,0.2,0.13,0.06,0.0,0.08,0.0,0.0,0.04,0.0,0.08,0.06,0.12,0.05,0.05,0.15,0.0,0.0,0.14,0.09,0.0,0.1,0.0,0.0,0.0,0.0,0.0,0.04,0.05,0.0,0.0,0.04,0.1,0.0,0.08,0.24,0.34,0.2,0.0,0.06,0.1,0.0,0.0,0.0,0.1,0.17,0.09,0.0,0.0,0.0,0.15,0.0,0.08,0.0,0.4,0.0,0.1,0.04,0.15,0.08,0.18,0.0,0.1,0.13,0.13,0.0,0.06,0.16,0.0,0.0,0.0,0.04,0.12,0.07,0.0,0.0,0.13,0.04,0.13,0.0,0.14,0.1,1.0,0.23,0.23,0.09,0.04,0.04,0.0,0.0,0.03,0.0,0.13,0.0,0.0,0.23,0.0,0.06,0.06,0.2,0.0,0.21,0.1,0.13,0.08,0.05,0.08,0.24,0.17,0.04,0.04,0.04,0.18,0.0,0.0,0.0,0.1,0.13,0.15,0.04,0.0,0.12,0.05,0.09,0.0,0.0,0.0,0.0,0.0,0.06,0.1,0.34,0.15,0.12,0.04,0.0,0.14,0.29,0.13,0.06,0.12,0.0,0.0,0.05,0.0,0.0,0.08,0.0,0.18,0.16,0.0,0.06,0.06,0.12,0.06,0.04,0.08,0.06,0.0,0.0,0.12
pane senza glutine,0.0,0.16,0.0,0.0,0.08,0.0,0.0,0.0,0.0,0.0,0.08,0.08,0.08,0.0,0.08,0.0,0.0,0.11,0.11,0.0,0.0,0.0,0.0,0.08,0.16,0.11,0.0,0.1,0.0,0.0,0.0,0.0,0.16,0.0,0.14,0.22,0.1,0.08,0.0,0.0,0.0,0.08,0.0,0.08,0.0,0.06,0.11,0.11,0.1,0.0,0.0,0.0,0.17,0.13,0.0,0.0,0.09,0.0,0.06,0.0,0.34,0.0,0.0,0.0,0.08,0.1,0.0,0.0,0.09,0.15,0.0,0.0,0.13,0.0,0.26,0.0,0.13,0.0,0.0,0.0,0.08,0.0,0.13,0.07,0.16,0.0,0.09,0.22,0.22,0.0,0.11,0.12,0.0,0.13,0.13,0.0,0.07,0.0,0.0,0.0,0.22,0.07,0.11,0.0,0.0,0.08,0.23,1.0,0.08,0.05,0.08,0.0,0.0,0.0,0.0,0.0,0.22,0.0,0.0,0.0,0.0,0.0,0.0,0.0,0.0,0.18,0.09,0.11,0.08,0.0,0.0,0.0,0.22,0.16,0.0,0.0,0.0,0.0,0.0,0.08,0.09,0.11,0.0,0.07,0.0,0.1,0.08,0.16,0.0,0.0,0.0,0.0,0.0,0.06,0.08,0.0,0.26,0.0,0.0,0.0,0.18,0.0,0.11,0.0,0.0,0.08,0.0,0.0,0.0,0.07,0.0,0.0,0.1,0.0,0.0,0.11,0.11,0.14,0.1,0.0,0.0,0.0,0.13,0.0,0.0
pane senza lievitazione con olive e rosmarino,0.16,0.0,0.11,0.06,0.19,0.0,0.05,0.12,0.08,0.14,0.14,0.14,0.0,0.0,0.0,0.06,0.06,0.1,0.19,0.0,0.0,0.08,0.0,0.0,0.0,0.1,0.0,0.08,0.0,0.0,0.0,0.06,0.14,0.06,0.06,0.1,0.17,0.07,0.14,0.0,0.0,0.0,0.1,0.14,0.0,0.05,0.0,0.0,0.0,0.08,0.08,0.06,0.07,0.0,0.06,0.12,0.23,0.14,0.12,0.14,0.14,0.28,0.0,0.08,0.14,0.08,0.06,0.0,0.16,0.22,0.14,0.0,0.0,0.0,0.0,0.0,0.22,0.0,0.17,0.0,0.14,0.06,0.0,0.12,0.14,0.11,0.0,0.0,0.0,0.0,0.1,0.14,0.0,0.0,0.0,0.06,0.16,0.1,0.0,0.0,0.0,0.06,0.0,0.0,0.14,0.14,0.23,0.08,1.0,0.0,0.0,0.06,0.0,0.11,0.04,0.14,0.0,0.12,0.0,0.17,0.06,0.08,0.17,0.19,0.0,0.16,0.16,0.0,0.12,0.07,0.32,0.14,0.19,0.14,0.11,0.1,0.08,0.0,0.06,0.0,0.16,0.1,0.11,0.06,0.07,0.0,0.07,0.14,0.0,0.0,0.0,0.0,0.0,0.1,0.22,0.08,0.0,0.0,0.06,0.0,0.1,0.17,0.0,0.08,0.12,0.0,0.06,0.14,0.0,0.06,0.06,0.06,0.21,0.18,0.0,0.1,0.1,0.06,0.08,0.06,0.12,0.08,0.0,0.0,0.08
panettone semplice con lievito di birra,0.0,0.0,0.0,0.04,0.04,0.13,0.09,0.04,0.1,0.02,0.0,0.0,0.0,0.06,0.04,0.08,0.16,0.0,0.0,0.0,0.0,0.04,0.05,0.0,0.0,0.0,0.06,0.0,0.08,0.04,0.0,0.2,0.08,0.12,0.11,0.0,0.05,0.0,0.13,0.0,0.06,0.13,0.12,0.0,0.04,0.03,0.17,0.0,0.0,0.05,0.1,0.12,0.0,0.06,0.12,0.08,0.0,0.08,0.07,0.08,0.08,0.0,0.0,0.1,0.04,0.05,0.08,0.06,0.0,0.0,0.0,0.0,0.0,0.0,0.0,0.08,0.0,0.0,0.1,0.0,0.0,0.0,0.06,0.0,0.0,0.0,0.04,0.0,0.0,0.06,0.0,0.03,0.0,0.0,0.0,0.12,0.0,0.0,0.0,0.0,0.0,0.04,0.06,0.04,0.04,0.0,0.09,0.05,0.0,1.0,0.12,0.12,0.0,0.13,0.08,0.08,0.06,0.08,0.08,0.0,0.12,0.1,0.05,0.06,0.05,0.0,0.0,0.06,0.0,0.08,0.0,0.08,0.0,0.04,0.1,0.03,0.0,0.0,0.12,0.0,0.0,0.0,0.0,0.11,0.13,0.1,0.04,0.0,0.0,0.1,0.04,0.05,0.04,0.0,0.0,0.1,0.0,0.05,0.0,0.06,0.06,0.05,0.06,0.0,0.08,0.0,0.08,0.18,0.09,0.04,0.04,0.11,0.05,0.0,0.0,0.12,0.06,0.08,0.1,0.04,0.0,0.0,0.0,0.06,0.0
panini al latte,0.0,0.0,0.0,0.0,0.0,0.0,0.0,0.06,0.07,0.0,0.0,0.0,0.0,0.0,0.0,0.12,0.16,0.0,0.0,0.0,0.0,0.0,0.0,0.0,0.0,0.0,0.09,0.0,0.06,0.0,0.0,0.0,0.0,0.0,0.0,0.0,0.0,0.0,0.06,0.0,0.0,0.14,0.04,0.0,0.0,0.0,0.09,0.09,0.0,0.0,0.07,0.12,0.06,0.0,0.06,0.0,0.0,0.0,0.0,0.06,0.06,0.0,0.0,0.0,0.0,0.0,0.06,0.0,0.0,0.0,0.0,0.0,0.0,0.0,0.0,0.0,0.0,0.0,0.08,0.0,0.0,0.0,0.0,0.0,0.0,0.0,0.0,0.0,0.0,0.09,0.0,0.0,0.0,0.0,0.0,0.0,0.0,0.0,0.0,0.0,0.09,0.11,0.0,0.0,0.06,0.0,0.04,0.08,0.0,0.12,1.0,0.12,0.0,0.0,0.04,0.0,0.0,0.0,0.0,0.0,0.0,0.0,0.0,0.0,0.0,0.0,0.0,0.0,0.0,0.0,0.0,0.06,0.0,0.0,0.05,0.0,0.0,0.12,0.0,0.0,0.0,0.0,0.0,0.0,0.0,0.0,0.0,0.0,0.0,0.16,0.0,0.08,0.06,0.0,0.0,0.08,0.0,0.0,0.0,0.0,0.0,0.08,0.0,0.0,0.0,0.0,0.0,0.0,0.1,0.06,0.0,0.06,0.08,0.0,0.0,0.0,0.0,0.0,0.0,0.0,0.0,0.0,0.0,0.1,0.0
panini semidolci morbidi,0.0,0.12,0.0,0.0,0.0,0.0,0.0,0.0,0.0,0.0,0.06,0.06,0.0,0.0,0.14,0.0,0.0,0.09,0.09,0.0,0.0,0.0,0.08,0.0,0.0,0.0,0.0,0.08,0.0,0.0,0.0,0.06,0.12,0.06,0.06,0.18,0.08,0.06,0.0,0.0,0.0,0.2,0.0,0.06,0.0,0.0,0.26,0.09,0.08,0.08,0.0,0.0,0.14,0.1,0.0,0.0,0.07,0.0,0.1,0.0,0.14,0.0,0.0,0.0,0.06,0.08,0.06,0.0,0.07,0.06,0.0,0.0,0.1,0.0,0.1,0.0,0.1,0.0,0.0,0.0,0.06,0.0,0.0,0.06,0.06,0.0,0.0,0.09,0.09,0.0,0.09,0.04,0.0,0.1,0.1,0.0,0.0,0.0,0.0,0.0,0.09,0.11,0.0,0.0,0.0,0.06,0.04,0.0,0.06,0.12,0.12,1.0,0.0,0.0,0.04,0.0,0.09,0.0,0.0,0.0,0.0,0.0,0.0,0.0,0.08,0.07,0.07,0.0,0.06,0.0,0.0,0.0,0.12,0.12,0.0,0.0,0.0,0.0,0.0,0.06,0.07,0.04,0.0,0.11,0.0,0.0,0.14,0.12,0.0,0.08,0.0,0.0,0.0,0.04,0.06,0.0,0.1,0.0,0.0,0.09,0.14,0.0,0.0,0.0,0.0,0.06,0.06,0.0,0.0,0.11,0.0,0.0,0.0,0.0,0.0,0.18,0.09,0.06,0.16,0.0,0.0,0.0,0.1,0.0,0.0
panko fatto in casa,0.0,0.0,0.0,0.0,0.0,0.0,0.0,0.0,0.0,0.0,0.0,0.0,0.0,0.0,0.0,0.0,0.0,0.0,0.0,0.0,0.0,0.0,0.0,0.0,0.0,0.0,0.0,0.0,0.0,0.0,0.0,0.0,0.0,0.0,0.0,0.0,0.0,0.0,0.0,0.0,0.0,0.0,0.0,0.0,0.0,0.0,0.0,0.0,0.0,0.0,0.0,0.0,0.0,0.0,0.0,0.0,0.0,0.0,0.0,0.0,0.0,0.0,0.0,0.0,0.0,0.0,0.0,0.0,0.0,0.0,0.0,0.0,0.0,0.0,0.0,0.0,0.0,0.0,0.0,0.0,0.0,0.0,0.0,0.0,0.0,0.0,0.0,0.0,0.0,0.0,0.0,0.0,0.0,0.0,0.0,0.0,0.0,0.0,0.0,0.0,0.0,0.0,0.0,0.0,0.0,0.0,0.0,0.0,0.0,0.0,0.0,0.0,1.0,0.0,0.0,0.0,0.0,0.0,0.0,0.0,0.0,0.0,0.0,0.0,0.0,0.0,0.0,0.0,0.0,0.0,0.0,0.0,0.0,0.0,0.0,0.0,0.0,0.0,0.0,0.0,0.0,0.0,0.0,0.0,0.0,0.0,0.0,0.0,0.0,0.0,0.0,0.0,0.0,0.0,0.0,0.0,0.0,0.0,0.0,0.0,0.0,0.0,0.0,0.0,0.0,0.0,0.0,0.0,0.0,0.0,0.0,0.0,0.0,0.0,0.0,0.0,0.0,0.0,0.0,0.0,0.0,0.0,0.0,0.0,0.0
pappardelle,0.0,0.0,0.0,0.1,0.1,0.0,0.0,0.0,0.0,0.0,0.0,0.0,0.0,0.0,0.0,0.0,0.0,0.0,0.14,0.0,0.0,0.0,0.0,0.0,0.0,0.0,0.0,0.0,0.0,0.0,0.0,0.2,0.2,0.2,0.18,0.0,0.0,0.0,0.0,0.0,0.14,0.0,0.0,0.0,0.08,0.08,0.0,0.0,0.0,0.13,0.0,0.0,0.0,0.0,0.0,0.0,0.12,0.0,0.08,0.0,0.0,0.0,0.0,0.0,0.11,0.26,0.2,0.0,0.0,0.0,0.0,0.0,0.0,0.0,0.0,0.0,0.16,0.0,0.0,0.0,0.0,0.0,0.0,0.0,0.0,0.16,0.0,0.0,0.0,0.0,0.0,0.08,0.0,0.0,0.0,0.0,0.0,0.0,0.0,0.0,0.0,0.0,0.14,0.0,0.0,0.0,0.0,0.0,0.11,0.13,0.0,0.0,0.0,1.0,0.14,0.41,0.0,0.09,0.0,0.0,0.0,0.0,0.13,0.0,0.0,0.0,0.0,0.0,0.0,0.11,0.0,0.0,0.1,0.2,0.0,0.0,0.0,0.0,0.0,0.0,0.0,0.0,0.0,0.09,0.0,0.13,0.0,0.0,0.0,0.0,0.1,0.13,0.1,0.0,0.11,0.0,0.0,0.0,0.0,0.0,0.08,0.0,0.0,0.0,0.0,0.0,0.19,0.0,0.0,0.09,0.0,0.0,0.13,0.0,0.0,0.14,0.14,0.09,0.13,0.09,0.0,0.0,0.0,0.0,0.0
pasta al forno con polpettine e uova sode,0.09,0.0,0.0,0.16,0.16,0.2,0.03,0.0,0.0,0.0,0.08,0.09,0.12,0.0,0.0,0.0,0.0,0.0,0.0,0.0,0.0,0.19,0.0,0.09,0.0,0.06,0.06,0.06,0.04,0.0,0.0,0.04,0.04,0.04,0.04,0.0,0.06,0.04,0.0,0.0,0.06,0.0,0.03,0.04,0.18,0.06,0.06,0.0,0.0,0.0,0.0,0.08,0.0,0.0,0.0,0.04,0.05,0.08,0.1,0.04,0.04,0.07,0.0,0.06,0.14,0.06,0.04,0.0,0.1,0.12,0.08,0.0,0.0,0.0,0.0,0.0,0.0,0.0,0.06,0.0,0.09,0.0,0.0,0.08,0.12,0.0,0.0,0.0,0.0,0.06,0.0,0.18,0.0,0.0,0.0,0.12,0.15,0.12,0.0,0.0,0.0,0.08,0.06,0.0,0.0,0.09,0.03,0.0,0.04,0.08,0.04,0.04,0.0,0.14,1.0,0.34,0.0,0.08,0.16,0.1,0.04,0.05,0.1,0.0,0.06,0.1,0.1,0.0,0.12,0.18,0.0,0.04,0.04,0.04,0.04,0.06,0.06,0.0,0.08,0.0,0.05,0.12,0.07,0.08,0.04,0.06,0.0,0.0,0.0,0.06,0.08,0.1,0.04,0.09,0.09,0.06,0.0,0.0,0.08,0.06,0.06,0.0,0.0,0.1,0.04,0.0,0.04,0.04,0.1,0.0,0.04,0.08,0.1,0.08,0.0,0.31,0.31,0.29,0.3,0.11,0.07,0.05,0.0,0.0,0.1
pasta all’uovo,0.0,0.0,0.0,0.0,0.0,0.2,0.09,0.12,0.14,0.16,0.0,0.0,0.0,0.0,0.0,0.0,0.0,0.0,0.18,0.0,0.0,0.07,0.0,0.0,0.0,0.0,0.0,0.0,0.0,0.0,0.0,0.25,0.25,0.25,0.22,0.0,0.0,0.0,0.14,0.0,0.0,0.0,0.1,0.0,0.0,0.0,0.0,0.0,0.0,0.16,0.14,0.0,0.0,0.0,0.12,0.24,0.14,0.5,0.0,0.0,0.0,0.1,0.0,0.16,0.14,0.32,0.12,0.0,0.0,0.0,0.0,0.0,0.0,0.0,0.0,0.0,0.2,0.0,0.0,0.0,0.0,0.0,0.0,0.0,0.0,0.2,0.0,0.0,0.0,0.0,0.0,0.09,0.0,0.0,0.0,0.12,0.0,0.0,0.0,0.0,0.0,0.0,0.0,0.0,0.12,0.0,0.0,0.0,0.14,0.08,0.0,0.0,0.0,0.41,0.34,1.0,0.0,0.0,0.24,0.0,0.12,0.14,0.0,0.18,0.0,0.0,0.0,0.0,0.0,0.0,0.2,0.0,0.12,0.25,0.2,0.1,0.0,0.0,0.25,0.0,0.0,0.0,0.0,0.11,0.14,0.0,0.0,0.0,0.0,0.0,0.0,0.0,0.0,0.0,0.14,0.0,0.0,0.0,0.0,0.0,0.1,0.16,0.0,0.0,0.22,0.0,0.24,0.26,0.1,0.11,0.24,0.22,0.0,0.11,0.0,0.68,0.68,0.61,0.66,0.0,0.0,0.0,0.0,0.0,0.0
pasta d’arance,0.0,0.18,0.0,0.0,0.09,0.0,0.0,0.08,0.0,0.12,0.0,0.0,0.08,0.0,0.1,0.08,0.07,0.0,0.0,0.14,0.0,0.05,0.0,0.1,0.18,0.12,0.12,0.0,0.0,0.15,0.0,0.0,0.09,0.0,0.16,0.12,0.11,0.0,0.0,0.14,0.0,0.19,0.2,0.0,0.0,0.07,0.12,0.12,0.11,0.0,0.1,0.0,0.1,0.14,0.0,0.08,0.0,0.0,0.0,0.19,0.19,0.08,0.0,0.0,0.0,0.11,0.0,0.0,0.0,0.08,0.0,0.0,0.14,0.0,0.29,0.0,0.0,0.0,0.11,0.0,0.0,0.08,0.14,0.0,0.09,0.0,0.1,0.25,0.25,0.0,0.0,0.06,0.0,0.14,0.14,0.0,0.08,0.0,0.0,0.0,0.25,0.0,0.12,0.0,0.18,0.0,0.13,0.22,0.0,0.06,0.0,0.09,0.0,0.0,0.0,0.0,1.0,0.0,0.0,0.11,0.0,0.1,0.0,0.12,0.0,0.1,0.0,0.12,0.0,0.0,0.0,0.19,0.16,0.09,0.0,0.0,0.22,0.0,0.09,0.09,0.0,0.06,0.07,0.0,0.0,0.11,0.0,0.0,0.0,0.0,0.0,0.0,0.0,0.0,0.0,0.11,0.29,0.11,0.0,0.0,0.06,0.11,0.12,0.0,0.16,0.1,0.0,0.0,0.14,0.08,0.16,0.0,0.11,0.08,0.0,0.0,0.0,0.08,0.0,0.0,0.0,0.0,0.14,0.0,0.0
"pasta fredda al pesto di zucchine, caprino e olive",0.0,0.0,0.0,0.06,0.06,0.09,0.04,0.06,0.0,0.0,0.06,0.06,0.06,0.0,0.0,0.0,0.0,0.0,0.0,0.0,0.0,0.1,0.0,0.0,0.0,0.0,0.08,0.07,0.0,0.0,0.0,0.0,0.0,0.0,0.0,0.0,0.0,0.06,0.0,0.0,0.08,0.0,0.0,0.0,0.05,0.04,0.0,0.0,0.0,0.0,0.0,0.0,0.0,0.09,0.0,0.0,0.0,0.0,0.1,0.0,0.0,0.0,0.0,0.0,0.0,0.0,0.06,0.0,0.06,0.06,0.06,0.0,0.0,0.0,0.0,0.0,0.0,0.0,0.0,0.0,0.06,0.0,0.09,0.0,0.06,0.0,0.0,0.0,0.0,0.16,0.0,0.04,0.0,0.0,0.0,0.0,0.0,0.04,0.0,0.0,0.0,0.0,0.08,0.0,0.0,0.0,0.0,0.0,0.12,0.08,0.0,0.0,0.0,0.09,0.08,0.0,0.0,1.0,0.0,0.0,0.06,0.0,0.07,0.0,0.07,0.06,0.13,0.0,0.1,0.18,0.0,0.0,0.0,0.0,0.0,0.0,0.0,0.0,0.06,0.0,0.0,0.04,0.0,0.0,0.06,0.07,0.0,0.0,0.0,0.0,0.11,0.07,0.06,0.0,0.0,0.0,0.0,0.0,0.06,0.08,0.0,0.0,0.0,0.07,0.0,0.0,0.0,0.0,0.0,0.0,0.0,0.05,0.07,0.1,0.0,0.0,0.0,0.0,0.0,0.05,0.05,0.0,0.0,0.0,0.0
pasta fresca paglia e fieno,0.0,0.0,0.0,0.0,0.12,0.0,0.0,0.0,0.0,0.0,0.0,0.0,0.0,0.0,0.0,0.0,0.0,0.0,0.0,0.0,0.0,0.0,0.0,0.0,0.0,0.0,0.0,0.0,0.0,0.0,0.0,0.12,0.12,0.12,0.1,0.0,0.0,0.0,0.0,0.0,0.0,0.0,0.0,0.0,0.0,0.0,0.0,0.0,0.0,0.0,0.0,0.0,0.0,0.0,0.0,0.0,0.0,0.0,0.0,0.0,0.0,0.0,0.0,0.0,0.12,0.15,0.0,0.0,0.0,0.0,0.0,0.0,0.0,0.0,0.0,0.0,0.0,0.0,0.0,0.0,0.0,0.0,0.0,0.0,0.0,0.0,0.0,0.0,0.0,0.0,0.0,0.08,0.0,0.0,0.0,0.0,0.0,0.0,0.0,0.0,0.0,0.1,0.0,0.0,0.0,0.12,0.0,0.0,0.0,0.08,0.0,0.0,0.0,0.0,0.16,0.24,0.0,0.0,1.0,0.0,0.0,0.0,0.0,0.0,0.0,0.0,0.0,0.0,0.0,0.0,0.0,0.0,0.0,0.12,0.0,0.0,0.0,0.0,0.0,0.0,0.0,0.0,0.0,0.21,0.0,0.0,0.0,0.0,0.0,0.0,0.0,0.0,0.0,0.0,0.0,0.0,0.0,0.0,0.0,0.0,0.18,0.0,0.0,0.0,0.0,0.0,0.11,0.0,0.0,0.0,0.0,0.0,0.0,0.0,0.0,0.16,0.16,0.1,0.15,0.0,0.0,0.0,0.0,0.0,0.0
pasta fresca senza uova,0.08,0.0,0.0,0.08,0.24,0.0,0.0,0.0,0.0,0.0,0.16,0.17,0.08,0.0,0.0,0.0,0.0,0.11,0.11,0.0,0.0,0.0,0.0,0.08,0.16,0.22,0.0,0.1,0.0,0.0,0.0,0.0,0.08,0.0,0.07,0.11,0.2,0.08,0.0,0.0,0.0,0.0,0.0,0.16,0.0,0.12,0.0,0.0,0.0,0.0,0.0,0.0,0.08,0.0,0.0,0.0,0.18,0.0,0.14,0.0,0.26,0.0,0.0,0.0,0.17,0.0,0.0,0.0,0.18,0.22,0.0,0.0,0.0,0.0,0.13,0.0,0.13,0.0,0.0,0.0,0.17,0.0,0.13,0.14,0.24,0.0,0.09,0.11,0.11,0.0,0.11,0.23,0.0,0.0,0.0,0.0,0.14,0.0,0.0,0.0,0.11,0.14,0.11,0.0,0.0,0.26,0.23,0.0,0.17,0.0,0.0,0.0,0.0,0.0,0.1,0.0,0.11,0.0,0.0,1.0,0.0,0.0,0.1,0.0,0.0,0.28,0.18,0.11,0.15,0.08,0.0,0.0,0.22,0.08,0.0,0.0,0.0,0.0,0.0,0.0,0.18,0.17,0.0,0.14,0.0,0.1,0.08,0.16,0.0,0.0,0.0,0.0,0.0,0.11,0.17,0.0,0.13,0.0,0.08,0.0,0.24,0.0,0.11,0.1,0.0,0.0,0.0,0.0,0.0,0.0,0.0,0.0,0.2,0.0,0.0,0.11,0.11,0.14,0.1,0.07,0.0,0.09,0.0,0.0,0.1
pasta frolla con uova sode,0.0,0.0,0.0,0.12,0.06,0.0,0.0,0.0,0.0,0.0,0.0,0.0,0.0,0.0,0.14,0.0,0.0,0.0,0.09,0.0,0.0,0.0,0.08,0.0,0.0,0.0,0.0,0.0,0.0,0.0,0.0,0.18,0.12,0.12,0.11,0.0,0.0,0.0,0.0,0.0,0.09,0.06,0.0,0.0,0.06,0.05,0.09,0.0,0.0,0.16,0.0,0.0,0.0,0.0,0.0,0.0,0.07,0.0,0.1,0.0,0.0,0.0,0.0,0.0,0.0,0.08,0.18,0.1,0.0,0.0,0.0,0.0,0.0,0.0,0.0,0.12,0.1,0.0,0.0,0.0,0.0,0.0,0.0,0.0,0.0,0.1,0.0,0.0,0.0,0.0,0.0,0.0,0.0,0.0,0.0,0.0,0.0,0.0,0.0,0.0,0.0,0.0,0.09,0.0,0.0,0.0,0.0,0.0,0.06,0.12,0.0,0.0,0.0,0.0,0.04,0.12,0.0,0.06,0.0,0.0,1.0,0.0,0.08,0.0,0.08,0.0,0.0,0.0,0.0,0.06,0.0,0.0,0.06,0.06,0.0,0.0,0.0,0.0,0.0,0.0,0.0,0.0,0.0,0.06,0.0,0.08,0.06,0.0,0.0,0.0,0.06,0.08,0.06,0.0,0.06,0.0,0.0,0.0,0.0,0.09,0.04,0.0,0.0,0.0,0.0,0.0,0.12,0.0,0.0,0.11,0.0,0.0,0.08,0.0,0.0,0.09,0.0,0.0,0.08,0.06,0.0,0.0,0.0,0.0,0.0
"pasta margherita, la ricetta di una torta senza burro, glutine e lievito",0.0,0.14,0.0,0.0,0.0,0.0,0.0,0.0,0.0,0.0,0.07,0.08,0.0,0.0,0.16,0.0,0.0,0.1,0.1,0.0,0.0,0.0,0.0,0.0,0.0,0.0,0.0,0.09,0.0,0.0,0.0,0.14,0.29,0.07,0.26,0.2,0.09,0.08,0.0,0.0,0.0,0.08,0.0,0.07,0.0,0.0,0.1,0.1,0.09,0.0,0.0,0.0,0.16,0.12,0.0,0.0,0.08,0.0,0.06,0.0,0.16,0.0,0.0,0.0,0.16,0.18,0.0,0.12,0.08,0.07,0.0,0.0,0.12,0.0,0.12,0.29,0.12,0.0,0.0,0.0,0.08,0.0,0.0,0.06,0.07,0.0,0.0,0.1,0.1,0.0,0.1,0.1,0.0,0.24,0.24,0.0,0.0,0.0,0.0,0.0,0.1,0.06,0.0,0.0,0.0,0.08,0.06,0.0,0.08,0.1,0.0,0.0,0.0,0.0,0.05,0.14,0.1,0.0,0.0,0.0,0.0,1.0,0.0,0.0,0.0,0.08,0.08,0.0,0.07,0.0,0.0,0.0,0.14,0.22,0.0,0.0,0.0,0.0,0.0,0.07,0.08,0.05,0.0,0.13,0.0,0.0,0.08,0.14,0.0,0.0,0.0,0.0,0.0,0.1,0.16,0.0,0.12,0.0,0.0,0.0,0.16,0.0,0.0,0.0,0.0,0.08,0.14,0.0,0.0,0.06,0.0,0.0,0.0,0.0,0.0,0.2,0.2,0.13,0.18,0.0,0.0,0.08,0.12,0.0,0.0
pasta olio e parmigiano,0.18,0.0,0.0,0.15,0.32,0.13,0.06,0.0,0.0,0.0,0.08,0.08,0.0,0.0,0.0,0.0,0.0,0.0,0.0,0.0,0.0,0.09,0.0,0.0,0.0,0.11,0.11,0.0,0.0,0.0,0.0,0.0,0.0,0.0,0.0,0.0,0.1,0.0,0.0,0.0,0.11,0.0,0.0,0.08,0.06,0.12,0.0,0.0,0.0,0.0,0.0,0.0,0.0,0.0,0.0,0.0,0.09,0.0,0.14,0.08,0.08,0.14,0.0,0.0,0.08,0.0,0.08,0.0,0.09,0.2,0.08,0.0,0.0,0.0,0.0,0.0,0.0,0.0,0.1,0.0,0.08,0.0,0.0,0.07,0.08,0.0,0.0,0.0,0.0,0.11,0.0,0.12,0.0,0.0,0.0,0.08,0.2,0.06,0.0,0.0,0.0,0.0,0.11,0.0,0.0,0.08,0.06,0.0,0.17,0.05,0.0,0.0,0.0,0.13,0.1,0.0,0.0,0.07,0.0,0.1,0.08,0.0,1.0,0.0,0.0,0.09,0.09,0.0,0.08,0.17,0.0,0.08,0.08,0.0,0.0,0.06,0.1,0.0,0.08,0.0,0.09,0.06,0.06,0.0,0.08,0.1,0.0,0.0,0.0,0.0,0.08,0.1,0.08,0.06,0.08,0.1,0.0,0.0,0.08,0.0,0.0,0.0,0.0,0.1,0.0,0.0,0.0,0.0,0.0,0.0,0.0,0.07,0.36,0.07,0.0,0.0,0.0,0.0,0.0,0.14,0.06,0.09,0.0,0.0,0.1
pasta sfoglia,0.0,0.0,0.0,0.0,0.09,0.0,0.0,0.0,0.0,0.0,0.09,0.1,0.08,0.0,0.1,0.0,0.0,0.12,0.25,0.0,0.0,0.0,0.11,0.1,0.18,0.12,0.0,0.11,0.0,0.0,0.0,0.18,0.18,0.18,0.16,0.12,0.11,0.1,0.0,0.0,0.0,0.1,0.0,0.09,0.0,0.07,0.12,0.0,0.0,0.22,0.0,0.0,0.1,0.0,0.0,0.0,0.2,0.0,0.15,0.0,0.19,0.0,0.0,0.0,0.1,0.11,0.18,0.0,0.1,0.16,0.0,0.0,0.0,0.0,0.14,0.0,0.29,0.0,0.0,0.0,0.1,0.0,0.14,0.08,0.18,0.14,0.1,0.12,0.12,0.0,0.12,0.13,0.0,0.0,0.0,0.0,0.08,0.0,0.0,0.0,0.12,0.08,0.12,0.0,0.0,0.1,0.2,0.0,0.19,0.06,0.0,0.0,0.0,0.0,0.0,0.18,0.12,0.0,0.0,0.0,0.0,0.0,0.0,1.0,0.11,0.2,0.1,0.12,0.08,0.0,0.0,0.0,0.25,0.18,0.0,0.0,0.0,0.0,0.0,0.0,0.1,0.12,0.0,0.16,0.0,0.11,0.19,0.18,0.0,0.0,0.0,0.0,0.0,0.06,0.19,0.0,0.14,0.0,0.0,0.12,0.26,0.0,0.12,0.0,0.0,0.0,0.16,0.0,0.0,0.16,0.0,0.0,0.11,0.0,0.0,0.25,0.12,0.16,0.22,0.0,0.0,0.0,0.0,0.0,0.0
patate in padella,0.0,0.0,0.0,0.0,0.0,0.0,0.0,0.08,0.09,0.06,0.08,0.08,0.08,0.0,0.08,0.08,0.0,0.0,0.0,0.0,0.0,0.0,0.2,0.0,0.0,0.0,0.0,0.1,0.0,0.06,0.0,0.08,0.0,0.08,0.0,0.11,0.0,0.08,0.08,0.0,0.0,0.08,0.06,0.0,0.0,0.0,0.11,0.0,0.0,0.1,0.0,0.0,0.0,0.0,0.08,0.0,0.0,0.0,0.14,0.0,0.0,0.0,0.0,0.1,0.0,0.0,0.08,0.0,0.09,0.08,0.08,0.0,0.0,0.0,0.0,0.0,0.0,0.0,0.0,0.0,0.08,0.0,0.0,0.0,0.08,0.0,0.0,0.0,0.0,0.0,0.11,0.06,0.0,0.0,0.0,0.0,0.0,0.06,0.0,0.0,0.0,0.0,0.0,0.0,0.0,0.0,0.0,0.0,0.0,0.05,0.0,0.08,0.0,0.0,0.06,0.0,0.0,0.07,0.0,0.0,0.08,0.0,0.0,0.11,1.0,0.09,0.09,0.0,0.08,0.08,0.0,0.0,0.0,0.0,0.06,0.0,0.0,0.0,0.08,0.0,0.0,0.0,0.0,0.07,0.08,0.0,0.08,0.0,0.0,0.0,0.0,0.0,0.0,0.0,0.0,0.0,0.0,0.0,0.08,0.22,0.06,0.0,0.0,0.1,0.0,0.0,0.08,0.08,0.06,0.07,0.0,0.07,0.0,0.07,0.0,0.11,0.0,0.0,0.1,0.0,0.06,0.0,0.0,0.0,0.0
patate lesse gustose,0.08,0.0,0.0,0.07,0.14,0.0,0.0,0.07,0.0,0.05,0.22,0.23,0.14,0.0,0.0,0.07,0.06,0.1,0.1,0.12,0.0,0.04,0.0,0.08,0.14,0.2,0.1,0.18,0.0,0.06,0.0,0.0,0.07,0.0,0.06,0.1,0.18,0.16,0.08,0.12,0.0,0.0,0.11,0.14,0.0,0.12,0.0,0.0,0.0,0.0,0.0,0.07,0.08,0.0,0.0,0.07,0.16,0.0,0.18,0.23,0.23,0.24,0.0,0.09,0.16,0.0,0.0,0.0,0.25,0.27,0.29,0.0,0.0,0.0,0.12,0.0,0.12,0.0,0.28,0.0,0.23,0.06,0.12,0.13,0.29,0.0,0.08,0.1,0.1,0.0,0.1,0.26,0.0,0.0,0.0,0.07,0.13,0.22,0.0,0.0,0.1,0.06,0.1,0.0,0.14,0.16,0.21,0.18,0.16,0.0,0.0,0.07,0.0,0.0,0.1,0.0,0.1,0.06,0.0,0.28,0.0,0.08,0.09,0.2,0.09,1.0,0.25,0.1,0.2,0.16,0.12,0.23,0.2,0.07,0.06,0.06,0.18,0.0,0.0,0.0,0.16,0.16,0.18,0.06,0.0,0.09,0.08,0.14,0.0,0.0,0.0,0.0,0.0,0.1,0.16,0.18,0.12,0.09,0.14,0.1,0.16,0.18,0.1,0.18,0.13,0.0,0.0,0.08,0.0,0.0,0.07,0.0,0.18,0.26,0.0,0.1,0.1,0.13,0.09,0.06,0.18,0.08,0.0,0.0,0.09
peperoni arrosto,0.08,0.0,0.0,0.07,0.07,0.0,0.0,0.07,0.0,0.05,0.29,0.23,0.07,0.0,0.0,0.07,0.06,0.1,0.1,0.0,0.0,0.0,0.0,0.0,0.0,0.1,0.0,0.18,0.0,0.0,0.0,0.0,0.07,0.0,0.0,0.1,0.18,0.16,0.08,0.0,0.0,0.0,0.06,0.14,0.0,0.06,0.0,0.0,0.0,0.0,0.0,0.07,0.08,0.0,0.0,0.07,0.16,0.0,0.18,0.16,0.16,0.18,0.0,0.09,0.16,0.0,0.0,0.0,0.25,0.2,0.22,0.0,0.0,0.0,0.0,0.0,0.12,0.0,0.18,0.09,0.23,0.06,0.0,0.13,0.22,0.0,0.08,0.0,0.0,0.1,0.1,0.21,0.0,0.0,0.0,0.07,0.06,0.16,0.0,0.0,0.0,0.06,0.0,0.0,0.07,0.16,0.1,0.09,0.16,0.0,0.0,0.07,0.0,0.0,0.1,0.0,0.0,0.13,0.0,0.18,0.0,0.08,0.09,0.1,0.09,0.25,1.0,0.1,0.27,0.16,0.12,0.16,0.14,0.07,0.06,0.06,0.09,0.0,0.0,0.0,0.16,0.16,0.12,0.06,0.0,0.0,0.08,0.14,0.0,0.0,0.0,0.0,0.0,0.1,0.16,0.09,0.0,0.0,0.14,0.1,0.11,0.09,0.0,0.18,0.06,0.0,0.0,0.08,0.0,0.0,0.0,0.0,0.09,0.2,0.0,0.1,0.1,0.06,0.09,0.06,0.18,0.08,0.0,0.0,0.09
pesche sciroppate,0.0,0.0,0.0,0.0,0.09,0.0,0.0,0.0,0.0,0.0,0.09,0.0,0.08,0.0,0.0,0.0,0.07,0.0,0.0,0.14,0.0,0.05,0.0,0.1,0.18,0.12,0.12,0.0,0.09,0.08,0.0,0.09,0.0,0.09,0.08,0.0,0.0,0.0,0.0,0.14,0.0,0.0,0.06,0.0,0.0,0.07,0.0,0.0,0.0,0.0,0.0,0.08,0.0,0.0,0.09,0.0,0.0,0.0,0.0,0.1,0.1,0.08,0.0,0.0,0.0,0.0,0.0,0.0,0.0,0.08,0.0,0.0,0.0,0.0,0.14,0.0,0.0,0.0,0.11,0.11,0.0,0.0,0.14,0.0,0.09,0.0,0.3,0.12,0.12,0.12,0.0,0.06,0.0,0.0,0.0,0.08,0.08,0.0,0.0,0.0,0.12,0.0,0.12,0.0,0.09,0.0,0.13,0.11,0.0,0.06,0.0,0.0,0.0,0.0,0.0,0.0,0.12,0.0,0.0,0.11,0.0,0.0,0.0,0.12,0.0,0.1,0.1,1.0,0.0,0.0,0.0,0.1,0.08,0.0,0.0,0.0,0.11,0.0,0.0,0.0,0.0,0.06,0.07,0.0,0.0,0.22,0.0,0.0,0.0,0.11,0.0,0.0,0.0,0.0,0.0,0.11,0.14,0.22,0.0,0.0,0.06,0.11,0.25,0.0,0.08,0.0,0.0,0.0,0.0,0.0,0.08,0.0,0.11,0.08,0.0,0.0,0.0,0.08,0.0,0.0,0.0,0.0,0.0,0.14,0.0
pesto di melanzane light,0.12,0.0,0.0,0.11,0.06,0.0,0.0,0.06,0.0,0.04,0.18,0.19,0.06,0.0,0.0,0.06,0.05,0.08,0.08,0.0,0.0,0.0,0.0,0.0,0.0,0.08,0.0,0.15,0.0,0.0,0.0,0.0,0.06,0.0,0.0,0.08,0.15,0.12,0.06,0.0,0.0,0.0,0.04,0.12,0.0,0.04,0.0,0.0,0.0,0.0,0.0,0.06,0.06,0.0,0.0,0.06,0.14,0.0,0.15,0.12,0.12,0.15,0.0,0.08,0.12,0.0,0.0,0.0,0.2,0.22,0.18,0.0,0.0,0.0,0.0,0.0,0.1,0.0,0.15,0.0,0.19,0.06,0.0,0.1,0.18,0.0,0.0,0.0,0.0,0.0,0.08,0.17,0.0,0.0,0.0,0.06,0.06,0.14,0.0,0.0,0.0,0.06,0.0,0.0,0.06,0.12,0.08,0.08,0.12,0.0,0.0,0.06,0.0,0.0,0.12,0.0,0.0,0.1,0.0,0.15,0.0,0.07,0.08,0.08,0.08,0.2,0.27,0.0,1.0,0.19,0.1,0.12,0.11,0.06,0.05,0.04,0.08,0.0,0.0,0.0,0.14,0.12,0.1,0.06,0.0,0.0,0.06,0.12,0.0,0.0,0.06,0.0,0.0,0.16,0.19,0.08,0.0,0.0,0.11,0.08,0.09,0.08,0.0,0.15,0.06,0.0,0.0,0.06,0.0,0.0,0.0,0.0,0.08,0.16,0.0,0.08,0.08,0.06,0.08,0.06,0.2,0.07,0.0,0.0,0.08
pesto di prezzemolo e mandorle,0.14,0.0,0.0,0.19,0.14,0.11,0.05,0.0,0.0,0.0,0.14,0.14,0.06,0.0,0.0,0.0,0.0,0.0,0.0,0.0,0.0,0.08,0.08,0.0,0.0,0.1,0.1,0.08,0.0,0.0,0.0,0.0,0.0,0.0,0.0,0.0,0.08,0.07,0.0,0.0,0.1,0.0,0.0,0.06,0.06,0.1,0.0,0.0,0.0,0.08,0.0,0.0,0.0,0.36,0.0,0.0,0.08,0.0,0.17,0.07,0.07,0.12,0.11,0.08,0.14,0.0,0.06,0.0,0.16,0.19,0.14,0.0,0.0,0.0,0.0,0.0,0.0,0.0,0.08,0.0,0.14,0.0,0.36,0.06,0.14,0.0,0.0,0.0,0.0,0.1,0.0,0.14,0.0,0.0,0.0,0.06,0.12,0.1,0.0,0.0,0.0,0.0,0.1,0.0,0.0,0.07,0.05,0.0,0.07,0.08,0.0,0.0,0.0,0.11,0.18,0.0,0.0,0.18,0.0,0.08,0.06,0.0,0.17,0.0,0.08,0.16,0.16,0.0,0.19,1.0,0.0,0.07,0.12,0.0,0.0,0.1,0.08,0.0,0.06,0.0,0.08,0.04,0.06,0.06,0.07,0.08,0.07,0.0,0.0,0.0,0.14,0.08,0.06,0.14,0.14,0.08,0.0,0.0,0.12,0.19,0.0,0.0,0.0,0.17,0.0,0.0,0.0,0.0,0.0,0.0,0.0,0.12,0.17,0.18,0.0,0.0,0.0,0.0,0.0,0.12,0.12,0.08,0.0,0.0,0.08
pici,0.0,0.0,0.0,0.0,0.0,0.0,0.0,0.0,0.0,0.0,0.1,0.11,0.0,0.0,0.0,0.0,0.0,0.14,0.29,0.0,0.0,0.0,0.0,0.0,0.0,0.0,0.0,0.13,0.0,0.0,0.0,0.1,0.2,0.1,0.09,0.14,0.13,0.11,0.0,0.0,0.0,0.0,0.0,0.1,0.0,0.0,0.0,0.0,0.0,0.13,0.0,0.0,0.11,0.0,0.0,0.0,0.24,0.0,0.08,0.0,0.11,0.0,0.0,0.0,0.11,0.13,0.1,0.0,0.12,0.1,0.0,0.0,0.0,0.0,0.0,0.0,0.34,0.0,0.0,0.0,0.11,0.0,0.0,0.09,0.1,0.16,0.0,0.0,0.0,0.0,0.14,0.08,0.0,0.0,0.0,0.0,0.0,0.0,0.0,0.0,0.0,0.09,0.0,0.0,0.0,0.11,0.08,0.0,0.32,0.0,0.0,0.0,0.0,0.0,0.0,0.2,0.0,0.0,0.0,0.0,0.0,0.0,0.0,0.0,0.0,0.12,0.12,0.0,0.1,0.0,1.0,0.0,0.19,0.2,0.0,0.0,0.0,0.0,0.0,0.0,0.12,0.07,0.0,0.09,0.0,0.0,0.11,0.2,0.0,0.0,0.0,0.0,0.0,0.07,0.22,0.0,0.0,0.0,0.0,0.0,0.16,0.0,0.0,0.0,0.0,0.0,0.1,0.0,0.0,0.09,0.0,0.0,0.0,0.0,0.0,0.14,0.14,0.09,0.13,0.0,0.0,0.0,0.0,0.0,0.0
pizza senza impasto,0.07,0.0,0.0,0.06,0.14,0.0,0.0,0.0,0.0,0.0,0.14,0.14,0.06,0.0,0.0,0.0,0.0,0.1,0.1,0.0,0.0,0.0,0.0,0.07,0.14,0.19,0.0,0.08,0.0,0.0,0.0,0.0,0.06,0.0,0.06,0.1,0.26,0.07,0.0,0.0,0.0,0.07,0.0,0.14,0.0,0.1,0.0,0.0,0.0,0.0,0.0,0.0,0.07,0.0,0.0,0.0,0.16,0.0,0.12,0.0,0.28,0.0,0.0,0.0,0.14,0.0,0.0,0.0,0.16,0.19,0.0,0.0,0.0,0.0,0.11,0.0,0.11,0.0,0.0,0.0,0.14,0.0,0.11,0.12,0.2,0.0,0.08,0.1,0.1,0.0,0.1,0.2,0.0,0.0,0.0,0.0,0.12,0.0,0.0,0.0,0.1,0.06,0.1,0.0,0.0,0.14,0.24,0.0,0.14,0.08,0.06,0.0,0.0,0.0,0.04,0.0,0.19,0.0,0.0,0.0,0.0,0.0,0.08,0.0,0.0,0.23,0.16,0.1,0.12,0.07,0.0,1.0,0.19,0.06,0.0,0.0,0.0,0.0,0.0,0.0,0.16,0.14,0.0,0.06,0.0,0.08,0.07,0.14,0.0,0.0,0.0,0.0,0.0,0.1,0.14,0.0,0.11,0.0,0.06,0.0,0.15,0.0,0.1,0.08,0.0,0.0,0.0,0.0,0.0,0.0,0.0,0.0,0.17,0.0,0.0,0.1,0.1,0.12,0.08,0.06,0.0,0.08,0.0,0.0,0.08
pizza senza lievitazione,0.06,0.12,0.0,0.06,0.12,0.0,0.04,0.16,0.07,0.2,0.12,0.12,0.06,0.0,0.06,0.11,0.05,0.08,0.16,0.1,0.0,0.07,0.08,0.06,0.12,0.16,0.08,0.08,0.0,0.1,0.0,0.06,0.18,0.06,0.16,0.16,0.15,0.06,0.12,0.1,0.0,0.06,0.18,0.12,0.0,0.09,0.08,0.08,0.08,0.15,0.14,0.06,0.12,0.1,0.06,0.16,0.2,0.12,0.1,0.19,0.25,0.25,0.1,0.15,0.19,0.15,0.06,0.0,0.14,0.16,0.12,0.0,0.1,0.0,0.19,0.0,0.19,0.0,0.22,0.0,0.12,0.1,0.1,0.1,0.18,0.1,0.07,0.16,0.16,0.0,0.08,0.17,0.0,0.1,0.1,0.06,0.16,0.09,0.0,0.0,0.16,0.06,0.08,0.0,0.24,0.12,0.17,0.22,0.19,0.0,0.0,0.12,0.0,0.1,0.04,0.12,0.16,0.0,0.0,0.22,0.06,0.14,0.08,0.25,0.0,0.2,0.14,0.08,0.11,0.12,0.19,0.19,1.0,0.18,0.1,0.09,0.22,0.0,0.12,0.06,0.14,0.12,0.14,0.1,0.06,0.08,0.12,0.12,0.0,0.0,0.0,0.0,0.0,0.08,0.19,0.15,0.19,0.08,0.06,0.08,0.14,0.22,0.08,0.08,0.21,0.06,0.06,0.12,0.09,0.1,0.16,0.1,0.15,0.26,0.0,0.08,0.08,0.1,0.08,0.06,0.1,0.07,0.1,0.0,0.08
"plumcake al latte, la ricetta base da imparare a memoria",0.0,0.12,0.0,0.0,0.0,0.1,0.04,0.18,0.07,0.38,0.06,0.06,0.0,0.0,0.14,0.12,0.1,0.09,0.18,0.0,0.0,0.04,0.0,0.0,0.0,0.0,0.0,0.08,0.0,0.06,0.0,0.68,0.25,0.12,0.17,0.18,0.08,0.06,0.2,0.0,0.0,0.14,0.24,0.06,0.0,0.0,0.09,0.09,0.24,0.16,0.14,0.06,0.2,0.1,0.18,0.36,0.14,0.25,0.06,0.06,0.14,0.1,0.0,0.16,0.14,0.24,0.06,0.0,0.07,0.06,0.06,0.0,0.1,0.0,0.1,0.0,0.2,0.0,0.08,0.0,0.06,0.17,0.0,0.06,0.06,0.1,0.0,0.09,0.09,0.0,0.26,0.09,0.0,0.1,0.1,0.06,0.0,0.04,0.0,0.0,0.09,0.11,0.0,0.0,0.31,0.06,0.04,0.16,0.14,0.04,0.0,0.12,0.0,0.2,0.04,0.25,0.09,0.0,0.12,0.08,0.06,0.22,0.0,0.18,0.0,0.07,0.07,0.0,0.06,0.0,0.2,0.06,0.18,1.0,0.16,0.1,0.08,0.0,0.18,0.06,0.07,0.04,0.05,0.11,0.06,0.0,0.06,0.12,0.06,0.0,0.0,0.0,0.06,0.04,0.14,0.0,0.1,0.0,0.0,0.0,0.14,0.16,0.0,0.0,0.44,0.14,0.24,0.2,0.19,0.17,0.36,0.11,0.0,0.11,0.0,0.18,0.18,0.11,0.16,0.0,0.06,0.0,0.1,0.0,0.0
plumcake classico,0.0,0.0,0.0,0.0,0.0,0.0,0.0,0.0,0.0,0.0,0.05,0.06,0.0,0.0,0.06,0.0,0.0,0.07,0.14,0.0,0.0,0.0,0.06,0.0,0.0,0.0,0.0,0.06,0.0,0.0,0.0,0.26,0.2,0.2,0.14,0.07,0.06,0.06,0.0,0.0,0.0,0.06,0.0,0.05,0.0,0.0,0.14,0.0,0.06,0.13,0.0,0.0,0.06,0.0,0.0,0.0,0.12,0.0,0.08,0.0,0.06,0.0,0.0,0.0,0.11,0.13,0.1,0.0,0.06,0.05,0.0,0.0,0.0,0.0,0.0,0.0,0.16,0.0,0.0,0.0,0.06,0.0,0.0,0.04,0.05,0.08,0.0,0.0,0.0,0.0,0.07,0.08,0.0,0.0,0.0,0.0,0.0,0.0,0.0,0.0,0.0,0.09,0.0,0.0,0.0,0.06,0.04,0.0,0.11,0.1,0.05,0.0,0.0,0.0,0.04,0.2,0.0,0.0,0.0,0.0,0.0,0.0,0.0,0.0,0.06,0.06,0.06,0.0,0.05,0.0,0.0,0.0,0.1,0.16,1.0,0.0,0.0,0.0,0.0,0.0,0.06,0.04,0.0,0.14,0.0,0.0,0.11,0.1,0.0,0.06,0.0,0.0,0.0,0.04,0.11,0.0,0.0,0.0,0.0,0.07,0.16,0.0,0.0,0.0,0.0,0.0,0.19,0.0,0.0,0.14,0.0,0.0,0.0,0.0,0.0,0.22,0.14,0.09,0.2,0.0,0.0,0.0,0.0,0.0,0.0
polpettone farcito,0.05,0.0,0.0,0.04,0.05,0.0,0.0,0.0,0.0,0.0,0.05,0.05,0.0,0.0,0.05,0.0,0.0,0.0,0.0,0.0,0.0,0.0,0.06,0.0,0.0,0.07,0.0,0.0,0.0,0.0,0.0,0.1,0.05,0.05,0.04,0.0,0.06,0.05,0.0,0.0,0.0,0.05,0.0,0.05,0.0,0.04,0.0,0.0,0.06,0.12,0.0,0.0,0.05,0.0,0.0,0.0,0.12,0.0,0.04,0.0,0.05,0.0,0.08,0.0,0.16,0.06,0.0,0.0,0.17,0.04,0.0,0.0,0.0,0.0,0.0,0.0,0.0,0.0,0.0,0.0,0.1,0.0,0.0,0.04,0.05,0.0,0.0,0.0,0.0,0.0,0.07,0.1,0.0,0.0,0.0,0.0,0.09,0.0,0.0,0.0,0.0,0.0,0.0,0.0,0.0,0.05,0.04,0.0,0.1,0.03,0.0,0.0,0.0,0.0,0.06,0.1,0.0,0.0,0.0,0.0,0.0,0.0,0.06,0.0,0.0,0.06,0.06,0.0,0.04,0.1,0.0,0.0,0.09,0.1,0.0,1.0,0.0,0.0,0.0,0.0,0.06,0.04,0.0,0.09,0.0,0.0,0.05,0.0,0.0,0.0,0.0,0.0,0.04,0.04,0.05,0.0,0.0,0.0,0.04,0.07,0.04,0.0,0.0,0.12,0.0,0.05,0.09,0.0,0.0,0.04,0.0,0.0,0.06,0.0,0.0,0.07,0.07,0.04,0.06,0.04,0.0,0.06,0.0,0.0,0.06
pop corn caramellati,0.08,0.16,0.0,0.08,0.16,0.0,0.0,0.0,0.0,0.0,0.08,0.08,0.08,0.0,0.08,0.0,0.0,0.0,0.0,0.0,0.0,0.0,0.0,0.08,0.16,0.22,0.0,0.0,0.0,0.0,0.0,0.0,0.08,0.0,0.14,0.11,0.1,0.0,0.0,0.0,0.0,0.08,0.0,0.08,0.0,0.12,0.11,0.11,0.1,0.0,0.0,0.0,0.08,0.13,0.0,0.0,0.09,0.0,0.06,0.0,0.26,0.0,0.0,0.0,0.08,0.1,0.0,0.0,0.09,0.15,0.0,0.0,0.13,0.0,0.26,0.0,0.0,0.0,0.0,0.0,0.08,0.0,0.26,0.07,0.16,0.0,0.09,0.22,0.22,0.0,0.0,0.18,0.0,0.13,0.13,0.0,0.14,0.0,0.0,0.0,0.22,0.0,0.11,0.0,0.0,0.08,0.18,0.0,0.08,0.0,0.0,0.0,0.0,0.0,0.06,0.0,0.22,0.0,0.0,0.0,0.0,0.0,0.1,0.0,0.0,0.18,0.09,0.11,0.08,0.08,0.0,0.0,0.22,0.08,0.0,0.0,1.0,0.0,0.0,0.08,0.09,0.11,0.0,0.0,0.0,0.1,0.0,0.0,0.0,0.0,0.0,0.0,0.0,0.06,0.08,0.0,0.26,0.0,0.08,0.0,0.06,0.0,0.11,0.1,0.0,0.08,0.0,0.0,0.0,0.07,0.0,0.0,0.2,0.0,0.0,0.0,0.0,0.07,0.0,0.07,0.0,0.09,0.13,0.0,0.1
porridge classico,0.0,0.0,0.0,0.0,0.0,0.0,0.0,0.0,0.0,0.0,0.0,0.0,0.0,0.0,0.0,0.0,0.0,0.0,0.0,0.0,0.0,0.0,0.0,0.0,0.0,0.0,0.0,0.0,0.0,0.0,0.0,0.0,0.0,0.0,0.0,0.0,0.0,0.0,0.0,0.0,0.0,0.0,0.0,0.0,0.0,0.0,0.0,0.0,0.0,0.0,0.0,0.0,0.0,0.0,0.0,0.0,0.0,0.0,0.0,0.0,0.0,0.0,0.0,0.0,0.0,0.0,0.0,0.0,0.0,0.0,0.0,0.0,0.0,0.0,0.0,0.0,0.0,0.0,0.0,0.0,0.0,0.0,0.0,0.0,0.0,0.0,0.0,0.0,0.0,0.0,0.0,0.0,0.0,0.0,0.0,0.0,0.0,0.0,0.0,0.0,0.0,0.0,0.0,0.0,0.0,0.0,0.0,0.0,0.0,0.0,0.12,0.0,0.0,0.0,0.0,0.0,0.0,0.0,0.0,0.0,0.0,0.0,0.0,0.0,0.0,0.0,0.0,0.0,0.0,0.0,0.0,0.0,0.0,0.0,0.0,0.0,0.0,1.0,0.0,0.0,0.0,0.0,0.0,0.0,0.0,0.0,0.0,0.0,0.0,0.0,0.0,0.0,0.0,0.0,0.0,0.0,0.0,0.0,0.0,0.0,0.0,0.0,0.0,0.0,0.0,0.0,0.0,0.0,0.0,0.0,0.0,0.0,0.0,0.0,0.0,0.0,0.0,0.0,0.0,0.0,0.0,0.0,0.0,0.0,0.0
preparato per brownies in barattolo,0.0,0.12,0.0,0.06,0.06,0.0,0.0,0.0,0.0,0.0,0.0,0.0,0.0,0.0,0.2,0.0,0.0,0.09,0.09,0.0,0.0,0.0,0.08,0.0,0.0,0.0,0.0,0.0,0.0,0.0,0.0,0.18,0.18,0.18,0.17,0.09,0.0,0.0,0.0,0.0,0.09,0.14,0.0,0.0,0.06,0.05,0.18,0.09,0.08,0.16,0.0,0.0,0.14,0.1,0.0,0.0,0.07,0.0,0.1,0.0,0.06,0.0,0.0,0.0,0.06,0.24,0.18,0.0,0.0,0.0,0.0,0.0,0.1,0.0,0.2,0.0,0.1,0.09,0.0,0.0,0.0,0.0,0.0,0.0,0.0,0.1,0.0,0.09,0.09,0.0,0.0,0.04,0.0,0.1,0.1,0.0,0.0,0.0,0.0,0.08,0.09,0.0,0.09,0.0,0.0,0.0,0.0,0.0,0.06,0.12,0.0,0.0,0.0,0.0,0.08,0.25,0.09,0.06,0.0,0.0,0.0,0.0,0.08,0.0,0.08,0.0,0.0,0.0,0.0,0.06,0.0,0.0,0.12,0.18,0.0,0.0,0.0,0.0,1.0,0.06,0.0,0.0,0.0,0.11,0.0,0.08,0.06,0.0,0.0,0.0,0.06,0.08,0.06,0.0,0.06,0.0,0.2,0.0,0.0,0.09,0.1,0.0,0.0,0.0,0.0,0.06,0.24,0.0,0.0,0.17,0.0,0.0,0.08,0.0,0.0,0.18,0.09,0.06,0.16,0.06,0.0,0.0,0.1,0.0,0.0
preparato per vin brûlé,0.0,0.12,0.0,0.0,0.0,0.0,0.0,0.06,0.0,0.08,0.0,0.0,0.0,0.0,0.06,0.06,0.0,0.0,0.0,0.0,0.0,0.0,0.0,0.0,0.0,0.0,0.0,0.0,0.0,0.06,0.0,0.0,0.06,0.0,0.06,0.09,0.0,0.0,0.0,0.0,0.0,0.06,0.04,0.0,0.0,0.0,0.09,0.09,0.08,0.0,0.07,0.0,0.06,0.1,0.0,0.06,0.0,0.0,0.0,0.0,0.06,0.0,0.0,0.08,0.0,0.08,0.0,0.0,0.0,0.0,0.0,0.0,0.1,0.0,0.1,0.0,0.0,0.09,0.0,0.0,0.0,0.17,0.0,0.0,0.0,0.0,0.0,0.09,0.09,0.0,0.0,0.0,0.0,0.1,0.1,0.0,0.0,0.0,0.0,0.0,0.09,0.0,0.0,0.0,0.06,0.0,0.0,0.08,0.0,0.0,0.0,0.06,0.0,0.0,0.0,0.0,0.09,0.0,0.0,0.0,0.0,0.07,0.0,0.0,0.0,0.0,0.0,0.0,0.0,0.0,0.0,0.0,0.06,0.06,0.0,0.0,0.08,0.0,0.06,1.0,0.0,0.0,0.0,0.0,0.0,0.0,0.0,0.0,0.0,0.0,0.0,0.0,0.0,0.0,0.0,0.0,0.1,0.0,0.0,0.0,0.0,0.0,0.0,0.0,0.06,0.06,0.0,0.0,0.1,0.06,0.06,0.0,0.0,0.0,0.0,0.0,0.0,0.06,0.0,0.0,0.0,0.0,0.1,0.0,0.0
purea di patate senza latte,0.08,0.0,0.0,0.07,0.14,0.0,0.0,0.07,0.0,0.05,0.22,0.23,0.0,0.0,0.0,0.07,0.06,0.1,0.1,0.0,0.0,0.08,0.09,0.0,0.0,0.1,0.0,0.09,0.0,0.0,0.0,0.0,0.07,0.0,0.0,0.1,0.18,0.08,0.08,0.0,0.0,0.0,0.06,0.22,0.0,0.06,0.0,0.0,0.0,0.09,0.0,0.07,0.08,0.0,0.0,0.07,0.25,0.0,0.18,0.16,0.16,0.18,0.12,0.09,0.16,0.0,0.0,0.0,0.16,0.14,0.14,0.0,0.0,0.0,0.0,0.0,0.12,0.0,0.18,0.0,0.16,0.06,0.0,0.13,0.14,0.0,0.0,0.0,0.0,0.0,0.1,0.21,0.0,0.0,0.0,0.07,0.06,0.11,0.0,0.0,0.0,0.06,0.0,0.0,0.07,0.16,0.1,0.09,0.16,0.0,0.0,0.07,0.0,0.0,0.05,0.0,0.0,0.0,0.0,0.18,0.0,0.08,0.09,0.1,0.0,0.16,0.16,0.0,0.14,0.08,0.12,0.16,0.14,0.07,0.06,0.06,0.09,0.0,0.0,0.0,1.0,0.16,0.12,0.13,0.0,0.0,0.16,0.14,0.0,0.0,0.0,0.0,0.07,0.1,0.16,0.09,0.0,0.0,0.07,0.0,0.11,0.09,0.0,0.18,0.06,0.0,0.0,0.08,0.0,0.0,0.0,0.0,0.09,0.13,0.0,0.2,0.2,0.06,0.18,0.2,0.18,0.08,0.0,0.0,0.09
ragù di soia vegetale,0.1,0.0,0.0,0.04,0.14,0.0,0.0,0.04,0.0,0.03,0.09,0.1,0.16,0.0,0.0,0.04,0.04,0.06,0.06,0.07,0.0,0.18,0.0,0.14,0.09,0.19,0.06,0.06,0.0,0.04,0.0,0.0,0.04,0.0,0.04,0.06,0.11,0.1,0.04,0.07,0.0,0.0,0.06,0.14,0.15,0.07,0.0,0.0,0.0,0.06,0.0,0.04,0.04,0.0,0.0,0.04,0.1,0.0,0.08,0.14,0.14,0.15,0.0,0.06,0.19,0.0,0.0,0.0,0.1,0.16,0.09,0.0,0.0,0.0,0.07,0.0,0.07,0.0,0.17,0.0,0.1,0.04,0.07,0.16,0.18,0.0,0.05,0.06,0.12,0.0,0.06,0.2,0.0,0.0,0.0,0.04,0.2,0.14,0.0,0.0,0.06,0.04,0.12,0.0,0.09,0.1,0.13,0.11,0.1,0.0,0.0,0.04,0.0,0.0,0.12,0.0,0.06,0.04,0.0,0.17,0.0,0.05,0.06,0.12,0.0,0.16,0.16,0.06,0.12,0.04,0.07,0.14,0.12,0.04,0.04,0.04,0.11,0.0,0.0,0.0,0.16,1.0,0.14,0.12,0.0,0.06,0.04,0.09,0.04,0.0,0.0,0.0,0.0,0.06,0.14,0.11,0.07,0.11,0.04,0.0,0.14,0.11,0.06,0.06,0.08,0.0,0.0,0.04,0.0,0.0,0.04,0.0,0.11,0.12,0.0,0.06,0.06,0.16,0.06,0.08,0.08,0.1,0.0,0.0,0.11
ragù rosso di carne,0.06,0.0,0.0,0.05,0.1,0.0,0.0,0.0,0.0,0.0,0.1,0.11,0.1,0.0,0.0,0.0,0.0,0.14,0.07,0.0,0.0,0.0,0.0,0.16,0.1,0.14,0.0,0.06,0.0,0.0,0.0,0.0,0.05,0.0,0.04,0.07,0.2,0.06,0.0,0.0,0.0,0.0,0.0,0.1,0.04,0.08,0.0,0.0,0.0,0.0,0.0,0.0,0.06,0.0,0.0,0.0,0.12,0.0,0.08,0.0,0.16,0.0,0.0,0.0,0.11,0.0,0.0,0.0,0.12,0.14,0.0,0.0,0.0,0.0,0.08,0.0,0.08,0.07,0.0,0.0,0.11,0.0,0.08,0.09,0.2,0.0,0.06,0.07,0.07,0.0,0.07,0.15,0.0,0.0,0.0,0.0,0.14,0.0,0.0,0.0,0.07,0.04,0.07,0.0,0.0,0.11,0.15,0.0,0.11,0.0,0.0,0.0,0.0,0.0,0.07,0.0,0.07,0.0,0.0,0.0,0.0,0.0,0.06,0.0,0.0,0.18,0.12,0.07,0.1,0.06,0.0,0.0,0.14,0.05,0.0,0.0,0.0,0.0,0.0,0.0,0.12,0.14,1.0,0.04,0.0,0.06,0.06,0.1,0.0,0.0,0.0,0.0,0.0,0.07,0.11,0.0,0.08,0.0,0.05,0.0,0.12,0.0,0.07,0.06,0.0,0.0,0.05,0.0,0.0,0.0,0.0,0.0,0.13,0.0,0.0,0.07,0.07,0.09,0.06,0.04,0.0,0.06,0.0,0.0,0.06
ravioli asparagi e ricotta,0.0,0.0,0.0,0.0,0.11,0.18,0.0,0.1,0.06,0.08,0.06,0.06,0.0,0.0,0.06,0.1,0.04,0.08,0.08,0.0,0.0,0.03,0.14,0.0,0.0,0.0,0.0,0.07,0.06,0.05,0.0,0.11,0.34,0.11,0.05,0.08,0.07,0.06,0.12,0.0,0.0,0.06,0.12,0.06,0.0,0.0,0.08,0.0,0.0,0.21,0.0,0.1,0.06,0.0,0.06,0.1,0.06,0.11,0.1,0.06,0.06,0.05,0.09,0.28,0.24,0.07,0.06,0.0,0.06,0.06,0.06,0.0,0.0,0.0,0.0,0.0,0.09,0.0,0.07,0.0,0.06,0.05,0.0,0.05,0.06,0.0,0.0,0.0,0.0,0.0,0.08,0.08,0.0,0.0,0.0,0.1,0.05,0.04,0.0,0.0,0.0,0.32,0.0,0.0,0.06,0.12,0.04,0.07,0.06,0.11,0.0,0.11,0.0,0.09,0.08,0.11,0.0,0.0,0.21,0.14,0.06,0.13,0.0,0.16,0.07,0.06,0.06,0.0,0.06,0.06,0.09,0.06,0.1,0.11,0.14,0.09,0.0,0.0,0.11,0.0,0.13,0.12,0.04,1.0,0.06,0.0,0.18,0.11,0.0,0.0,0.0,0.0,0.0,0.04,0.12,0.0,0.0,0.0,0.0,0.16,0.26,0.07,0.0,0.0,0.1,0.0,0.1,0.18,0.12,0.05,0.06,0.15,0.0,0.1,0.0,0.24,0.16,0.15,0.21,0.05,0.05,0.0,0.0,0.0,0.0
ricetta della pasta frolla classica,0.0,0.0,0.0,0.06,0.06,0.0,0.0,0.0,0.0,0.0,0.0,0.0,0.0,0.0,0.14,0.0,0.0,0.0,0.1,0.0,0.0,0.0,0.08,0.0,0.0,0.0,0.0,0.0,0.0,0.0,0.0,0.2,0.14,0.14,0.18,0.0,0.0,0.0,0.0,0.0,0.1,0.07,0.0,0.0,0.06,0.1,0.1,0.0,0.0,0.17,0.0,0.0,0.07,0.0,0.0,0.0,0.08,0.0,0.12,0.0,0.0,0.0,0.0,0.0,0.0,0.08,0.2,0.11,0.0,0.0,0.0,0.0,0.0,0.0,0.0,0.14,0.11,0.0,0.0,0.0,0.0,0.0,0.0,0.0,0.0,0.11,0.0,0.0,0.0,0.0,0.0,0.0,0.0,0.0,0.0,0.0,0.0,0.0,0.0,0.0,0.0,0.0,0.1,0.0,0.0,0.0,0.0,0.0,0.07,0.13,0.0,0.0,0.0,0.0,0.04,0.14,0.0,0.06,0.0,0.0,0.0,0.0,0.08,0.0,0.08,0.0,0.0,0.0,0.0,0.07,0.0,0.0,0.06,0.06,0.0,0.0,0.0,0.0,0.0,0.0,0.0,0.0,0.0,0.06,1.0,0.08,0.07,0.0,0.0,0.0,0.06,0.08,0.06,0.0,0.07,0.0,0.0,0.0,0.0,0.1,0.05,0.0,0.0,0.0,0.0,0.0,0.12,0.0,0.0,0.12,0.0,0.0,0.08,0.0,0.0,0.1,0.0,0.0,0.08,0.06,0.0,0.0,0.0,0.0,0.0
riso per sushi,0.0,0.0,0.0,0.08,0.16,0.13,0.06,0.0,0.0,0.0,0.0,0.0,0.08,0.0,0.0,0.0,0.06,0.0,0.0,0.13,0.0,0.14,0.0,0.08,0.16,0.11,0.22,0.0,0.08,0.06,0.0,0.08,0.0,0.08,0.07,0.0,0.0,0.0,0.0,0.13,0.11,0.0,0.06,0.0,0.06,0.12,0.0,0.0,0.0,0.0,0.0,0.08,0.0,0.0,0.08,0.0,0.0,0.0,0.06,0.08,0.08,0.06,0.0,0.0,0.0,0.0,0.08,0.0,0.0,0.08,0.0,0.0,0.0,0.0,0.13,0.0,0.0,0.0,0.1,0.0,0.0,0.0,0.13,0.0,0.08,0.0,0.18,0.11,0.11,0.11,0.0,0.06,0.0,0.0,0.0,0.08,0.07,0.0,0.0,0.0,0.11,0.0,0.22,0.0,0.08,0.0,0.12,0.1,0.0,0.1,0.0,0.0,0.0,0.13,0.06,0.0,0.11,0.07,0.0,0.1,0.08,0.0,0.1,0.11,0.0,0.09,0.0,0.22,0.0,0.08,0.0,0.08,0.08,0.0,0.0,0.0,0.1,0.0,0.08,0.0,0.0,0.06,0.06,0.0,0.08,1.0,0.0,0.0,0.0,0.1,0.08,0.1,0.08,0.0,0.0,0.1,0.13,0.2,0.0,0.0,0.06,0.1,0.22,0.0,0.07,0.0,0.0,0.0,0.0,0.0,0.08,0.07,0.2,0.07,0.0,0.0,0.0,0.07,0.0,0.07,0.0,0.0,0.0,0.13,0.0
"risotto al tartufo bianco, la ricetta per degustare il fungo più prezioso",0.0,0.0,0.0,0.0,0.0,0.0,0.0,0.12,0.08,0.09,0.14,0.14,0.0,0.0,0.07,0.12,0.06,0.1,0.1,0.0,0.0,0.0,0.17,0.0,0.0,0.0,0.0,0.08,0.0,0.06,0.0,0.06,0.06,0.06,0.0,0.1,0.08,0.07,0.14,0.0,0.0,0.07,0.1,0.2,0.0,0.0,0.1,0.0,0.0,0.17,0.0,0.06,0.07,0.0,0.06,0.06,0.16,0.0,0.17,0.07,0.07,0.06,0.22,0.26,0.14,0.0,0.06,0.0,0.08,0.06,0.06,0.0,0.0,0.0,0.0,0.0,0.11,0.0,0.08,0.0,0.07,0.06,0.0,0.06,0.06,0.0,0.0,0.0,0.0,0.0,0.1,0.1,0.0,0.0,0.0,0.0,0.06,0.05,0.0,0.0,0.0,0.06,0.0,0.0,0.06,0.07,0.05,0.08,0.07,0.04,0.0,0.14,0.0,0.0,0.0,0.0,0.0,0.0,0.0,0.08,0.06,0.08,0.0,0.19,0.08,0.08,0.08,0.0,0.06,0.07,0.11,0.07,0.12,0.06,0.11,0.05,0.0,0.0,0.06,0.0,0.16,0.04,0.06,0.18,0.07,0.0,1.0,0.14,0.0,0.0,0.0,0.0,0.06,0.04,0.07,0.0,0.0,0.0,0.0,0.19,0.15,0.08,0.0,0.0,0.06,0.0,0.06,0.14,0.05,0.06,0.0,0.12,0.0,0.12,0.0,0.28,0.19,0.06,0.26,0.0,0.12,0.0,0.0,0.0,0.0
sale al vino rosso,0.0,0.0,0.0,0.0,0.0,0.0,0.0,0.12,0.0,0.08,0.12,0.14,0.0,0.0,0.0,0.12,0.1,0.18,0.18,0.0,0.0,0.0,0.0,0.0,0.0,0.0,0.0,0.16,0.0,0.0,0.0,0.0,0.12,0.0,0.0,0.18,0.16,0.14,0.14,0.0,0.0,0.0,0.1,0.12,0.0,0.0,0.0,0.0,0.0,0.0,0.0,0.12,0.14,0.0,0.0,0.12,0.14,0.0,0.1,0.14,0.14,0.1,0.0,0.16,0.14,0.0,0.0,0.0,0.14,0.12,0.12,0.0,0.0,0.0,0.0,0.0,0.2,0.0,0.16,0.0,0.3,0.11,0.0,0.22,0.12,0.0,0.0,0.0,0.0,0.0,0.42,0.09,0.0,0.0,0.0,0.0,0.0,0.1,0.0,0.0,0.0,0.11,0.0,0.0,0.12,0.14,0.09,0.16,0.14,0.0,0.0,0.12,0.0,0.0,0.0,0.0,0.0,0.0,0.0,0.16,0.0,0.14,0.0,0.18,0.0,0.14,0.14,0.0,0.12,0.0,0.2,0.14,0.12,0.12,0.1,0.0,0.0,0.0,0.0,0.0,0.14,0.09,0.1,0.11,0.0,0.0,0.14,1.0,0.0,0.0,0.0,0.0,0.0,0.26,0.14,0.0,0.0,0.0,0.0,0.0,0.19,0.16,0.0,0.0,0.11,0.0,0.0,0.14,0.0,0.0,0.0,0.0,0.0,0.11,0.0,0.18,0.18,0.11,0.16,0.0,0.1,0.0,0.0,0.0,0.0
sale aromatizzato alle erbe,0.0,0.0,0.0,0.0,0.0,0.0,0.0,0.0,0.0,0.0,0.06,0.06,0.0,0.0,0.0,0.0,0.0,0.0,0.0,0.0,0.0,0.0,0.0,0.0,0.0,0.0,0.0,0.0,0.0,0.0,0.0,0.0,0.0,0.0,0.0,0.0,0.0,0.0,0.06,0.0,0.0,0.0,0.04,0.06,0.0,0.0,0.0,0.0,0.08,0.0,0.0,0.0,0.0,0.0,0.06,0.06,0.0,0.0,0.0,0.0,0.0,0.05,0.0,0.0,0.0,0.0,0.0,0.0,0.0,0.0,0.0,0.0,0.0,0.0,0.0,0.0,0.0,0.0,0.0,0.0,0.0,0.0,0.0,0.0,0.0,0.0,0.07,0.0,0.0,0.0,0.0,0.04,0.0,0.0,0.0,0.0,0.0,0.0,0.0,0.0,0.0,0.0,0.0,0.0,0.0,0.0,0.0,0.0,0.0,0.0,0.0,0.0,0.0,0.0,0.0,0.0,0.0,0.0,0.0,0.0,0.0,0.0,0.0,0.0,0.0,0.0,0.0,0.0,0.0,0.0,0.0,0.0,0.0,0.06,0.0,0.0,0.0,0.0,0.0,0.0,0.0,0.04,0.0,0.0,0.0,0.0,0.0,0.0,1.0,0.0,0.0,0.0,0.0,0.0,0.0,0.0,0.0,0.0,0.0,0.0,0.0,0.0,0.0,0.0,0.06,0.0,0.0,0.0,0.0,0.0,0.06,0.0,0.0,0.0,0.0,0.0,0.0,0.0,0.0,0.0,0.05,0.0,0.0,0.0,0.0
salsa alla vaniglia,0.0,0.0,0.0,0.0,0.0,0.0,0.0,0.0,0.0,0.0,0.0,0.0,0.0,0.0,0.0,0.08,0.13,0.0,0.0,0.0,0.0,0.0,0.0,0.0,0.0,0.0,0.11,0.0,0.16,0.0,0.0,0.08,0.0,0.08,0.0,0.0,0.0,0.0,0.08,0.0,0.0,0.0,0.0,0.0,0.0,0.0,0.11,0.0,0.1,0.0,0.0,0.15,0.0,0.0,0.16,0.0,0.0,0.0,0.0,0.0,0.0,0.0,0.0,0.0,0.0,0.0,0.08,0.0,0.0,0.0,0.0,0.0,0.0,0.0,0.0,0.0,0.0,0.0,0.0,0.0,0.0,0.0,0.0,0.0,0.0,0.0,0.09,0.0,0.0,0.11,0.0,0.0,0.0,0.0,0.0,0.08,0.0,0.0,0.0,0.0,0.0,0.14,0.0,0.0,0.0,0.0,0.0,0.0,0.0,0.1,0.16,0.08,0.0,0.0,0.06,0.0,0.0,0.0,0.0,0.0,0.0,0.0,0.0,0.0,0.0,0.0,0.0,0.11,0.0,0.0,0.0,0.0,0.0,0.0,0.06,0.0,0.0,0.0,0.0,0.0,0.0,0.0,0.0,0.0,0.0,0.1,0.0,0.0,0.0,1.0,0.0,0.0,0.0,0.0,0.0,0.0,0.0,0.1,0.0,0.0,0.0,0.1,0.11,0.0,0.0,0.0,0.0,0.0,0.18,0.07,0.0,0.07,0.1,0.0,0.0,0.0,0.0,0.0,0.0,0.0,0.0,0.0,0.0,0.13,0.0
salsa allo yogurt,0.06,0.0,0.0,0.37,0.06,0.1,0.04,0.0,0.0,0.0,0.0,0.0,0.0,0.0,0.0,0.0,0.0,0.0,0.0,0.0,0.0,0.07,0.0,0.0,0.0,0.0,0.09,0.0,0.0,0.0,0.0,0.0,0.0,0.0,0.0,0.0,0.0,0.0,0.0,0.0,0.09,0.0,0.0,0.0,0.06,0.05,0.0,0.0,0.0,0.0,0.0,0.0,0.0,0.0,0.0,0.0,0.0,0.0,0.06,0.0,0.0,0.0,0.0,0.0,0.0,0.0,0.22,0.0,0.0,0.06,0.0,0.0,0.0,0.0,0.0,0.0,0.0,0.0,0.0,0.0,0.06,0.0,0.0,0.0,0.0,0.0,0.0,0.0,0.0,0.18,0.0,0.0,0.0,0.0,0.0,0.0,0.0,0.0,0.0,0.0,0.0,0.0,0.26,0.0,0.0,0.0,0.0,0.0,0.0,0.04,0.0,0.0,0.0,0.1,0.08,0.0,0.0,0.11,0.0,0.0,0.06,0.0,0.08,0.0,0.0,0.0,0.0,0.0,0.06,0.14,0.0,0.0,0.0,0.0,0.0,0.0,0.0,0.0,0.06,0.0,0.0,0.0,0.0,0.0,0.06,0.08,0.0,0.0,0.0,0.0,1.0,0.33,0.22,0.09,0.06,0.0,0.0,0.0,0.0,0.0,0.0,0.0,0.0,0.0,0.0,0.0,0.0,0.0,0.0,0.0,0.0,0.06,0.08,0.0,0.0,0.0,0.0,0.0,0.0,0.06,0.0,0.0,0.0,0.0,0.0
salsa olandese,0.0,0.0,0.0,0.65,0.16,0.13,0.06,0.08,0.09,0.0,0.0,0.0,0.0,0.0,0.0,0.0,0.0,0.0,0.0,0.0,0.0,0.14,0.0,0.0,0.0,0.0,0.11,0.0,0.0,0.0,0.0,0.0,0.08,0.0,0.0,0.0,0.0,0.0,0.0,0.0,0.11,0.08,0.0,0.0,0.14,0.06,0.0,0.11,0.0,0.0,0.09,0.08,0.08,0.0,0.0,0.0,0.0,0.0,0.06,0.0,0.0,0.0,0.0,0.0,0.0,0.0,0.33,0.0,0.0,0.0,0.0,0.0,0.0,0.0,0.0,0.0,0.0,0.0,0.0,0.0,0.0,0.0,0.0,0.0,0.0,0.0,0.0,0.0,0.0,0.11,0.0,0.0,0.0,0.0,0.0,0.0,0.0,0.0,0.0,0.0,0.11,0.0,0.36,0.0,0.0,0.0,0.0,0.0,0.0,0.05,0.08,0.0,0.0,0.13,0.1,0.0,0.0,0.07,0.0,0.0,0.08,0.0,0.1,0.0,0.0,0.0,0.0,0.0,0.0,0.08,0.0,0.0,0.0,0.0,0.0,0.0,0.0,0.0,0.08,0.0,0.0,0.0,0.0,0.0,0.08,0.1,0.0,0.0,0.0,0.0,0.33,1.0,0.4,0.0,0.0,0.0,0.0,0.0,0.0,0.0,0.0,0.0,0.0,0.0,0.0,0.0,0.0,0.0,0.0,0.0,0.0,0.07,0.1,0.0,0.0,0.0,0.0,0.0,0.0,0.14,0.0,0.0,0.0,0.13,0.0
"salsa tartara, una maionese arricchita con erbe e sottaceti",0.0,0.0,0.0,0.3,0.06,0.1,0.04,0.06,0.07,0.04,0.06,0.06,0.0,0.0,0.0,0.0,0.0,0.0,0.0,0.0,0.0,0.07,0.0,0.0,0.0,0.0,0.08,0.0,0.0,0.0,0.06,0.0,0.0,0.0,0.0,0.0,0.0,0.0,0.0,0.0,0.08,0.06,0.0,0.06,0.05,0.04,0.0,0.08,0.0,0.0,0.07,0.06,0.06,0.0,0.0,0.06,0.07,0.0,0.1,0.0,0.0,0.0,0.1,0.0,0.0,0.0,0.22,0.0,0.07,0.0,0.0,0.0,0.0,0.0,0.0,0.0,0.0,0.0,0.0,0.0,0.06,0.06,0.0,0.0,0.0,0.0,0.0,0.0,0.0,0.08,0.08,0.04,0.0,0.0,0.0,0.0,0.0,0.0,0.0,0.0,0.08,0.06,0.25,0.0,0.06,0.0,0.0,0.0,0.0,0.04,0.06,0.0,0.0,0.1,0.04,0.0,0.0,0.06,0.0,0.0,0.06,0.0,0.08,0.0,0.0,0.0,0.0,0.0,0.0,0.06,0.0,0.0,0.0,0.06,0.0,0.04,0.0,0.0,0.06,0.0,0.07,0.0,0.0,0.0,0.06,0.08,0.06,0.0,0.0,0.0,0.22,0.4,1.0,0.0,0.0,0.0,0.0,0.0,0.0,0.0,0.0,0.0,0.0,0.08,0.06,0.0,0.0,0.0,0.0,0.0,0.06,0.06,0.08,0.0,0.0,0.08,0.08,0.0,0.08,0.06,0.05,0.0,0.0,0.1,0.0
salsa tonnata,0.14,0.0,0.0,0.12,0.04,0.0,0.0,0.04,0.0,0.03,0.09,0.1,0.0,0.0,0.0,0.04,0.04,0.06,0.06,0.0,0.0,0.0,0.0,0.0,0.0,0.06,0.0,0.06,0.0,0.0,0.0,0.0,0.04,0.04,0.04,0.06,0.11,0.04,0.04,0.0,0.0,0.0,0.04,0.09,0.0,0.04,0.0,0.0,0.0,0.0,0.0,0.04,0.04,0.0,0.0,0.04,0.1,0.0,0.08,0.1,0.1,0.12,0.0,0.06,0.1,0.0,0.0,0.0,0.1,0.16,0.09,0.0,0.0,0.0,0.0,0.09,0.07,0.0,0.11,0.0,0.26,0.04,0.0,0.08,0.09,0.0,0.0,0.0,0.0,0.0,0.31,0.1,0.0,0.07,0.07,0.04,0.04,0.06,0.0,0.0,0.0,0.04,0.0,0.0,0.04,0.1,0.06,0.06,0.1,0.0,0.0,0.04,0.0,0.0,0.09,0.0,0.0,0.0,0.0,0.11,0.0,0.1,0.06,0.06,0.0,0.1,0.1,0.0,0.16,0.14,0.07,0.1,0.08,0.04,0.04,0.04,0.06,0.0,0.0,0.0,0.1,0.06,0.07,0.04,0.0,0.0,0.04,0.26,0.0,0.0,0.09,0.0,0.0,1.0,0.24,0.06,0.0,0.0,0.04,0.0,0.06,0.06,0.0,0.06,0.04,0.0,0.04,0.04,0.0,0.0,0.0,0.0,0.06,0.08,0.0,0.06,0.06,0.04,0.06,0.04,0.08,0.1,0.0,0.0,0.06
scaloppine di pollo al limone,0.14,0.0,0.0,0.12,0.06,0.0,0.05,0.12,0.08,0.14,0.14,0.14,0.0,0.0,0.0,0.06,0.06,0.1,0.19,0.0,0.0,0.04,0.0,0.0,0.0,0.1,0.0,0.08,0.0,0.0,0.0,0.06,0.14,0.06,0.12,0.1,0.17,0.07,0.14,0.0,0.0,0.0,0.1,0.14,0.0,0.05,0.0,0.0,0.0,0.08,0.08,0.06,0.07,0.0,0.06,0.12,0.23,0.14,0.12,0.14,0.14,0.23,0.0,0.08,0.22,0.08,0.06,0.0,0.16,0.19,0.14,0.0,0.0,0.0,0.0,0.38,0.22,0.0,0.17,0.0,0.14,0.06,0.0,0.12,0.14,0.11,0.0,0.0,0.0,0.0,0.1,0.14,0.0,0.11,0.11,0.06,0.06,0.1,0.0,0.0,0.0,0.06,0.0,0.0,0.14,0.14,0.1,0.08,0.22,0.0,0.0,0.06,0.0,0.11,0.09,0.14,0.0,0.0,0.0,0.17,0.06,0.16,0.08,0.19,0.0,0.16,0.16,0.0,0.19,0.14,0.22,0.14,0.19,0.14,0.11,0.05,0.08,0.0,0.06,0.0,0.16,0.14,0.11,0.12,0.07,0.0,0.07,0.14,0.0,0.0,0.06,0.0,0.0,0.24,1.0,0.08,0.0,0.0,0.06,0.0,0.15,0.17,0.0,0.08,0.12,0.0,0.12,0.14,0.0,0.06,0.06,0.06,0.08,0.18,0.0,0.1,0.1,0.12,0.08,0.06,0.12,0.16,0.0,0.0,0.08
schiacciata toscana,0.08,0.0,0.0,0.08,0.16,0.0,0.0,0.0,0.0,0.0,0.08,0.08,0.08,0.0,0.0,0.0,0.0,0.0,0.0,0.0,0.0,0.0,0.0,0.08,0.16,0.22,0.0,0.0,0.0,0.0,0.0,0.0,0.0,0.0,0.07,0.0,0.1,0.0,0.0,0.0,0.0,0.0,0.0,0.08,0.0,0.12,0.0,0.0,0.0,0.0,0.0,0.0,0.0,0.0,0.0,0.0,0.09,0.0,0.06,0.0,0.34,0.0,0.0,0.0,0.08,0.0,0.0,0.0,0.09,0.15,0.0,0.0,0.0,0.0,0.13,0.0,0.0,0.0,0.0,0.0,0.08,0.0,0.13,0.07,0.16,0.0,0.09,0.11,0.11,0.0,0.0,0.18,0.0,0.0,0.0,0.0,0.14,0.0,0.0,0.0,0.11,0.0,0.11,0.0,0.0,0.08,0.34,0.0,0.08,0.1,0.08,0.0,0.0,0.0,0.06,0.0,0.11,0.0,0.0,0.0,0.0,0.0,0.1,0.0,0.0,0.18,0.09,0.11,0.08,0.08,0.0,0.0,0.15,0.0,0.0,0.0,0.0,0.0,0.0,0.0,0.09,0.11,0.0,0.0,0.0,0.1,0.0,0.0,0.0,0.0,0.0,0.0,0.0,0.06,0.08,1.0,0.13,0.0,0.08,0.0,0.06,0.0,0.11,0.1,0.0,0.0,0.0,0.0,0.0,0.0,0.0,0.0,0.2,0.0,0.0,0.0,0.0,0.07,0.0,0.07,0.0,0.09,0.0,0.0,0.1
sciroppo al cioccolato,0.0,0.2,0.0,0.0,0.1,0.0,0.0,0.1,0.0,0.14,0.0,0.0,0.1,0.0,0.72,0.1,0.0,0.0,0.0,0.16,0.0,0.06,0.0,0.11,0.2,0.14,0.14,0.0,0.0,0.18,0.0,0.0,0.1,0.0,0.18,0.14,0.0,0.0,0.0,0.16,0.0,0.11,0.16,0.0,0.0,0.08,0.14,0.14,0.13,0.0,0.12,0.0,0.72,0.16,0.0,0.1,0.0,0.0,0.0,0.11,0.22,0.08,0.0,0.0,0.0,0.13,0.0,0.0,0.0,0.1,0.0,0.2,0.16,0.0,1.0,0.0,0.0,0.0,0.13,0.0,0.0,0.09,0.16,0.0,0.1,0.0,0.12,0.29,0.29,0.0,0.0,0.08,0.0,0.16,0.16,0.0,0.09,0.0,0.0,0.38,0.29,0.0,0.14,0.0,0.2,0.0,0.15,0.26,0.0,0.0,0.0,0.1,0.0,0.0,0.0,0.0,0.29,0.0,0.0,0.13,0.0,0.12,0.0,0.14,0.0,0.12,0.0,0.14,0.0,0.0,0.0,0.11,0.19,0.1,0.0,0.0,0.26,0.0,0.2,0.1,0.0,0.07,0.08,0.0,0.0,0.13,0.0,0.0,0.0,0.0,0.0,0.0,0.0,0.0,0.0,0.13,1.0,0.13,0.0,0.0,0.08,0.13,0.14,0.0,0.18,0.11,0.0,0.0,0.16,0.09,0.19,0.0,0.13,0.09,0.0,0.0,0.0,0.09,0.0,0.0,0.0,0.0,0.16,0.0,0.0
sciroppo per la tosse fatto in casa,0.08,0.0,0.0,0.0,0.08,0.0,0.0,0.0,0.0,0.0,0.0,0.0,0.15,0.0,0.0,0.0,0.0,0.0,0.0,0.0,0.0,0.0,0.0,0.08,0.16,0.22,0.0,0.0,0.0,0.0,0.07,0.08,0.0,0.08,0.07,0.0,0.0,0.08,0.0,0.0,0.0,0.0,0.0,0.08,0.06,0.06,0.0,0.0,0.0,0.0,0.0,0.0,0.0,0.0,0.0,0.0,0.0,0.0,0.0,0.0,0.08,0.0,0.0,0.0,0.0,0.0,0.0,0.0,0.0,0.15,0.0,0.0,0.0,0.0,0.13,0.0,0.0,0.0,0.0,0.0,0.0,0.0,0.13,0.07,0.08,0.0,0.18,0.11,0.22,0.0,0.0,0.06,0.0,0.0,0.0,0.0,0.07,0.0,0.0,0.0,0.11,0.0,0.22,0.0,0.0,0.0,0.12,0.0,0.0,0.05,0.0,0.0,0.0,0.0,0.0,0.0,0.11,0.0,0.0,0.0,0.0,0.0,0.0,0.0,0.0,0.09,0.0,0.22,0.0,0.0,0.0,0.0,0.08,0.0,0.0,0.0,0.0,0.0,0.0,0.0,0.0,0.11,0.0,0.0,0.0,0.2,0.0,0.0,0.0,0.1,0.0,0.0,0.0,0.0,0.0,0.0,0.13,1.0,0.0,0.0,0.06,0.0,0.22,0.0,0.0,0.0,0.0,0.0,0.0,0.0,0.0,0.0,0.1,0.0,0.0,0.0,0.0,0.14,0.0,0.0,0.0,0.09,0.0,0.0,0.0
spaghetti con sugo di pesce,0.06,0.0,0.0,0.06,0.06,0.0,0.0,0.0,0.0,0.0,0.12,0.12,0.06,0.0,0.0,0.0,0.0,0.0,0.0,0.0,0.0,0.0,0.0,0.0,0.0,0.08,0.0,0.08,0.0,0.0,0.0,0.0,0.0,0.0,0.0,0.0,0.08,0.06,0.0,0.0,0.0,0.0,0.0,0.06,0.0,0.04,0.0,0.0,0.0,0.0,0.0,0.0,0.0,0.0,0.0,0.0,0.07,0.0,0.1,0.06,0.06,0.1,0.0,0.0,0.06,0.0,0.0,0.0,0.14,0.11,0.12,0.0,0.0,0.0,0.0,0.0,0.0,0.0,0.08,0.0,0.12,0.0,0.0,0.06,0.12,0.0,0.0,0.0,0.0,0.0,0.0,0.13,0.0,0.0,0.0,0.06,0.06,0.09,0.0,0.0,0.0,0.0,0.0,0.0,0.0,0.06,0.04,0.0,0.06,0.0,0.0,0.0,0.0,0.0,0.08,0.0,0.0,0.06,0.0,0.08,0.0,0.0,0.08,0.0,0.08,0.14,0.14,0.0,0.11,0.12,0.0,0.06,0.06,0.0,0.0,0.04,0.08,0.0,0.0,0.0,0.07,0.04,0.05,0.0,0.0,0.0,0.0,0.0,0.0,0.0,0.0,0.0,0.0,0.04,0.06,0.08,0.0,0.0,1.0,0.08,0.0,0.0,0.0,0.15,0.0,0.0,0.0,0.0,0.0,0.0,0.0,0.0,0.08,0.1,0.0,0.0,0.0,0.0,0.0,0.06,0.1,0.07,0.0,0.0,0.08
spinaci in padella,0.0,0.0,0.0,0.0,0.0,0.0,0.0,0.08,0.1,0.06,0.09,0.1,0.08,0.0,0.1,0.08,0.0,0.0,0.0,0.0,0.0,0.0,0.22,0.0,0.0,0.0,0.0,0.11,0.0,0.08,0.0,0.09,0.0,0.09,0.0,0.0,0.0,0.1,0.1,0.0,0.0,0.1,0.06,0.0,0.0,0.0,0.12,0.0,0.0,0.22,0.0,0.0,0.0,0.0,0.09,0.0,0.0,0.0,0.15,0.0,0.0,0.0,0.14,0.22,0.1,0.0,0.09,0.0,0.1,0.08,0.09,0.0,0.0,0.0,0.0,0.0,0.0,0.0,0.0,0.0,0.1,0.0,0.0,0.0,0.09,0.0,0.0,0.0,0.0,0.0,0.0,0.06,0.0,0.0,0.0,0.0,0.08,0.06,0.0,0.0,0.0,0.0,0.0,0.0,0.0,0.0,0.0,0.0,0.0,0.06,0.0,0.09,0.0,0.0,0.06,0.0,0.0,0.08,0.0,0.0,0.09,0.0,0.0,0.12,0.22,0.1,0.1,0.0,0.08,0.19,0.0,0.0,0.08,0.0,0.07,0.07,0.0,0.0,0.09,0.0,0.0,0.0,0.0,0.16,0.1,0.0,0.19,0.0,0.0,0.0,0.0,0.0,0.0,0.0,0.0,0.0,0.0,0.0,0.08,1.0,0.06,0.0,0.0,0.11,0.0,0.0,0.08,0.1,0.06,0.08,0.0,0.16,0.0,0.16,0.0,0.12,0.0,0.0,0.11,0.0,0.08,0.0,0.0,0.0,0.0
spätzle di spinaci con speck e panna,0.0,0.0,0.0,0.0,0.1,0.16,0.0,0.14,0.06,0.1,0.1,0.1,0.04,0.0,0.05,0.14,0.08,0.14,0.14,0.08,0.0,0.02,0.06,0.05,0.1,0.06,0.06,0.12,0.04,0.08,0.0,0.1,0.14,0.1,0.08,0.14,0.12,0.1,0.15,0.08,0.0,0.05,0.18,0.1,0.0,0.04,0.06,0.0,0.0,0.06,0.0,0.14,0.1,0.0,0.04,0.14,0.11,0.1,0.12,0.15,0.15,0.12,0.0,0.24,0.2,0.06,0.04,0.0,0.11,0.14,0.1,0.0,0.0,0.0,0.08,0.0,0.16,0.0,0.18,0.0,0.1,0.08,0.08,0.08,0.14,0.0,0.06,0.06,0.06,0.0,0.14,0.14,0.0,0.0,0.0,0.09,0.04,0.07,0.0,0.0,0.06,0.12,0.06,0.0,0.14,0.15,0.14,0.18,0.1,0.06,0.0,0.14,0.0,0.08,0.06,0.1,0.06,0.0,0.18,0.24,0.04,0.16,0.0,0.26,0.06,0.16,0.11,0.06,0.09,0.0,0.16,0.15,0.14,0.14,0.16,0.04,0.06,0.0,0.1,0.0,0.11,0.14,0.12,0.26,0.05,0.06,0.15,0.19,0.0,0.0,0.0,0.0,0.0,0.06,0.15,0.06,0.08,0.06,0.0,0.06,1.0,0.18,0.06,0.0,0.17,0.0,0.09,0.2,0.1,0.04,0.09,0.08,0.06,0.12,0.0,0.26,0.2,0.21,0.24,0.04,0.08,0.0,0.0,0.0,0.0
strozzapreti fatti in casa,0.0,0.0,0.0,0.0,0.08,0.0,0.0,0.0,0.0,0.0,0.08,0.08,0.08,0.0,0.0,0.0,0.0,0.11,0.22,0.0,0.0,0.0,0.0,0.08,0.16,0.11,0.0,0.1,0.0,0.0,0.0,0.08,0.16,0.08,0.14,0.11,0.1,0.08,0.0,0.0,0.0,0.0,0.0,0.08,0.0,0.06,0.0,0.0,0.0,0.1,0.0,0.0,0.08,0.0,0.0,0.0,0.18,0.0,0.06,0.0,0.26,0.0,0.0,0.0,0.08,0.1,0.16,0.0,0.09,0.15,0.0,0.0,0.0,0.0,0.13,0.0,0.26,0.0,0.0,0.0,0.08,0.0,0.13,0.07,0.16,0.13,0.09,0.11,0.11,0.0,0.11,0.12,0.0,0.0,0.0,0.0,0.07,0.0,0.0,0.0,0.11,0.14,0.11,0.0,0.0,0.08,0.29,0.0,0.17,0.05,0.08,0.0,0.0,0.0,0.0,0.16,0.11,0.0,0.0,0.0,0.0,0.0,0.0,0.0,0.0,0.18,0.09,0.11,0.08,0.0,0.0,0.0,0.22,0.16,0.0,0.0,0.0,0.0,0.0,0.0,0.09,0.11,0.0,0.07,0.0,0.1,0.08,0.16,0.0,0.1,0.0,0.0,0.0,0.06,0.17,0.0,0.13,0.0,0.0,0.0,0.18,1.0,0.11,0.0,0.0,0.0,0.08,0.0,0.0,0.14,0.0,0.0,0.2,0.0,0.0,0.11,0.11,0.14,0.1,0.0,0.0,0.0,0.0,0.0,0.0
succo di mela fatto in casa,0.0,0.0,0.0,0.0,0.09,0.0,0.0,0.0,0.0,0.0,0.0,0.0,0.08,0.0,0.0,0.0,0.07,0.0,0.0,0.14,0.0,0.05,0.0,0.1,0.18,0.12,0.12,0.0,0.09,0.15,0.0,0.09,0.0,0.09,0.08,0.0,0.0,0.0,0.0,0.14,0.0,0.0,0.06,0.0,0.0,0.07,0.0,0.0,0.0,0.0,0.0,0.08,0.0,0.14,0.09,0.0,0.0,0.0,0.0,0.1,0.1,0.08,0.0,0.0,0.0,0.0,0.0,0.0,0.0,0.08,0.0,0.0,0.0,0.0,0.14,0.0,0.0,0.0,0.11,0.11,0.0,0.0,0.14,0.0,0.09,0.0,0.2,0.12,0.12,0.0,0.0,0.06,0.28,0.0,0.0,0.08,0.08,0.0,0.0,0.0,0.12,0.0,0.12,0.0,0.09,0.0,0.13,0.11,0.0,0.06,0.0,0.0,0.0,0.0,0.0,0.0,0.12,0.0,0.0,0.11,0.0,0.0,0.0,0.12,0.0,0.1,0.0,0.25,0.0,0.0,0.0,0.1,0.08,0.0,0.0,0.0,0.11,0.0,0.0,0.0,0.0,0.06,0.07,0.0,0.0,0.22,0.0,0.0,0.0,0.11,0.0,0.0,0.0,0.0,0.0,0.11,0.14,0.22,0.0,0.0,0.06,0.11,1.0,0.0,0.08,0.0,0.0,0.0,0.0,0.0,0.08,0.0,0.11,0.08,0.0,0.0,0.0,0.08,0.0,0.0,0.0,0.0,0.0,0.14,0.0
sugo ai funghi porcini per servire la pasta o la polenta,0.08,0.0,0.0,0.08,0.08,0.0,0.0,0.0,0.0,0.0,0.16,0.17,0.08,0.0,0.0,0.0,0.0,0.0,0.0,0.0,0.0,0.0,0.1,0.0,0.0,0.11,0.0,0.1,0.0,0.0,0.0,0.0,0.0,0.0,0.0,0.0,0.1,0.08,0.0,0.0,0.0,0.0,0.0,0.08,0.0,0.06,0.0,0.0,0.0,0.0,0.0,0.0,0.0,0.0,0.0,0.0,0.09,0.0,0.14,0.08,0.08,0.14,0.0,0.0,0.08,0.0,0.0,0.0,0.28,0.15,0.16,0.0,0.0,0.0,0.0,0.0,0.0,0.0,0.1,0.0,0.26,0.0,0.0,0.07,0.16,0.0,0.0,0.0,0.0,0.0,0.0,0.18,0.0,0.0,0.0,0.08,0.07,0.12,0.0,0.0,0.0,0.0,0.0,0.0,0.0,0.08,0.06,0.0,0.08,0.0,0.0,0.0,0.0,0.0,0.1,0.0,0.0,0.07,0.0,0.1,0.0,0.0,0.1,0.0,0.1,0.18,0.18,0.0,0.15,0.17,0.0,0.08,0.08,0.0,0.0,0.12,0.1,0.0,0.0,0.0,0.18,0.06,0.06,0.0,0.0,0.0,0.0,0.0,0.0,0.0,0.0,0.0,0.08,0.06,0.08,0.1,0.0,0.0,0.15,0.11,0.0,0.0,0.0,1.0,0.0,0.0,0.0,0.0,0.0,0.0,0.0,0.0,0.1,0.14,0.0,0.0,0.0,0.0,0.0,0.14,0.14,0.09,0.0,0.0,0.1
torta 5 minuti,0.0,0.11,0.0,0.0,0.06,0.0,0.0,0.0,0.0,0.0,0.06,0.06,0.06,0.0,0.12,0.0,0.0,0.08,0.16,0.0,0.0,0.0,0.0,0.06,0.11,0.08,0.0,0.07,0.0,0.0,0.0,0.22,0.28,0.11,0.25,0.16,0.07,0.06,0.0,0.0,0.0,0.12,0.0,0.06,0.0,0.04,0.08,0.08,0.21,0.14,0.0,0.0,0.18,0.09,0.0,0.0,0.13,0.0,0.05,0.0,0.18,0.0,0.0,0.0,0.12,0.21,0.06,0.09,0.06,0.1,0.0,0.0,0.09,0.0,0.18,0.11,0.18,0.0,0.0,0.0,0.06,0.0,0.09,0.05,0.11,0.09,0.06,0.16,0.16,0.0,0.24,0.12,0.0,0.09,0.09,0.0,0.05,0.0,0.0,0.0,0.16,0.1,0.08,0.0,0.0,0.06,0.12,0.0,0.12,0.08,0.0,0.0,0.0,0.0,0.04,0.22,0.16,0.0,0.0,0.0,0.0,0.0,0.0,0.0,0.0,0.13,0.06,0.08,0.06,0.0,0.0,0.0,0.21,0.44,0.0,0.0,0.0,0.0,0.0,0.06,0.06,0.08,0.0,0.1,0.0,0.07,0.06,0.11,0.06,0.0,0.0,0.0,0.06,0.04,0.12,0.0,0.18,0.0,0.0,0.0,0.17,0.0,0.08,0.0,1.0,0.12,0.21,0.0,0.0,0.15,0.0,0.0,0.07,0.0,0.0,0.16,0.16,0.15,0.14,0.0,0.0,0.0,0.09,0.0,0.0
torta di pane senza uova,0.0,0.14,0.0,0.0,0.0,0.0,0.0,0.06,0.0,0.18,0.0,0.0,0.0,0.0,0.22,0.06,0.06,0.0,0.0,0.0,0.0,0.0,0.0,0.0,0.0,0.0,0.0,0.0,0.0,0.12,0.0,0.06,0.06,0.0,0.06,0.1,0.0,0.0,0.0,0.0,0.0,0.14,0.1,0.0,0.0,0.0,0.1,0.1,0.17,0.08,0.08,0.0,0.14,0.11,0.0,0.12,0.0,0.0,0.0,0.0,0.07,0.0,0.0,0.0,0.0,0.08,0.0,0.0,0.0,0.0,0.0,0.0,0.11,0.0,0.11,0.0,0.0,0.0,0.0,0.0,0.0,0.06,0.0,0.0,0.0,0.0,0.0,0.1,0.1,0.0,0.1,0.0,0.0,0.11,0.11,0.0,0.0,0.0,0.0,0.0,0.1,0.06,0.0,0.0,0.14,0.0,0.0,0.08,0.0,0.0,0.0,0.06,0.0,0.0,0.0,0.0,0.1,0.0,0.0,0.0,0.0,0.08,0.0,0.0,0.0,0.0,0.0,0.0,0.0,0.0,0.0,0.0,0.06,0.14,0.0,0.05,0.08,0.0,0.06,0.06,0.0,0.0,0.0,0.0,0.0,0.0,0.0,0.0,0.0,0.0,0.0,0.0,0.0,0.0,0.0,0.0,0.11,0.0,0.0,0.0,0.0,0.0,0.0,0.0,0.12,1.0,0.06,0.0,0.15,0.12,0.06,0.0,0.0,0.0,0.0,0.0,0.0,0.0,0.0,0.0,0.0,0.0,0.11,0.0,0.0
torta di pere,0.0,0.0,0.0,0.0,0.0,0.1,0.04,0.11,0.14,0.24,0.0,0.0,0.0,0.0,0.12,0.06,0.05,0.08,0.08,0.0,0.0,0.04,0.08,0.0,0.0,0.0,0.0,0.0,0.0,0.05,0.0,0.24,0.12,0.18,0.16,0.0,0.0,0.0,0.12,0.0,0.0,0.12,0.14,0.0,0.0,0.0,0.08,0.0,0.08,0.22,0.07,0.0,0.06,0.0,0.18,0.11,0.07,0.24,0.05,0.0,0.0,0.05,0.0,0.15,0.06,0.15,0.12,0.0,0.0,0.0,0.0,0.0,0.0,0.0,0.0,0.12,0.1,0.08,0.0,0.0,0.0,0.0,0.0,0.0,0.0,0.1,0.0,0.0,0.0,0.0,0.08,0.04,0.0,0.1,0.1,0.06,0.0,0.0,0.07,0.0,0.0,0.0,0.0,0.0,0.12,0.0,0.0,0.0,0.06,0.08,0.0,0.06,0.0,0.19,0.04,0.24,0.0,0.0,0.11,0.0,0.12,0.14,0.0,0.16,0.08,0.0,0.0,0.0,0.0,0.0,0.1,0.0,0.06,0.24,0.19,0.09,0.0,0.0,0.24,0.0,0.0,0.0,0.05,0.1,0.12,0.0,0.06,0.0,0.0,0.0,0.0,0.0,0.0,0.04,0.12,0.0,0.0,0.0,0.0,0.08,0.09,0.08,0.0,0.0,0.21,0.06,1.0,0.19,0.14,0.16,0.16,0.16,0.0,0.06,0.0,0.16,0.08,0.06,0.15,0.0,0.0,0.07,0.0,0.0,0.0
torta maddalena,0.0,0.0,0.0,0.0,0.0,0.0,0.0,0.0,0.0,0.0,0.06,0.07,0.0,0.0,0.07,0.0,0.0,0.1,0.19,0.0,0.0,0.0,0.08,0.0,0.0,0.0,0.0,0.08,0.0,0.0,0.0,0.26,0.26,0.2,0.24,0.1,0.08,0.07,0.0,0.0,0.0,0.07,0.0,0.06,0.0,0.0,0.1,0.0,0.0,0.17,0.0,0.0,0.07,0.0,0.0,0.0,0.16,0.0,0.12,0.0,0.07,0.0,0.0,0.0,0.14,0.17,0.14,0.11,0.08,0.06,0.0,0.0,0.0,0.0,0.0,0.14,0.22,0.0,0.0,0.0,0.07,0.0,0.0,0.06,0.06,0.22,0.0,0.0,0.0,0.0,0.1,0.1,0.0,0.0,0.0,0.0,0.0,0.0,0.0,0.0,0.0,0.06,0.0,0.0,0.0,0.07,0.05,0.0,0.14,0.18,0.0,0.0,0.0,0.0,0.04,0.26,0.0,0.0,0.0,0.0,0.0,0.0,0.0,0.0,0.08,0.08,0.08,0.0,0.06,0.0,0.0,0.0,0.12,0.2,0.0,0.0,0.0,0.0,0.0,0.0,0.08,0.04,0.0,0.18,0.0,0.0,0.14,0.14,0.0,0.0,0.0,0.0,0.0,0.04,0.14,0.0,0.0,0.0,0.0,0.1,0.2,0.0,0.0,0.0,0.0,0.0,0.19,1.0,0.0,0.12,0.0,0.0,0.0,0.0,0.0,0.28,0.19,0.12,0.26,0.0,0.0,0.0,0.0,0.0,0.0
torta margherita con crema pasticcera,0.0,0.19,0.0,0.0,0.04,0.0,0.0,0.0,0.0,0.0,0.0,0.0,0.0,0.0,0.2,0.0,0.0,0.0,0.0,0.0,0.0,0.0,0.06,0.0,0.0,0.0,0.0,0.0,0.0,0.0,0.0,0.19,0.19,0.14,0.17,0.14,0.0,0.0,0.0,0.0,0.0,0.2,0.0,0.0,0.0,0.0,0.26,0.14,0.24,0.12,0.0,0.0,0.15,0.16,0.0,0.0,0.0,0.0,0.04,0.0,0.1,0.0,0.0,0.0,0.05,0.18,0.1,0.0,0.0,0.0,0.0,0.0,0.16,0.0,0.16,0.0,0.0,0.0,0.0,0.0,0.0,0.0,0.0,0.0,0.0,0.0,0.0,0.14,0.14,0.0,0.06,0.04,0.0,0.16,0.16,0.0,0.0,0.0,0.0,0.0,0.14,0.17,0.0,0.0,0.0,0.05,0.0,0.0,0.0,0.09,0.1,0.0,0.0,0.0,0.1,0.1,0.14,0.0,0.0,0.0,0.0,0.0,0.0,0.0,0.06,0.0,0.0,0.0,0.0,0.0,0.0,0.0,0.09,0.19,0.0,0.0,0.0,0.0,0.0,0.1,0.0,0.0,0.0,0.12,0.0,0.0,0.05,0.0,0.0,0.18,0.0,0.0,0.0,0.0,0.0,0.0,0.16,0.0,0.0,0.06,0.1,0.0,0.0,0.0,0.0,0.15,0.14,0.0,1.0,0.26,0.0,0.0,0.06,0.0,0.0,0.14,0.06,0.04,0.12,0.0,0.0,0.0,0.16,0.0,0.0
torta tutte mele,0.0,0.11,0.0,0.0,0.0,0.0,0.04,0.16,0.13,0.3,0.0,0.0,0.0,0.08,0.18,0.16,0.09,0.0,0.08,0.0,0.0,0.03,0.07,0.0,0.0,0.0,0.08,0.0,0.11,0.1,0.0,0.22,0.17,0.17,0.15,0.08,0.0,0.0,0.18,0.0,0.0,0.18,0.17,0.0,0.0,0.0,0.16,0.08,0.14,0.21,0.13,0.0,0.12,0.09,0.17,0.16,0.06,0.11,0.05,0.0,0.06,0.05,0.0,0.07,0.0,0.14,0.17,0.0,0.0,0.0,0.0,0.0,0.09,0.0,0.09,0.0,0.09,0.0,0.0,0.0,0.0,0.05,0.0,0.0,0.0,0.09,0.0,0.08,0.08,0.08,0.08,0.0,0.0,0.09,0.09,0.06,0.0,0.0,0.0,0.0,0.08,0.1,0.0,0.06,0.17,0.0,0.0,0.07,0.06,0.04,0.06,0.11,0.0,0.09,0.0,0.11,0.08,0.0,0.0,0.0,0.11,0.06,0.0,0.16,0.07,0.0,0.0,0.0,0.0,0.0,0.09,0.0,0.1,0.17,0.14,0.04,0.07,0.0,0.17,0.06,0.0,0.0,0.0,0.05,0.12,0.0,0.06,0.0,0.0,0.07,0.0,0.0,0.0,0.0,0.06,0.0,0.09,0.0,0.0,0.08,0.04,0.14,0.0,0.0,0.15,0.12,0.16,0.12,0.26,1.0,0.1,0.15,0.07,0.05,0.0,0.08,0.0,0.0,0.07,0.0,0.0,0.0,0.09,0.0,0.0
"torta versata alla marmellata, la ricetta di una torta ripiena facile da fare",0.0,0.12,0.0,0.0,0.06,0.0,0.0,0.0,0.0,0.0,0.0,0.0,0.06,0.0,0.06,0.0,0.0,0.0,0.08,0.0,0.0,0.0,0.0,0.06,0.12,0.08,0.0,0.0,0.0,0.0,0.0,0.12,0.18,0.12,0.21,0.08,0.0,0.0,0.0,0.0,0.0,0.06,0.0,0.0,0.0,0.04,0.08,0.08,0.15,0.08,0.0,0.0,0.06,0.1,0.0,0.0,0.07,0.0,0.0,0.0,0.12,0.0,0.0,0.0,0.06,0.22,0.06,0.0,0.0,0.06,0.0,0.0,0.1,0.0,0.19,0.0,0.1,0.0,0.0,0.0,0.0,0.0,0.1,0.0,0.06,0.1,0.07,0.16,0.16,0.0,0.08,0.08,0.0,0.1,0.1,0.0,0.06,0.0,0.0,0.0,0.16,0.06,0.08,0.0,0.0,0.0,0.08,0.0,0.06,0.04,0.0,0.0,0.0,0.0,0.04,0.24,0.16,0.0,0.0,0.0,0.0,0.0,0.0,0.0,0.0,0.07,0.0,0.08,0.0,0.0,0.0,0.0,0.16,0.36,0.0,0.0,0.0,0.0,0.0,0.06,0.0,0.04,0.0,0.06,0.0,0.08,0.0,0.0,0.06,0.0,0.0,0.0,0.06,0.0,0.06,0.0,0.19,0.0,0.0,0.0,0.09,0.0,0.08,0.0,0.0,0.06,0.16,0.0,0.0,0.1,1.0,0.0,0.08,0.0,0.0,0.08,0.08,0.1,0.08,0.0,0.0,0.0,0.1,0.0,0.0
tortellini,0.0,0.0,0.0,0.06,0.06,0.0,0.0,0.0,0.0,0.0,0.0,0.0,0.0,0.0,0.06,0.0,0.0,0.0,0.08,0.0,0.0,0.0,0.14,0.0,0.0,0.0,0.0,0.0,0.0,0.0,0.0,0.17,0.11,0.17,0.1,0.0,0.0,0.0,0.0,0.0,0.08,0.06,0.0,0.0,0.05,0.04,0.08,0.0,0.0,0.21,0.0,0.0,0.0,0.0,0.0,0.0,0.06,0.0,0.1,0.0,0.0,0.0,0.09,0.0,0.12,0.14,0.22,0.0,0.0,0.0,0.0,0.0,0.0,0.0,0.0,0.0,0.09,0.0,0.0,0.0,0.0,0.0,0.0,0.0,0.0,0.09,0.0,0.0,0.0,0.0,0.0,0.04,0.0,0.0,0.0,0.0,0.05,0.0,0.0,0.0,0.0,0.05,0.08,0.0,0.0,0.0,0.0,0.0,0.06,0.11,0.06,0.0,0.0,0.0,0.08,0.22,0.0,0.05,0.0,0.0,0.0,0.0,0.07,0.0,0.07,0.0,0.0,0.0,0.0,0.12,0.0,0.0,0.1,0.11,0.0,0.0,0.0,0.0,0.0,0.0,0.0,0.0,0.0,0.15,0.0,0.07,0.12,0.0,0.0,0.07,0.06,0.07,0.06,0.0,0.06,0.0,0.0,0.0,0.0,0.16,0.08,0.0,0.0,0.0,0.0,0.0,0.16,0.0,0.0,0.15,0.0,1.0,0.14,0.0,0.0,0.16,0.08,0.05,0.14,0.05,0.0,0.0,0.0,0.0,0.0
troccoli,0.25,0.0,0.0,0.15,0.74,0.13,0.06,0.0,0.0,0.0,0.08,0.08,0.08,0.0,0.0,0.08,0.06,0.0,0.0,0.13,0.0,0.14,0.0,0.08,0.16,0.22,0.34,0.0,0.08,0.06,0.0,0.0,0.0,0.0,0.07,0.0,0.1,0.0,0.08,0.13,0.11,0.0,0.06,0.08,0.06,0.18,0.0,0.0,0.0,0.0,0.0,0.0,0.0,0.0,0.08,0.0,0.09,0.0,0.14,0.17,0.17,0.2,0.0,0.0,0.08,0.0,0.16,0.0,0.09,0.4,0.08,0.0,0.0,0.0,0.13,0.0,0.0,0.0,0.2,0.0,0.08,0.0,0.13,0.07,0.16,0.0,0.09,0.11,0.11,0.22,0.0,0.18,0.0,0.0,0.0,0.08,0.39,0.06,0.0,0.0,0.11,0.07,0.22,0.0,0.08,0.08,0.18,0.1,0.21,0.05,0.08,0.0,0.0,0.13,0.1,0.0,0.11,0.07,0.0,0.2,0.08,0.0,0.36,0.11,0.0,0.18,0.09,0.11,0.08,0.17,0.0,0.17,0.15,0.0,0.0,0.06,0.2,0.0,0.08,0.0,0.09,0.11,0.13,0.0,0.08,0.2,0.0,0.0,0.0,0.1,0.08,0.1,0.08,0.06,0.08,0.2,0.13,0.1,0.08,0.0,0.06,0.2,0.11,0.1,0.07,0.0,0.0,0.0,0.06,0.07,0.08,0.14,1.0,0.14,0.0,0.0,0.0,0.07,0.0,0.14,0.06,0.09,0.0,0.0,0.1
trofie al pesto,0.06,0.0,0.09,0.06,0.11,0.0,0.0,0.0,0.0,0.0,0.17,0.18,0.16,0.0,0.0,0.0,0.0,0.08,0.16,0.0,0.0,0.0,0.07,0.06,0.11,0.16,0.0,0.14,0.0,0.0,0.0,0.06,0.11,0.06,0.1,0.08,0.14,0.12,0.0,0.0,0.0,0.0,0.0,0.11,0.0,0.09,0.0,0.0,0.0,0.14,0.0,0.0,0.06,0.0,0.0,0.0,0.2,0.0,0.14,0.0,0.18,0.0,0.09,0.0,0.18,0.07,0.06,0.0,0.2,0.21,0.0,0.0,0.0,0.0,0.09,0.0,0.18,0.0,0.0,0.0,0.18,0.0,0.09,0.1,0.22,0.09,0.06,0.08,0.08,0.0,0.08,0.2,0.0,0.0,0.0,0.0,0.2,0.0,0.0,0.0,0.08,0.05,0.08,0.0,0.0,0.12,0.16,0.0,0.18,0.0,0.0,0.0,0.0,0.0,0.08,0.11,0.08,0.1,0.0,0.0,0.0,0.0,0.07,0.0,0.07,0.26,0.2,0.08,0.16,0.18,0.0,0.0,0.26,0.11,0.0,0.0,0.0,0.0,0.0,0.0,0.13,0.12,0.0,0.1,0.0,0.07,0.12,0.11,0.0,0.0,0.0,0.0,0.0,0.08,0.18,0.0,0.09,0.0,0.1,0.16,0.12,0.0,0.08,0.14,0.0,0.0,0.06,0.0,0.0,0.05,0.0,0.0,0.14,1.0,0.0,0.08,0.08,0.1,0.07,0.05,0.0,0.13,0.0,0.0,0.07
uova alla coque,0.0,0.0,0.0,0.0,0.0,0.0,0.0,0.0,0.0,0.0,0.0,0.0,0.0,0.0,0.0,0.0,0.0,0.0,0.0,0.0,0.0,0.0,0.0,0.0,0.0,0.0,0.0,0.0,0.0,0.0,0.0,0.0,0.0,0.0,0.0,0.0,0.0,0.0,0.0,0.0,0.0,0.0,0.0,0.0,0.0,0.0,0.0,0.0,0.0,0.0,0.0,0.0,0.0,0.0,0.0,0.0,0.0,0.0,0.0,0.0,0.0,0.0,0.0,0.0,0.0,0.0,0.0,0.0,0.0,0.0,0.0,0.0,0.0,0.0,0.0,0.0,0.0,0.0,0.0,0.0,0.0,0.0,0.0,0.0,0.0,0.0,0.0,0.0,0.0,0.0,0.0,0.0,0.0,0.0,0.0,0.0,0.0,0.0,0.0,0.0,0.0,0.0,0.0,0.0,0.0,0.0,0.0,0.0,0.0,0.0,0.0,0.0,0.0,0.0,0.0,0.0,0.0,0.0,0.0,0.0,0.0,0.0,0.0,0.0,0.0,0.0,0.0,0.0,0.0,0.0,0.0,0.0,0.0,0.0,0.0,0.0,0.0,0.0,0.0,0.0,0.0,0.0,0.0,0.0,0.0,0.0,0.0,0.0,0.0,0.0,0.0,0.0,0.0,0.0,0.0,0.0,0.0,0.0,0.0,0.0,0.0,0.0,0.0,0.0,0.0,0.0,0.0,0.0,0.0,0.0,0.0,0.0,0.0,0.0,1.0,0.0,0.0,0.0,0.0,0.0,0.0,0.0,0.0,0.0,0.0
uova fritte,0.0,0.0,0.0,0.0,0.0,0.14,0.0,0.16,0.1,0.12,0.18,0.19,0.0,0.0,0.1,0.16,0.07,0.12,0.12,0.0,0.0,0.0,0.11,0.0,0.0,0.0,0.0,0.11,0.0,0.08,0.0,0.18,0.18,0.18,0.08,0.12,0.11,0.1,0.19,0.0,0.0,0.1,0.14,0.18,0.0,0.0,0.12,0.0,0.0,0.11,0.0,0.08,0.1,0.0,0.09,0.16,0.2,0.18,0.22,0.1,0.1,0.08,0.14,0.34,0.19,0.11,0.09,0.0,0.1,0.08,0.09,0.0,0.0,0.0,0.0,0.0,0.14,0.0,0.11,0.0,0.1,0.08,0.0,0.08,0.09,0.0,0.0,0.0,0.0,0.0,0.12,0.2,0.0,0.0,0.0,0.08,0.0,0.06,0.0,0.0,0.0,0.08,0.0,0.0,0.09,0.1,0.06,0.11,0.1,0.12,0.0,0.18,0.0,0.14,0.31,0.68,0.0,0.0,0.16,0.11,0.09,0.2,0.0,0.25,0.11,0.1,0.1,0.0,0.08,0.0,0.14,0.1,0.08,0.18,0.22,0.07,0.0,0.0,0.18,0.0,0.2,0.06,0.07,0.24,0.1,0.0,0.28,0.18,0.0,0.0,0.0,0.0,0.08,0.06,0.1,0.0,0.0,0.0,0.0,0.12,0.26,0.11,0.0,0.0,0.16,0.0,0.16,0.28,0.14,0.08,0.08,0.16,0.0,0.08,0.0,1.0,0.88,0.66,0.94,0.0,0.15,0.0,0.0,0.0,0.0
uova in camicia,0.1,0.0,0.0,0.08,0.0,0.14,0.0,0.08,0.0,0.06,0.18,0.19,0.0,0.0,0.0,0.08,0.07,0.12,0.12,0.0,0.0,0.0,0.0,0.0,0.0,0.0,0.0,0.11,0.0,0.0,0.0,0.09,0.18,0.09,0.08,0.12,0.11,0.1,0.1,0.0,0.0,0.0,0.06,0.18,0.0,0.0,0.0,0.0,0.0,0.0,0.0,0.08,0.1,0.0,0.0,0.16,0.2,0.18,0.15,0.1,0.1,0.08,0.14,0.22,0.19,0.11,0.0,0.0,0.1,0.16,0.09,0.0,0.0,0.0,0.0,0.0,0.14,0.0,0.11,0.0,0.1,0.08,0.0,0.08,0.09,0.0,0.0,0.0,0.0,0.0,0.12,0.2,0.0,0.0,0.0,0.08,0.0,0.06,0.0,0.0,0.0,0.08,0.0,0.0,0.09,0.1,0.06,0.11,0.1,0.06,0.0,0.09,0.0,0.14,0.31,0.68,0.0,0.0,0.16,0.11,0.0,0.2,0.0,0.12,0.0,0.1,0.1,0.0,0.08,0.0,0.14,0.1,0.08,0.18,0.14,0.07,0.0,0.0,0.09,0.0,0.2,0.06,0.07,0.16,0.0,0.0,0.19,0.18,0.0,0.0,0.0,0.0,0.08,0.06,0.1,0.0,0.0,0.0,0.0,0.0,0.2,0.11,0.0,0.0,0.16,0.0,0.08,0.19,0.06,0.0,0.08,0.08,0.0,0.08,0.0,0.88,1.0,0.74,0.84,0.0,0.15,0.0,0.0,0.0,0.0
uova in conserva,0.18,0.0,0.0,0.06,0.06,0.09,0.0,0.06,0.0,0.04,0.06,0.06,0.1,0.08,0.0,0.06,0.04,0.08,0.08,0.09,0.0,0.03,0.0,0.06,0.11,0.16,0.08,0.07,0.0,0.05,0.05,0.06,0.11,0.06,0.1,0.08,0.07,0.12,0.06,0.09,0.0,0.0,0.08,0.11,0.05,0.04,0.0,0.0,0.0,0.0,0.0,0.06,0.06,0.0,0.0,0.1,0.06,0.11,0.05,0.12,0.12,0.1,0.0,0.14,0.18,0.07,0.0,0.0,0.06,0.21,0.06,0.0,0.0,0.0,0.09,0.0,0.09,0.0,0.14,0.0,0.06,0.1,0.09,0.1,0.11,0.0,0.06,0.08,0.16,0.0,0.08,0.12,0.0,0.0,0.0,0.06,0.05,0.04,0.0,0.0,0.08,0.05,0.16,0.06,0.11,0.06,0.12,0.14,0.06,0.08,0.0,0.06,0.0,0.09,0.29,0.61,0.08,0.0,0.1,0.14,0.0,0.13,0.0,0.16,0.0,0.13,0.06,0.08,0.06,0.0,0.09,0.12,0.1,0.11,0.09,0.04,0.07,0.0,0.06,0.06,0.06,0.16,0.09,0.15,0.0,0.07,0.06,0.11,0.0,0.0,0.0,0.0,0.0,0.04,0.12,0.07,0.09,0.14,0.0,0.0,0.21,0.14,0.08,0.0,0.15,0.0,0.06,0.12,0.04,0.0,0.1,0.05,0.07,0.1,0.0,0.66,0.74,1.0,0.64,0.0,0.05,0.06,0.0,0.0,0.0
uova strapazzate,0.0,0.0,0.0,0.0,0.0,0.13,0.0,0.15,0.09,0.1,0.16,0.17,0.0,0.0,0.08,0.15,0.06,0.11,0.11,0.0,0.13,0.0,0.1,0.0,0.0,0.0,0.0,0.1,0.0,0.14,0.0,0.16,0.16,0.16,0.07,0.11,0.1,0.08,0.17,0.0,0.0,0.08,0.12,0.16,0.0,0.0,0.11,0.0,0.0,0.1,0.09,0.15,0.08,0.0,0.08,0.15,0.18,0.16,0.2,0.08,0.08,0.06,0.13,0.3,0.17,0.1,0.08,0.13,0.09,0.08,0.08,0.16,0.13,0.0,0.0,0.0,0.13,0.0,0.1,0.0,0.08,0.07,0.0,0.07,0.08,0.0,0.0,0.0,0.0,0.0,0.11,0.18,0.0,0.0,0.0,0.08,0.0,0.06,0.0,0.0,0.0,0.07,0.0,0.0,0.08,0.08,0.06,0.1,0.08,0.1,0.0,0.16,0.0,0.13,0.3,0.66,0.0,0.0,0.15,0.1,0.08,0.18,0.0,0.22,0.1,0.09,0.09,0.0,0.08,0.0,0.13,0.08,0.08,0.16,0.2,0.06,0.0,0.0,0.16,0.0,0.18,0.06,0.06,0.21,0.08,0.0,0.26,0.16,0.0,0.0,0.0,0.0,0.08,0.06,0.08,0.0,0.0,0.0,0.0,0.11,0.24,0.1,0.0,0.0,0.14,0.0,0.15,0.26,0.12,0.07,0.08,0.14,0.0,0.07,0.0,0.94,0.84,0.64,1.0,0.0,0.14,0.0,0.0,0.0,0.0
vellutata zucca e ricotta,0.06,0.0,0.0,0.16,0.22,0.09,0.04,0.0,0.0,0.0,0.06,0.06,0.0,0.0,0.0,0.0,0.04,0.0,0.0,0.0,0.0,0.13,0.07,0.0,0.0,0.08,0.08,0.0,0.0,0.0,0.0,0.0,0.0,0.0,0.0,0.0,0.07,0.0,0.0,0.0,0.08,0.0,0.0,0.06,0.1,0.09,0.0,0.0,0.0,0.07,0.0,0.0,0.0,0.0,0.0,0.0,0.06,0.0,0.1,0.06,0.06,0.1,0.0,0.0,0.06,0.0,0.06,0.0,0.06,0.06,0.06,0.0,0.0,0.0,0.0,0.0,0.0,0.0,0.07,0.0,0.06,0.0,0.0,0.05,0.06,0.0,0.0,0.0,0.0,0.08,0.0,0.08,0.0,0.0,0.0,0.06,0.05,0.04,0.0,0.0,0.0,0.0,0.08,0.0,0.0,0.06,0.04,0.0,0.06,0.04,0.0,0.0,0.0,0.09,0.11,0.0,0.0,0.05,0.0,0.07,0.06,0.0,0.14,0.0,0.0,0.06,0.06,0.0,0.06,0.12,0.0,0.06,0.06,0.0,0.0,0.04,0.07,0.0,0.06,0.0,0.2,0.08,0.04,0.05,0.06,0.07,0.0,0.0,0.0,0.0,0.06,0.14,0.06,0.04,0.06,0.07,0.0,0.0,0.06,0.0,0.04,0.0,0.0,0.14,0.0,0.0,0.0,0.0,0.0,0.0,0.0,0.05,0.14,0.05,0.0,0.0,0.0,0.0,0.0,1.0,0.05,0.06,0.0,0.0,0.26
verdure grigliate,0.06,0.0,0.0,0.05,0.06,0.0,0.0,0.0,0.0,0.0,0.26,0.28,0.05,0.0,0.0,0.0,0.0,0.08,0.08,0.0,0.0,0.0,0.0,0.0,0.0,0.08,0.0,0.14,0.0,0.0,0.05,0.0,0.06,0.0,0.0,0.08,0.14,0.12,0.0,0.0,0.0,0.0,0.0,0.22,0.0,0.04,0.0,0.0,0.0,0.0,0.0,0.0,0.06,0.0,0.0,0.0,0.18,0.0,0.18,0.0,0.12,0.0,0.08,0.0,0.12,0.0,0.0,0.0,0.18,0.15,0.0,0.0,0.0,0.0,0.0,0.0,0.08,0.0,0.0,0.0,0.17,0.0,0.0,0.14,0.16,0.0,0.06,0.0,0.0,0.0,0.08,0.24,0.0,0.0,0.0,0.0,0.05,0.0,0.0,0.0,0.0,0.05,0.0,0.0,0.0,0.12,0.08,0.0,0.12,0.0,0.0,0.0,0.0,0.0,0.07,0.0,0.0,0.05,0.0,0.0,0.0,0.0,0.06,0.0,0.06,0.18,0.18,0.0,0.2,0.12,0.0,0.0,0.1,0.06,0.0,0.0,0.0,0.0,0.0,0.0,0.18,0.08,0.0,0.05,0.0,0.0,0.12,0.1,0.05,0.0,0.0,0.0,0.05,0.08,0.12,0.0,0.0,0.0,0.1,0.08,0.08,0.0,0.0,0.14,0.0,0.0,0.0,0.0,0.0,0.0,0.0,0.0,0.06,0.0,0.0,0.15,0.15,0.05,0.14,0.05,1.0,0.06,0.0,0.0,0.06
verza bollita,0.16,0.0,0.12,0.07,0.07,0.0,0.0,0.0,0.0,0.0,0.07,0.08,0.14,0.0,0.0,0.0,0.0,0.0,0.0,0.0,0.0,0.0,0.0,0.0,0.0,0.2,0.0,0.0,0.0,0.0,0.0,0.0,0.0,0.0,0.06,0.0,0.09,0.08,0.0,0.12,0.0,0.0,0.0,0.14,0.06,0.06,0.0,0.0,0.0,0.0,0.0,0.0,0.0,0.0,0.0,0.0,0.08,0.0,0.06,0.16,0.08,0.12,0.0,0.0,0.08,0.0,0.0,0.0,0.08,0.14,0.07,0.0,0.0,0.0,0.0,0.14,0.0,0.0,0.09,0.0,0.08,0.0,0.0,0.13,0.07,0.0,0.0,0.0,0.1,0.0,0.0,0.1,0.0,0.12,0.12,0.07,0.13,0.06,0.0,0.0,0.0,0.0,0.1,0.0,0.0,0.08,0.06,0.0,0.08,0.0,0.0,0.0,0.0,0.0,0.05,0.0,0.0,0.0,0.0,0.09,0.0,0.08,0.09,0.0,0.0,0.08,0.08,0.0,0.07,0.08,0.0,0.08,0.07,0.0,0.0,0.06,0.09,0.0,0.0,0.0,0.08,0.1,0.06,0.0,0.0,0.0,0.0,0.0,0.0,0.0,0.0,0.0,0.0,0.1,0.16,0.09,0.0,0.09,0.07,0.0,0.0,0.0,0.0,0.09,0.0,0.0,0.07,0.0,0.0,0.0,0.0,0.0,0.09,0.13,0.0,0.0,0.0,0.06,0.0,0.06,0.06,1.0,0.0,0.0,0.09
yogurt al latte di cocco,0.0,0.2,0.0,0.0,0.0,0.0,0.0,0.1,0.0,0.14,0.0,0.0,0.0,0.0,0.11,0.1,0.0,0.0,0.0,0.0,0.0,0.0,0.0,0.0,0.0,0.0,0.0,0.0,0.0,0.08,0.0,0.0,0.1,0.0,0.09,0.14,0.0,0.0,0.0,0.0,0.0,0.11,0.08,0.0,0.0,0.0,0.14,0.14,0.13,0.0,0.12,0.0,0.11,0.16,0.0,0.1,0.0,0.0,0.0,0.0,0.11,0.0,0.0,0.0,0.0,0.13,0.0,0.0,0.0,0.0,0.0,0.0,0.16,0.0,0.16,0.0,0.0,0.0,0.0,0.0,0.0,0.09,0.0,0.0,0.0,0.0,0.0,0.14,0.14,0.0,0.0,0.0,0.0,0.16,0.16,0.0,0.0,0.0,0.0,0.0,0.14,0.0,0.0,0.0,0.1,0.0,0.0,0.13,0.0,0.0,0.0,0.1,0.0,0.0,0.0,0.0,0.14,0.0,0.0,0.0,0.0,0.12,0.0,0.0,0.0,0.0,0.0,0.0,0.0,0.0,0.0,0.0,0.1,0.1,0.0,0.0,0.13,0.0,0.1,0.1,0.0,0.0,0.0,0.0,0.0,0.0,0.0,0.0,0.0,0.0,0.0,0.0,0.0,0.0,0.0,0.0,0.16,0.0,0.0,0.0,0.0,0.0,0.0,0.0,0.09,0.11,0.0,0.0,0.16,0.09,0.1,0.0,0.0,0.0,0.0,0.0,0.0,0.0,0.0,0.0,0.0,0.0,1.0,0.0,0.0
zabaione,0.0,0.0,0.0,0.0,0.0,0.0,0.0,0.0,0.0,0.0,0.0,0.0,0.0,0.0,0.0,0.0,0.0,0.0,0.0,0.0,0.0,0.0,0.0,0.0,0.0,0.0,0.0,0.0,0.0,0.0,0.0,0.1,0.0,0.1,0.0,0.0,0.0,0.0,0.0,0.0,0.0,0.11,0.0,0.0,0.0,0.0,0.0,0.14,0.0,0.0,0.0,0.0,0.11,0.0,0.0,0.0,0.0,0.0,0.0,0.0,0.0,0.0,0.0,0.0,0.0,0.0,0.0,0.0,0.0,0.0,0.0,0.0,0.0,0.0,0.0,0.0,0.0,0.0,0.0,0.0,0.0,0.0,0.0,0.0,0.0,0.0,0.12,0.0,0.0,0.0,0.0,0.0,0.0,0.0,0.0,0.0,0.0,0.0,0.0,0.0,0.14,0.0,0.0,0.0,0.0,0.0,0.0,0.0,0.0,0.06,0.1,0.0,0.0,0.0,0.0,0.0,0.0,0.0,0.0,0.0,0.0,0.0,0.0,0.0,0.0,0.0,0.0,0.14,0.0,0.0,0.0,0.0,0.0,0.0,0.0,0.0,0.0,0.0,0.0,0.0,0.0,0.0,0.0,0.0,0.0,0.13,0.0,0.0,0.0,0.13,0.0,0.13,0.1,0.0,0.0,0.0,0.0,0.0,0.0,0.0,0.0,0.0,0.14,0.0,0.0,0.0,0.0,0.0,0.0,0.0,0.0,0.0,0.0,0.0,0.0,0.0,0.0,0.0,0.0,0.0,0.0,0.0,0.0,1.0,0.0
zucca patate e cipolle al forno,0.08,0.0,0.0,0.08,0.08,0.0,0.0,0.0,0.0,0.0,0.08,0.08,0.0,0.0,0.0,0.0,0.0,0.0,0.0,0.0,0.0,0.14,0.0,0.08,0.0,0.11,0.0,0.0,0.0,0.0,0.0,0.0,0.0,0.0,0.0,0.0,0.1,0.0,0.0,0.0,0.0,0.0,0.0,0.08,0.06,0.06,0.0,0.0,0.0,0.0,0.0,0.0,0.0,0.0,0.0,0.0,0.09,0.0,0.06,0.08,0.08,0.14,0.0,0.0,0.17,0.0,0.0,0.0,0.09,0.08,0.08,0.0,0.0,0.0,0.0,0.0,0.0,0.0,0.1,0.0,0.3,0.0,0.0,0.07,0.16,0.0,0.0,0.0,0.0,0.0,0.0,0.18,0.0,0.0,0.0,0.08,0.14,0.18,0.0,0.0,0.0,0.0,0.0,0.0,0.0,0.08,0.12,0.0,0.08,0.0,0.0,0.0,0.0,0.0,0.1,0.0,0.0,0.0,0.0,0.1,0.0,0.0,0.1,0.0,0.0,0.09,0.09,0.0,0.08,0.08,0.0,0.08,0.08,0.0,0.0,0.06,0.1,0.0,0.0,0.0,0.09,0.11,0.06,0.0,0.0,0.0,0.0,0.0,0.0,0.0,0.0,0.0,0.0,0.06,0.08,0.1,0.0,0.0,0.08,0.0,0.0,0.0,0.0,0.1,0.0,0.0,0.0,0.0,0.0,0.0,0.0,0.0,0.1,0.07,0.0,0.0,0.0,0.0,0.0,0.26,0.06,0.09,0.0,0.0,1.0
